"tol","archive","draw","n_stitched","mean_gen","var_gen","mean_target","var_target","bias","E1","E2"
0.1,"with_ssp370",13,9,0.0139272387802483,0.179969092042425,0.0147099463733257,0.175411548848141,0.000782707593077353,0.00446212121275417,1.02598200189333
0.1,"without_ssp370",13,30,0.0132895313098333,0.182974519768729,0.0147099463733257,0.175411548848141,0.0014204150634924,0.0080976142837784,1.04311558144405
