"tol","archive","draw","n_stitched","mean_gen","var_gen","mean_target","var_target","bias","E1","E2"
0.1,"with_ssp245",49,4,0.00936575568764834,0.178641712313744,0.00935605177548715,0.171558951644722,9.70391216118839e-06,5.65631351098719e-05,1.04128470476836
0.1,"without_ssp245",49,6,0.0095702007433169,0.184026285532477,0.00935605177548715,0.171558951644722,0.000214148967829748,0.00124825295198367,1.07267084444287
