"tol","archive","draw","n_stitched","mean_gen","var_gen","mean_target","var_target","bias","E1","E2"
0.1,"with_ssp245",134,4,0.00959057663525868,0.178788981515235,0.00935605177548715,0.171558951644722,0.000234524859771528,0.00136702199170114,1.0421431222399
0.1,"without_ssp245",134,6,0.00962771306562448,0.18240181852958,0.00935605177548715,0.171558951644722,0.000271661290137327,0.00158348653645252,1.06320198847631
