"tol","archive","draw","n_stitched","mean_gen","var_gen","mean_target","var_target","bias","E1","E2"
0.1,"with_ssp370",79,10,0.0275386198538329,0.213659608416233,0.0147099463733257,0.175411548848141,0.0128286734805072,0.0731347141322682,1.21804755627125
0.1,"without_ssp370",79,31,0.0158419497340883,0.226569996948515,0.0147099463733257,0.175411548848141,0.00113200336076265,0.00645341408930068,1.29164811801909
