"tol","archive","draw","n_stitched","mean_gen","var_gen","mean_target","var_target","bias","E1","E2"
0.1,"with_ssp245",92,4,0.0088143065602876,0.178751849160382,0.00935605177548715,0.171558951644722,0.000541745215199551,0.00315777876937276,1.04192668145091
0.1,"without_ssp245",92,6,0.00987507784726695,0.176647251708937,0.00935605177548715,0.171558951644722,0.000519026071779796,0.00302535115074984,1.02965919303793
