"tol","archive","draw","n_stitched","mean_gen","var_gen","mean_target","var_target","bias","E1","E2"
0.1,"with_ssp370",44,10,0.0138279184848913,0.177003906247284,0.0147099463733257,0.175411548848141,0.000882027888434347,0.00502833419023023,1.00907783671941
0.1,"without_ssp370",44,30,0.0133894795563532,0.181419475986853,0.0147099463733257,0.175411548848141,0.00132046681697249,0.007527821432759,1.03425046513849
