"tol","archive","draw","n_stitched","mean_gen","var_gen","mean_target","var_target","bias","E1","E2"
0.1,"with_ssp245",125,4,0.00922792096410313,0.183510883241186,0.00935605177548715,0.171558951644722,0.000128130811384023,0.000746861706460917,1.06966661594677
0.1,"without_ssp245",125,6,0.00938272122997924,0.181552168023581,0.00935605177548715,0.171558951644722,2.66694544920881e-05,0.000155453587448572,1.05824946050937
