"tol","archive","draw","n_stitched","mean_gen","var_gen","mean_target","var_target","bias","E1","E2"
0.1,"with_ssp245",93,4,0.00923713772807912,0.183106754677206,0.00935605177548715,0.171558951644722,0.000118914047408037,0.000693138109483752,1.06731099089716
0.1,"without_ssp245",93,6,0.00974678564792244,0.176636545177921,0.00935605177548715,0.171558951644722,0.000390733872435281,0.00227754872998084,1.02959678573762
