"tol","archive","draw","n_stitched","mean_gen","var_gen","mean_target","var_target","bias","E1","E2"
0.1,"with_ssp370",145,10,0.0414459248937847,0.230653758585377,0.0147099463733257,0.175411548848141,0.026735978520459,0.152418576177132,1.31492914862214
0.1,"without_ssp370",145,30,0.0264814492342678,0.234300839773056,0.0147099463733257,0.175411548848141,0.0117715028609421,0.0671079124392945,1.33572071686054
