"tol","archive","draw","n_stitched","mean_gen","var_gen","mean_target","var_target","bias","E1","E2"
0.1,"with_ssp245",110,4,0.00469616114322987,0.228662447806639,0.00935605177548715,0.171558951644722,0.00465989063225729,0.0271620372331685,1.33285057768464
0.1,"without_ssp245",110,6,0.00548429577474099,0.243110508256794,0.00935605177548715,0.171558951644722,0.00387175600074617,0.0225680791566278,1.41706687949601
