"tol","archive","draw","n_stitched","mean_gen","var_gen","mean_target","var_target","bias","E1","E2"
0.1,"with_ssp370",3,10,0.0135107338255685,0.18167117445727,0.00619949854693791,0.161447793998724,0.00731123527863062,0.0452854455149037,1.12526266205103
0.1,"without_ssp370",3,30,0.0133582286291415,0.182168498219568,0.00619949854693791,0.161447793998724,0.00715873008220355,0.0443408355413027,1.12834306191268
