"tol","archive","draw","n_stitched","mean_gen","var_gen","mean_target","var_target","bias","E1","E2"
0.1,"with_ssp370",194,9,0.0285910976817576,0.236102202148588,0.0147099463733257,0.175411548848141,0.0138811513084319,0.0791347627883339,1.34599006564265
0.1,"without_ssp370",194,31,0.0257654501327192,0.236918252844715,0.0147099463733257,0.175411548848141,0.0110555037593935,0.0630260882592432,1.35064227184849
