"tol","archive","draw","n_stitched","mean_gen","var_gen","mean_target","var_target","bias","E1","E2"
0.1,"with_ssp245",157,4,0.00949911484474262,0.185155328570484,0.00935605177548715,0.171558951644722,0.000143063069255463,0.000833900346696741,1.0792519235832
0.1,"without_ssp245",157,6,0.0100620723176466,0.181450686519013,0.00935605177548715,0.171558951644722,0.000706020542159454,0.00411532324831139,1.05765793495157
