"tol","archive","draw","n_stitched","mean_gen","var_gen","mean_target","var_target","bias","E1","E2"
0.1,"with_ssp370",124,9,0.0142087601988735,0.182703587687594,0.0147099463733257,0.175411548848141,0.000501186174452217,0.00285720169363597,1.04157103045573
0.1,"without_ssp370",124,30,0.0133963388838655,0.181259018300758,0.0147099463733257,0.175411548848141,0.00131360748946017,0.00748871723718373,1.03333571529933
