"tol","archive","draw","n_stitched","mean_gen","var_gen","mean_target","var_target","bias","E1","E2"
0.1,"with_ssp370",10,9,0.0284411477826059,0.234034188569713,0.00619949854693791,0.161447793998724,0.022241649235668,0.137763723398065,1.44959669483971
0.1,"without_ssp370",10,30,0.020893591220726,0.218333613999417,0.00619949854693791,0.161447793998724,0.0146940926737881,0.0910145150320495,1.35234807854446
