"tol","archive","draw","n_stitched","mean_gen","var_gen","mean_target","var_target","bias","E1","E2"
0.1,"with_ssp245",138,4,0.00960367130038742,0.184873455824694,0.00935605177548715,0.171558951644722,0.000247619524900261,0.00144334948731239,1.07760891549131
0.1,"without_ssp245",138,6,0.0096218751391951,0.181712262870392,0.00935605177548715,0.171558951644722,0.000265823363707942,0.00154945784617774,1.05918263738692
