"tol","archive","draw","n_stitched","mean_gen","var_gen","mean_target","var_target","bias","E1","E2"
0.1,"with_ssp245",37,4,0.00908805815772541,0.178298513741785,0.00935605177548715,0.171558951644722,0.000267993617761744,0.00156210804037044,1.03928423455874
0.1,"without_ssp245",37,6,0.00970482115397059,0.181663100652033,0.00935605177548715,0.171558951644722,0.000348769378483436,0.00203294188463972,1.05889607572466
