"tol","archive","draw","n_stitched","mean_gen","var_gen","mean_target","var_target","bias","E1","E2"
0.1,"with_ssp370",141,10,0.0139566298513567,0.181293813467914,0.0147099463733257,0.175411548848141,0.000753316521968944,0.00429456627522919,1.03353407833406
0.1,"without_ssp370",141,31,0.0134200180828741,0.181400486739649,0.0147099463733257,0.175411548848141,0.00128992829045157,0.00735372499086877,1.03414220973952
