"tol","archive","draw","n_stitched","mean_gen","var_gen","mean_target","var_target","bias","E1","E2"
0.1,"with_ssp370",147,9,0.0193479484778472,0.219264200481798,0.0147099463733257,0.175411548848141,0.00463800210452153,0.0264406883980985,1.24999865699619
0.1,"without_ssp370",147,30,0.0181254498901349,0.233206530221424,0.0147099463733257,0.175411548848141,0.00341550351680924,0.0194713719777148,1.32948219061288
