"tol","archive","draw","n_stitched","mean_gen","var_gen","mean_target","var_target","bias","E1","E2"
0.1,"with_ssp245",83,4,0.00944558553272401,0.181400701580189,0.00935605177548715,0.171558951644722,8.95337572368524e-05,0.000521883331522485,1.05736657773386
0.1,"without_ssp245",83,6,0.00931788967640288,0.177656381453778,0.00935605177548715,0.171558951644722,3.81620990842785e-05,0.000222443065304501,1.03554130956502
