"tol","archive","draw","n_stitched","mean_gen","var_gen","mean_target","var_target","bias","E1","E2"
0.1,"with_ssp370",53,10,0.0142065720320987,0.182927635697316,0.0147099463733257,0.175411548848141,0.000503374341227009,0.00286967616746145,1.04284830102995
0.1,"without_ssp370",53,32,0.0135903334000992,0.18404623000066,0.0147099463733257,0.175411548848141,0.00111961297322647,0.0063827779902665,1.04922527170657
