"tol","archive","draw","n_stitched","mean_gen","var_gen","mean_target","var_target","bias","E1","E2"
0.1,"with_ssp370",128,8,0.0196872227929518,0.22327446131396,0.0147099463733257,0.175411548848141,0.00497727641962615,0.028374850186946,1.27286066841161
0.1,"without_ssp370",128,30,0.0140446767156004,0.229336226237934,0.0147099463733257,0.175411548848141,0.000665269657725323,0.00379262176346934,1.30741805624484
