"tol","archive","draw","n_stitched","mean_gen","var_gen","mean_target","var_target","bias","E1","E2"
0.1,"with_ssp370",138,8,0.0139513074373658,0.185589851782189,0.0147099463733257,0.175411548848141,0.000758638935959914,0.00432490871291885,1.05802527257119
0.1,"without_ssp370",138,31,0.0136163009081644,0.181228520810951,0.0147099463733257,0.175411548848141,0.00109364546516134,0.00623474037110374,1.03316185280278
