"tol","archive","draw","n_stitched","mean_gen","var_gen","mean_target","var_target","bias","E1","E2"
0.1,"with_ssp245",185,4,0.0291680623664712,0.25788999731351,0.00935605177548715,0.171558951644722,0.019812010590984,0.115482231623869,1.50321504556387
0.1,"without_ssp245",185,6,-0.026983563348611,0.245006659231944,0.00935605177548715,0.171558951644722,0.0363396151240981,0.211819988264752,1.42811935421081
