"tol","archive","draw","n_stitched","mean_gen","var_gen","mean_target","var_target","bias","E1","E2"
0.1,"with_ssp245",170,4,0.0198382525014264,0.226915383829003,0.00935605177548715,0.171558951644722,0.0104822007259392,0.0610997014463377,1.32266711619291
0.1,"without_ssp245",170,7,0.0272078816763243,0.223729572115319,0.00935605177548715,0.171558951644722,0.0178518299008371,0.104056534093343,1.30409733779813
