"tol","archive","draw","n_stitched","mean_gen","var_gen","mean_target","var_target","bias","E1","E2"
0.1,"with_ssp370",172,10,0.0138833360980528,0.18344887608848,0.0147099463733257,0.175411548848141,0.000826610275272881,0.00471240508792556,1.04581982938477
0.1,"without_ssp370",172,32,0.0134955753953947,0.182154852322973,0.0147099463733257,0.175411548848141,0.00121437097793099,0.00692298190116492,1.03844275658651
