"tol","archive","draw","n_stitched","mean_gen","var_gen","mean_target","var_target","bias","E1","E2"
0.1,"with_ssp370",7,9,0.0137876537529007,0.186266791857645,0.0147099463733257,0.175411548848141,0.000922292620425022,0.00525787855179068,1.06188442597301
0.1,"without_ssp370",7,30,0.0134750565313512,0.181381668083566,0.0147099463733257,0.175411548848141,0.00123488984197451,0.00703995746051816,1.03403492685988
