"tol","archive","draw","n_stitched","mean_gen","var_gen","mean_target","var_target","bias","E1","E2"
0.1,"with_ssp370",181,11,0.00339435518466049,0.218310589333508,0.0147099463733257,0.175411548848141,0.0113155911886652,0.064508815200426,1.2445622353093
0.1,"without_ssp370",181,30,0.0278839031680188,0.231167303084035,0.0147099463733257,0.175411548848141,0.0131739567946932,0.0751031324972693,1.31785680362565
