"tol","archive","draw","n_stitched","mean_gen","var_gen","mean_target","var_target","bias","E1","E2"
0.1,"with_ssp245",25,4,-0.023876289936968,0.244891352186309,0.00935605177548715,0.171558951644722,0.0332323417124551,0.193708001790984,1.42744724095453
0.1,"without_ssp245",25,7,-0.00601282724934223,0.200066587218393,0.00935605177548715,0.171558951644722,0.0153688790248294,0.0895836613449148,1.16616816144171
