"tol","archive","draw","n_stitched","mean_gen","var_gen","mean_target","var_target","bias","E1","E2"
0.1,"with_ssp245",194,4,-0.02212903288352,0.236451316259105,0.00935605177548715,0.171558951644722,0.0314850846590072,0.183523414879621,1.37825111422205
0.1,"without_ssp245",194,6,0.00870940517788391,0.24551636904139,0.00935605177548715,0.171558951644722,0.000646646597603245,0.00376923845362714,1.43109040179859
