"tol","archive","draw","n_stitched","mean_gen","var_gen","mean_target","var_target","bias","E1","E2"
0.1,"with_ssp370",177,10,0.0120242991866282,0.228773677205314,0.0147099463733257,0.175411548848141,0.00268564718669745,0.015310549415549,1.30421103232701
0.1,"without_ssp370",177,30,0.0293878035829069,0.226143855221553,0.0147099463733257,0.175411548848141,0.0146778572095813,0.0836766866603996,1.28921873563372
