"tol","archive","draw","n_stitched","mean_gen","var_gen","mean_target","var_target","bias","E1","E2"
0.1,"with_ssp370",81,10,0.013642534982917,0.184428619204338,0.0147099463733257,0.175411548848141,0.00106741139040865,0.00608518308753283,1.05140522625454
0.1,"without_ssp370",81,31,0.0133168076416202,0.181890413327756,0.0147099463733257,0.175411548848141,0.00139313873170552,0.00794211521905893,1.03693522189479
