"tol","archive","draw","n_stitched","mean_gen","var_gen","mean_target","var_target","bias","E1","E2"
0.1,"with_ssp245",66,4,0.00944743692383042,0.184581051655484,0.00935605177548715,0.171558951644722,9.13851483432676e-05,0.00053267490543143,1.07590452078379
0.1,"without_ssp245",66,6,0.00968695925641926,0.180956799465704,0.00935605177548715,0.171558951644722,0.000330907480932103,0.00192882666721683,1.0547791166295
