"tol","archive","draw","n_stitched","mean_gen","var_gen","mean_target","var_target","bias","E1","E2"
0.1,"with_ssp245",176,4,0.0412044854607493,0.217879327679321,0.00935605177548715,0.171558951644722,0.0318484336852621,0.18564134007543,1.26999684709267
0.1,"without_ssp245",176,6,0.0204611522405009,0.187544131296544,0.00935605177548715,0.171558951644722,0.0111051004650137,0.064730521832583,1.09317601616572
