"tol","archive","draw","n_stitched","mean_gen","var_gen","mean_target","var_target","bias","E1","E2"
0.1,"with_ssp370",59,10,0.0407048259916625,0.238368241284391,0.0147099463733257,0.175411548848141,0.0259948796183368,0.148193661073259,1.35890848036895
0.1,"without_ssp370",59,32,0.0125601163263902,0.230400036472609,0.0147099463733257,0.175411548848141,0.00214983004693545,0.0122559207820268,1.31348270957959
