"tol","archive","draw","n_stitched","mean_gen","var_gen","mean_target","var_target","bias","E1","E2"
0.1,"with_ssp245",131,4,0.00963189626393881,0.18474510114917,0.00935605177548715,0.171558951644722,0.000275844488451657,0.00160786998175937,1.07686074890313
0.1,"without_ssp245",131,6,0.00968947387107315,0.18393594167205,0.00935605177548715,0.171558951644722,0.000333422095585997,0.00194348410496512,1.07214423910073
