"tol","archive","draw","n_stitched","mean_gen","var_gen","mean_target","var_target","bias","E1","E2"
0.1,"with_ssp370",28,8,0.0141603158883447,0.180738262389702,0.0147099463733257,0.175411548848141,0.000549630484981014,0.00313337684200512,1.03036694890695
0.1,"without_ssp370",28,31,0.0133664947713138,0.183665999902198,0.0147099463733257,0.175411548848141,0.00134345160201184,0.00765885490911953,1.04705762595599
