"tol","archive","draw","n_stitched","mean_gen","var_gen","mean_target","var_target","bias","E1","E2"
0.1,"with_ssp245",8,4,0.00980443372137642,0.187828438110908,0.00935605177548715,0.171558951644722,0.000448381945889269,0.00261357359432817,1.0948332122003
0.1,"without_ssp245",8,6,0.00969233118352326,0.176932841380583,0.00935605177548715,0.171558951644722,0.000336279408036107,0.00196013909395122,1.03132386671953
