"tol","archive","draw","n_stitched","mean_gen","var_gen","mean_target","var_target","bias","E1","E2"
0.1,"with_ssp370",86,10,0.0138801534547629,0.182450234054708,0.0147099463733257,0.175411548848141,0.000829792918562777,0.00473054895194589,1.04012669207237
0.1,"without_ssp370",86,30,0.0134278012933781,0.18276164231648,0.0147099463733257,0.175411548848141,0.0012821450799476,0.00730935385022793,1.04190199286538
