"tol","archive","draw","n_stitched","mean_gen","var_gen","mean_target","var_target","bias","E1","E2"
0.1,"with_ssp370",71,9,0.0138389819437703,0.180286399414489,0.0147099463733257,0.175411548848141,0.000870964429555371,0.0049652627507975,1.0277909327998
0.1,"without_ssp370",71,30,0.0133532434463681,0.181638014131833,0.0147099463733257,0.175411548848141,0.00135670292695763,0.00773439910807793,1.03549632464099
