"tol","archive","draw","n_stitched","mean_gen","var_gen","mean_target","var_target","bias","E1","E2"
0.1,"with_ssp245",70,4,0.00953053960081172,0.175271205376273,0.00935605177548715,0.171558951644722,0.000174487825324565,0.00101707211224925,1.02163835635484
0.1,"without_ssp245",70,6,0.00991330637676291,0.177069209776265,0.00935605177548715,0.171558951644722,0.000557254601275753,0.00324818143229134,1.03211874448238
