"tol","archive","draw","n_stitched","mean_gen","var_gen","mean_target","var_target","bias","E1","E2"
0.1,"with_ssp370",119,9,0.0264223451594231,0.234300162249474,0.0147099463733257,0.175411548848141,0.0117123987860974,0.066770967265315,1.33571685438063
0.1,"without_ssp370",119,32,0.015824893724037,0.220908907863986,0.0147099463733257,0.175411548848141,0.00111494735071132,0.00635617984125189,1.25937493463007
