"tol","archive","draw","n_stitched","mean_gen","var_gen","mean_target","var_target","bias","E1","E2"
0.1,"with_ssp245",174,4,0.0279792789855722,0.219986675945069,0.00935605177548715,0.171558951644722,0.0186232272100851,0.108552931989533,1.28228036972757
0.1,"without_ssp245",174,6,0.028815012321054,0.226335478716989,0.00935605177548715,0.171558951644722,0.0194589605455669,0.113424338159072,1.31928690719504
