"tol","archive","draw","n_stitched","mean_gen","var_gen","mean_target","var_target","bias","E1","E2"
0.1,"with_ssp370",1,10,0.0392214442362223,0.221821933679272,0.0147099463733257,0.175411548848141,0.0245114978628966,0.139737081303107,1.26457998424785
0.1,"without_ssp370",1,30,0.0211943088518018,0.231547223718939,0.0147099463733257,0.175411548848141,0.00648436247847611,0.036966565320564,1.32002268516195
