"tol","archive","draw","n_stitched","mean_gen","var_gen","mean_target","var_target","bias","E1","E2"
0.1,"with_ssp370",101,9,0.0492720597594722,0.227481753859268,0.0147099463733257,0.175411548848141,0.0345621133861465,0.197034423406568,1.29684593376577
0.1,"without_ssp370",101,31,0.0166606845890626,0.224727421235079,0.0147099463733257,0.175411548848141,0.00195073821573694,0.0111209223597117,1.28114381698797
