"tol","archive","draw","n_stitched","mean_gen","var_gen","mean_target","var_target","bias","E1","E2"
0.1,"with_ssp245",156,4,0.00950270185323171,0.179727588119927,0.00935605177548715,0.171558951644722,0.000146650077744555,0.000854808661038278,1.04761416642439
0.1,"without_ssp245",156,6,0.0098408501217447,0.180116503469078,0.00935605177548715,0.171558951644722,0.000484798346257545,0.00282584115611469,1.04988111516371
