"tol","archive","draw","n_stitched","mean_gen","var_gen","mean_target","var_target","bias","E1","E2"
0.1,"with_ssp245",196,4,0.0094900434081004,0.186132703438731,0.00935605177548715,0.171558951644722,0.00013399163261325,0.000781023848238071,1.08494894410517
0.1,"without_ssp245",196,6,0.00981552302231405,0.180898634039044,0.00935605177548715,0.171558951644722,0.000459471246826899,0.00267821202229312,1.05444007616497
