"tol","archive","draw","n_stitched","mean_gen","var_gen","mean_target","var_target","bias","E1","E2"
0.1,"with_ssp245",139,4,0.00925482559618115,0.177211228935964,0.00935605177548715,0.171558951644722,0.000101226179306007,0.000590037292345049,1.03294655998451
0.1,"without_ssp245",139,6,0.00988806720836396,0.186455172024764,0.00935605177548715,0.171558951644722,0.000532015432876804,0.00310106483967414,1.08682858129659
