"tol","archive","draw","n_stitched","mean_gen","var_gen","mean_target","var_target","bias","E1","E2"
0.1,"with_ssp245",175,4,0.00921618672351423,0.178537142330128,0.00935605177548715,0.171558951644722,0.000139865051972929,0.000815259423259782,1.04067517677456
0.1,"without_ssp245",175,6,0.00996756948466425,0.180890871072362,0.00935605177548715,0.171558951644722,0.000611517709177098,0.00356447567040091,1.05439482660727
