"tol","archive","draw","n_stitched","mean_gen","var_gen","mean_target","var_target","bias","E1","E2"
0.1,"with_ssp245",115,4,0.00974955097021092,0.176518624972774,0.00935605177548715,0.171558951644722,0.000393499194723762,0.00229366751749947,1.02890944063544
0.1,"without_ssp245",115,6,0.0097495377963933,0.176758365703904,0.00935605177548715,0.171558951644722,0.000393486020906149,0.00229359072863193,1.03030686542052
