"tol","archive","draw","n_stitched","mean_gen","var_gen","mean_target","var_target","bias","E1","E2"
0.1,"with_ssp370",134,11,0.0316710375086787,0.212347921883618,0.0147099463733257,0.175411548848141,0.016961091135353,0.0966931268022536,1.21056979017644
0.1,"without_ssp370",134,30,0.0082310109090417,0.230538795479539,0.0147099463733257,0.175411548848141,0.00647893546428399,0.0369356265697934,1.31427375787625
