"tol","archive","draw","n_stitched","mean_gen","var_gen","mean_target","var_target","bias","E1","E2"
0.1,"with_ssp245",60,4,-0.0166310002343741,0.240566885247191,0.00935605177548715,0.171558951644722,0.0259870520098613,0.151475931513485,1.40224035493861
0.1,"without_ssp245",60,6,0.00582148218545615,0.210163513124314,0.00935605177548715,0.171558951644722,0.00353456959003101,0.0206026532346192,1.22502213442955
