"tol","archive","draw","n_stitched","mean_gen","var_gen","mean_target","var_target","bias","E1","E2"
0.1,"with_ssp245",150,4,-0.00107786088952967,0.228077951542591,0.00935605177548715,0.171558951644722,0.0104339126650168,0.0608182351604958,1.32944360731997
0.1,"without_ssp245",150,6,-0.00344217971613014,0.224804581918454,0.00935605177548715,0.171558951644722,0.0127982314916173,0.0745996135376305,1.31036346260729
