"tol","archive","draw","n_stitched","mean_gen","var_gen","mean_target","var_target","bias","E1","E2"
0.1,"with_ssp245",37,4,0.0195652578829509,0.235816459910977,0.00935605177548715,0.171558951644722,0.0102092061074637,0.0595084430721271,1.37455059995543
0.1,"without_ssp245",37,6,0.00381885108828198,0.215095374105258,0.00935605177548715,0.171558951644722,0.00553720068720517,0.0322757899492884,1.2537694596706
