"tol","archive","draw","n_stitched","mean_gen","var_gen","mean_target","var_target","bias","E1","E2"
0.1,"with_ssp370",13,9,0.0199389056958208,0.217830713327307,0.0147099463733257,0.175411548848141,0.0052289593224951,0.0298096639407817,1.24182652030449
0.1,"without_ssp370",13,30,0.014312439288872,0.225641953131236,0.0147099463733257,0.175411548848141,0.000397507084453661,0.00226613975569987,1.28635745259043
