"tol","archive","draw","n_stitched","mean_gen","var_gen","mean_target","var_target","bias","E1","E2"
0.1,"with_ssp245",101,4,0.00898260367651471,0.182179363702576,0.00935605177548715,0.171558951644722,0.000373448098972443,0.00217679168234724,1.06190532150049
0.1,"without_ssp245",101,6,0.00980012064669472,0.185019210059678,0.00935605177548715,0.171558951644722,0.000444068871207563,0.00258843311264327,1.07845850237433
