"tol","archive","draw","n_stitched","mean_gen","var_gen","mean_target","var_target","bias","E1","E2"
0.1,"with_ssp370",184,10,0.0142532239159733,0.181716789291081,0.0147099463733257,0.175411548848141,0.000456722457352385,0.00260371942640894,1.03594541228525
0.1,"without_ssp370",184,31,0.0134886046254619,0.182316454665687,0.0147099463733257,0.175411548848141,0.00122134174786378,0.00696272141648512,1.03936403197445
