"tol","archive","draw","n_stitched","mean_gen","var_gen","mean_target","var_target","bias","E1","E2"
0.1,"with_ssp245",15,4,0.00887917032756297,0.176901606652961,0.00935605177548715,0.171558951644722,0.000476881447924182,0.00277969434618455,1.03114180261082
0.1,"without_ssp245",15,6,0.010201020910309,0.178037445402718,0.00935605177548715,0.171558951644722,0.000844969134821814,0.00492524072175286,1.03776249327643
