"tol","archive","draw","n_stitched","mean_gen","var_gen","mean_target","var_target","bias","E1","E2"
0.1,"with_ssp370",177,10,0.014160451698952,0.18226787208227,0.0147099463733257,0.175411548848141,0.000549494674373666,0.00313260260217747,1.03908706854909
0.1,"without_ssp370",177,30,0.0132715092764132,0.183320401471409,0.0147099463733257,0.175411548848141,0.00143843709691245,0.00820035571407987,1.04508741114939
