"tol","archive","draw","n_stitched","mean_gen","var_gen","mean_target","var_target","bias","E1","E2"
0.1,"with_ssp245",129,4,0.00936409747205391,0.186662680995913,0.00935605177548715,0.171558951644722,8.04569656675733e-06,4.68975619728605e-05,1.08803813037089
0.1,"without_ssp245",129,6,0.00961285054447792,0.185746597387296,0.00935605177548715,0.171558951644722,0.000256798768990768,0.00149685438462323,1.08269837048174
