"tol","archive","draw","n_stitched","mean_gen","var_gen","mean_target","var_target","bias","E1","E2"
0.1,"with_ssp245",12,4,0.00914897773171071,0.184339766738803,0.00935605177548715,0.171558951644722,0.000207074043776441,0.00120701392606587,1.07449809509531
0.1,"without_ssp245",12,6,0.00951546656011411,0.183372483562156,0.00935605177548715,0.171558951644722,0.000159414784626956,0.000929212862976013,1.06885989803609
