"tol","archive","draw","n_stitched","mean_gen","var_gen","mean_target","var_target","bias","E1","E2"
0.1,"with_ssp245",180,4,0.00915174862925829,0.185720774788374,0.00935605177548715,0.171558951644722,0.000204303146228864,0.00119086264091862,1.08254785313085
0.1,"without_ssp245",180,6,0.0099077471730493,0.181058988044947,0.00935605177548715,0.171558951644722,0.000551695397562143,0.003215777388898,1.055374763655
