"tol","archive","draw","n_stitched","mean_gen","var_gen","mean_target","var_target","bias","E1","E2"
0.1,"with_ssp370",196,10,0.0141702172568512,0.177568782620402,0.0147099463733257,0.175411548848141,0.000539729116474501,0.00307693033907226,1.01229812852362
0.1,"without_ssp370",196,29,0.0133476971498216,0.183398294811149,0.0147099463733257,0.175411548848141,0.00136224922350405,0.00776601787310704,1.04553147164742
