"tol","archive","draw","n_stitched","mean_gen","var_gen","mean_target","var_target","bias","E1","E2"
0.1,"with_ssp245",103,4,-0.00796765557684088,0.245343123406006,0.00935605177548715,0.171558951644722,0.017323707352328,0.100978160487967,1.43008057028748
0.1,"without_ssp245",103,6,0.0183731336780253,0.221727718861757,0.00935605177548715,0.171558951644722,0.00901708190253816,0.0525596701081005,1.29242873505621
