"tol","archive","draw","n_stitched","mean_gen","var_gen","mean_target","var_target","bias","E1","E2"
0.1,"with_ssp370",51,10,0.0170333229812928,0.217775971763374,0.0147099463733257,0.175411548848141,0.00232337660796711,0.0132452887123101,1.24151444527697
0.1,"without_ssp370",51,31,0.022772370324286,0.228036211013068,0.0147099463733257,0.175411548848141,0.00806242395096028,0.0459629026931412,1.30000682686227
