"tol","archive","draw","n_stitched","mean_gen","var_gen","mean_target","var_target","bias","E1","E2"
0.1,"with_ssp370",150,10,0.0140826142274591,0.178643140885241,0.0147099463733257,0.175411548848141,0.000627332145866563,0.00357634460208583,1.01842291490111
0.1,"without_ssp370",150,31,0.0136222330105921,0.182310105530411,0.0147099463733257,0.175411548848141,0.00108771336273362,0.00620092217346125,1.03932783632304
