"tol","archive","draw","n_stitched","mean_gen","var_gen","mean_target","var_target","bias","E1","E2"
0.1,"with_ssp245",76,4,0.00919250498794446,0.182921909159188,0.00935605177548715,0.171558951644722,0.000163546787542697,0.000953297895416045,1.06623354482835
0.1,"without_ssp245",76,6,0.00954258482766514,0.178761320563916,0.00935605177548715,0.171558951644722,0.000186533052177989,0.00108728253693387,1.04198188931644
