"tol","archive","draw","n_stitched","mean_gen","var_gen","mean_target","var_target","bias","E1","E2"
0.1,"with_ssp370",67,9,0.00857126794874647,0.206622704771578,0.0147099463733257,0.175411548848141,0.00613867842457922,0.0349958623869952,1.17793102066762
0.1,"without_ssp370",67,31,0.0220146410807165,0.225492481433147,0.0147099463733257,0.175411548848141,0.00730469470739084,0.0416431800263889,1.28550533253864
