"tol","archive","draw","n_stitched","mean_gen","var_gen","mean_target","var_target","bias","E1","E2"
0.1,"with_ssp245",4,4,0.00976219771784832,0.180420939462641,0.00572475026739441,0.161062832928997,0.00403744745045391,0.0250675303360259,1.12018978048261
0.1,"without_ssp245",4,7,0.0100763868656781,0.179196869185107,0.00572475026739441,0.161062832928997,0.00435163659828367,0.0270182544237382,1.11258982551303
