"tol","archive","draw","n_stitched","mean_gen","var_gen","mean_target","var_target","bias","E1","E2"
0.1,"with_ssp245",3,4,-0.00821203327371949,0.247666360409125,0.00935605177548715,0.171558951644722,0.0175680850492066,0.102402613683418,1.44362248681732
0.1,"without_ssp245",3,6,0.00163948545726817,0.203362784771772,0.00935605177548715,0.171558951644722,0.00771656631821898,0.0449790946158208,1.18538136787471
