"tol","archive","draw","n_stitched","mean_gen","var_gen","mean_target","var_target","bias","E1","E2"
0.1,"with_ssp370",9,10,0.00133354442527946,0.217256465940249,0.0147099463733257,0.175411548848141,0.0133764019480462,0.0762572478031455,1.23855280548452
0.1,"without_ssp370",9,29,0.0363329900642213,0.231301047317743,0.0147099463733257,0.175411548848141,0.0216230436908956,0.123270353821545,1.31861926330738
