"tol","archive","draw","n_stitched","mean_gen","var_gen","mean_target","var_target","bias","E1","E2"
0.1,"with_ssp370",157,9,0.0141883935499991,0.178625694892733,0.0147099463733257,0.175411548848141,0.000521552823326579,0.002973309492741,1.01832345741029
0.1,"without_ssp370",157,32,0.0134621260754121,0.181258047791674,0.0147099463733257,0.175411548848141,0.0012478202979136,0.0071136724241223,1.03333018254456
