"tol","archive","draw","n_stitched","mean_gen","var_gen","mean_target","var_target","bias","E1","E2"
0.1,"with_ssp370",92,10,0.0205515611908083,0.214915749664611,0.0147099463733257,0.175411548848141,0.00584161481748258,0.0333023387333513,1.22520866542642
0.1,"without_ssp370",92,32,0.0184582771336738,0.225770474919208,0.0147099463733257,0.175411548848141,0.0037483307603481,0.0213687797922196,1.28709013974139
