"tol","archive","draw","n_stitched","mean_gen","var_gen","mean_target","var_target","bias","E1","E2"
0.1,"with_ssp245",95,4,-0.00435121329729526,0.215556034676599,0.00935605177548715,0.171558951644722,0.0137072650727824,0.079898279520666,1.25645460414674
0.1,"without_ssp245",95,6,0.0148949835431347,0.221072020321922,0.00935605177548715,0.171558951644722,0.00553893176764752,0.0322858802443488,1.28860673373509
