"tol","archive","draw","n_stitched","mean_gen","var_gen","mean_target","var_target","bias","E1","E2"
0.1,"with_ssp370",174,10,0.0379115098240042,0.228232774534854,0.0147099463733257,0.175411548848141,0.0232015634506785,0.13226930383452,1.30112741169877
0.1,"without_ssp370",174,30,0.0104707580180124,0.226335129855087,0.0147099463733257,0.175411548848141,0.00423918835531334,0.0241670995048526,1.29030916915871
