"tol","archive","draw","n_stitched","mean_gen","var_gen","mean_target","var_target","bias","E1","E2"
0.1,"with_ssp245",10,4,-0.00857166226460273,0.22517355428955,0.00935605177548715,0.171558951644722,0.0179277140400899,0.104498855164469,1.31251416571872
0.1,"without_ssp245",10,6,0.0130159442398366,0.216010611732769,0.00935605177548715,0.171558951644722,0.00365989246434941,0.0213331477562804,1.25910428842035
