"tol","archive","draw","n_stitched","mean_gen","var_gen","mean_target","var_target","bias","E1","E2"
0.1,"with_ssp370",30,9,0.0291695647495742,0.224188289760975,0.0147099463733257,0.175411548848141,0.0144596183762485,0.0824325334973618,1.27807029373568
0.1,"without_ssp370",30,30,0.0334483085016584,0.222592442056087,0.0147099463733257,0.175411548848141,0.0187383621283327,0.106825133529578,1.26897255920585
