"tol","archive","draw","n_stitched","mean_gen","var_gen","mean_target","var_target","bias","E1","E2"
0.1,"with_ssp245",137,4,0.00949387784145335,0.180846636756689,0.00935605177548715,0.171558951644722,0.000137826065966198,0.00080337437740713,1.05413698919774
0.1,"without_ssp245",137,6,0.0100770944387963,0.183170349171172,0.00935605177548715,0.171558951644722,0.000721042663309196,0.00420288569262412,1.06768167685295
