"tol","archive","draw","n_stitched","mean_gen","var_gen","mean_target","var_target","bias","E1","E2"
0.1,"with_ssp245",139,4,0.00435753762978342,0.238551851683573,0.00935605177548715,0.171558951644722,0.00499851414570373,0.0291358398835116,1.39049492548535
0.1,"without_ssp245",139,6,0.00984447360046566,0.242722918672003,0.00935605177548715,0.171558951644722,0.000488421824978503,0.00284696205179644,1.41480765850478
