"tol","archive","draw","n_stitched","mean_gen","var_gen","mean_target","var_target","bias","E1","E2"
0.1,"with_ssp370",42,10,0.0316681755130555,0.22489334079774,0.0147099463733257,0.175411548848141,0.0169582291397299,0.0966768109117554,1.28208970432407
0.1,"without_ssp370",42,31,0.00912586760353773,0.217650801790893,0.0147099463733257,0.175411548848141,0.00558407876978796,0.0318341569096016,1.24080086642026
