"tol","archive","draw","n_stitched","mean_gen","var_gen","mean_target","var_target","bias","E1","E2"
0.1,"with_ssp245",179,4,0.0140923522782194,0.272114351807269,0.00935605177548715,0.171558951644722,0.00473630050273226,0.0276074227390977,1.58612738769111
0.1,"without_ssp245",179,6,0.0141247130268898,0.225307222396342,0.00935605177548715,0.171558951644722,0.0047686612514026,0.0277960503120695,1.31329330376724
