"tol","archive","draw","n_stitched","mean_gen","var_gen","mean_target","var_target","bias","E1","E2"
0.1,"with_ssp245",167,4,0.0095969278882647,0.171942904440065,0.00935605177548715,0.171558951644722,0.000240876112777545,0.00140404281133852,1.00223802250866
0.1,"without_ssp245",167,6,0.00976224194081578,0.179452058977727,0.00935605177548715,0.171558951644722,0.000406190165328625,0.00236764191803757,1.04600813456444
