"tol","archive","draw","n_stitched","mean_gen","var_gen","mean_target","var_target","bias","E1","E2"
0.1,"with_ssp245",74,4,0.0151849064027736,0.233868778995773,0.00935605177548715,0.171558951644722,0.00582885462728641,0.0339758116461172,1.36319776236501
0.1,"without_ssp245",74,6,0.0282354144366868,0.222154906378575,0.00935605177548715,0.171558951644722,0.0188793626611997,0.110045919960484,1.29491876843962
