"tol","archive","draw","n_stitched","mean_gen","var_gen","mean_target","var_target","bias","E1","E2"
0.1,"with_ssp245",7,4,0.00922000012645742,0.178427639973025,0.00935605177548715,0.171558951644722,0.000136051649029734,0.000793031478249418,1.04003689846816
0.1,"without_ssp245",7,6,0.00983463955789807,0.18290310599676,0.00935605177548715,0.171558951644722,0.000478587782410913,0.00278964039954039,1.06612394307194
