"tol","archive","draw","n_stitched","mean_gen","var_gen","mean_target","var_target","bias","E1","E2"
0.1,"with_ssp370",47,10,0.0315001721039146,0.234127426520891,0.0147099463733257,0.175411548848141,0.0167902257305889,0.0957190438191997,1.33473210890796
0.1,"without_ssp370",47,29,0.0182718727362866,0.228350575154713,0.0147099463733257,0.175411548848141,0.0035619263629609,0.0203061108937848,1.30179897876851
