"tol","archive","draw","n_stitched","mean_gen","var_gen","mean_target","var_target","bias","E1","E2"
0.1,"with_ssp370",140,8,0.0297227204178745,0.218187803837982,0.0147099463733257,0.175411548848141,0.0150127740445488,0.085586006982618,1.24386225006698
0.1,"without_ssp370",140,31,0.0173219722159898,0.242009433291609,0.0147099463733257,0.175411548848141,0.00261202584266414,0.0148908430477713,1.37966647510264
