"tol","archive","draw","n_stitched","mean_gen","var_gen","mean_target","var_target","bias","E1","E2"
0.1,"with_ssp370",136,9,0.0139851512998836,0.183888218799649,0.0147099463733257,0.175411548848141,0.000724795073442119,0.00413196895074221,1.04832446898264
0.1,"without_ssp370",136,30,0.0133355140079206,0.184709975361706,0.0147099463733257,0.175411548848141,0.00137443236540512,0.00783547248987012,1.05300920363924
