"tol","archive","draw","n_stitched","mean_gen","var_gen","mean_target","var_target","bias","E1","E2"
0.1,"with_ssp370",59,10,0.0140366058140595,0.183632960536705,0.0147099463733257,0.175411548848141,0.000673340559266201,0.00383863299587607,1.04686927253394
0.1,"without_ssp370",59,32,0.0133293605710365,0.181607474385889,0.0147099463733257,0.175411548848141,0.00138058580228923,0.00787055248844786,1.03532222124731
