"tol","archive","draw","n_stitched","mean_gen","var_gen","mean_target","var_target","bias","E1","E2"
0.1,"with_ssp370",29,10,0.0143588262355391,0.222169140071959,0.0147099463733257,0.175411548848141,0.000351120137786612,0.00200169338958741,1.26655936585052
0.1,"without_ssp370",29,30,0.0161808891763332,0.229415958058914,0.0147099463733257,0.175411548848141,0.00147094280300747,0.00838566680852303,1.3078725977018
