"tol","archive","draw","n_stitched","mean_gen","var_gen","mean_target","var_target","bias","E1","E2"
0.1,"with_ssp370",122,10,0.0137475438653335,0.186634720307225,0.0147099463733257,0.175411548848141,0.0009624025079922,0.00548654016404234,1.06398194151287
0.1,"without_ssp370",122,31,0.0134516583820154,0.181903354916991,0.0147099463733257,0.175411548848141,0.00125828799131033,0.00717334747667994,1.03700900032797
