"tol","archive","draw","n_stitched","mean_gen","var_gen","mean_target","var_target","bias","E1","E2"
0.1,"with_ssp370",64,9,0.0141295597166188,0.188028235346705,0.0147099463733257,0.175411548848141,0.000580386656706885,0.00330871405285489,1.07192620201699
0.1,"without_ssp370",64,30,0.0133796953338265,0.183877662495219,0.0147099463733257,0.175411548848141,0.00133025103949915,0.00758360010064555,1.04826428876931
