"tol","archive","draw","n_stitched","mean_gen","var_gen","mean_target","var_target","bias","E1","E2"
0.1,"with_ssp245",95,4,0.00932005848781608,0.17048206346504,0.00935605177548715,0.171558951644722,3.59932876710725e-05,0.000209801280119794,0.993722926321492
0.1,"without_ssp245",95,6,0.0101716537558752,0.179459878920533,0.00935605177548715,0.171558951644722,0.000815601980388044,0.00475406251069346,1.04605371623028
