"tol","archive","draw","n_stitched","mean_gen","var_gen","mean_target","var_target","bias","E1","E2"
0.1,"with_ssp245",143,4,-0.000262065990381092,0.196512528625122,0.00935605177548715,0.171558951644722,0.00961811776586825,0.0560630481456089,1.14545190875307
0.1,"without_ssp245",143,7,0.0166728300266231,0.213730596688495,0.00935605177548715,0.171558951644722,0.00731677825113597,0.0426487698892456,1.24581430837317
