"tol","archive","draw","n_stitched","mean_gen","var_gen","mean_target","var_target","bias","E1","E2"
0.1,"with_ssp370",185,10,0.0291092042500901,0.228188420771882,0.0147099463733257,0.175411548848141,0.0143992578767644,0.0820884255986491,1.30087455626671
0.1,"without_ssp370",185,30,0.023235085365834,0.233867720338253,0.0147099463733257,0.175411548848141,0.00852513899250835,0.0486007851164282,1.33325155540768
