"tol","archive","draw","n_stitched","mean_gen","var_gen","mean_target","var_target","bias","E1","E2"
0.1,"with_ssp370",188,9,0.0160171828335442,0.226538424786929,0.0147099463733257,0.175411548848141,0.00130723646021855,0.00745239677092337,1.29146812894886
0.1,"without_ssp370",188,31,0.0179934537283502,0.223107944302888,0.0147099463733257,0.175411548848141,0.00328350735502451,0.0187188778423429,1.27191137509446
