"tol","archive","draw","n_stitched","mean_gen","var_gen","mean_target","var_target","bias","E1","E2"
0.1,"with_ssp370",91,10,0.0256836392300102,0.21564836577626,0.0147099463733257,0.175411548848141,0.0109736928566845,0.062559694209101,1.22938522116895
0.1,"without_ssp370",91,31,0.0178883054859458,0.221759052762028,0.0147099463733257,0.175411548848141,0.00317835911262007,0.0181194404444355,1.26422150775267
