"tol","archive","draw","n_stitched","mean_gen","var_gen","mean_target","var_target","bias","E1","E2"
0.1,"with_ssp245",199,4,0.00957466739243966,0.182365816350703,0.00935605177548715,0.171558951644722,0.000218615616952508,0.00127428860375199,1.06299213537024
0.1,"without_ssp245",199,6,0.00970845206575093,0.1842614350868,0.00935605177548715,0.171558951644722,0.000352400290263779,0.00205410610688248,1.07404150771673
