"tol","archive","draw","n_stitched","mean_gen","var_gen","mean_target","var_target","bias","E1","E2"
0.1,"with_ssp245",8,4,0.00730839847768036,0.24822486493055,0.00935605177548715,0.171558951644722,0.0020476532978068,0.0119355666269589,1.44687795390936
0.1,"without_ssp245",8,6,0.0294219626025573,0.207128083331554,0.00935605177548715,0.171558951644722,0.0200659108270702,0.116962190749593,1.2073289172371
