"tol","archive","draw","n_stitched","mean_gen","var_gen","mean_target","var_target","bias","E1","E2"
0.1,"with_ssp245",112,4,0.00221598899835145,0.224207142027486,0.00935605177548715,0.171558951644722,0.00714006277713571,0.0416187130352832,1.30688104513364
0.1,"without_ssp245",112,6,0.00865791591950344,0.23227922393267,0.00935605177548715,0.171558951644722,0.00069813585598371,0.00406936419983182,1.35393240460977
