"tol","archive","draw","n_stitched","mean_gen","var_gen","mean_target","var_target","bias","E1","E2"
0.1,"with_ssp245",54,4,0.0195274975856738,0.213855699769823,0.00935605177548715,0.171558951644722,0.0101714458101866,0.0592883420694389,1.24654352174343
0.1,"without_ssp245",54,6,0.0169215724205642,0.2272473464328,0.00935605177548715,0.171558951644722,0.00756552064507705,0.0440986644680852,1.32460209306595
