"tol","archive","draw","n_stitched","mean_gen","var_gen","mean_target","var_target","bias","E1","E2"
0.1,"with_ssp370",142,8,0.0335419765411825,0.218937667519835,0.0147099463733257,0.175411548848141,0.0188320301678568,0.107359123680963,1.2481371321188
0.1,"without_ssp370",142,29,0.0225341916575784,0.225132640573303,0.0147099463733257,0.175411548848141,0.00782424528425271,0.0446050749544798,1.28345392336857
