"tol","archive","draw","n_stitched","mean_gen","var_gen","mean_target","var_target","bias","E1","E2"
0.1,"with_ssp245",105,4,-0.0040178905562935,0.215860433383985,0.00935605177548715,0.171558951644722,0.0133739423317807,0.0779553745436524,1.2582289138197
0.1,"without_ssp245",105,6,0.00987292607537507,0.23286845717142,0.00935605177548715,0.171558951644722,0.000516874299887919,0.00301280868723367,1.35736698632702
