"tol","archive","draw","n_stitched","mean_gen","var_gen","mean_target","var_target","bias","E1","E2"
0.1,"with_ssp245",120,4,-0.0237664140282107,0.241409254617794,0.00935605177548715,0.171558951644722,0.0331224658036978,0.193067546089291,1.4071504418943
0.1,"without_ssp245",120,6,0.0390569851085315,0.212570195063304,0.00935605177548715,0.171558951644722,0.0297009333330443,0.173123774937442,1.2390504431591
