"tol","archive","draw","n_stitched","mean_gen","var_gen","mean_target","var_target","bias","E1","E2"
0.1,"with_ssp245",192,4,0.00974725797325749,0.176021046822923,0.00935605177548715,0.171558951644722,0.000391206197770333,0.00228030186719999,1.02600910728017
0.1,"without_ssp245",192,6,0.00997206249833887,0.180738359734388,0.00935605177548715,0.171558951644722,0.000616010722851716,0.00359066499850967,1.05350585324557
