"tol","archive","draw","n_stitched","mean_gen","var_gen","mean_target","var_target","bias","E1","E2"
0.1,"with_ssp370",3,10,0.0135107338255685,0.18167117445727,0.0147099463733257,0.175411548848141,0.00119921254775716,0.0068365655262263,1.03568536764103
0.1,"without_ssp370",3,30,0.0133582286291415,0.182168498219568,0.0147099463733257,0.175411548848141,0.00135171774418423,0.00770597918472547,1.03852055019067
