"tol","archive","draw","n_stitched","mean_gen","var_gen","mean_target","var_target","bias","E1","E2"
0.1,"with_ssp370",55,10,0.0321373976953625,0.235015828106097,0.0147099463733257,0.175411548848141,0.0174274513220369,0.0993517897565817,1.33979677877172
0.1,"without_ssp370",55,29,0.0225502372656342,0.230230980661321,0.0147099463733257,0.175411548848141,0.00784029089230849,0.0446965490230981,1.31251894286983
