"tol","archive","draw","n_stitched","mean_gen","var_gen","mean_target","var_target","bias","E1","E2"
0.1,"with_ssp370",125,9,0.0139084695076392,0.184473105522096,0.0147099463733257,0.175411548848141,0.000801476865686487,0.00456912256319195,1.05165883736538
0.1,"without_ssp370",125,30,0.0134169189955481,0.180708180548849,0.0147099463733257,0.175411548848141,0.00129302737777763,0.00737139251245679,1.03019545597476
