"tol","archive","draw","n_stitched","mean_gen","var_gen","mean_target","var_target","bias","E1","E2"
0.1,"with_ssp245",1,4,0.010577352047511,0.223755459779656,0.00935605177548715,0.171558951644722,0.00122130027202385,0.00711883734608626,1.30424823440882
0.1,"without_ssp245",1,6,-0.00439752684773107,0.214414194340317,0.00935605177548715,0.171558951644722,0.0137535786232182,0.0801682365820248,1.2497989308325
