"tol","archive","draw","n_stitched","mean_gen","var_gen","mean_target","var_target","bias","E1","E2"
0.1,"with_ssp245",144,4,0.0169345193427481,0.223708300881945,0.00935605177548715,0.171558951644722,0.00757846756726093,0.0441741307848222,1.30397334990259
0.1,"without_ssp245",144,6,0.027650142677885,0.23804383892461,0.00935605177548715,0.171558951644722,0.0182940909023978,0.106634429314319,1.3875337698354
