"tol","archive","draw","n_stitched","mean_gen","var_gen","mean_target","var_target","bias","E1","E2"
0.1,"with_ssp370",99,9,0.00443898655034098,0.227228779587592,0.0147099463733257,0.175411548848141,0.0102709598229847,0.0585534982755132,1.29540375807473
0.1,"without_ssp370",99,31,0.0224411732806785,0.220234665517654,0.0147099463733257,0.175411548848141,0.00773122690735278,0.0440747884510497,1.25553116065532
