"tol","archive","draw","n_stitched","mean_gen","var_gen","mean_target","var_target","bias","E1","E2"
0.1,"with_ssp245",197,4,0.00958697546324259,0.181495101340743,0.00935605177548715,0.171558951644722,0.00023092368775544,0.00134603111957489,1.05791682451288
0.1,"without_ssp245",197,6,0.00987225418302519,0.177241265547924,0.00935605177548715,0.171558951644722,0.000516202407538037,0.00300889229381064,1.03312164039664
