"tol","archive","draw","n_stitched","mean_gen","var_gen","mean_target","var_target","bias","E1","E2"
0.1,"with_ssp245",13,4,0.00919323544184362,0.18068883164974,0.00935605177548715,0.171558951644722,0.000162816333643531,0.000949040152569269,1.05321715898524
0.1,"without_ssp245",13,6,0.00997879863135187,0.178524967916117,0.00935605177548715,0.171558951644722,0.000622746855864718,0.00362992924527979,1.04060421333082
