"tol","archive","draw","n_stitched","mean_gen","var_gen","mean_target","var_target","bias","E1","E2"
0.1,"with_ssp245",16,4,0.0170122674986721,0.212710202615024,0.00935605177548715,0.171558951644722,0.00765621572318494,0.044627317023014,1.23986653319916
0.1,"without_ssp245",16,6,-0.00995146129586163,0.225586134522231,0.00935605177548715,0.171558951644722,0.0193075130713488,0.112541565952981,1.31491905470134
