"tol","archive","draw","n_stitched","mean_gen","var_gen","mean_target","var_target","bias","E1","E2"
0.1,"with_ssp245",17,4,0.0146831769237629,0.25273924292009,0.00935605177548715,0.171558951644722,0.00532712514827578,0.0310512806076573,1.4731918124767
0.1,"without_ssp245",17,6,0.0146596642574363,0.235017959227852,0.00935605177548715,0.171558951644722,0.00530361248194914,0.0309142276232387,1.36989621919902
