"tol","archive","draw","n_stitched","mean_gen","var_gen","mean_target","var_target","bias","E1","E2"
0.1,"with_ssp370",95,11,0.044060843181962,0.221968305061318,0.0147099463733257,0.175411548848141,0.0293508968086363,0.167325908706537,1.26541442977328
0.1,"without_ssp370",95,32,0.0320935739004294,0.229941181300612,0.0147099463733257,0.175411548848141,0.0173836275271037,0.0991019556081412,1.31086683180524
