"tol","archive","draw","n_stitched","mean_gen","var_gen","mean_target","var_target","bias","E1","E2"
0.1,"with_ssp245",9,4,-0.0157470353580389,0.236111303643483,0.00572475026739441,0.161062832928997,0.0214717856254333,0.133313100452535,1.46595772190081
0.1,"without_ssp245",9,6,0.0167391623283509,0.229425880019685,0.00572475026739441,0.161062832928997,0.0110144120609565,0.0683858085733044,1.42444955082111
