"tol","archive","draw","n_stitched","mean_gen","var_gen","mean_target","var_target","bias","E1","E2"
0.1,"with_ssp245",106,4,0.0094381706768089,0.17841746496455,0.00935605177548715,0.171558951644722,8.21189013217507e-05,0.000478662876722452,1.03997758935967
0.1,"without_ssp245",106,6,0.00965483177512032,0.179792898129079,0.00935605177548715,0.171558951644722,0.000298779999633169,0.00174155878646255,1.04799485194692
