"tol","archive","draw","n_stitched","mean_gen","var_gen","mean_target","var_target","bias","E1","E2"
0.1,"with_ssp370",12,9,0.0139014916232767,0.178477212038355,0.0147099463733257,0.175411548848141,0.00080845475004895,0.00460890263701425,1.01747697463676
0.1,"without_ssp370",12,31,0.0135241820773822,0.180411389140207,0.0147099463733257,0.175411548848141,0.0011857642959435,0.00675989867103932,1.02850348409154
