"tol","archive","draw","n_stitched","mean_gen","var_gen","mean_target","var_target","bias","E1","E2"
0.1,"with_ssp370",70,9,0.0136111784509913,0.186471619375738,0.0147099463733257,0.175411548848141,0.00109876792233437,0.00626394287918642,1.0630521228518
0.1,"without_ssp370",70,31,0.0134339041648148,0.181806483396876,0.0147099463733257,0.175411548848141,0.00127604220851086,0.00727456211914284,1.03645674752163
