"tol","archive","draw","n_stitched","mean_gen","var_gen","mean_target","var_target","bias","E1","E2"
0.1,"with_ssp245",122,4,0.00952295824206135,0.181951952010334,0.00935605177548715,0.171558951644722,0.000166906466574192,0.000972881129046739,1.06057976145211
0.1,"without_ssp245",122,6,0.00958025284167706,0.180685101579167,0.00935605177548715,0.171558951644722,0.000224201066189906,0.00130684562968302,1.05319541677629
