"tol","archive","draw","n_stitched","mean_gen","var_gen","mean_target","var_target","bias","E1","E2"
0.1,"with_ssp370",9,10,0.0137546434455741,0.181321640105035,0.00619949854693791,0.161447793998724,0.00755514489863619,0.0467962101649769,1.12309766280528
0.1,"without_ssp370",9,29,0.0132565476948038,0.183996820967324,0.00619949854693791,0.161447793998724,0.00705704914786592,0.0437110286432386,1.13966760653774
