"tol","archive","draw","n_stitched","mean_gen","var_gen","mean_target","var_target","bias","E1","E2"
0.1,"with_ssp370",48,8,0.00657527502161391,0.238492766888482,0.0147099463733257,0.175411548848141,0.00813467135171178,0.0463747763766354,1.3596183857595
0.1,"without_ssp370",48,30,0.0237072557580487,0.221383532032594,0.0147099463733257,0.175411548848141,0.00899730938472297,0.0512925713489493,1.26208070954468
