"tol","archive","draw","n_stitched","mean_gen","var_gen","mean_target","var_target","bias","E1","E2"
0.1,"with_ssp370",182,10,0.0265794616505589,0.226206809570405,0.0147099463733257,0.175411548848141,0.0118695152772332,0.0676666693565827,1.2895776307536
0.1,"without_ssp370",182,31,0.0191674124191879,0.228875115940117,0.0147099463733257,0.175411548848141,0.00445746604586217,0.0254114741881741,1.30478932227125
