"tol","archive","draw","n_stitched","mean_gen","var_gen","mean_target","var_target","bias","E1","E2"
0.1,"with_ssp245",30,4,0.00896492866393623,0.189527122944121,0.00935605177548715,0.171558951644722,0.000391123111550921,0.00227981756592271,1.10473467648957
0.1,"without_ssp245",30,6,0.0100009826786598,0.180351147671802,0.00935605177548715,0.171558951644722,0.000644930903172653,0.00375923784209306,1.05124883279357
