"tol","archive","draw","n_stitched","mean_gen","var_gen","mean_target","var_target","bias","E1","E2"
0.1,"with_ssp370",17,11,0.0492156107303024,0.233103010584273,0.0147099463733257,0.175411548848141,0.0345056643569767,0.196712614326491,1.32889203769632
0.1,"without_ssp370",17,29,0.0233071930416686,0.223314448985359,0.0147099463733257,0.175411548848141,0.00859724666834294,0.0490118622450899,1.27308863328429
