"tol","archive","draw","n_stitched","mean_gen","var_gen","mean_target","var_target","bias","E1","E2"
0.1,"with_ssp245",154,4,0.00984200189982243,0.187048466465741,0.00935605177548715,0.171558951644722,0.000485950124335277,0.00283255475553162,1.09028683535614
0.1,"without_ssp245",154,6,0.0100727587438529,0.186557480556206,0.00935605177548715,0.171558951644722,0.000716706968365767,0.00417761335969213,1.08742492751147
