"tol","archive","draw","n_stitched","mean_gen","var_gen","mean_target","var_target","bias","E1","E2"
0.1,"with_ssp245",73,4,0.00932598174566448,0.181323066246499,0.00935605177548715,0.171558951644722,3.00700298226791e-05,0.000175275201523442,1.05691404912521
0.1,"without_ssp245",73,6,0.0102412759246439,0.178362066077135,0.00935605177548715,0.171558951644722,0.000885224149156743,0.00515988318108831,1.03965467477617
