"tol","archive","draw","n_stitched","mean_gen","var_gen","mean_target","var_target","bias","E1","E2"
0.1,"with_ssp245",96,4,0.00529809337776362,0.238522265751088,0.00935605177548715,0.171558951644722,0.00405795839772353,0.0236534343374112,1.39032247203887
0.1,"without_ssp245",96,6,0.0287734921625306,0.218543480791766,0.00935605177548715,0.171558951644722,0.0194174403870434,0.113182321300579,1.27386812927339
