"tol","archive","draw","n_stitched","mean_gen","var_gen","mean_target","var_target","bias","E1","E2"
0.1,"with_ssp370",77,9,0.0213768703909951,0.230515878757483,0.0147099463733257,0.175411548848141,0.00666692401766936,0.0380073265497537,1.31414311241872
0.1,"without_ssp370",77,30,0.0255942302808034,0.224572148247039,0.0147099463733257,0.175411548848141,0.0108842839074777,0.0620499846158963,1.28025862448463
