"tol","archive","draw","n_stitched","mean_gen","var_gen","mean_target","var_target","bias","E1","E2"
0.1,"with_ssp370",119,9,0.0140259491896619,0.188517188807212,0.0147099463733257,0.175411548848141,0.000683997183663835,0.00389938512119286,1.07471366648964
0.1,"without_ssp370",119,32,0.0134858428962367,0.179909666852481,0.0147099463733257,0.175411548848141,0.00122410347708903,0.00697846570038995,1.02564322608105
