"tol","archive","draw","n_stitched","mean_gen","var_gen","mean_target","var_target","bias","E1","E2"
0.1,"with_ssp245",72,4,-0.00580909230667364,0.258092794375996,0.00935605177548715,0.171558951644722,0.0151651440821608,0.0883961107058173,1.50439712939302
0.1,"without_ssp245",72,6,-0.0042665161168495,0.225835294950431,0.00935605177548715,0.171558951644722,0.0136225678923367,0.0794045881123554,1.31637138596014
