"tol","archive","draw","n_stitched","mean_gen","var_gen","mean_target","var_target","bias","E1","E2"
0.1,"with_ssp370",99,9,0.0139726551809185,0.18120925182669,0.0147099463733257,0.175411548848141,0.000737291192407188,0.00420320781184986,1.03305200265672
0.1,"without_ssp370",99,31,0.0133824518408678,0.182791523122335,0.0147099463733257,0.175411548848141,0.00132749453245786,0.00756788558777913,1.04207233972139
