"tol","archive","draw","n_stitched","mean_gen","var_gen","mean_target","var_target","bias","E1","E2"
0.1,"with_ssp370",23,10,0.0117365452158032,0.225278734752022,0.0147099463733257,0.175411548848141,0.0029734011575225,0.0169509999600805,1.2842867885914
0.1,"without_ssp370",23,31,0.0214204853898065,0.221538723035198,0.0147099463733257,0.175411548848141,0.00671053901648083,0.0382559703767871,1.26296543465898
