"tol","archive","draw","n_stitched","mean_gen","var_gen","mean_target","var_target","bias","E1","E2"
0.1,"with_ssp370",4,9,0.0141399301185586,0.18558951917755,0.0147099463733257,0.175411548848141,0.000570016254767125,0.00324959364711274,1.05802337643242
0.1,"without_ssp370",4,30,0.0133885042821546,0.184577080404387,0.0147099463733257,0.175411548848141,0.00132144209117104,0.00753338135287236,1.05225158557936
