"tol","archive","draw","n_stitched","mean_gen","var_gen","mean_target","var_target","bias","E1","E2"
0.1,"with_ssp245",8,4,0.00730839847768036,0.24822486493055,0.00572475026739441,0.161062832928997,0.00158364821028594,0.00983248699583024,1.54116788098454
0.1,"without_ssp245",8,6,0.0294219626025573,0.207128083331554,0.00572475026739441,0.161062832928997,0.0236972123351629,0.147130234233553,1.28600794835681
