"tol","archive","draw","n_stitched","mean_gen","var_gen","mean_target","var_target","bias","E1","E2"
0.1,"with_ssp245",158,4,-0.00515360170956863,0.254490242172251,0.00935605177548715,0.171558951644722,0.0145096534850558,0.0845753214621148,1.48339821229072
0.1,"without_ssp245",158,6,0.0198961708880376,0.237849655232151,0.00935605177548715,0.171558951644722,0.0105401191125505,0.0614373019390897,1.38640189248014
