"tol","archive","draw","n_stitched","mean_gen","var_gen","mean_target","var_target","bias","E1","E2"
0.1,"with_ssp370",121,9,0.0234644329908033,0.219071929183944,0.0147099463733257,0.175411548848141,0.00875448661747762,0.0499082681554602,1.2489025416086
0.1,"without_ssp370",121,30,0.0305072871203928,0.224041703719641,0.0147099463733257,0.175411548848141,0.0157973407470671,0.0900587267531818,1.27723462446364
