"tol","archive","draw","n_stitched","mean_gen","var_gen","mean_target","var_target","bias","E1","E2"
0.1,"with_ssp370",110,10,0.0192253918575329,0.217113766192741,0.0147099463733257,0.175411548848141,0.0045154454842072,0.0257420079456476,1.237739291503
0.1,"without_ssp370",110,30,0.0227727496606201,0.22524401516999,0.0147099463733257,0.175411548848141,0.00806280328729444,0.0459650652436497,1.28408885645831
