"tol","archive","draw","n_stitched","mean_gen","var_gen","mean_target","var_target","bias","E1","E2"
0.1,"with_ssp370",14,10,0.0140246842584097,0.184748785624716,0.0147099463733257,0.175411548848141,0.000685262114916015,0.00390659634109535,1.05323045624926
0.1,"without_ssp370",14,29,0.0132610739619881,0.183529899716486,0.0147099463733257,0.175411548848141,0.0014488724113376,0.00825984617804116,1.04628173527715
