"tol","archive","draw","n_stitched","mean_gen","var_gen","mean_target","var_target","bias","E1","E2"
0.1,"with_ssp245",75,4,0.0214400557326384,0.220462665450383,0.00935605177548715,0.171558951644722,0.0120840039571512,0.0704364525505831,1.28505486502934
0.1,"without_ssp245",75,6,0.0246198918308138,0.218322873573541,0.00935605177548715,0.171558951644722,0.0152638400553266,0.0889713996791972,1.27258223182467
