"tol","archive","draw","n_stitched","mean_gen","var_gen","mean_target","var_target","bias","E1","E2"
0.1,"with_ssp370",120,10,0.00361991970762319,0.22079929104505,0.0147099463733257,0.175411548848141,0.0110900266657025,0.0632228991678506,1.25875002241844
0.1,"without_ssp370",120,32,0.0248576717320857,0.231573998126187,0.0147099463733257,0.175411548848141,0.01014772535876,0.0578509535170068,1.32017532281565
