"tol","archive","draw","n_stitched","mean_gen","var_gen","mean_target","var_target","bias","E1","E2"
0.1,"with_ssp370",161,10,0.00856280740213248,0.22695518095989,0.0147099463733257,0.175411548848141,0.00614713897119321,0.0350440949387829,1.29384400542733
0.1,"without_ssp370",161,31,0.0196599563220418,0.231548034889244,0.0147099463733257,0.175411548848141,0.00495000994871615,0.0282194073378915,1.32002730954564
