"tol","archive","draw","n_stitched","mean_gen","var_gen","mean_target","var_target","bias","E1","E2"
0.1,"with_ssp370",188,9,0.0140576596263105,0.182184766273452,0.0147099463733257,0.175411548848141,0.000652286747015228,0.00371860776156724,1.03861329239602
0.1,"without_ssp370",188,31,0.0133628525912833,0.182553469075594,0.0147099463733257,0.175411548848141,0.00134709378204235,0.00767961853645434,1.04071522242607
