"tol","archive","draw","n_stitched","mean_gen","var_gen","mean_target","var_target","bias","E1","E2"
0.1,"with_ssp370",137,9,0.0137290123081612,0.186246040044612,0.0147099463733257,0.175411548848141,0.000980934065164526,0.00559218632755903,1.06176612239968
0.1,"without_ssp370",137,31,0.0133866093245617,0.181440876859576,0.0147099463733257,0.175411548848141,0.00132333704876398,0.00754418427665577,1.03437246892253
