"tol","archive","draw","n_stitched","mean_gen","var_gen","mean_target","var_target","bias","E1","E2"
0.1,"with_ssp245",184,4,0.00968117117989192,0.180421223936219,0.00935605177548715,0.171558951644722,0.000325119404404762,0.00189508854704385,1.05165730034216
0.1,"without_ssp245",184,7,0.00992671400646086,0.180848763942581,0.00935605177548715,0.171558951644722,0.000570662230973707,0.00332633316712893,1.05414938835192
