"tol","archive","draw","n_stitched","mean_gen","var_gen","mean_target","var_target","bias","E1","E2"
0.1,"with_ssp370",178,10,0.00958575808134043,0.211453525855353,0.0147099463733257,0.175411548848141,0.00512418829198526,0.0292123769822101,1.20547094671865
0.1,"without_ssp370",178,30,0.0253668717118046,0.230820521813545,0.0147099463733257,0.175411548848141,0.0106569253384789,0.0607538409441043,1.31587984559314
