"tol","archive","draw","n_stitched","mean_gen","var_gen","mean_target","var_target","bias","E1","E2"
0.1,"with_ssp370",58,9,0.0139615625265163,0.184869867905275,0.0147099463733257,0.175411548848141,0.00074838384680938,0.00426644569142525,1.05392073166929
0.1,"without_ssp370",58,29,0.0133772248100703,0.183932360778077,0.0147099463733257,0.175411548848141,0.00133272156325544,0.00759768425743286,1.04857611705665
