"tol","archive","draw","n_stitched","mean_gen","var_gen","mean_target","var_target","bias","E1","E2"
0.1,"with_ssp245",89,4,-0.0229776507426118,0.232794607293812,0.00935605177548715,0.171558951644722,0.032333702518099,0.188469923650841,1.35693652276391
0.1,"without_ssp245",89,6,0.0210755142348694,0.224128278538893,0.00935605177548715,0.171558951644722,0.0117194624593823,0.0683115765573799,1.30642135773268
