"tol","archive","draw","n_stitched","mean_gen","var_gen","mean_target","var_target","bias","E1","E2"
0.1,"with_ssp370",150,10,0.0132485363928424,0.203658156236981,0.0147099463733257,0.175411548848141,0.00146140998048329,0.00833132134160947,1.1610304884389
0.1,"without_ssp370",150,31,0.0199374758303703,0.22817471771001,0.0147099463733257,0.175411548848141,0.00522752945704461,0.029801512450986,1.30079643677024
