"tol","archive","draw","n_stitched","mean_gen","var_gen","mean_target","var_target","bias","E1","E2"
0.1,"with_ssp245",23,4,0.0369362077291569,0.267411207066578,0.00935605177548715,0.171558951644722,0.0275801559536698,0.160761975340028,1.55871322657855
0.1,"without_ssp245",23,6,0.0106327700698238,0.212015005657836,0.00935605177548715,0.171558951644722,0.0012767182943366,0.00744186346498858,1.23581429954698
