"tol","archive","draw","n_stitched","mean_gen","var_gen","mean_target","var_target","bias","E1","E2"
0.1,"with_ssp245",40,4,0.0037528245638821,0.219034274464823,0.00935605177548715,0.171558951644722,0.00560322721160506,0.032660651967661,1.27672891659082
0.1,"without_ssp245",40,6,-0.00649521446667688,0.208040383435877,0.00935605177548715,0.171558951644722,0.015851266242164,0.0923954482712747,1.21264662345748
