"tol","archive","draw","n_stitched","mean_gen","var_gen","mean_target","var_target","bias","E1","E2"
0.1,"with_ssp245",57,4,0.0093606709022992,0.186186387282406,0.00935605177548715,0.171558951644722,4.61912681204955e-06,2.69244289952017e-05,1.08526186186994
0.1,"without_ssp245",57,6,0.00960498968430533,0.186899042121035,0.00935605177548715,0.171558951644722,0.000248937908818178,0.00145103421553717,1.08941585576998
