"tol","archive","draw","n_stitched","mean_gen","var_gen","mean_target","var_target","bias","E1","E2"
0.1,"with_ssp370",140,8,0.0141752846016601,0.182334136611436,0.0147099463733257,0.175411548848141,0.00053466177166556,0.00304804201990391,1.03946483460612
0.1,"without_ssp370",140,31,0.0136426795948012,0.184395412907869,0.0147099463733257,0.175411548848141,0.00106726677852451,0.00608435867269196,1.0512159211792
