"tol","archive","draw","n_stitched","mean_gen","var_gen","mean_target","var_target","bias","E1","E2"
0.1,"with_ssp245",9,4,-0.0157470353580389,0.236111303643483,0.00935605177548715,0.171558951644722,0.025103087133526,0.146323388507943,1.37626921463382
0.1,"without_ssp245",9,6,0.0167391623283509,0.229425880019685,0.00935605177548715,0.171558951644722,0.00738311055286376,0.0430354142531326,1.33730054783034
