"tol","archive","draw","n_stitched","mean_gen","var_gen","mean_target","var_target","bias","E1","E2"
0.1,"with_ssp370",38,9,0.0139727504323873,0.182083955125756,0.0147099463733257,0.175411548848141,0.000737195940938368,0.00420266479475979,1.03803858024988
0.1,"without_ssp370",38,31,0.01347463331485,0.181320001014632,0.0147099463733257,0.175411548848141,0.00123531305847574,0.00704237016654581,1.03368337036694
