"tol","archive","draw","n_stitched","mean_gen","var_gen","mean_target","var_target","bias","E1","E2"
0.1,"with_ssp245",5,4,-0.0119349642715697,0.251281212926532,0.00935605177548715,0.171558951644722,0.0212910160470569,0.124103206757453,1.46469310121984
0.1,"without_ssp245",5,6,0.00728649461513756,0.225625053593838,0.00935605177548715,0.171558951644722,0.00206955716034959,0.0120632420547509,1.3151459100839
