"tol","archive","draw","n_stitched","mean_gen","var_gen","mean_target","var_target","bias","E1","E2"
0.1,"with_ssp245",21,4,0.00930757078366122,0.176550851627019,0.00935605177548715,0.171558951644722,4.84809918259374e-05,0.000282590860815795,1.0290972865854
0.1,"without_ssp245",21,7,0.00977773127181863,0.177355869817531,0.00935605177548715,0.171558951644722,0.000421679496331474,0.00245792768193595,1.03378965724163
