"tol","archive","draw","n_stitched","mean_gen","var_gen","mean_target","var_target","bias","E1","E2"
0.1,"with_ssp370",3,10,0.0152484899171906,0.219978099890024,0.00619949854693791,0.161447793998724,0.00904899137025269,0.0560490245554188,1.36253394637131
0.1,"without_ssp370",3,30,0.021843788307074,0.229312042358046,0.00619949854693791,0.161447793998724,0.0156442897601361,0.0968999908432301,1.42034794454892
