"tol","archive","draw","n_stitched","mean_gen","var_gen","mean_target","var_target","bias","E1","E2"
0.1,"with_ssp370",90,10,0.0137132448898914,0.181555160763776,0.0147099463733257,0.175411548848141,0.000996701483434283,0.00568207446989228,1.03502398762213
0.1,"without_ssp370",90,31,0.0135152306739749,0.179980409609246,0.0147099463733257,0.175411548848141,0.0011947156993508,0.00681092953796962,1.02604652197137
