"tol","archive","draw","n_stitched","mean_gen","var_gen","mean_target","var_target","bias","E1","E2"
0.1,"with_ssp245",173,4,0.00960990880380723,0.176939443308683,0.00935605177548715,0.171558951644722,0.000253857028320072,0.00147970727196899,1.03136234869926
0.1,"without_ssp245",173,6,0.0100148194079996,0.183971584304568,0.00935605177548715,0.171558951644722,0.000658767632512493,0.00383989075590017,1.07235199644698
