"tol","archive","draw","n_stitched","mean_gen","var_gen","mean_target","var_target","bias","E1","E2"
0.1,"with_ssp370",154,10,0.0140418903619502,0.188389524215534,0.0147099463733257,0.175411548848141,0.000668056011375512,0.00380850642823905,1.07398586611095
0.1,"without_ssp370",154,29,0.013289325279759,0.182373893358682,0.0147099463733257,0.175411548848141,0.00142062109356674,0.00809878883628474,1.03969148300816
