"tol","archive","draw","n_stitched","mean_gen","var_gen","mean_target","var_target","bias","E1","E2"
0.1,"with_ssp245",55,4,0.0335555389146395,0.261755103453349,0.00935605177548715,0.171558951644722,0.0241994871391523,0.141056394359803,1.52574436334521
0.1,"without_ssp245",55,6,0.0225647597531835,0.213377340772605,0.00935605177548715,0.171558951644722,0.0132087079776963,0.0769922399913585,1.24375521490994
