"tol","archive","draw","n_stitched","mean_gen","var_gen","mean_target","var_target","bias","E1","E2"
0.1,"with_ssp245",148,4,0.00978867143193661,0.250516464701878,0.00935605177548715,0.171558951644722,0.000432619656449456,0.002521696782954,1.46023546017387
0.1,"without_ssp245",148,7,0.022064064652273,0.215163553198371,0.00935605177548715,0.171558951644722,0.0127080128767858,0.074073738239568,1.25416686879708
