"tol","archive","draw","n_stitched","mean_gen","var_gen","mean_target","var_target","bias","E1","E2"
0.1,"with_ssp245",192,4,-0.00942266140847948,0.218352990601902,0.00935605177548715,0.171558951644722,0.0187787131839666,0.109459244206942,1.27275778097598
0.1,"without_ssp245",192,6,0.0177513417388899,0.217369708617109,0.00935605177548715,0.171558951644722,0.00839528996340273,0.048935306977093,1.26702632846146
