"tol","archive","draw","n_stitched","mean_gen","var_gen","mean_target","var_target","bias","E1","E2"
0.1,"with_ssp370",94,10,0.0140108928030838,0.184848634611348,0.0147099463733257,0.175411548848141,0.000699053570241887,0.00398521975794809,1.05379968323167
0.1,"without_ssp370",94,30,0.0135440626142222,0.183253811132549,0.0147099463733257,0.175411548848141,0.0011658837591035,0.00664656213778059,1.04470778769075
