"tol","archive","draw","n_stitched","mean_gen","var_gen","mean_target","var_target","bias","E1","E2"
0.1,"with_ssp370",127,8,0.0141055627813164,0.184499024620902,0.0147099463733257,0.175411548848141,0.000604383592009334,0.0034455176753075,1.05180659900921
0.1,"without_ssp370",127,30,0.0133186797313675,0.180597719568685,0.0147099463733257,0.175411548848141,0.00139126664195816,0.00793144266209415,1.02956573130218
