"tol","archive","draw","n_stitched","mean_gen","var_gen","mean_target","var_target","bias","E1","E2"
0.1,"with_ssp370",175,10,0.0140442684805582,0.17830542000337,0.0147099463733257,0.175411548848141,0.000665677892767447,0.0037949490620127,1.01649760904702
0.1,"without_ssp370",175,31,0.0134818369297656,0.181557564049602,0.0147099463733257,0.175411548848141,0.00122810944356007,0.00700130323017261,1.03503768846361
