"tol","archive","draw","n_stitched","mean_gen","var_gen","mean_target","var_target","bias","E1","E2"
0.1,"with_ssp370",16,9,0.0140663043187097,0.183072109392325,0.0147099463733257,0.175411548848141,0.000643642054615971,0.00366932541695525,1.04367192807137
0.1,"without_ssp370",16,30,0.0134917586638253,0.185304518186336,0.0147099463733257,0.175411548848141,0.00121818770950042,0.0069447406256873,1.0563986202913
