"tol","archive","draw","n_stitched","mean_gen","var_gen","mean_target","var_target","bias","E1","E2"
0.1,"with_ssp370",200,9,0.014219284054787,0.185365941731474,0.0147099463733257,0.175411548848141,0.000490662318538679,0.00279720646537054,1.05674878848457
0.1,"without_ssp370",200,31,0.0134865211923218,0.184037344756093,0.0147099463733257,0.175411548848141,0.00122342518100392,0.00697459881654127,1.04917461800317
