"tol","archive","draw","n_stitched","mean_gen","var_gen","mean_target","var_target","bias","E1","E2"
0.1,"with_ssp245",69,4,0.00928672568428373,0.175261355386059,0.00935605177548715,0.171558951644722,6.93260912034196e-05,0.000404094863828415,1.02158094174534
0.1,"without_ssp245",69,7,0.00968769030919305,0.182569643646908,0.00935605177548715,0.171558951644722,0.000331638533705899,0.00193308790084404,1.06418022432888
