"tol","archive","draw","n_stitched","mean_gen","var_gen","mean_target","var_target","bias","E1","E2"
0.1,"with_ssp245",108,4,-0.00146423377660682,0.230407935806439,0.00935605177548715,0.171558951644722,0.010820285552094,0.0630703641422424,1.34302485295892
0.1,"without_ssp245",108,7,0.01128950958555,0.226197520067125,0.00935605177548715,0.171558951644722,0.00193345781006281,0.0112699325306369,1.31848275999933
