"tol","archive","draw","n_stitched","mean_gen","var_gen","mean_target","var_target","bias","E1","E2"
0.1,"with_ssp245",131,4,0.0203059265495233,0.254074512800132,0.00935605177548715,0.171558951644722,0.0109498747740362,0.0638257267782333,1.48097496728874
0.1,"without_ssp245",131,6,0.0274836759461959,0.231238197683752,0.00935605177548715,0.171558951644722,0.0181276241707087,0.105664111356013,1.34786436654508
