"tol","archive","draw","n_stitched","mean_gen","var_gen","mean_target","var_target","bias","E1","E2"
0.1,"with_ssp245",88,4,0.00968977674725556,0.180543171976026,0.00935605177548715,0.171558951644722,0.000333724971768408,0.00194524953999201,1.05236812329041
0.1,"without_ssp245",88,6,0.00973463261300359,0.175191273201873,0.00935605177548715,0.171558951644722,0.000378580837516435,0.00220670990284687,1.02117243969101
