"tol","archive","draw","n_stitched","mean_gen","var_gen","mean_target","var_target","bias","E1","E2"
0.1,"with_ssp245",159,4,0.00957378411802142,0.181309325795886,0.00935605177548715,0.171558951644722,0.000217732342534265,0.00126914008535773,1.05683395741049
0.1,"without_ssp245",159,6,0.010132951134934,0.1796122287951,0.00935605177548715,0.171558951644722,0.00077689935944681,0.00452846879745264,1.04694174843791
