"tol","archive","draw","n_stitched","mean_gen","var_gen","mean_target","var_target","bias","E1","E2"
0.1,"with_ssp245",24,4,0.0205418298593921,0.220601133433589,0.00935605177548715,0.171558951644722,0.011185778083905,0.0652007836179214,1.28586198107825
0.1,"without_ssp245",24,6,0.0243501646701628,0.246503057000895,0.00935605177548715,0.171558951644722,0.0149941128946756,0.0873991869904091,1.43684170739964
