"tol","archive","draw","n_stitched","mean_gen","var_gen","mean_target","var_target","bias","E1","E2"
0.1,"with_ssp245",109,4,-0.0219271897602684,0.251216734080007,0.00935605177548715,0.171558951644722,0.0312832415357555,0.182346891467018,1.46431726046127
0.1,"without_ssp245",109,6,0.00992778285511149,0.217772369187349,0.00935605177548715,0.171558951644722,0.000571731079624337,0.0033325633791953,1.26937339672213
