"tol","archive","draw","n_stitched","mean_gen","var_gen","mean_target","var_target","bias","E1","E2"
0.1,"with_ssp245",6,4,0.00932391571335932,0.184944836931307,0.00572475026739441,0.161062832928997,0.00359916544596491,0.0223463438492453,1.14827756080038
0.1,"without_ssp245",6,6,0.00973440249988899,0.176005435123879,0.00572475026739441,0.161062832928997,0.00400965223249457,0.0248949565804681,1.09277498677469
