"tol","archive","draw","n_stitched","mean_gen","var_gen","mean_target","var_target","bias","E1","E2"
0.1,"with_ssp370",193,10,0.0220143652399685,0.215622070085231,0.0147099463733257,0.175411548848141,0.00730441886664281,0.041641607491685,1.22923531261845
0.1,"without_ssp370",193,32,0.0317152333713584,0.220314774197486,0.0147099463733257,0.175411548848141,0.0170052869980327,0.0969450820638652,1.25598785053896
