"tol","archive","draw","n_stitched","mean_gen","var_gen","mean_target","var_target","bias","E1","E2"
0.1,"with_ssp370",19,10,0.0469658580940799,0.202677968470191,0.0147099463733257,0.175411548848141,0.0322559117207542,0.183887046962222,1.15544255666801
0.1,"without_ssp370",19,29,0.0133799699367601,0.228379097933187,0.0147099463733257,0.175411548848141,0.00132997643656558,0.00758203462257197,1.30196158367487
