"tol","archive","draw","n_stitched","mean_gen","var_gen","mean_target","var_target","bias","E1","E2"
0.1,"with_ssp370",4,9,0.0141399301185586,0.18558951917755,0.00619949854693791,0.161447793998724,0.00794043157162066,0.049182657594463,1.14953270392172
0.1,"without_ssp370",4,30,0.0133885042821546,0.184577080404387,0.00619949854693791,0.161447793998724,0.00718900573521674,0.0445283615041129,1.14326170604626
