"tol","archive","draw","n_stitched","mean_gen","var_gen","mean_target","var_target","bias","E1","E2"
0.1,"with_ssp370",69,9,0.0398642803252409,0.227792500040259,0.0147099463733257,0.175411548848141,0.0251543339519152,0.143401812007783,1.29861746011642
0.1,"without_ssp370",69,32,0.0220279545445233,0.23338529552309,0.0147099463733257,0.175411548848141,0.0073180081711976,0.0417190784714695,1.3305013099516
