"tol","archive","draw","n_stitched","mean_gen","var_gen","mean_target","var_target","bias","E1","E2"
0.1,"with_ssp245",38,4,0.0245183675778377,0.216202201781486,0.00935605177548715,0.171558951644722,0.0151623158023506,0.0883796249451904,1.2602210476852
0.1,"without_ssp245",38,6,0.0105494456526827,0.238200149604103,0.00935605177548715,0.171558951644722,0.0011933938771955,0.00695617375691871,1.38844488917947
