"tol","archive","draw","n_stitched","mean_gen","var_gen","mean_target","var_target","bias","E1","E2"
0.1,"with_ssp245",153,4,-0.00270873458157567,0.230034666025945,0.00935605177548715,0.171558951644722,0.0120647863570628,0.0703244350784303,1.34084910067718
0.1,"without_ssp245",153,6,0.0191277438003952,0.234786590593459,0.00935605177548715,0.171558951644722,0.009771692024908,0.0569582171680788,1.36854759452992
