"tol","archive","draw","n_stitched","mean_gen","var_gen","mean_target","var_target","bias","E1","E2"
0.1,"with_ssp245",28,4,-0.0283230383997466,0.257178653891391,0.00935605177548715,0.171558951644722,0.0376790901752337,0.219627654599234,1.49906869577973
0.1,"without_ssp245",28,6,0.0149622905820485,0.219502477823701,0.00935605177548715,0.171558951644722,0.00560623880656134,0.0326782062539715,1.27945802722241
