"tol","archive","draw","n_stitched","mean_gen","var_gen","mean_target","var_target","bias","E1","E2"
0.1,"with_ssp245",11,4,0.00938947847220976,0.17843764262496,0.00935605177548715,0.171558951644722,3.34266967226011e-05,0.000194840877739937,1.04009520292758
0.1,"without_ssp245",11,7,0.00949786312285764,0.179388729035264,0.00935605177548715,0.171558951644722,0.000141811347370489,0.000826604184806182,1.04563899065294
