"tol","archive","draw","n_stitched","mean_gen","var_gen","mean_target","var_target","bias","E1","E2"
0.1,"with_ssp245",94,4,0.0163697984821478,0.230884594140136,0.00935605177548715,0.171558951644722,0.0070137467066606,0.0408824292723893,1.34580324679455
0.1,"without_ssp245",94,6,0.0374950868372701,0.232783695013437,0.00935605177548715,0.171558951644722,0.028139035061783,0.164019625860477,1.35687291617114
