"tol","archive","draw","n_stitched","mean_gen","var_gen","mean_target","var_target","bias","E1","E2"
0.1,"with_ssp370",180,8,0.035053633365807,0.223825241089983,0.0147099463733257,0.175411548848141,0.0203436869924813,0.115976896196803,1.27600059722268
0.1,"without_ssp370",180,31,0.0174212393559856,0.224682198892117,0.0147099463733257,0.175411548848141,0.00271129298265995,0.0154567529929697,1.28088600988656
