"tol","archive","draw","n_stitched","mean_gen","var_gen","mean_target","var_target","bias","E1","E2"
0.1,"with_ssp245",82,4,-0.010029086807474,0.238439473394371,0.00935605177548715,0.171558951644722,0.0193851385829611,0.112994037309726,1.38983988365789
0.1,"without_ssp245",82,6,0.0157067368924237,0.211279622462594,0.00935605177548715,0.171558951644722,0.00635068511693654,0.0370175094686289,1.23152782432553
