"tol","archive","draw","n_stitched","mean_gen","var_gen","mean_target","var_target","bias","E1","E2"
0.1,"with_ssp370",118,10,0.0315361028074575,0.205002396937153,0.0147099463733257,0.175411548848141,0.0168261564341318,0.095923880409372,1.16869384190108
0.1,"without_ssp370",118,31,0.0315766841494005,0.219997428984579,0.0147099463733257,0.175411548848141,0.0168667377760748,0.0961552297259335,1.25417870390642
