"tol","archive","draw","n_stitched","mean_gen","var_gen","mean_target","var_target","bias","E1","E2"
0.1,"with_ssp245",178,4,0.0322679082368623,0.221835283394697,0.00935605177548715,0.171558951644722,0.0229118564613752,0.133550923701276,1.29305571797904
0.1,"without_ssp245",178,6,0.0258987090793437,0.220700476341376,0.00935605177548715,0.171558951644722,0.0165426573038565,0.0964254977386105,1.28644104096894
