"tol","archive","draw","n_stitched","mean_gen","var_gen","mean_target","var_target","bias","E1","E2"
0.1,"with_ssp245",121,4,-0.0268332426357541,0.240584527407308,0.00935605177548715,0.171558951644722,0.0361892944112413,0.210943783838135,1.40234318932847
0.1,"without_ssp245",121,6,0.000447885255452712,0.229325968779899,0.00935605177548715,0.171558951644722,0.00890816652003444,0.0519248132180371,1.33671817518916
