"tol","archive","draw","n_stitched","mean_gen","var_gen","mean_target","var_target","bias","E1","E2"
0.1,"with_ssp245",187,4,0.00970222682658351,0.182049817157926,0.00935605177548715,0.171558951644722,0.000346175051096355,0.00201781980932853,1.06115020762618
0.1,"without_ssp245",187,6,0.0101834886619862,0.183326026730411,0.00935605177548715,0.171558951644722,0.000827436886499068,0.00482304699676989,1.06858910580228
