"tol","archive","draw","n_stitched","mean_gen","var_gen","mean_target","var_target","bias","E1","E2"
0.1,"with_ssp370",37,10,0.0230790968956326,0.220274529349452,0.0147099463733257,0.175411548848141,0.00836915052230696,0.0477115137359193,1.25575841953343
0.1,"without_ssp370",37,30,0.0185313782902307,0.228239682943196,0.0147099463733257,0.175411548848141,0.00382143191690505,0.0217855206341823,1.30116679569821
