"tol","archive","draw","n_stitched","mean_gen","var_gen","mean_target","var_target","bias","E1","E2"
0.1,"with_ssp245",91,4,0.00932483293953549,0.176570125415205,0.00935605177548715,0.171558951644722,3.12188359516598e-05,0.000181971477747837,1.02920963157236
0.1,"without_ssp245",91,6,0.00931957037517721,0.181207609629103,0.00935605177548715,0.171558951644722,3.64814003099481e-05,0.000212646439956667,1.05624106403006
