"tol","archive","draw","n_stitched","mean_gen","var_gen","mean_target","var_target","bias","E1","E2"
0.1,"with_ssp370",10,9,0.0137354339004106,0.185631446030599,0.00619949854693791,0.161447793998724,0.00753593535347266,0.0466772271507916,1.14979239686648
0.1,"without_ssp370",10,30,0.0134276739590592,0.179838187504408,0.00619949854693791,0.161447793998724,0.00722817541212127,0.0447709766302436,1.11390922756014
