"tol","archive","draw","n_stitched","mean_gen","var_gen","mean_target","var_target","bias","E1","E2"
0.1,"with_ssp245",171,4,-0.00838135799025848,0.244836372804116,0.00935605177548715,0.171558951644722,0.0177374097657456,0.103389590550062,1.42712677162509
0.1,"without_ssp245",171,6,0.0397991955249376,0.231285643711704,0.00935605177548715,0.171558951644722,0.0304431437494505,0.177450045349394,1.34814092470481
