"tol","archive","draw","n_stitched","mean_gen","var_gen","mean_target","var_target","bias","E1","E2"
0.1,"with_ssp245",191,4,-0.0246047542935769,0.229199532414534,0.00935605177548715,0.171558951644722,0.033960806069064,0.19795414779284,1.33598119023937
0.1,"without_ssp245",191,6,0.0110530445732454,0.215536230920417,0.00935605177548715,0.171558951644722,0.00169699279775822,0.00989160158353317,1.25633917002924
