"tol","archive","draw","n_stitched","mean_gen","var_gen","mean_target","var_target","bias","E1","E2"
0.1,"with_ssp370",130,8,0.0391766103231706,0.236497291806889,0.0147099463733257,0.175411548848141,0.0244666639498449,0.139481488593584,1.34824242394457
0.1,"without_ssp370",130,31,0.0163962080291475,0.225627573007236,0.0147099463733257,0.175411548848141,0.00168626165582184,0.00961317351619586,1.28627547324474
