"tol","archive","draw","n_stitched","mean_gen","var_gen","mean_target","var_target","bias","E1","E2"
0.1,"with_ssp245",98,4,0.0249647442024088,0.239875170706915,0.00935605177548715,0.171558951644722,0.0156086924269217,0.0909815097217742,1.39820841994691
0.1,"without_ssp245",98,6,0.00725491972128328,0.214650430142725,0.00935605177548715,0.171558951644722,0.00210113205420387,0.0122472889584629,1.25117592573799
