"tol","archive","draw","n_stitched","mean_gen","var_gen","mean_target","var_target","bias","E1","E2"
0.1,"with_ssp370",193,10,0.0141010207528492,0.180674434972645,0.0147099463733257,0.175411548848141,0.000608925620476505,0.00347141122962018,1.03000307653096
0.1,"without_ssp370",193,32,0.013396306556264,0.18138349174078,0.0147099463733257,0.175411548848141,0.00131363981706174,0.00748890153292584,1.03404532330884
