"tol","archive","draw","n_stitched","mean_gen","var_gen","mean_target","var_target","bias","E1","E2"
0.1,"with_ssp370",112,10,0.00534258533405129,0.219052511853579,0.0147099463733257,0.175411548848141,0.0093673610392744,0.0534021910232605,1.24879184575937
0.1,"without_ssp370",112,31,0.0256917667113403,0.22783856598335,0.0147099463733257,0.175411548848141,0.0109818203380146,0.0626060279960351,1.29888007648001
