"tol","archive","draw","n_stitched","mean_gen","var_gen","mean_target","var_target","bias","E1","E2"
0.1,"with_ssp370",198,10,0.0138264660519389,0.181534649163794,0.0147099463733257,0.175411548848141,0.000883480321386812,0.00503661433462211,1.03490705347431
0.1,"without_ssp370",198,32,0.0134700336527419,0.182666217949959,0.0147099463733257,0.175411548848141,0.00123991272058377,0.00706859228326637,1.04135799010645
