"tol","archive","draw","n_stitched","mean_gen","var_gen","mean_target","var_target","bias","E1","E2"
0.1,"with_ssp245",138,4,-0.00799996032786258,0.240323411149023,0.00935605177548715,0.171558951644722,0.0173560121033497,0.101166461656236,1.40082116872983
0.1,"without_ssp245",138,6,0.0341115222858853,0.235003940718328,0.00935605177548715,0.171558951644722,0.0247554705103981,0.144297165919175,1.36981450670667
