"tol","archive","draw","n_stitched","mean_gen","var_gen","mean_target","var_target","bias","E1","E2"
0.1,"with_ssp370",123,10,0.0337945958934795,0.226589532826369,0.0147099463733257,0.175411548848141,0.0190846495201538,0.108799276019597,1.2917594896932
0.1,"without_ssp370",123,30,0.0212910132396372,0.236398255706635,0.0147099463733257,0.175411548848141,0.00658106686631149,0.0375178653260106,1.34767783112897
