"tol","archive","draw","n_stitched","mean_gen","var_gen","mean_target","var_target","bias","E1","E2"
0.1,"with_ssp370",189,10,0.0211179299538169,0.226541875070088,0.0147099463733257,0.175411548848141,0.00640798358049119,0.036531138471611,1.29148779859536
0.1,"without_ssp370",189,31,0.0279091394672337,0.234935036294514,0.0147099463733257,0.175411548848141,0.013199193093908,0.0752470015833161,1.33933619443669
