"tol","archive","draw","n_stitched","mean_gen","var_gen","mean_target","var_target","bias","E1","E2"
0.1,"with_ssp245",183,4,0.00921048984289075,0.183936969716762,0.00935605177548715,0.171558951644722,0.000145561932596404,0.000848465971614497,1.07215023147071
0.1,"without_ssp245",183,7,0.0095188767777195,0.18889856968105,0.00935605177548715,0.171558951644722,0.000162825002232343,0.000949090680907948,1.10107090227641
