"tol","archive","draw","n_stitched","mean_gen","var_gen","mean_target","var_target","bias","E1","E2"
0.1,"with_ssp370",84,11,0.0154147787953694,0.233661754378167,0.0147099463733257,0.175411548848141,0.000704832422043748,0.00401816429232914,1.33207736840894
0.1,"without_ssp370",84,32,0.0238217589671142,0.234297256619793,0.0147099463733257,0.175411548848141,0.00911181259378853,0.0519453402790309,1.33570028973766
