"tol","archive","draw","n_stitched","mean_gen","var_gen","mean_target","var_target","bias","E1","E2"
0.1,"with_ssp245",129,4,-0.0234775953708051,0.271556221845995,0.00935605177548715,0.171558951644722,0.0328336471462923,0.191384050972093,1.58287410387279
0.1,"without_ssp245",129,6,0.0229319031269746,0.240200329914634,0.00935605177548715,0.171558951644722,0.0135758513514875,0.0791322820601133,1.4001037405035
