"tol","archive","draw","n_stitched","mean_gen","var_gen","mean_target","var_target","bias","E1","E2"
0.1,"with_ssp370",9,10,0.0137546434455741,0.181321640105035,0.0147099463733257,0.175411548848141,0.000955302927751591,0.00544606631675447,1.03369271462286
0.1,"without_ssp370",9,29,0.0132565476948038,0.183996820967324,0.0147099463733257,0.175411548848141,0.00145339867852186,0.00828564987918846,1.04894359679029
