"tol","archive","draw","n_stitched","mean_gen","var_gen","mean_target","var_target","bias","E1","E2"
0.1,"with_ssp245",85,4,0.00942470583320039,0.180679532290796,0.00935605177548715,0.171558951644722,6.86540577132348e-05,0.00040017764771266,1.05316295395044
0.1,"without_ssp245",85,6,0.00985715486623704,0.179006315983124,0.00935605177548715,0.171558951644722,0.00050110309074989,0.00292087988382917,1.04340994315368
