"tol","archive","draw","n_stitched","mean_gen","var_gen","mean_target","var_target","bias","E1","E2"
0.1,"with_ssp245",165,4,0.00117012036902022,0.25632922304552,0.00935605177548715,0.171558951644722,0.00818593140646694,0.0477149768519163,1.49411744818975
0.1,"without_ssp245",165,6,0.0327212836710296,0.217482372797846,0.00935605177548715,0.171558951644722,0.0233652318955425,0.136193603840207,1.26768303672213
