"tol","archive","draw","n_stitched","mean_gen","var_gen","mean_target","var_target","bias","E1","E2"
0.1,"with_ssp370",69,9,0.0143445581510134,0.186018431117446,0.0147099463733257,0.175411548848141,0.000365388222312309,0.00208303401179495,1.06046855146629
0.1,"without_ssp370",69,32,0.0132686945842859,0.183705125631493,0.0147099463733257,0.175411548848141,0.00144125178903982,0.00821640193307658,1.0472806770011
