"tol","archive","draw","n_stitched","mean_gen","var_gen","mean_target","var_target","bias","E1","E2"
0.1,"with_ssp245",164,4,0.00916604017768259,0.179874993871202,0.00935605177548715,0.171558951644722,0.000190011597804567,0.00110755863207918,1.04847337983099
0.1,"without_ssp245",164,7,0.0098448009935834,0.180140013378872,0.00935605177548715,0.171558951644722,0.00048874921809625,0.00284887039359153,1.05001815208058
