"tol","archive","draw","n_stitched","mean_gen","var_gen","mean_target","var_target","bias","E1","E2"
0.1,"with_ssp370",113,10,0.0323154957170604,0.211761648894256,0.0147099463733257,0.175411548848141,0.0176055493437347,0.100367105013002,1.20722751885387
0.1,"without_ssp370",113,32,0.0342819912563181,0.229505698810583,0.0147099463733257,0.175411548848141,0.0195720448829924,0.111577857966105,1.30838419886066
