"tol","archive","draw","n_stitched","mean_gen","var_gen","mean_target","var_target","bias","E1","E2"
0.1,"with_ssp370",88,10,0.0135245069296513,0.183947032483329,0.0147099463733257,0.175411548848141,0.00118543944367435,0.00675804672758814,1.04865975867175
0.1,"without_ssp370",88,31,0.0133894919023158,0.182210883946035,0.0147099463733257,0.175411548848141,0.0013204544710099,0.00752775104992124,1.03876218608491
