"tol","archive","draw","n_stitched","mean_gen","var_gen","mean_target","var_target","bias","E1","E2"
0.1,"with_ssp370",130,8,0.0142066103910886,0.18588278686187,0.0147099463733257,0.175411548848141,0.00050333598223711,0.00286945748750479,1.05969525998995
0.1,"without_ssp370",130,31,0.0135566997231137,0.184377466366433,0.0147099463733257,0.175411548848141,0.00115324665021194,0.00657451951017401,1.05111361011956
