"tol","archive","draw","n_stitched","mean_gen","var_gen","mean_target","var_target","bias","E1","E2"
0.1,"with_ssp370",19,10,0.013989338557981,0.181093037364864,0.0147099463733257,0.175411548848141,0.000720607815344675,0.00410809789934942,1.03238947808187
0.1,"without_ssp370",19,29,0.0134858644604929,0.18087913153243,0.0147099463733257,0.175411548848141,0.00122408191283275,0.00697834276517607,1.03117002683229
