"tol","archive","draw","n_stitched","mean_gen","var_gen","mean_target","var_target","bias","E1","E2"
0.1,"with_ssp245",79,4,-0.00197255788188376,0.245030014134816,0.00935605177548715,0.171558951644722,0.0113286096573709,0.0660333345987746,1.42825548760781
0.1,"without_ssp245",79,6,0.0322081982015575,0.233508116780316,0.00935605177548715,0.171558951644722,0.0228521464260704,0.133202879867175,1.36109549832109
