"tol","archive","draw","n_stitched","mean_gen","var_gen","mean_target","var_target","bias","E1","E2"
0.1,"with_ssp245",86,4,0.00955075323014284,0.178282674962995,0.00935605177548715,0.171558951644722,0.000194701454655688,0.00113489533941016,1.03919191189858
0.1,"without_ssp245",86,6,0.00987962905636891,0.17545753321986,0.00935605177548715,0.171558951644722,0.000523577280881753,0.00305187969419409,1.02272444275138
