"tol","archive","draw","n_stitched","mean_gen","var_gen","mean_target","var_target","bias","E1","E2"
0.1,"with_ssp245",105,4,0.00945956503824163,0.177863478557058,0.00935605177548715,0.171558951644722,0.000103513262754479,0.000603368473414565,1.03674845790263
0.1,"without_ssp245",105,6,0.0100960572732293,0.186029151095499,0.00935605177548715,0.171558951644722,0.000740005497742151,0.00431341816120801,1.08434534783555
