"tol","archive","draw","n_stitched","mean_gen","var_gen","mean_target","var_target","bias","E1","E2"
0.1,"with_ssp370",196,10,0.03168626199014,0.209491570806356,0.0147099463733257,0.175411548848141,0.0169763156168143,0.0967799197275842,1.19428607855073
0.1,"without_ssp370",196,29,0.0289996763700919,0.236426222336169,0.0147099463733257,0.175411548848141,0.0142897299967662,0.0814640204171351,1.34783726549756
