"tol","archive","draw","n_stitched","mean_gen","var_gen","mean_target","var_target","bias","E1","E2"
0.1,"with_ssp370",83,9,0.0135901069838108,0.179298431378461,0.0147099463733257,0.175411548848141,0.00111983938951492,0.00638406876211098,1.02215864665607
0.1,"without_ssp370",83,30,0.0132172101848573,0.182590216083813,0.0147099463733257,0.175411548848141,0.00149273618846841,0.0085099082601495,1.04092471267035
