"tol","archive","draw","n_stitched","mean_gen","var_gen","mean_target","var_target","bias","E1","E2"
0.1,"with_ssp370",143,9,0.0138803679721679,0.178354382828217,0.0147099463733257,0.175411548848141,0.000829578401157762,0.00472932601419507,1.01677674018273
0.1,"without_ssp370",143,31,0.0133876066220119,0.183811807651261,0.0147099463733257,0.175411548848141,0.00132233975131376,0.00753849880465142,1.04788885827804
