"tol","archive","draw","n_stitched","mean_gen","var_gen","mean_target","var_target","bias","E1","E2"
0.1,"with_ssp370",18,10,0.0236015350353474,0.224435805855995,0.0147099463733257,0.175411548848141,0.0088915886620217,0.0506898703101893,1.27948135302252
0.1,"without_ssp370",18,29,0.0160598783119238,0.220984778957306,0.0147099463733257,0.175411548848141,0.00134993193859815,0.00769579852331634,1.25980746654611
