"tol","archive","draw","n_stitched","mean_gen","var_gen","mean_target","var_target","bias","E1","E2"
0.1,"with_ssp370",14,10,0.0152995213209957,0.227045738785333,0.0147099463733257,0.175411548848141,0.000589574947669971,0.00336109538705678,1.29436026462484
0.1,"without_ssp370",14,29,0.0267214270180331,0.233625721194411,0.0147099463733257,0.175411548848141,0.0120114806447074,0.0684759967264536,1.33187194759148
