"tol","archive","draw","n_stitched","mean_gen","var_gen","mean_target","var_target","bias","E1","E2"
0.1,"with_ssp245",67,4,0.00307183583536091,0.254037491417852,0.00935605177548715,0.171558951644722,0.00628421594012625,0.0366300672735521,1.48075917334779
0.1,"without_ssp245",67,6,0.0224528071286447,0.222143489169347,0.00935605177548715,0.171558951644722,0.0130967553531575,0.0763396793207231,1.29485221866697
