"tol","archive","draw","n_stitched","mean_gen","var_gen","mean_target","var_target","bias","E1","E2"
0.1,"with_ssp370",89,10,0.0212448424873744,0.225623007666125,0.0147099463733257,0.175411548848141,0.00653489611404872,0.0372546514580187,1.28624944678787
0.1,"without_ssp370",89,30,0.012721459622872,0.224425459037376,0.0147099463733257,0.175411548848141,0.00198848675045371,0.0113361221852912,1.27942236706243
