"tol","archive","draw","n_stitched","mean_gen","var_gen","mean_target","var_target","bias","E1","E2"
0.1,"with_ssp245",120,4,0.00963487501037724,0.181657296052507,0.00935605177548715,0.171558951644722,0.000278823234890088,0.00162523279733894,1.05886224129358
0.1,"without_ssp245",120,6,0.00983967266666559,0.184922724242098,0.00935605177548715,0.171558951644722,0.000483620891178434,0.00281897788802041,1.0778960961772
