"tol","archive","draw","n_stitched","mean_gen","var_gen","mean_target","var_target","bias","E1","E2"
0.1,"with_ssp245",81,4,-0.0104298824492656,0.251207663719577,0.00935605177548715,0.171558951644722,0.0197859342247528,0.115330235088677,1.46426439023595
0.1,"without_ssp245",81,6,-1.81633426607348e-05,0.221063484071769,0.00935605177548715,0.171558951644722,0.00937421511814789,0.0546413639642702,1.28855697678525
