"tol","archive","draw","n_stitched","mean_gen","var_gen","mean_target","var_target","bias","E1","E2"
0.1,"with_ssp370",114,10,0.013698686710259,0.183401241260166,0.0147099463733257,0.175411548848141,0.00101125966306666,0.00576506888917638,1.04554826899649
0.1,"without_ssp370",114,31,0.0132278770371941,0.181572872099016,0.0147099463733257,0.175411548848141,0.00148206933613163,0.00844909782659012,1.03512495779973
