"tol","archive","draw","n_stitched","mean_gen","var_gen","mean_target","var_target","bias","E1","E2"
0.1,"with_ssp245",48,4,-0.00277812474634447,0.21520060341583,0.00935605177548715,0.171558951644722,0.0121341765218316,0.070728903420674,1.25438283081541
0.1,"without_ssp245",48,6,-0.00922511058359902,0.228793832578385,0.00935605177548715,0.171558951644722,0.0185811623590862,0.108307740172985,1.33361640640116
