"tol","archive","draw","n_stitched","mean_gen","var_gen","mean_target","var_target","bias","E1","E2"
0.1,"with_ssp245",1,4,0.010577352047511,0.223755459779656,0.00572475026739441,0.161062832928997,0.0048526017801166,0.0301286255299869,1.38924328915968
0.1,"without_ssp245",1,6,-0.00439752684773107,0.214414194340317,0.00572475026739441,0.161062832928997,0.0101222771151255,0.0628467594357277,1.33124564147484
