"tol","archive","draw","n_stitched","mean_gen","var_gen","mean_target","var_target","bias","E1","E2"
0.1,"with_ssp370",87,9,0.0137513984235766,0.184721863526751,0.0147099463733257,0.175411548848141,0.000958547949749098,0.00546456579423366,1.05307697662866
0.1,"without_ssp370",87,30,0.0135301337423462,0.181740206075607,0.0147099463733257,0.175411548848141,0.00117981263097951,0.00672596894974637,1.03607890853837
