"tol","archive","draw","n_stitched","mean_gen","var_gen","mean_target","var_target","bias","E1","E2"
0.1,"with_ssp245",42,4,0.00964540790081901,0.174792314054763,0.00935605177548715,0.171558951644722,0.000289356125331852,0.00168662796407776,1.01884694665619
0.1,"without_ssp245",42,6,0.00953986603988209,0.175583501654042,0.00935605177548715,0.171558951644722,0.000183814264394939,0.0010714349944012,1.02345870017704
