"tol","archive","draw","n_stitched","mean_gen","var_gen","mean_target","var_target","bias","E1","E2"
0.1,"with_ssp370",200,9,0.0136636562014574,0.233906769727875,0.0147099463733257,0.175411548848141,0.00104629017186826,0.00596477357813003,1.33347417124955
0.1,"without_ssp370",200,31,0.0173364899504324,0.232519937522393,0.0147099463733257,0.175411548848141,0.00262654357710674,0.0149736068939259,1.32556800877286
