"tol","archive","draw","n_stitched","mean_gen","var_gen","mean_target","var_target","bias","E1","E2"
0.1,"with_ssp245",153,4,0.00958909648564491,0.179674629619933,0.00935605177548715,0.171558951644722,0.000233044710157759,0.00135839434738659,1.04730547661551
0.1,"without_ssp245",153,6,0.0099425894989007,0.189798991577622,0.00935605177548715,0.171558951644722,0.000586537723413542,0.00341886982748759,1.10631937160978
