"tol","archive","draw","n_stitched","mean_gen","var_gen","mean_target","var_target","bias","E1","E2"
0.1,"with_ssp245",182,4,0.00923470893030838,0.17961106726742,0.00935605177548715,0.171558951644722,0.000121342845178771,0.000707295329188401,1.04693497800904
0.1,"without_ssp245",182,7,0.00987083106870857,0.178507899669896,0.00935605177548715,0.171558951644722,0.000514779293221414,0.00300059710254852,1.04050472422777
