"tol","archive","draw","n_stitched","mean_gen","var_gen","mean_target","var_target","bias","E1","E2"
0.1,"with_ssp245",39,4,0.00945075873037496,0.185338527391552,0.00935605177548715,0.171558951644722,9.47069548878025e-05,0.000552037384116972,1.0803197712199
0.1,"without_ssp245",39,6,0.00940757436823548,0.18224172680832,0.00935605177548715,0.171558951644722,5.15225927483279e-05,0.000300320048906716,1.06226882981729
