"tol","archive","draw","n_stitched","mean_gen","var_gen","mean_target","var_target","bias","E1","E2"
0.1,"with_ssp370",21,8,0.0139415584957349,0.188257934103422,0.0147099463733257,0.175411548848141,0.000768387877590761,0.00438048624869038,1.07323568681559
0.1,"without_ssp370",21,31,0.0134525449801409,0.182263299900865,0.0147099463733257,0.175411548848141,0.00125740139318477,0.00716829308812122,1.03906100309653
