"tol","archive","draw","n_stitched","mean_gen","var_gen","mean_target","var_target","bias","E1","E2"
0.1,"with_ssp370",178,10,0.0137954938084536,0.178980870440641,0.0147099463733257,0.175411548848141,0.000914452564872091,0.00521318334440887,1.02034827020193
0.1,"without_ssp370",178,30,0.0133000407301942,0.181375425005065,0.0147099463733257,0.175411548848141,0.00140990564313151,0.00803770135085068,1.0339993358253
