"tol","archive","draw","n_stitched","mean_gen","var_gen","mean_target","var_target","bias","E1","E2"
0.1,"with_ssp245",22,4,0.00576988046244667,0.239211838621192,0.00935605177548715,0.171558951644722,0.00358617131304049,0.0209034345259175,1.39434192344898
0.1,"without_ssp245",22,6,0.00418964060347312,0.242904090395923,0.00935605177548715,0.171558951644722,0.00516641117201403,0.0301144948863586,1.41586369039459
