"tol","archive","draw","n_stitched","mean_gen","var_gen","mean_target","var_target","bias","E1","E2"
0.1,"with_ssp245",108,4,0.00984224175003214,0.178201564423124,0.00935605177548715,0.171558951644722,0.000486189974544988,0.00283395281845642,1.03871912666008
0.1,"without_ssp245",108,7,0.0100568161772785,0.179833650071712,0.00935605177548715,0.171558951644722,0.000700764401791312,0.00408468573089972,1.04823239095169
