"tol","archive","draw","n_stitched","mean_gen","var_gen","mean_target","var_target","bias","E1","E2"
0.1,"with_ssp245",68,4,0.00933109789110915,0.185595718922862,0.00935605177548715,0.171558951644722,2.4953884378006e-05,0.000145453700543021,1.08181891497687
0.1,"without_ssp245",68,6,0.00977657782497976,0.179589306340619,0.00935605177548715,0.171558951644722,0.000420526049492609,0.00245120435547699,1.04680813573941
