"tol","archive","draw","n_stitched","mean_gen","var_gen","mean_target","var_target","bias","E1","E2"
0.1,"with_ssp370",10,9,0.0137354339004106,0.185631446030599,0.0147099463733257,0.175411548848141,0.000974512472915122,0.00555557760771378,1.05826239634487
0.1,"without_ssp370",10,30,0.0134276739590592,0.179838187504408,0.0147099463733257,0.175411548848141,0.00128227241426652,0.00731007976776158,1.02523573097288
