"tol","archive","draw","n_stitched","mean_gen","var_gen","mean_target","var_target","bias","E1","E2"
0.1,"with_ssp245",4,4,0.00976219771784832,0.180420939462641,0.00935605177548715,0.171558951644722,0.000406145942361167,0.00236738414677566,1.05165564217407
0.1,"without_ssp245",4,7,0.0100763868656781,0.179196869185107,0.00935605177548715,0.171558951644722,0.000720335090190934,0.00419876131956472,1.04452065874244
