"tol","archive","draw","n_stitched","mean_gen","var_gen","mean_target","var_target","bias","E1","E2"
0.1,"with_ssp370",93,10,0.0136924949330441,0.179198597262726,0.0147099463733257,0.175411548848141,0.0010174514402816,0.00580036746133766,1.02158950445084
0.1,"without_ssp370",93,29,0.0136605908444678,0.182471179164548,0.0147099463733257,0.175411548848141,0.00104935552885787,0.00598224880715424,1.0402460976074
