"tol","archive","draw","n_stitched","mean_gen","var_gen","mean_target","var_target","bias","E1","E2"
0.1,"with_ssp245",145,4,0.00971937164840721,0.174987212480847,0.00935605177548715,0.171558951644722,0.00036331987292006,0.0021177552639308,1.01998299012239
0.1,"without_ssp245",145,7,0.0100387949864733,0.181237050056898,0.00935605177548715,0.171558951644722,0.000682743210986185,0.00397964200900495,1.05641266934423
