"tol","archive","draw","n_stitched","mean_gen","var_gen","mean_target","var_target","bias","E1","E2"
0.1,"with_ssp245",30,4,-0.000570707423111015,0.244016197250756,0.00935605177548715,0.171558951644722,0.00992675919859817,0.0578620882409873,1.42234605021418
0.1,"without_ssp245",30,6,0.0204671526892648,0.204628508309652,0.00935605177548715,0.171558951644722,0.0111111009137776,0.0647654978493187,1.19275914400207
