"tol","archive","draw","n_stitched","mean_gen","var_gen","mean_target","var_target","bias","E1","E2"
0.1,"with_ssp245",56,4,-0.0167204273699087,0.251174840855318,0.00935605177548715,0.171558951644722,0.0260764791453958,0.151997193357751,1.46407306903735
0.1,"without_ssp245",56,6,0.0244601666560262,0.242565832165984,0.00935605177548715,0.171558951644722,0.015104114880539,0.0880403775829653,1.41389201694534
