"tol","archive","draw","n_stitched","mean_gen","var_gen","mean_target","var_target","bias","E1","E2"
0.1,"with_ssp245",182,4,-0.00674280408983237,0.214849099517299,0.00935605177548715,0.171558951644722,0.0160988558653195,0.0938386234643023,1.25233394968644
0.1,"without_ssp245",182,7,-0.00632350708301279,0.23710939463518,0.00935605177548715,0.171558951644722,0.0156795588584999,0.0913945830758539,1.38208698737099
