"tol","archive","draw","n_stitched","mean_gen","var_gen","mean_target","var_target","bias","E1","E2"
0.1,"with_ssp370",22,10,0.0233983699434747,0.221835276568069,0.0147099463733257,0.175411548848141,0.00868842357014904,0.049531650721988,1.26465605044123
0.1,"without_ssp370",22,31,0.0199244946876816,0.226664311781154,0.0147099463733257,0.175411548848141,0.00521454831435588,0.0297275085283597,1.29218579545971
