"tol","archive","draw","n_stitched","mean_gen","var_gen","mean_target","var_target","bias","E1","E2"
0.1,"with_ssp370",117,8,0.0139740908836815,0.181397790879748,0.0147099463733257,0.175411548848141,0.000735855489644201,0.00419502304424239,1.03412684096866
0.1,"without_ssp370",117,32,0.0137129999563821,0.181862541445076,0.0147099463733257,0.175411548848141,0.000996946416943548,0.00568347080617044,1.03677632766654
