"tol","archive","draw","n_stitched","mean_gen","var_gen","mean_target","var_target","bias","E1","E2"
0.1,"with_ssp370",7,9,0.0137876537529007,0.186266791857645,0.00619949854693791,0.161447793998724,0.00758815520596276,0.0470006744472627,1.15372769886913
0.1,"without_ssp370",7,30,0.0134750565313512,0.181381668083566,0.00619949854693791,0.161447793998724,0.00727555798441327,0.0450644620419574,1.12346947326514
