"tol","archive","draw","n_stitched","mean_gen","var_gen","mean_target","var_target","bias","E1","E2"
0.1,"with_ssp245",198,4,0.00956117016169048,0.194860418030369,0.00935605177548715,0.171558951644722,0.000205118386203327,0.00119561459333292,1.13582192104963
0.1,"without_ssp245",198,6,0.0101400465689656,0.179014635297427,0.00935605177548715,0.171558951644722,0.000783994793478461,0.00456982737398641,1.04345843560612
