"tol","archive","draw","n_stitched","mean_gen","var_gen","mean_target","var_target","bias","E1","E2"
0.1,"with_ssp370",57,10,0.0139267747079846,0.18463054669239,0.0147099463733257,0.175411548848141,0.000783171665341097,0.00446476683253685,1.05255639041321
0.1,"without_ssp370",57,31,0.0134004093970811,0.183441341882261,0.0147099463733257,0.175411548848141,0.00130953697624455,0.00746551173422601,1.0457768777874
