"tol","archive","draw","n_stitched","mean_gen","var_gen","mean_target","var_target","bias","E1","E2"
0.1,"with_ssp245",20,4,0.00886380901971404,0.174396486417694,0.00935605177548715,0.171558951644722,0.000492242755773115,0.0028692338759011,1.01653970688075
0.1,"without_ssp245",20,6,0.0102407256165491,0.178853148695175,0.00935605177548715,0.171558951644722,0.00088467384106191,0.0051566754901485,1.04251714632507
