"tol","archive","draw","n_stitched","mean_gen","var_gen","mean_target","var_target","bias","E1","E2"
0.1,"with_ssp245",143,4,0.00954339950863487,0.176012534508066,0.00935605177548715,0.171558951644722,0.000187347733147721,0.00109203123096541,1.02595948984677
0.1,"without_ssp245",143,7,0.0101394442520393,0.181650268053362,0.00935605177548715,0.171558951644722,0.000783392476552184,0.00456631652876089,1.05882127578827
