"tol","archive","draw","n_stitched","mean_gen","var_gen","mean_target","var_target","bias","E1","E2"
0.1,"with_ssp370",145,10,0.0137003881869017,0.184208066830407,0.0147099463733257,0.175411548848141,0.00100955818642395,0.00575536897686226,1.05014788387669
0.1,"without_ssp370",145,30,0.0133699144763067,0.183352000949127,0.0147099463733257,0.175411548848141,0.00134003189701898,0.00763935958503559,1.04526755594559
