"tol","archive","draw","n_stitched","mean_gen","var_gen","mean_target","var_target","bias","E1","E2"
0.1,"with_ssp370",181,11,0.0138378930986701,0.180940684239616,0.0147099463733257,0.175411548848141,0.000872053274655549,0.0049714701248691,1.03152093136275
0.1,"without_ssp370",181,30,0.0135715531847072,0.183287062021246,0.0147099463733257,0.175411548848141,0.00113839318861845,0.00648984172418424,1.04489734698098
