"tol","archive","draw","n_stitched","mean_gen","var_gen","mean_target","var_target","bias","E1","E2"
0.1,"with_ssp370",96,10,0.013849520472397,0.18388169308721,0.0147099463733257,0.175411548848141,0.000860425900928712,0.00490518387517123,1.0482872666862
0.1,"without_ssp370",96,32,0.0134160370623832,0.182189617168064,0.0147099463733257,0.175411548848141,0.00129390931094248,0.0073764203066393,1.03864094675882
