"tol","archive","draw","n_stitched","mean_gen","var_gen","mean_target","var_target","bias","E1","E2"
0.1,"with_ssp245",20,4,-0.0261470874850769,0.234679071128273,0.00935605177548715,0.171558951644722,0.035503139260564,0.206944253973332,1.36792087430253
0.1,"without_ssp245",20,6,0.0117052601897879,0.216153282565168,0.00935605177548715,0.171558951644722,0.00234920841430071,0.0136933012925239,1.25993590245757
