"tol","archive","draw","n_stitched","mean_gen","var_gen","mean_target","var_target","bias","E1","E2"
0.1,"with_ssp245",118,4,0.00933604660948998,0.182797644446413,0.00935605177548715,0.171558951644722,2.00051659971726e-05,0.000116608115201129,1.06550921822468
0.1,"without_ssp245",118,6,0.00942277104467605,0.177626195703237,0.00935605177548715,0.171558951644722,6.67192691889001e-05,0.000388899958581396,1.03536535983899
