"tol","archive","draw","n_stitched","mean_gen","var_gen","mean_target","var_target","bias","E1","E2"
0.1,"with_ssp245",89,4,0.00949153320196313,0.184361812128954,0.00935605177548715,0.171558951644722,0.000135481426475979,0.000789707707916898,1.0746265954734
0.1,"without_ssp245",89,6,0.00984994352938292,0.180187033473627,0.00935605177548715,0.171558951644722,0.000493891753895767,0.00287884572131542,1.05029222751823
