"tol","archive","draw","n_stitched","mean_gen","var_gen","mean_target","var_target","bias","E1","E2"
0.1,"with_ssp245",65,4,0.00989092104153653,0.239529246989217,0.00935605177548715,0.171558951644722,0.000534869266049372,0.00311769954829884,1.39619206513487
0.1,"without_ssp245",65,8,0.0298896820679746,0.228949415606791,0.00935605177548715,0.171558951644722,0.0205336302924874,0.119688480814514,1.33452328433971
