"tol","archive","draw","n_stitched","mean_gen","var_gen","mean_target","var_target","bias","E1","E2"
0.1,"with_ssp370",39,10,0.0140040361224169,0.178586382976223,0.0147099463733257,0.175411548848141,0.000705910250908782,0.0040243088641781,1.01809934493441
0.1,"without_ssp370",39,32,0.0136118506325176,0.183562357890504,0.0147099463733257,0.175411548848141,0.00109809574080813,0.00626011085369747,1.04646677539698
