"tol","archive","draw","n_stitched","mean_gen","var_gen","mean_target","var_target","bias","E1","E2"
0.1,"with_ssp370",149,8,0.0138385898008099,0.181888197347513,0.0147099463733257,0.175411548848141,0.000871356572515743,0.00496749831033134,1.03692258885975
0.1,"without_ssp370",149,30,0.0133782416022493,0.182381143406535,0.0147099463733257,0.175411548848141,0.00133170477107635,0.00759188764833977,1.03973281465309
