"tol","archive","draw","n_stitched","mean_gen","var_gen","mean_target","var_target","bias","E1","E2"
0.1,"with_ssp245",59,4,0.00951269265263221,0.178234195563536,0.00935605177548715,0.171558951644722,0.000156640877145054,0.000913044033222111,1.03890933031951
0.1,"without_ssp245",59,6,0.00976233314370525,0.18800142370579,0.00935605177548715,0.171558951644722,0.000406281368218095,0.00236817353057423,1.09584152796129
