"tol","archive","draw","n_stitched","mean_gen","var_gen","mean_target","var_target","bias","E1","E2"
0.1,"with_ssp370",131,9,0.0143176581640994,0.182520011611638,0.0147099463733257,0.175411548848141,0.000392288209226287,0.00223638757996432,1.0405244854753
0.1,"without_ssp370",131,30,0.0134661349858578,0.185046307847796,0.0147099463733257,0.175411548848141,0.00124381138746785,0.00709081811109627,1.05492659441709
