"tol","archive","draw","n_stitched","mean_gen","var_gen","mean_target","var_target","bias","E1","E2"
0.1,"with_ssp370",16,9,0.028964088096254,0.229866795431124,0.0147099463733257,0.175411548848141,0.0142541417229283,0.0812611359772471,1.31044276697042
0.1,"without_ssp370",16,30,0.0277138035371415,0.22789140069703,0.0147099463733257,0.175411548848141,0.0130038571638158,0.0741334150984191,1.29918128078512
