"tol","archive","draw","n_stitched","mean_gen","var_gen","mean_target","var_target","bias","E1","E2"
0.1,"with_ssp370",98,9,0.0141168217813426,0.185068613586719,0.0147099463733257,0.175411548848141,0.000593124591983123,0.00338133147947179,1.05505375673376
0.1,"without_ssp370",98,31,0.0135300483621381,0.180153389196818,0.0147099463733257,0.175411548848141,0.00117989801118762,0.00672645569197436,1.02703265765461
