"tol","archive","draw","n_stitched","mean_gen","var_gen","mean_target","var_target","bias","E1","E2"
0.1,"with_ssp370",167,10,0.0252355865732074,0.238185480033136,0.0147099463733257,0.175411548848141,0.0105256401998817,0.0600054002658287,1.35786658060548
0.1,"without_ssp370",167,31,0.023534077638414,0.22498658913224,0.0147099463733257,0.175411548848141,0.00882413126508829,0.0503053038584569,1.28262130178793
