"tol","archive","draw","n_stitched","mean_gen","var_gen","mean_target","var_target","bias","E1","E2"
0.1,"with_ssp370",182,10,0.0140490386799107,0.185012765785089,0.0147099463733257,0.175411548848141,0.000660907693415022,0.00376775473311162,1.05473537517909
0.1,"without_ssp370",182,31,0.013458887168631,0.183796828809057,0.0147099463733257,0.175411548848141,0.00125105920469472,0.00713213703949336,1.04780346571237
