"tol","archive","draw","n_stitched","mean_gen","var_gen","mean_target","var_target","bias","E1","E2"
0.1,"with_ssp245",102,4,0.00954518761998452,0.181640461592983,0.00935605177548715,0.171558951644722,0.000189135844497361,0.00110245395349022,1.05876411490983
0.1,"without_ssp245",102,6,0.00960977784801696,0.180264749159254,0.00935605177548715,0.171558951644722,0.000253726072529803,0.00147894394374267,1.0507452244903
