"tol","archive","draw","n_stitched","mean_gen","var_gen","mean_target","var_target","bias","E1","E2"
0.1,"with_ssp370",11,10,0.0145029648375762,0.220309824511506,0.0147099463733257,0.175411548848141,0.000206981535749516,0.00117997667262323,1.25595963297853
0.1,"without_ssp370",11,31,0.02450392938989,0.225566217671261,0.0147099463733257,0.175411548848141,0.00979398301656431,0.0558343112575972,1.28592569390366
