"tol","archive","draw","n_stitched","mean_gen","var_gen","mean_target","var_target","bias","E1","E2"
0.1,"with_ssp245",102,4,-0.0161749788545275,0.240185893938086,0.00935605177548715,0.171558951644722,0.0255310306300147,0.148817828421372,1.40001959463755
0.1,"without_ssp245",102,6,0.0124444638852733,0.215436470953199,0.00935605177548715,0.171558951644722,0.0030884121097861,0.0180020458284324,1.25575767914077
