"tol","archive","draw","n_stitched","mean_gen","var_gen","mean_target","var_target","bias","E1","E2"
0.1,"with_ssp245",193,4,0.00913423526108982,0.180776469974888,0.00935605177548715,0.171558951644722,0.00022181651439733,0.00129294631536736,1.05372799403236
0.1,"without_ssp245",193,6,0.00958533512014965,0.181225694076402,0.00935605177548715,0.171558951644722,0.000229283344662497,0.00133646972346459,1.05634647646775
