"tol","archive","draw","n_stitched","mean_gen","var_gen","mean_target","var_target","bias","E1","E2"
0.1,"with_ssp370",142,8,0.0134893043278055,0.184832210224587,0.0147099463733257,0.175411548848141,0.00122064204552019,0.00695873249814887,1.05370604979152
0.1,"without_ssp370",142,29,0.0133683202515768,0.182559938264551,0.0147099463733257,0.175411548848141,0.00134162612174888,0.0076484480671815,1.04075210248898
