"tol","archive","draw","n_stitched","mean_gen","var_gen","mean_target","var_target","bias","E1","E2"
0.1,"with_ssp370",24,10,0.0139409631924223,0.183056104099431,0.0147099463733257,0.175411548848141,0.000768983180903416,0.00438388000079259,1.04358068383461
0.1,"without_ssp370",24,30,0.0135219769298094,0.18301710100662,0.0147099463733257,0.175411548848141,0.00118796944351634,0.00677246995033831,1.04335833192525
