"tol","archive","draw","n_stitched","mean_gen","var_gen","mean_target","var_target","bias","E1","E2"
0.1,"with_ssp370",148,10,0.0138364686131041,0.183815353209856,0.0147099463733257,0.175411548848141,0.000873477760221642,0.00497959094459532,1.04790907107827
0.1,"without_ssp370",148,29,0.0133536199548859,0.180611585521072,0.0147099463733257,0.175411548848141,0.00135632641843984,0.00773225267860815,1.02964477941776
