"tol","archive","draw","n_stitched","mean_gen","var_gen","mean_target","var_target","bias","E1","E2"
0.1,"with_ssp245",10,4,-0.00857166226460273,0.22517355428955,0.00572475026739441,0.161062832928997,0.0142964125319971,0.0887629521473746,1.39804789345047
0.1,"without_ssp245",10,6,0.0130159442398366,0.216010611732769,0.00572475026739441,0.161062832928997,0.00729119397244215,0.0452692520046285,1.34115740922051
