"tol","archive","draw","n_stitched","mean_gen","var_gen","mean_target","var_target","bias","E1","E2"
0.1,"with_ssp370",73,10,0.0359579217477783,0.222516283834084,0.0147099463733257,0.175411548848141,0.0212479753744526,0.121132134765241,1.26853839040395
0.1,"without_ssp370",73,29,0.0178091276789887,0.23716499369934,0.0147099463733257,0.175411548848141,0.00309918130566296,0.0176680573543423,1.3520489115837
