"tol","archive","draw","n_stitched","mean_gen","var_gen","mean_target","var_target","bias","E1","E2"
0.1,"with_ssp245",79,4,0.00958535360144992,0.183814546332258,0.00935605177548715,0.171558951644722,0.000229301825962768,0.00133657744911863,1.07143663778568
0.1,"without_ssp245",79,6,0.00988185981792681,0.184733520817036,0.00935605177548715,0.171558951644722,0.000525808042439655,0.00306488258058688,1.07679324830334
