"tol","archive","draw","n_stitched","mean_gen","var_gen","mean_target","var_target","bias","E1","E2"
0.1,"with_ssp370",35,8,0.0404373843236646,0.226575987941943,0.0147099463733257,0.175411548848141,0.0257274379503389,0.146669008507598,1.2916822719472
0.1,"without_ssp370",35,30,0.0271650304408595,0.229772854233856,0.0147099463733257,0.175411548848141,0.0124550840675338,0.0710049261255686,1.30990721957981
