"tol","archive","draw","n_stitched","mean_gen","var_gen","mean_target","var_target","bias","E1","E2"
0.1,"with_ssp370",179,8,0.0403771674635208,0.218580695508124,0.0147099463733257,0.175411548848141,0.0256672210901952,0.146325719479372,1.24610207790455
0.1,"without_ssp370",179,31,0.0152008822721661,0.234335370740483,0.0147099463733257,0.175411548848141,0.000490935898840359,0.00279876611354351,1.33591757372461
