"tol","archive","draw","n_stitched","mean_gen","var_gen","mean_target","var_target","bias","E1","E2"
0.1,"with_ssp245",141,4,0.0071448884370569,0.234476608635077,0.00935605177548715,0.171558951644722,0.00221116333843025,0.0128886503282516,1.36674074064436
0.1,"without_ssp245",141,7,-0.00326034049862577,0.21304684552285,0.00935605177548715,0.171558951644722,0.0126163922741129,0.0735396908943578,1.2418287910971
