"tol","archive","draw","n_stitched","mean_gen","var_gen","mean_target","var_target","bias","E1","E2"
0.1,"with_ssp370",76,9,0.0144791688309151,0.183287961281622,0.0147099463733257,0.175411548848141,0.000230777542410559,0.00131563482522094,1.04490247355549
0.1,"without_ssp370",76,31,0.0133381546366548,0.182478461792562,0.0147099463733257,0.175411548848141,0.00137179173667093,0.00782041858520121,1.04028761498788
