"tol","archive","draw","n_stitched","mean_gen","var_gen","mean_target","var_target","bias","E1","E2"
0.1,"with_ssp370",100,10,0.0381798834176911,0.2329092021894,0.0147099463733257,0.175411548848141,0.0234699370443654,0.13379926919569,1.32778715950474
0.1,"without_ssp370",100,29,0.0105146908381451,0.235428375257139,0.0147099463733257,0.175411548848141,0.00419525553518055,0.0239166438169502,1.34214866012589
