"tol","archive","draw","n_stitched","mean_gen","var_gen","mean_target","var_target","bias","E1","E2"
0.1,"with_ssp245",111,4,0.00913676691197588,0.184251964363081,0.00935605177548715,0.171558951644722,0.000219284863511275,0.00127818957512277,1.07398630381377
0.1,"without_ssp245",111,6,0.00963899060631285,0.177672058847755,0.00935605177548715,0.171558951644722,0.0002829388308257,0.00164922219512994,1.03563269152922
