"tol","archive","draw","n_stitched","mean_gen","var_gen","mean_target","var_target","bias","E1","E2"
0.1,"with_ssp370",66,10,0.0140164779262824,0.184289745343861,0.0147099463733257,0.175411548848141,0.000693468447043306,0.0039533796468764,1.05061352319171
0.1,"without_ssp370",66,30,0.013434601055563,0.182593897506547,0.0147099463733257,0.175411548848141,0.00127534531776266,0.00727058922937145,1.04094570001559
