"tol","archive","draw","n_stitched","mean_gen","var_gen","mean_target","var_target","bias","E1","E2"
0.1,"with_ssp245",41,4,0.00921891136721245,0.180241223254288,0.00935605177548715,0.171558951644722,0.0001371404082747,0.00079937774718221,1.05060809433917
0.1,"without_ssp245",41,6,0.009963894364721,0.17943263491824,0.00935605177548715,0.171558951644722,0.000607842589233841,0.00354305376319045,1.04589491366107
