"tol","archive","draw","n_stitched","mean_gen","var_gen","mean_target","var_target","bias","E1","E2"
0.1,"with_ssp370",197,9,0.0297983028596574,0.216022072832685,0.0147099463733257,0.175411548848141,0.0150883564863317,0.0860168933312032,1.23151567984672
0.1,"without_ssp370",197,30,0.0146628234729773,0.220471624144964,0.0147099463733257,0.175411548848141,4.71229003484157e-05,0.000268641948935822,1.25688203309711
