"tol","archive","draw","n_stitched","mean_gen","var_gen","mean_target","var_target","bias","E1","E2"
0.1,"with_ssp245",26,4,0.00924032279179812,0.175557215167008,0.00935605177548715,0.171558951644722,0.000115728983689035,0.000674572691075289,1.02330547886866
0.1,"without_ssp245",26,6,0.00968072532217945,0.181629045763252,0.00935605177548715,0.171558951644722,0.000324673546692295,0.00189248968695411,1.05869757317813
