"tol","archive","draw","n_stitched","mean_gen","var_gen","mean_target","var_target","bias","E1","E2"
0.1,"with_ssp370",195,9,0.0218275338215176,0.234513903229825,0.0147099463733257,0.175411548848141,0.00711758744819188,0.0405765041978724,1.33693536582845
0.1,"without_ssp370",195,31,0.0139607001687839,0.222572360318309,0.0147099463733257,0.175411548848141,0.000749246204541759,0.0042713618884376,1.26885807565041
