"tol","archive","draw","n_stitched","mean_gen","var_gen","mean_target","var_target","bias","E1","E2"
0.1,"with_ssp245",175,4,-0.017666039669603,0.248130112546366,0.00935605177548715,0.171558951644722,0.0270220914450902,0.157509073038926,1.44632565172241
0.1,"without_ssp245",175,6,0.00205192461930921,0.237256119490629,0.00935605177548715,0.171558951644722,0.00730412715617795,0.0425750279198716,1.3829422319038
