"tol","archive","draw","n_stitched","mean_gen","var_gen","mean_target","var_target","bias","E1","E2"
0.1,"with_ssp245",133,4,0.00939227572323864,0.183466339716906,0.00935605177548715,0.171558951644722,3.62239477514851e-05,0.000211145774698487,1.06940697619115
0.1,"without_ssp245",133,7,0.00980597466156885,0.177284990861113,0.00935605177548715,0.171558951644722,0.000449922886081696,0.00262255558085615,1.03337651088152
