"tol","archive","draw","n_stitched","mean_gen","var_gen","mean_target","var_target","bias","E1","E2"
0.1,"with_ssp245",147,4,0.00970368960558164,0.181127316250692,0.00935605177548715,0.171558951644722,0.000347637830094488,0.00202634620205889,1.05577304194412
0.1,"without_ssp245",147,6,0.010143768192906,0.180667437557222,0.00935605177548715,0.171558951644722,0.000787716417418812,0.00459152034835278,1.05309245495602
