"tol","archive","draw","n_stitched","mean_gen","var_gen","time_period","mean_target","var_target","bias","E1","E2"
0.1,"with_ssp245",149,4,0.0706761806749847,0.789847201617225,"hist+future",0.0451421444035328,0.78905745520546,0.0255340362714519,0.0323601736514905,1.00100087313865
0.1,"without_ssp245",149,6,0.0314859385194827,0.783807096973008,"hist+future",0.0451421444035328,0.78905745520546,0.0136562058840501,0.017306985434279,0.993346038114443
0.1,"with_ssp245",149,4,-0.442893013943184,0.247533513146324,"hist",-0.465232445769518,0.25433843093167,0.0223394318263333,0.0878334891998094,0.973244634086879
0.1,"without_ssp245",149,6,-0.475654636024,0.24955895639942,"hist",-0.465232445769518,0.25433843093167,0.0104221902544824,0.0409776462656655,0.981208209413174
0.1,"with_ssp245",149,4,1.05601242616333,0.474691493095142,"future",1.02434920694485,0.482886078306809,0.0316632192184818,0.0655707849965476,0.98302998247454
0.1,"without_ssp245",149,6,1.00448820363198,0.482456163704124,"future",1.02434920694485,0.482886078306809,0.0198610033128719,0.0411297906589324,0.999109697665768
