"tol","archive","draw","n_stitched","mean_gen","var_gen","time_period","mean_target","var_target","bias","E1","E2"
0.1,"with_ssp245",62,4,0.068447772983019,0.78886972780597,"hist+future",0.0451421444035328,0.78905745520546,0.0233056285794862,0.0295360349563109,0.999762086527095
0.1,"without_ssp245",62,7,0.0468566603562421,0.786713622824302,"hist+future",0.0451421444035328,0.78905745520546,0.00171451595270924,0.00217286579246983,0.997029579575358
0.1,"with_ssp245",62,4,-0.442907869459274,0.246050952394462,"hist",-0.465232445769518,0.25433843093167,0.0223245763102435,0.0877750807397299,0.967415547438702
0.1,"without_ssp245",62,7,-0.46176686845256,0.25139191292423,"hist",-0.465232445769518,0.25433843093167,0.00346557731695807,0.0136258500308556,0.988414971356682
0.1,"with_ssp245",62,4,1.04953708697114,0.484733491183014,"future",1.02434920694485,0.482886078306809,0.025187880026289,0.0521611227944441,1.0038257737367
0.1,"without_ssp245",62,7,1.02270412841964,0.485775389645587,"future",1.02434920694485,0.482886078306809,0.00164507852521001,0.00340676320795644,1.00598342231963
