"tol","archive","draw","n_stitched","mean_gen","var_gen","time_period","mean_target","var_target","bias","E1","E2"
0.1,"with_ssp245",4,4,0.0761664305203811,0.791290916476094,"hist+future",-0.405648810261708,0.365967483865497,0.481815240782089,1.31655204908633,2.16218913253756
0.1,"without_ssp245",4,7,0.0352038041707217,0.781563315632551,"hist+future",-0.405648810261708,0.365967483865497,0.44085261443243,1.20462236091569,2.13560862669372
0.1,"with_ssp245",4,4,-0.43742013868757,0.252486630467972,"hist",-0.450368748254349,0.254752984622156,0.0129486095667788,0.0508280976020121,0.991103718931713
0.1,"without_ssp245",4,7,-0.469914302573147,0.253444136180423,"hist",-0.450368748254349,0.254752984622156,0.0195455543187982,0.0767235537899105,0.994862284170394
0.1,"with_ssp245",4,4,1.0615360109775,0.476601019272102,"future",1.02434920694485,0.482886078306809,0.0371868040326466,0.0770094763614606,0.986984385516466
0.1,"without_ssp245",4,7,1.00432575315605,0.479917397994362,"future",1.02434920694485,0.482886078306809,0.0200234537887984,0.0414662063959447,0.993852213915844
