"tol","archive","draw","n_stitched","mean_gen","var_gen","time_period","mean_target","var_target","bias","E1","E2"
0.1,"with_ssp245",104,4,0.076666870751017,0.789364510538276,"hist+future",0.0451421444035328,0.78905745520546,0.0315247263474842,0.0399523838720662,1.00038914191963
0.1,"without_ssp245",104,6,0.0354414348858547,0.78505155964025,"hist+future",0.0451421444035328,0.78905745520546,0.00970070951767817,0.0122940470984489,0.994923189003814
0.1,"with_ssp245",104,4,-0.436031678220802,0.243384877033667,"hist",-0.465232445769518,0.25433843093167,0.0292007675487155,0.114810677418076,0.956933154545782
0.1,"without_ssp245",104,6,-0.47290187370617,0.248733265110515,"hist",-0.465232445769518,0.25433843093167,0.00766942793665237,0.030154420268138,0.977961781864333
0.1,"with_ssp245",104,4,1.06033269145276,0.481698978323099,"future",1.02434920694485,0.482886078306809,0.0359834845079126,0.0745175438357738,0.997541656226926
0.1,"without_ssp245",104,6,1.010751271138,0.482086229173409,"future",1.02434920694485,0.482886078306809,0.0135979358068554,0.028159718032326,0.998343606972053
