"tol","archive","draw","n_stitched","mean_gen","var_gen","time_period","mean_target","var_target","bias","E1","E2"
0.1,"with_ssp245",110,4,0.0748707148988807,0.788003733009579,"hist+future",0.0451421444035328,0.78905745520546,0.0297285704953478,0.0376760529911056,0.998664581154479
0.1,"without_ssp245",110,6,0.0336243787852748,0.782176584316342,"hist+future",0.0451421444035328,0.78905745520546,0.011517765618258,0.0145968655923274,0.991279632625325
0.1,"with_ssp245",110,4,-0.436564931763619,0.250596990181352,"hist",-0.465232445769518,0.25433843093167,0.0286675140058987,0.112714047581745,0.985289518628337
0.1,"without_ssp245",110,6,-0.470504406553057,0.250455656356731,"hist",-0.465232445769518,0.25433843093167,0.00527196078353942,0.020728132843423,0.98473382665484
0.1,"with_ssp245",110,4,1.056113525356,0.475579647098634,"future",1.02434920694485,0.482886078306809,0.0317643184111516,0.0657801494765182,0.984869244452452
0.1,"without_ssp245",110,6,1.00084821112045,0.491456308924491,"future",1.02434920694485,0.482886078306809,0.0235009958244041,0.0486677849707492,1.017747934767
