"tol","archive","draw","n_stitched","mean_gen","var_gen","time_period","mean_target","var_target","bias","E1","E2"
0.1,"with_ssp245",115,4,0.0728518096374397,0.7884856722693,"hist+future",0.0451421444035328,0.78905745520546,0.0277096652339068,0.0351174240242006,0.9992753595668
0.1,"without_ssp245",115,6,0.0327665934487133,0.781922626880575,"hist+future",0.0451421444035328,0.78905745520546,0.0123755509548196,0.0156839668305233,0.990957783520305
0.1,"with_ssp245",115,4,-0.438449028086112,0.248024894680666,"hist",-0.465232445769518,0.25433843093167,0.0267834176834055,0.105306215758644,0.975176632851446
0.1,"without_ssp245",115,6,-0.469696930011644,0.253285325233105,"hist",-0.465232445769518,0.25433843093167,0.00446448424212631,0.0175533214771059,0.995859431487772
0.1,"with_ssp245",115,4,1.05383597503728,0.481285853890048,"future",1.02434920694485,0.482886078306809,0.0294867680924269,0.0610636119306219,0.996686124349718
0.1,"without_ssp245",115,6,0.996795446599399,0.497026891183677,"future",1.02434920694485,0.482886078306809,0.0275537603454519,0.057060581332281,1.02928395228633
