"tol","archive","draw","n_stitched","mean_gen","var_gen","time_period","mean_target","var_target","bias","E1","E2"
0.1,"with_ssp370",174,10,0.147288769144588,0.979759954632489,"hist+future",0.146394344005387,0.985331331685952,0.000894425139201238,0.000907740483265493,0.994345681625763
0.1,"without_ssp370",174,30,0.151467099658399,0.979403152682592,"hist+future",0.146394344005387,0.985331331685952,0.00507275565301263,0.00514827397636172,0.993983567950471
0.1,"with_ssp370",174,10,-0.463329610056072,0.249243835980517,"hist",-0.465232445769518,0.25433843093167,0.00190283571344591,0.00748151078260413,0.979969228667131
0.1,"without_ssp370",174,30,-0.457764495056343,0.24933813781317,"hist",-0.465232445769518,0.25433843093167,0.00746795071317474,0.0293622583335865,0.980340001704879
0.1,"with_ssp370",174,10,1.31882403156446,0.77088105922242,"future",1.31986434764328,0.783330201500798,0.00104031607882615,0.00132806838908163,0.984107414402602
0.1,"without_ssp370",174,30,1.32034167091343,0.775782500084803,"future",1.31986434764328,0.783330201500798,0.000477323270143604,0.000609351291740176,0.990364597967072
