"tol","archive","draw","n_stitched","mean_gen","var_gen","time_period","mean_target","var_target","bias","E1","E2"
0.1,"with_ssp370",129,10,0.14324757198931,0.980187558756334,"hist+future",0.146394344005387,0.985331331685952,0.0031467720160763,0.00319361814131294,0.994779651509897
0.1,"without_ssp370",129,32,0.150127841670918,0.976378726542335,"hist+future",0.146394344005387,0.985331331685952,0.00373349766553185,0.00378907839979436,0.990914117053095
0.1,"with_ssp370",129,10,-0.466341048576695,0.254539578082622,"hist",-0.465232445769518,0.25433843093167,0.00110860280717695,0.00435877033256836,1.00079086416557
0.1,"without_ssp370",129,32,-0.45822508173334,0.251247638219355,"hist",-0.465232445769518,0.25433843093167,0.00700736403617724,0.0275513378395412,0.987847716520884
0.1,"with_ssp370",129,10,1.31280713470316,0.773710702010213,"future",1.31986434764328,0.783330201500798,0.0070572129401274,0.00900924402838846,0.987719738786842
0.1,"without_ssp370",129,32,1.31731659006281,0.767291581502337,"future",1.31986434764328,0.783330201500798,0.00254775758047376,0.0032524694893577,0.979525084098975
