"tol","archive","draw","n_stitched","mean_gen","var_gen","time_period","mean_target","var_target","bias","E1","E2"
0.1,"with_ssp370",72,9,0.1430813050563,0.979452207015369,"hist+future",0.146394344005387,0.985331331685952,0.00331303894908641,0.00336236029703595,0.99403335255713
0.1,"without_ssp370",72,33,0.148295429776853,0.979484815353107,"hist+future",0.146394344005387,0.985331331685952,0.00190108577146647,0.00192938731402524,0.994066446336542
0.1,"with_ssp370",72,9,-0.465730122621702,0.246796548529815,"hist",-0.465232445769518,0.25433843093167,0.000497676852183992,0.00195675050113719,0.970347059332605
0.1,"without_ssp370",72,33,-0.461426822427529,0.251292476997404,"hist",-0.465232445769518,0.25433843093167,0.00380562334198908,0.0149628325064705,0.988024012245777
0.1,"with_ssp370",72,9,1.31114974188037,0.779193262089976,"future",1.31986434764328,0.783330201500798,0.00871460576291083,0.011125073112481,0.994718779637379
0.1,"without_ssp370",72,33,1.31811137877363,0.7727147817814,"future",1.31986434764328,0.783330201500798,0.00175296886965248,0.00223784154663504,0.986448346177564
