"tol","archive","draw","n_stitched","mean_gen","var_gen","time_period","mean_target","var_target","bias","E1","E2"
0.1,"with_ssp245",151,4,0.0789161991180369,0.785054884885217,"hist+future",0.0451421444035328,0.78905745520546,0.0337740547145041,0.042803036067519,0.994927403202596
0.1,"without_ssp245",151,6,0.0318719654979113,0.782320138784218,"hist+future",0.0451421444035328,0.78905745520546,0.0132701789056216,0.016817759997168,0.99146156420322
0.1,"with_ssp245",151,4,-0.429215926821626,0.250169748841671,"hist",-0.465232445769518,0.25433843093167,0.0360165189478917,0.141608638599991,0.983609704303322
0.1,"without_ssp245",151,6,-0.472620277296061,0.2591682159611,"hist",-0.465232445769518,0.25433843093167,0.00738783152654288,0.0290472481861291,1.01898959984827
0.1,"with_ssp245",151,4,1.05382085935111,0.481599483571559,"future",1.02434920694485,0.482886078306809,0.0294716524062604,0.0610323091309647,0.99733561435492
0.1,"without_ssp245",151,6,0.999793128997973,0.481250552823884,"future",1.02434920694485,0.482886078306809,0.0245560779468772,0.0508527353552635,0.996613020013625
