"tol","archive","draw","n_stitched","mean_gen","var_gen","time_period","mean_target","var_target","bias","E1","E2"
0.1,"with_ssp245",18,4,0.0745175260621675,0.789322511038579,"hist+future",0.0451421444035328,0.78905745520546,0.0293753816586346,0.0372284444749156,1.0003359144906
0.1,"without_ssp245",18,7,0.0415130295426876,0.784752274910741,"hist+future",0.0451421444035328,0.78905745520546,0.00362911486084518,0.00459930368429281,0.994543895040447
0.1,"with_ssp245",18,4,-0.437291393317029,0.248697672693993,"hist",-0.465232445769518,0.25433843093167,0.0279410524524887,0.109857768447094,0.977821840698576
0.1,"without_ssp245",18,7,-0.463340208163576,0.258347746552943,"hist",-0.465232445769518,0.25433843093167,0.00189223760594154,0.00743984147031992,1.01576370352914
0.1,"with_ssp245",18,4,1.0564764992897,0.481597055395371,"future",1.02434920694485,0.482886078306809,0.032127292344845,0.0665318255964142,0.997330585888999
0.1,"without_ssp245",18,7,1.01012679956052,0.491524645113107,"future",1.02434920694485,0.482886078306809,0.0142224073843311,0.0294529248683262,1.01788945093755
