"tol","archive","draw","n_stitched","mean_gen","var_gen","time_period","mean_target","var_target","bias","E1","E2"
0.1,"with_ssp370",8,9,0.148257157598406,0.979591826190099,"hist+future",0.146394344005387,0.985331331685952,0.00186281359301987,0.00189054537607416,0.994175050248292
0.1,"without_ssp370",8,31,0.150426237655701,0.978573894948627,"hist+future",0.146394344005387,0.985331331685952,0.00403189365031437,0.00409191661795184,0.993141965022301
0.1,"with_ssp370",8,9,-0.462253496952091,0.254832546108894,"hist",-0.465232445769518,0.25433843093167,0.00297894881742694,0.0117125391019938,1.00194274681736
0.1,"without_ssp370",8,31,-0.45866532645969,0.249841279984195,"hist",-0.465232445769518,0.25433843093167,0.00656711930982762,0.0258203971997921,0.982318240578111
0.1,"with_ssp370",8,9,1.31958573900343,0.767193136755642,"future",1.31986434764328,0.783330201500798,0.000278608639854072,0.000355672026075696,0.979399409451801
0.1,"without_ssp370",8,31,1.31903214555151,0.773030322815043,"future",1.31986434764328,0.783330201500798,0.000832202091774814,0.00106238989659837,0.986851166128892
