"tol","archive","draw","n_stitched","mean_gen","var_gen","time_period","mean_target","var_target","bias","E1","E2"
0.1,"with_ssp370",31,10,0.144671083780285,0.979396515116234,"hist+future",0.146394344005387,0.985331331685952,0.0017232602251015,0.00174891447139198,0.993976831570388
0.1,"without_ssp370",31,31,0.150949780452749,0.976902449067223,"hist+future",0.146394344005387,0.985331331685952,0.0045554364473627,0.00462325341828734,0.991445636256885
0.1,"with_ssp370",31,10,-0.467074177910507,0.247292312753644,"hist",-0.465232445769518,0.25433843093167,0.00184173214098926,0.0072412656405986,0.972296289820555
0.1,"without_ssp370",31,31,-0.457259255457462,0.250234316440638,"hist",-0.465232445769518,0.25433843093167,0.00797319031205534,0.0313487438089818,0.983863569197945
0.1,"with_ssp370",31,10,1.31836838818704,0.765712585945683,"future",1.31986434764328,0.783330201500798,0.00149595945624692,0.00190974311137344,0.977509337031355
0.1,"without_ssp370",31,31,1.31786246562932,0.770503051722998,"future",1.31986434764328,0.783330201500798,0.00200188201396623,0.00255560427790322,0.983624849708049
