"tol","archive","draw","n_stitched","mean_gen","var_gen","time_period","mean_target","var_target","bias","E1","E2"
0.1,"with_ssp370",152,11,0.142525771339928,0.977811722192949,"hist+future",0.146394344005387,0.985331331685952,0.00386857266545834,0.00392616426683501,0.992368445769266
0.1,"without_ssp370",152,31,0.151194994757045,0.979097257359045,"hist+future",0.146394344005387,0.985331331685952,0.00480065075165831,0.00487211823807952,0.993673118750583
0.1,"with_ssp370",152,11,-0.465516511587292,0.251609250405312,"hist",-0.465232445769518,0.25433843093167,0.000284065817774015,0.00111688122291802,0.989269492163019
0.1,"without_ssp370",152,31,-0.458113601860156,0.251041933649256,"hist",-0.465232445769518,0.25433843093167,0.00711884390936163,0.0279896509673529,0.98703893363524
0.1,"with_ssp370",152,11,1.30911852346773,0.773611591550752,"future",1.31986434764328,0.783330201500798,0.0107458241755503,0.0137181282618264,0.987593214290185
0.1,"without_ssp370",152,31,1.32021730222028,0.77326038352898,"future",1.31986434764328,0.783330201500798,0.000352954576994913,0.00045058211252251,0.987144861831542
