"tol","archive","draw","n_stitched","mean_gen","var_gen","time_period","mean_target","var_target","bias","E1","E2"
0.1,"with_ssp245",86,4,0.0720614505667202,0.791004049527741,"hist+future",0.0451421444035328,0.78905745520546,0.0269193061631874,0.0341157744415176,1.00246698679474
0.1,"without_ssp245",86,6,0.0286465614801974,0.780376596496424,"hist+future",0.0451421444035328,0.78905745520546,0.0164955829233354,0.0209054268665901,0.988998445358107
0.1,"with_ssp245",86,4,-0.440741808974515,0.25384788075307,"hist",-0.465232445769518,0.25433843093167,0.0244906367950025,0.0962915305614277,0.998071269934302
0.1,"without_ssp245",86,6,-0.474158478200572,0.251442223233873,"hist",-0.465232445769518,0.25433843093167,0.00892603243105405,0.0350950990707814,0.988612779880776
0.1,"with_ssp245",86,4,1.05592816945397,0.478552098185203,"future",1.02434920694485,0.482886078306809,0.0315789625091236,0.0653962993090463,0.991024839364178
0.1,"without_ssp245",86,6,0.993330649239813,0.489732105328668,"future",1.02434920694485,0.482886078306809,0.031018557705038,0.0642357671892332,1.01417731288892
