"tol","archive","draw","n_stitched","mean_gen","var_gen","time_period","mean_target","var_target","bias","E1","E2"
0.1,"with_ssp370",82,9,0.145723580046678,0.980723589784241,"hist+future",0.146394344005387,0.985331331685952,0.000670763958708437,0.000680749649522182,0.995323662453901
0.1,"without_ssp370",82,33,0.149878832907387,0.978443894477651,"hist+future",0.146394344005387,0.985331331685952,0.00348448890200018,0.00353636263249443,0.993010029228933
0.1,"with_ssp370",82,9,-0.465158419610081,0.250678642767394,"hist",-0.465232445769518,0.25433843093167,7.40261594368019e-05,0.000291053771015398,0.985610557748312
0.1,"without_ssp370",82,33,-0.459163591997093,0.248952279404592,"hist",-0.465232445769518,0.25433843093167,0.00606885377242422,0.0238613321242619,0.9788228955123
0.1,"with_ssp370",82,9,1.31776462589976,0.772369268425527,"future",1.31986434764328,0.783330201500798,0.00209972174352191,0.00268050655968455,0.98600726353424
0.1,"without_ssp370",82,33,1.31839046208459,0.773321506935929,"future",1.31986434764328,0.783330201500798,0.0014738855586971,0.00188156355502858,0.987222892024725
