"tol","archive","draw","n_stitched","mean_gen","var_gen","time_period","mean_target","var_target","bias","E1","E2"
0.1,"with_ssp370",126,10,0.144430690878165,0.97909753906044,"hist+future",0.146394344005387,0.985331331685952,0.00196365312722194,0.00199288611259527,0.993673404645677
0.1,"without_ssp370",126,31,0.151423747724064,0.976756797301451,"hist+future",0.146394344005387,0.985331331685952,0.00502940371867741,0.00510427665998588,0.991297816167248
0.1,"with_ssp370",126,10,-0.466434036833572,0.250415800228881,"hist",-0.465232445769518,0.25433843093167,0.00120159106405465,0.00472437869358984,0.984577121560357
0.1,"without_ssp370",126,31,-0.456509327860462,0.249984366436393,"hist",-0.465232445769518,0.25433843093167,0.00872311790905528,0.0342972860102247,0.982880823478672
0.1,"with_ssp370",126,10,1.31643859869719,0.766587574374988,"future",1.31986434764328,0.783330201500798,0.00342574894608938,0.00437331401179977,0.978626348002754
0.1,"without_ssp370",126,31,1.31780697413624,0.771339198598047,"future",1.31986434764328,0.783330201500798,0.00205737350704749,0.00262644476506296,0.984692275518323
