"tol","archive","draw","n_stitched","mean_gen","var_gen","time_period","mean_target","var_target","bias","E1","E2"
0.1,"with_ssp245",66,4,0.075063053650153,0.784962749273595,"hist+future",0.0451421444035328,0.78905745520546,0.0299209092466202,0.0379198105907626,0.99481063653242
0.1,"without_ssp245",66,6,0.0352742579589564,0.785899190735361,"hist+future",0.0451421444035328,0.78905745520546,0.00986788644457639,0.012505916241558,0.995997421418094
0.1,"with_ssp245",66,4,-0.43135480777629,0.245265447049539,"hist",-0.465232445769518,0.25433843093167,0.0338776379932273,0.133199052416616,0.964327121745244
0.1,"without_ssp245",66,6,-0.471479849919311,0.254930673112369,"hist",-0.465232445769518,0.25433843093167,0.00624740414979363,0.0245633509922535,1.00232855954379
0.1,"with_ssp245",66,4,1.04667871801484,0.495934137495581,"future",1.02434920694485,0.482886078306809,0.0223295110699901,0.0462417784921162,1.02702098854149
0.1,"without_ssp245",66,6,1.00753504633005,0.489239209620704,"future",1.02434920694485,0.482886078306809,0.0168141606147989,0.034820139511489,1.01315658412885
