"tol","archive","draw","n_stitched","mean_gen","var_gen","time_period","mean_target","var_target","bias","E1","E2"
0.1,"with_ssp370",191,9,0.148181716387379,0.977972614160102,"hist+future",0.146394344005387,0.985331331685952,0.00178737238199211,0.0018139810686156,0.992531732941792
0.1,"without_ssp370",191,31,0.150675364817822,0.977875053436698,"hist+future",0.146394344005387,0.985331331685952,0.00428102081243523,0.00434475254644565,0.992432719827861
0.1,"with_ssp370",191,9,-0.461772271076853,0.247434019613687,"hist",-0.465232445769518,0.25433843093167,0.00346017469266446,0.0136046081592525,0.972853448483222
0.1,"without_ssp370",191,31,-0.458620118817749,0.250466984856504,"hist",-0.465232445769518,0.25433843093167,0.00661232695176833,0.0259981432123594,0.984778367700925
0.1,"with_ssp370",191,9,1.31844227373154,0.768290049286655,"future",1.31986434764328,0.783330201500798,0.00142207391173965,0.00181542076255335,0.980799728919774
0.1,"without_ssp370",191,31,1.31967251365351,0.769150148535604,"future",1.31986434764328,0.783330201500798,0.000191833989773738,0.000244895434142842,0.981897732350896
