"tol","archive","draw","n_stitched","mean_gen","var_gen","time_period","mean_target","var_target","bias","E1","E2"
0.1,"with_ssp245",170,4,0.0776349489679257,0.790151146505016,"hist+future",0.0451421444035328,0.78905745520546,0.0324928045643929,0.0411792631196067,1.00138607308294
0.1,"without_ssp245",170,7,0.0423627334502753,0.786751935930387,"hist+future",0.0451421444035328,0.78905745520546,0.00277941095325754,0.0035224443225542,0.997078135109346
0.1,"with_ssp245",170,4,-0.436755229291878,0.247911006121829,"hist",-0.465232445769518,0.25433843093167,0.02847721647764,0.11196584162812,0.974728849327659
0.1,"without_ssp245",170,7,-0.466423688097909,0.251068465893282,"hist",-0.465232445769518,0.25433843093167,0.00119124232839113,0.00468368985381987,0.987143252294157
0.1,"with_ssp245",170,4,1.06454633748964,0.470783861363726,"future",1.02434920694485,0.482886078306809,0.040197130544791,0.0832435068033814,0.974937738968335
0.1,"without_ssp245",170,7,1.01852272828109,0.485320883534167,"future",1.02434920694485,0.482886078306809,0.00582647866375696,0.0120659487309862,1.00504219387706
