"tol","archive","draw","n_stitched","mean_gen","var_gen","time_period","mean_target","var_target","bias","E1","E2"
0.1,"with_ssp245",119,4,0.075820088927966,0.791170414401428,"hist+future",0.0451421444035328,0.78905745520546,0.0306779445244332,0.0388792277698524,1.00267782679452
0.1,"without_ssp245",119,6,0.0297456846625652,0.789104005301911,"hist+future",0.0451421444035328,0.78905745520546,0.0153964597409676,0.0195124697693384,1.00005899455882
0.1,"with_ssp245",119,4,-0.439774630274952,0.24285566286227,"hist",-0.465232445769518,0.25433843093167,0.0254578154945655,0.10009425394861,0.95485240658544
0.1,"without_ssp245",119,6,-0.480281075774764,0.256697020552453,"hist",-0.465232445769518,0.25433843093167,0.0150486300052465,0.0591677394176007,1.00927342994192
0.1,"with_ssp245",119,4,1.06504251530566,0.473444633523854,"future",1.02434920694485,0.482886078306809,0.0406933083608072,0.0842710324213408,0.980447883658066
0.1,"without_ssp245",119,6,1.00828539945512,0.483426160962703,"future",1.02434920694485,0.482886078306809,0.0160638074897348,0.0332662468672961,1.00111844735261
