"tol","archive","draw","n_stitched","mean_gen","var_gen","time_period","mean_target","var_target","bias","E1","E2"
0.1,"with_ssp370",105,9,0.149585477883935,0.981012895807108,"hist+future",0.146394344005387,0.985331331685952,0.00319113387854889,0.00323864042066813,0.995617275387503
0.1,"without_ssp370",105,31,0.149771316708538,0.978293045148122,"hist+future",0.146394344005387,0.985331331685952,0.00337697270315196,0.00342724583554426,0.992856934199192
0.1,"with_ssp370",105,9,-0.462689066962479,0.251393500553161,"hist",-0.465232445769518,0.25433843093167,0.00254337880703837,0.00999997836631171,0.988421213547157
0.1,"without_ssp370",105,31,-0.459346262051914,0.252960055886076,"hist",-0.465232445769518,0.25433843093167,0.00588618371760347,0.0231431156355008,0.994580547499076
0.1,"with_ssp370",105,9,1.32429826741485,0.766793889629381,"future",1.31986434764328,0.783330201500798,0.00443391977156327,0.0056603457431722,0.9788897302316
0.1,"without_ssp370",105,31,1.31842713642336,0.769925179824931,"future",1.31986434764328,0.783330201500798,0.00143721121992368,0.00183474506302719,0.982887137952571
