"tol","archive","draw","n_stitched","mean_gen","var_gen","time_period","mean_target","var_target","bias","E1","E2"
0.1,"with_ssp370",198,10,0.147949572530966,0.977914565544782,"hist+future",0.146394344005387,0.985331331685952,0.00155522852557935,0.00157838127700484,0.992472820154334
0.1,"without_ssp370",198,32,0.149009009279376,0.977539603622659,"hist+future",0.146394344005387,0.985331331685952,0.00261466527398979,0.00265358990413505,0.992092276158557
0.1,"with_ssp370",198,10,-0.461633498117488,0.252322998368066,"hist",-0.465232445769518,0.25433843093167,0.00359894765202962,0.0141502314017047,0.992075784393962
0.1,"without_ssp370",198,32,-0.459417997798665,0.249797128459219,"hist",-0.465232445769518,0.25433843093167,0.00581444797085268,0.0228610672384575,0.982144646973658
0.1,"with_ssp370",198,10,1.31749848714719,0.766696165952192,"future",1.31986434764328,0.783330201500798,0.00236586049609833,0.00302025951707917,0.978764976102368
0.1,"without_ssp370",198,32,1.31633989495236,0.772170820683702,"future",1.31986434764328,0.783330201500798,0.0035244526909215,0.00449931929621624,0.985753924978616
