"tol","archive","draw","n_stitched","mean_gen","var_gen","time_period","mean_target","var_target","bias","E1","E2"
0.1,"with_ssp370",119,9,0.14579050261675,0.980922347375202,"hist+future",0.146394344005387,0.985331331685952,0.000603841388636089,0.000612830800379488,0.995525378957344
0.1,"without_ssp370",119,32,0.151503262458349,0.977057960360079,"hist+future",0.146394344005387,0.985331331685952,0.00510891845296227,0.00518497513341086,0.991603462652794
0.1,"with_ssp370",119,9,-0.465347480606092,0.253098277489458,"hist",-0.465232445769518,0.25433843093167,0.000115034836574268,0.000452290423247807,0.995124002937074
0.1,"without_ssp370",119,32,-0.458003360691617,0.251990777624563,"hist",-0.465232445769518,0.25433843093167,0.00722908507790115,0.0284230937944384,0.990769569118962
0.1,"with_ssp370",119,9,1.31832267973034,0.770453840445129,"future",1.31986434764328,0.783330201500798,0.00154166791294075,0.00196809456597873,0.983562026548958
0.1,"without_ssp370",119,32,1.3209055045484,0.764213037833687,"future",1.31986434764328,0.783330201500798,0.00104115690511453,0.00132914178863492,0.975595012639007
