"tol","archive","draw","n_stitched","mean_gen","var_gen","time_period","mean_target","var_target","bias","E1","E2"
0.1,"with_ssp370",25,10,0.143533604475272,0.978878100679447,"hist+future",0.146394344005387,0.985331331685952,0.00286073953011448,0.00290332747789478,0.993450699476425
0.1,"without_ssp370",25,30,0.151151705132914,0.978188192304796,"hist+future",0.146394344005387,0.985331331685952,0.00475736112752737,0.00482818415952254,0.992750520407248
0.1,"with_ssp370",25,10,-0.464216314805216,0.254564627840896,"hist",-0.465232445769518,0.25433843093167,0.0010161309643017,0.00399519239219766,1.00088935403272
0.1,"without_ssp370",25,30,-0.457558659178463,0.250835947942615,"hist",-0.465232445769518,0.25433843093167,0.00767378659105511,0.030171557491116,0.986229045385613
0.1,"with_ssp370",25,10,1.30956542635063,0.776955151842385,"future",1.31986434764328,0.783330201500798,0.010298921292657,0.0131476116622659,0.991861606195957
0.1,"without_ssp370",25,30,1.31902624131172,0.77266661306268,"future",1.31986434764328,0.783330201500798,0.000838106331566557,0.00106992725412707,0.986386853950368
