"tol","archive","draw","n_stitched","mean_gen","var_gen","time_period","mean_target","var_target","bias","E1","E2"
0.1,"with_ssp370",33,10,0.144426132651649,0.978258161701144,"hist+future",0.146394344005387,0.985331331685952,0.0019682113537374,0.00199751219761751,0.992821531440895
0.1,"without_ssp370",33,31,0.151285732262673,0.97940566825836,"hist+future",0.146394344005387,0.985331331685952,0.00489138825728644,0.00496420655670923,0.99398612097572
0.1,"with_ssp370",33,10,-0.465078364794811,0.248396083981541,"hist",-0.465232445769518,0.25433843093167,0.000154080974706261,0.000605810825135019,0.976636063498693
0.1,"without_ssp370",33,31,-0.458570380583818,0.250690405020697,"hist",-0.465232445769518,0.25433843093167,0.00666206518569956,0.0261937024668104,0.985656804213151
0.1,"with_ssp370",33,10,1.31382429635707,0.770777415202584,"future",1.31986434764328,0.783330201500798,0.00604005128621643,0.00771073459780329,0.983975102358923
0.1,"without_ssp370",33,31,1.32135850691001,0.772200864737671,"future",1.31986434764328,0.783330201500798,0.00149415926672636,0.00190744498790378,0.985792279243409
