"tol","archive","draw","n_stitched","mean_gen","var_gen","time_period","mean_target","var_target","bias","E1","E2"
0.1,"with_ssp245",140,4,0.0680375525925441,0.794364337426646,"hist+future",0.0451421444035328,0.78905745520546,0.0228954081890113,0.0290161483653299,1.00672559670551
0.1,"without_ssp245",140,6,0.0362924191884516,0.78307640619622,"hist+future",0.0451421444035328,0.78905745520546,0.00884972521508125,0.0112155650475122,0.992420008239219
0.1,"with_ssp245",140,4,-0.447546507628228,0.244449008620966,"hist",-0.465232445769518,0.25433843093167,0.0176859381412894,0.0695370262233036,0.961117074307339
0.1,"without_ssp245",140,6,-0.468713494527147,0.252687940733667,"hist",-0.465232445769518,0.25433843093167,0.00348104875762939,0.0136866801642124,0.993510653533732
0.1,"with_ssp245",140,4,1.05723952859751,0.487368587310508,"future",1.02434920694485,0.482886078306809,0.0328903216526637,0.0681119691170022,1.00928274639728
0.1,"without_ssp245",140,6,1.00519911410791,0.488387400214567,"future",1.02434920694485,0.482886078306809,0.0191500928369364,0.0396575790796956,1.01139258751681
