"tol","archive","draw","n_stitched","mean_gen","var_gen","time_period","mean_target","var_target","bias","E1","E2"
0.1,"with_ssp370",9,10,0.143869423355244,0.976300016094549,"hist+future",-0.39668749076239,0.416684073603066,0.540556914117634,1.29728239777307,2.34302215501659
0.1,"without_ssp370",9,29,0.151201236521306,0.977519997010388,"hist+future",-0.39668749076239,0.416684073603066,0.547888727283696,1.31487801428575,2.34594998689961
0.1,"with_ssp370",9,10,-0.460995874616725,0.253173645947976,"hist",-0.450368748254349,0.254752984622156,0.010627126362376,0.0417154145539764,0.993800509632801
0.1,"without_ssp370",9,29,-0.458052218668984,0.249626844063406,"hist",-0.450368748254349,0.254752984622156,0.00768347041463457,0.0301604726085173,0.979877996066058
0.1,"with_ssp370",9,10,1.30436679737123,0.78096240623206,"future",1.31986434764328,0.783330201500798,0.0154975502720527,0.0197841858291186,0.996977270550527
0.1,"without_ssp370",9,29,1.3201177493864,0.768537856232642,"future",1.31986434764328,0.783330201500798,0.000253401743113502,0.000323492880305143,0.98111607947732
