"tol","archive","draw","n_stitched","mean_gen","var_gen","time_period","mean_target","var_target","bias","E1","E2"
0.1,"with_ssp245",114,4,0.0790260183762915,0.791360809466231,"hist+future",0.0451421444035328,0.78905745520546,0.0338838739727586,0.042942213839087,1.00291912109261
0.1,"without_ssp245",114,6,0.0331807241545285,0.787939410617374,"hist+future",0.0451421444035328,0.78905745520546,0.0119614202490043,0.0151591245606946,0.99858306314615
0.1,"with_ssp245",114,4,-0.436529776181583,0.247020834209753,"hist",-0.465232445769518,0.25433843093167,0.0287026695879346,0.112852271215142,0.971228898852951
0.1,"without_ssp245",114,6,-0.478228248602894,0.244848722020458,"hist",-0.465232445769518,0.25433843093167,0.012995802833376,0.0510964968438742,0.962688655125966
0.1,"with_ssp245",114,4,1.06817376374896,0.470463692745274,"future",1.02434920694485,0.482886078306809,0.0438245568041071,0.0907554778919564,0.974274707597508
0.1,"without_ssp245",114,6,1.0143723579333,0.481481388144968,"future",1.02434920694485,0.482886078306809,0.00997684901154683,0.0206608752245035,0.997091052683137
