"tol","archive","draw","n_stitched","mean_gen","var_gen","time_period","mean_target","var_target","bias","E1","E2"
0.1,"with_ssp370",185,10,0.144092968928231,0.979226153513794,"hist+future",0.146394344005387,0.985331331685952,0.00230137507715539,0.00233563574317445,0.993803933787722
0.1,"without_ssp370",185,30,0.152529606438608,0.978391052931793,"hist+future",0.146394344005387,0.985331331685952,0.00613526243322152,0.00622659833898083,0.992956401028794
0.1,"with_ssp370",185,10,-0.465537429173701,0.250920664097316,"hist",-0.465232445769518,0.25433843093167,0.000304983404183223,0.00119912434415057,0.986562129750372
0.1,"without_ssp370",185,30,-0.456414123491234,0.252706830553759,"hist",-0.465232445769518,0.25433843093167,0.00881832227828366,0.034671607613451,0.993584923945887
0.1,"with_ssp370",185,10,1.31373268621682,0.772238271490089,"future",1.31986434764328,0.783330201500798,0.00613166142646238,0.00782768418058515,0.985840032735291
0.1,"without_ssp370",185,30,1.32085187897842,0.771215159630503,"future",1.31986434764328,0.783330201500798,0.000987531335137293,0.00126068334049327,0.984533927267091
