"tol","archive","draw","n_stitched","mean_gen","var_gen","time_period","mean_target","var_target","bias","E1","E2"
0.1,"with_ssp370",171,10,0.144339109343814,0.976129291313704,"hist+future",0.146394344005387,0.985331331685952,0.00205523466157237,0.0020858310250378,0.990660968471891
0.1,"without_ssp370",171,31,0.151975159888612,0.978134576213937,"hist+future",0.146394344005387,0.985331331685952,0.0055808158832257,0.00566389772024872,0.992696106131425
0.1,"with_ssp370",171,10,-0.463092747880649,0.252064874659955,"hist",-0.465232445769518,0.25433843093167,0.0021396978888687,0.0084127981800892,0.991060901557869
0.1,"without_ssp370",171,31,-0.457606970941134,0.252040767396072,"hist",-0.465232445769518,0.25433843093167,0.00762547482838355,0.0299816067923773,0.990966117361103
0.1,"with_ssp370",171,10,1.30976069587912,0.76977974870839,"future",1.31986434764328,0.783330201500798,0.0101036517641628,0.012898330416477,0.982701480465777
0.1,"without_ssp370",171,31,1.32152227136429,0.767853582257533,"future",1.31986434764328,0.783330201500798,0.00165792372100437,0.0021165068292119,0.980242534739995
