"tol","archive","draw","n_stitched","mean_gen","var_gen","time_period","mean_target","var_target","bias","E1","E2"
0.1,"with_ssp370",2,11,0.13900572652911,0.97698405784764,"hist+future",-0.39668749076239,0.416684073603066,0.5356932172915,1.28561001302345,2.34466378664215
0.1,"without_ssp370",2,32,0.149618731666186,0.978160532996552,"hist+future",-0.39668749076239,0.416684073603066,0.546306222428576,1.31108016129503,2.34748720904641
0.1,"with_ssp370",2,11,-0.467667378183583,0.254581374540748,"hist",-0.450368748254349,0.254752984622156,0.0172986299292338,0.0679035417578748,0.999326366748311
0.1,"without_ssp370",2,32,-0.459752592102263,0.249691024799601,"hist",-0.450368748254349,0.254752984622156,0.00938384384791341,0.0368350693195266,0.980129929272221
0.1,"with_ssp370",2,11,1.30297156696625,0.77471582144651,"future",1.31986434764328,0.783330201500798,0.0168927806770298,0.0215653381481585,0.989002875112202
0.1,"without_ssp370",2,32,1.31876138773356,0.770358792561635,"future",1.31986434764328,0.783330201500798,0.00110295990972475,0.00140803955676874,0.983440688340229
