"tol","archive","draw","n_stitched","mean_gen","var_gen","time_period","mean_target","var_target","bias","E1","E2"
0.1,"with_ssp245",1,4,0.0756400646465721,0.793599447106474,"hist+future",0.0451421444035328,0.78905745520546,0.0304979202430393,0.0386510767268501,1.0057562245576
0.1,"without_ssp245",1,6,0.0321668376128113,0.786301183115162,"hist+future",0.0451421444035328,0.78905745520546,0.0129753067907215,0.0164440582940097,0.996506880364523
0.1,"with_ssp245",1,4,-0.439677346300371,0.251595622208632,"hist",-0.465232445769518,0.25433843093167,0.025555099469147,0.100476752080037,0.989215909239548
0.1,"without_ssp245",1,6,-0.478817962806396,0.245991329016956,"hist",-0.465232445769518,0.25433843093167,0.0135855170368784,0.0534151169648768,0.967181122081558
0.1,"with_ssp245",1,4,1.06433044611454,0.478235405273268,"future",1.02434920694485,0.482886078306809,0.0399812391696932,0.082796421279908,0.990369005770786
0.1,"without_ssp245",1,6,1.01254465237059,0.47501982940939,"future",1.02434920694485,0.482886078306809,0.0118045545742578,0.0244458374439977,0.983709928178089
