"tol","archive","draw","n_stitched","mean_gen","var_gen","time_period","mean_target","var_target","bias","E1","E2"
0.1,"with_ssp370",179,8,0.145560406667834,0.979196804379474,"hist+future",0.146394344005387,0.985331331685952,0.000833937337552826,0.000846352197210573,0.993774147731625
0.1,"without_ssp370",179,31,0.150770111766244,0.978780953010122,"hist+future",0.146394344005387,0.985331331685952,0.00437576776085735,0.00444090999661016,0.993352105565727
0.1,"with_ssp370",179,8,-0.4634748025133,0.243252830882784,"hist",-0.465232445769518,0.25433843093167,0.00175764325621774,0.00691064755640468,0.956413979561491
0.1,"without_ssp370",179,31,-0.458724058470334,0.252038721906171,"hist",-0.465232445769518,0.25433843093167,0.00650838729918407,0.0255894764913943,0.990958074966984
0.1,"with_ssp370",179,8,1.31405819172466,0.779384039378425,"future",1.31986434764328,0.783330201500798,0.00580615591862421,0.00741214357304248,0.994962326085714
0.1,"without_ssp370",179,31,1.32014846163875,0.770645475837966,"future",1.31986434764328,0.783330201500798,0.00028411399546302,0.000362700167718135,0.983806668454083
