"tol","archive","draw","n_stitched","mean_gen","var_gen","time_period","mean_target","var_target","bias","E1","E2"
0.1,"with_ssp370",66,10,0.142208179816953,0.97992559182242,"hist+future",0.146394344005387,0.985331331685952,0.00418616418843304,0.00424848378795618,0.994513784663395
0.1,"without_ssp370",66,30,0.150568515264945,0.977296277476852,"hist+future",0.146394344005387,0.985331331685952,0.00417417125955866,0.0042363123198533,0.991845327606347
0.1,"with_ssp370",66,10,-0.466777552324601,0.254119601169309,"hist",-0.465232445769518,0.25433843093167,0.001545106555083,0.0060750023086291,0.999139611888148
0.1,"without_ssp370",66,30,-0.457949732710323,0.25194636723367,"hist",-0.465232445769518,0.25433843093167,0.00728271305919515,0.0286339466376267,0.99059495771348
0.1,"with_ssp370",66,10,1.31061103799552,0.775665640741928,"future",1.31986434764328,0.783330201500798,0.00925330964776738,0.0118127829490536,0.990215415230785
0.1,"without_ssp370",66,30,1.31807445614773,0.769519728684383,"future",1.31986434764328,0.783330201500798,0.00178989149555786,0.0022849770021998,0.982369538682467
