"tol","archive","draw","n_stitched","mean_gen","var_gen","time_period","mean_target","var_target","bias","E1","E2"
0.1,"with_ssp370",176,10,0.14579775429719,0.980706826047945,"hist+future",0.146394344005387,0.985331331685952,0.000596589708196621,0.000605471163873197,0.995306649155168
0.1,"without_ssp370",176,30,0.151087782422317,0.978767840913458,"hist+future",0.146394344005387,0.985331331685952,0.0046934384169309,0.0047633098288879,0.993338798268737
0.1,"with_ssp370",176,10,-0.464669110721453,0.250277230263419,"hist",-0.465232445769518,0.25433843093167,0.000563335048064384,0.00221490337107461,0.984032296443071
0.1,"without_ssp370",176,30,-0.458031802131667,0.251502700293801,"hist",-0.465232445769518,0.25433843093167,0.00720064363785089,0.0283112686174643,0.98885056172014
0.1,"with_ssp370",176,10,1.31704232090273,0.774419689310541,"future",1.31986434764328,0.783330201500798,0.00282202674055787,0.00360260173187641,0.988624832576115
0.1,"without_ssp370",176,30,1.31974745046194,0.772587078667379,"future",1.31986434764328,0.783330201500798,0.000116897181345665,0.000149231040909312,0.98628532027383
