"tol","archive","draw","n_stitched","mean_gen","var_gen","time_period","mean_target","var_target","bias","E1","E2"
0.1,"with_ssp245",123,4,0.0693534927439303,0.787197860469845,"hist+future",0.0451421444035328,0.78905745520546,0.0242113483403975,0.0306838851602932,0.997643270812097
0.1,"without_ssp245",123,6,0.0372593520297956,0.785675739988024,"hist+future",0.0451421444035328,0.78905745520546,0.00788279237373724,0.00999013737432423,0.99571423450203
0.1,"with_ssp245",123,4,-0.442269237142299,0.239414461110945,"hist",-0.465232445769518,0.25433843093167,0.0229632086272187,0.0902860355908541,0.9413223956519
0.1,"without_ssp245",123,6,-0.470744166846412,0.254752093396594,"hist",-0.465232445769518,0.25433843093167,0.00551172107689452,0.0216708149716284,1.00162642532396
0.1,"with_ssp245",123,4,1.05095524194425,0.481577518922709,"future",1.02434920694485,0.482886078306809,0.0266060349994035,0.0550979541441635,0.997290128162965
0.1,"without_ssp245",123,6,1.01191726615275,0.481030421635925,"future",1.02434920694485,0.482886078306809,0.0124319407920983,0.025745080155737,0.996157154338782
