"tol","archive","draw","n_stitched","mean_gen","var_gen","time_period","mean_target","var_target","bias","E1","E2"
0.1,"with_ssp245",16,4,0.0675300263222651,0.789113457652199,"hist+future",0.0451421444035328,0.78905745520546,0.0223878819187323,0.028372942643198,1.00007097385161
0.1,"without_ssp245",16,6,0.0378427877692816,0.786745969702672,"hist+future",0.0451421444035328,0.78905745520546,0.0072993566342512,0.00925072893754048,0.997070573901128
0.1,"with_ssp245",16,4,-0.444276860961994,0.244698756457188,"hist",-0.465232445769518,0.25433843093167,0.0209555848075234,0.0823925221633267,0.962099025148615
0.1,"without_ssp245",16,6,-0.469530961669047,0.242728656754602,"hist",-0.465232445769518,0.25433843093167,0.00429851589952973,0.0169007722654567,0.954353047887652
0.1,"with_ssp245",16,4,1.049485100763,0.48453408043926,"future",1.02434920694485,0.482886078306809,0.0251358938181447,0.0520534655011824,1.00341281765304
0.1,"without_ssp245",16,6,1.01129242331956,0.501380544198058,"future",1.02434920694485,0.482886078306809,0.0130567836252864,0.0270390558184421,1.03829985315811
