"tol","archive","draw","n_stitched","mean_gen","var_gen","time_period","mean_target","var_target","bias","E1","E2"
0.1,"with_ssp370",99,9,0.147955104893257,0.983338821671507,"hist+future",0.146394344005387,0.985331331685952,0.00156076088786999,0.00158399599980187,0.997977827406507
0.1,"without_ssp370",99,31,0.147726924633093,0.976001581866893,"hist+future",0.146394344005387,0.985331331685952,0.00133258062770614,0.00135241881066141,0.99053135780926
0.1,"with_ssp370",99,9,-0.466789765260577,0.253346757678361,"hist",-0.465232445769518,0.25433843093167,0.00155731949105969,0.00612302075370623,0.996100969681709
0.1,"without_ssp370",99,31,-0.459301084427616,0.252491640554794,"hist",-0.465232445769518,0.25433843093167,0.00593136134190186,0.0233207436256276,0.992738846543518
0.1,"with_ssp370",99,9,1.32740747204887,0.763171781902936,"future",1.31986434764328,0.783330201500798,0.00754312440558391,0.00962955901755337,0.974265744434161
0.1,"without_ssp370",99,31,1.31237368620306,0.770974121653968,"future",1.31986434764328,0.783330201500798,0.00749066144022748,0.00956258475145726,0.984226217981693
