"tol","archive","draw","n_stitched","mean_gen","var_gen","time_period","mean_target","var_target","bias","E1","E2"
0.1,"with_ssp245",199,4,0.0705592416424253,0.791823846327168,"hist+future",0.0451421444035328,0.78905745520546,0.0254170972388925,0.0322119727419269,1.00350594383648
0.1,"without_ssp245",199,6,0.040775600886394,0.789929447087563,"hist+future",0.0451421444035328,0.78905745520546,0.00436654351713882,0.00553387270892945,1.00110510568825
0.1,"with_ssp245",199,4,-0.442806130816051,0.250550043304453,"hist",-0.465232445769518,0.25433843093167,0.0224263149534663,0.0881750935999572,0.985104934345393
0.1,"without_ssp245",199,6,-0.467687904230871,0.252936960510935,"hist",-0.465232445769518,0.25433843093167,0.00245545846135298,0.00965429586224292,0.99448974181526
0.1,"with_ssp245",199,4,1.05550443298718,0.482455206306288,"future",1.02434920694485,0.482886078306809,0.0311552260423267,0.0645187911640968,0.999107715007996
0.1,"without_ssp245",199,6,1.01631604675091,0.500122606085328,"future",1.02434920694485,0.482886078306809,0.00803316019393718,0.0166357253911826,1.03569481199159
