"tol","archive","draw","n_stitched","mean_gen","var_gen","time_period","mean_target","var_target","bias","E1","E2"
0.1,"with_ssp370",32,10,0.143252654625412,0.982979180734241,"hist+future",0.146394344005387,0.985331331685952,0.00314168937997411,0.00318845983979675,0.997612832479723
0.1,"without_ssp370",32,31,0.15028235814015,0.978330693645499,"hist+future",0.146394344005387,0.985331331685952,0.00388801413476386,0.00394589516209869,0.992895143171308
0.1,"with_ssp370",32,10,-0.469392149755523,0.254595949237658,"hist",-0.465232445769518,0.25433843093167,0.00415970398600518,0.0163549958642417,1.00101250253469
0.1,"without_ssp370",32,31,-0.458965468009033,0.250820427244827,"hist",-0.465232445769518,0.25433843093167,0.00626697776048429,0.0246403099111985,0.986168021584643
0.1,"with_ssp370",32,10,1.31867582582139,0.770480021759817,"future",1.31986434764328,0.783330201500798,0.00118852182189122,0.00151726796645158,0.983595449637507
0.1,"without_ssp370",32,31,1.31918807110079,0.770830290968326,"future",1.31986434764328,0.783330201500798,0.000676276542490362,0.000863335208057432,0.984042603606341
