"tol","archive","draw","n_stitched","mean_gen","var_gen","time_period","mean_target","var_target","bias","E1","E2"
0.1,"with_ssp245",47,4,0.0728427554426528,0.792087923755526,"hist+future",0.0451421444035328,0.78905745520546,0.0277006110391199,0.035105949327742,1.00384061836065
0.1,"without_ssp245",47,6,0.0306662736793412,0.783920803782809,"hist+future",0.0451421444035328,0.78905745520546,0.0144758707241916,0.0183457752394245,0.99349014271551
0.1,"with_ssp245",47,4,-0.441074363550339,0.255617084520787,"hist",-0.465232445769518,0.25433843093167,0.0241580822191791,0.0949840027348026,1.00502737075334
0.1,"without_ssp245",47,6,-0.476529881754913,0.259019022936664,"hist",-0.465232445769518,0.25433843093167,0.011297435985395,0.0444189104415372,1.01840300731529
0.1,"with_ssp245",47,4,1.05884653025479,0.475263470805943,"future",1.02434920694485,0.482886078306809,0.0344973233099366,0.0714398796314401,0.984214480716458
0.1,"without_ssp245",47,6,1.00377517654739,0.473000256769278,"future",1.02434920694485,0.482886078306809,0.0205740303974642,0.0426063854845535,0.979527631916426
