"tol","archive","draw","n_stitched","mean_gen","var_gen","time_period","mean_target","var_target","bias","E1","E2"
0.1,"with_ssp370",164,10,0.14466618970156,0.979053362841274,"hist+future",0.146394344005387,0.985331331685952,0.00172815430382664,0.00175388140846966,0.993628570773309
0.1,"without_ssp370",164,30,0.151957983173118,0.979629967131475,"hist+future",0.146394344005387,0.985331331685952,0.00556363916773131,0.00564646529427988,0.994213758995441
0.1,"with_ssp370",164,10,-0.464255186886165,0.253312097992123,"hist",-0.465232445769518,0.25433843093167,0.000977258883352761,0.00384235634297559,0.995964695796118
0.1,"without_ssp370",164,30,-0.45784750479897,0.253090814232039,"hist",-0.465232445769518,0.25433843093167,0.00738494097054776,0.0290358831872002,0.995094659131689
0.1,"with_ssp370",164,10,1.31294557501522,0.773235029956796,"future",1.31986434764328,0.783330201500798,0.00691877262806617,0.00883251100852534,0.987112495439777
0.1,"without_ssp370",164,30,1.32193362870096,0.771750305412668,"future",1.31986434764328,0.783330201500798,0.00206928105767656,0.00264164595430125,0.985217094826748
