"tol","archive","draw","n_stitched","mean_gen","var_gen","time_period","mean_target","var_target","bias","E1","E2"
0.1,"with_ssp245",127,4,0.074146963051519,0.790860446776504,"hist+future",0.0451421444035328,0.78905745520546,0.0290048186479862,0.0367588170628636,1.00228499402566
0.1,"without_ssp245",127,6,0.0367474319885369,0.787831852961935,"hist+future",0.0451421444035328,0.78905745520546,0.00839471241499592,0.0106389114754768,0.998446751582614
0.1,"with_ssp245",127,4,-0.439951608291058,0.242508856987281,"hist",-0.465232445769518,0.25433843093167,0.0252808374784598,0.0993984172421498,0.953488845940207
0.1,"without_ssp245",127,6,-0.475130567390564,0.249447532082013,"hist",-0.465232445769518,0.25433843093167,0.00989812162104597,0.0389171293728127,0.980770114717856
0.1,"with_ssp245",127,4,1.06049887318553,0.481342998251926,"future",1.02434920694485,0.482886078306809,0.0361496662406822,0.0748616865647428,0.996804463569764
0.1,"without_ssp245",127,6,1.01883894242518,0.473572477095774,"future",1.02434920694485,0.482886078306809,0.00551026451966719,0.0114111066092201,0.980712632586775
