"tol","archive","draw","n_stitched","mean_gen","var_gen","time_period","mean_target","var_target","bias","E1","E2"
0.1,"with_ssp245",130,4,0.0653117346823809,0.789180183271057,"hist+future",0.0451421444035328,0.78905745520546,0.0201695902788481,0.0255616243732165,1.00015553755279
0.1,"without_ssp245",130,6,0.0315362004383279,0.786032183426466,"hist+future",0.0451421444035328,0.78905745520546,0.0136059439652049,0.0172432867536396,0.996165967688366
0.1,"with_ssp245",130,4,-0.446122895301008,0.247537188306392,"hist",-0.465232445769518,0.25433843093167,0.0191095504685099,0.0751343412731985,0.973259083967907
0.1,"without_ssp245",130,6,-0.474913718050761,0.256798306515368,"hist",-0.465232445769518,0.25433843093167,0.00968127228124344,0.0380645278253069,1.00967166296768
0.1,"with_ssp245",130,4,1.04655259453423,0.484289202240866,"future",1.02434920694485,0.482886078306809,0.0222033875893806,0.0459805916692287,1.00290570384422
0.1,"without_ssp245",130,6,1.00321336963251,0.489754807368862,"future",1.02434920694485,0.482886078306809,0.0211358373123403,0.0437698212101101,1.0142243261312
