"tol","archive","draw","n_stitched","mean_gen","var_gen","time_period","mean_target","var_target","bias","E1","E2"
0.1,"with_ssp370",48,8,0.147239715341103,0.983522368232512,"hist+future",0.146394344005387,0.985331331685952,0.000845371335716161,0.000857956413777777,0.998164106432762
0.1,"without_ssp370",48,30,0.152388740979625,0.977831678563102,"hist+future",0.146394344005387,0.985331331685952,0.00599439697423856,0.00608363581008009,0.992388699230726
0.1,"with_ssp370",48,8,-0.46590890004817,0.251276672331806,"hist",-0.465232445769518,0.25433843093167,0.000676454278652427,0.00265966207377509,0.987961871948928
0.1,"without_ssp370",48,30,-0.456123449423017,0.25077923833834,"hist",-0.465232445769518,0.25433843093167,0.00910899634650081,0.0358144709516904,0.98600607631221
0.1,"with_ssp370",48,8,1.32362950068099,0.772289499606039,"future",1.31986434764328,0.783330201500798,0.00376515303770253,0.00480659756318446,0.985905430591587
0.1,"without_ssp370",48,30,1.31988305977539,0.772258869446673,"future",1.31986434764328,0.783330201500798,1.87121321075789e-05,2.38879237283689e-05,0.985866328104147
