"tol","archive","draw","n_stitched","mean_gen","var_gen","time_period","mean_target","var_target","bias","E1","E2"
0.1,"with_ssp245",82,4,0.068875676670978,0.792153154607641,"hist+future",0.0451421444035328,0.78905745520546,0.0237335322674451,0.0300783322061956,1.00392328769186
0.1,"without_ssp245",82,6,0.0314875272018449,0.789015735145068,"hist+future",0.0451421444035328,0.78905745520546,0.0136546172016879,0.0173049720417792,0.999947126714137
0.1,"with_ssp245",82,4,-0.444367657888863,0.251599074914863,"hist",-0.465232445769518,0.25433843093167,0.0208647878806543,0.0820355296060616,0.989229484483441
0.1,"without_ssp245",82,6,-0.47692304016557,0.250226307064516,"hist",-0.465232445769518,0.25433843093167,0.0116905943960526,0.0459647185571942,0.983832078179886
0.1,"with_ssp245",82,4,1.05358672553579,0.483714647694528,"future",1.02434920694485,0.482886078306809,0.0292375185909393,0.0605474456697067,1.00171586928044
0.1,"without_ssp245",82,6,1.00692640645328,0.498826435296354,"future",1.02434920694485,0.482886078306809,0.0174228004915695,0.0360805607663423,1.03301059547096
