"tol","archive","draw","n_stitched","mean_gen","var_gen","time_period","mean_target","var_target","bias","E1","E2"
0.1,"with_ssp245",173,4,0.0730588167517115,0.79257494439665,"hist+future",0.0451421444035328,0.78905745520546,0.0279166723481786,0.035379771351263,1.00445783658463
0.1,"without_ssp245",173,6,0.026789966494361,0.784435267729109,"hist+future",0.0451421444035328,0.78905745520546,0.0183521779091718,0.0232583543671014,0.994142140796139
0.1,"with_ssp245",173,4,-0.442227203501108,0.250209569997114,"hist",-0.465232445769518,0.25433843093167,0.0230052422684096,0.0904513021651458,0.983766271894374
0.1,"without_ssp245",173,6,-0.480376023366573,0.249044914111588,"hist",-0.465232445769518,0.25433843093167,0.0151435775970558,0.0595410514312886,0.979187113796796
0.1,"with_ssp245",173,4,1.06168897188794,0.474842241781953,"future",1.02434920694485,0.482886078306809,0.0373397649430847,0.0773262403298367,0.983342165189228
0.1,"without_ssp245",173,6,0.999840993553131,0.485788407012844,"future",1.02434920694485,0.482886078306809,0.0245082133917198,0.0507536135182348,1.00601037974881
