"tol","archive","draw","n_stitched","mean_gen","var_gen","time_period","mean_target","var_target","bias","E1","E2"
0.1,"with_ssp245",64,4,0.0684152497713753,0.79221660061009,"hist+future",0.0451421444035328,0.78905745520546,0.0232731053678425,0.0294948171572404,1.00400369502092
0.1,"without_ssp245",64,6,0.0347628120291021,0.789346479072805,"hist+future",0.0451421444035328,0.78905745520546,0.0103793323744307,0.0131540894848121,1.00036629001531
0.1,"with_ssp245",64,4,-0.447366277920161,0.240540874169601,"hist",-0.465232445769518,0.25433843093167,0.0178661678493562,0.0702456478319477,0.94575119178204
0.1,"without_ssp245",64,6,-0.472941004359732,0.252080088080193,"hist",-0.465232445769518,0.25433843093167,0.00770855859021446,0.0303082729651872,0.991120717214444
0.1,"with_ssp245",64,4,1.05799608778421,0.479647389722865,"future",1.02434920694485,0.482886078306809,0.0336468808393569,0.0696787137813876,0.993293058695542
0.1,"without_ssp245",64,6,1.00884571556582,0.502587610247455,"future",1.02434920694485,0.482886078306809,0.0155034913790317,0.0321058984209964,1.04079954429361
