"tol","archive","draw","n_stitched","mean_gen","var_gen","time_period","mean_target","var_target","bias","E1","E2"
0.1,"with_ssp370",110,10,0.143788353065807,0.976822110071127,"hist+future",0.146394344005387,0.985331331685952,0.00260599093957989,0.00264478643454979,0.991364101250829
0.1,"without_ssp370",110,30,0.152590510325105,0.978316993119107,"hist+future",0.146394344005387,0.985331331685952,0.00619616631971845,0.00628840890415663,0.992881238684612
0.1,"with_ssp370",110,10,-0.465222947737045,0.250132737937057,"hist",-0.465232445769518,0.25433843093167,9.49803247290992e-06,3.73440711972531e-05,0.983464185969822
0.1,"without_ssp370",110,30,-0.457091039922492,0.251360867937734,"hist",-0.465232445769518,0.25433843093167,0.00814140584702594,0.0320101284623132,0.988292909636076
0.1,"with_ssp370",110,10,1.31224026739686,0.766553596308086,"future",1.31986434764328,0.783330201500798,0.00762408024642536,0.0097329073126738,0.978582971573712
0.1,"without_ssp370",110,30,1.32232836835828,0.768514772891402,"future",1.31986434764328,0.783330201500798,0.00246402071500063,0.00314557093583237,0.981086611264304
