"tol","archive","draw","n_stitched","mean_gen","var_gen","time_period","mean_target","var_target","bias","E1","E2"
0.1,"with_ssp370",122,10,0.147215822354027,0.978930810561878,"hist+future",0.146394344005387,0.985331331685952,0.000821478348640742,0.000833707730814923,0.993504194053057
0.1,"without_ssp370",122,31,0.149074052758223,0.978051972415974,"hist+future",0.146394344005387,0.985331331685952,0.00267970875283649,0.00271960168794325,0.992612272607303
0.1,"with_ssp370",122,10,-0.461890009824802,0.251259439766096,"hist",-0.465232445769518,0.25433843093167,0.00334243594471517,0.0131416865806377,0.98789411747845
0.1,"without_ssp370",122,31,-0.459703310435898,0.250806955241975,"hist",-0.465232445769518,0.25433843093167,0.00552913533361987,0.0217392838092381,0.98611505277925
0.1,"with_ssp370",122,10,1.31584910502271,0.773253013817925,"future",1.31986434764328,0.783330201500798,0.00401524262057174,0.00512586213691091,0.987135453652156
0.1,"without_ssp370",122,31,1.31707713330508,0.771887584604735,"future",1.31986434764328,0.783330201500798,0.00278721433820128,0.00355816018948485,0.985392345559842
