"tol","archive","draw","n_stitched","mean_gen","var_gen","time_period","mean_target","var_target","bias","E1","E2"
0.1,"with_ssp245",38,4,0.071266863568562,0.791087710270405,"hist+future",0.0451421444035328,0.78905745520546,0.0261247191650292,0.0331087666591106,1.00257301296826
0.1,"without_ssp245",38,6,0.038525441246969,0.788300670950643,"hist+future",0.0451421444035328,0.78905745520546,0.00661670315656385,0.00838557840485894,0.999040900951098
0.1,"with_ssp245",38,4,-0.44228208653143,0.253755282160613,"hist",-0.465232445769518,0.25433843093167,0.0229503592380876,0.09023551475889,0.997707193643838
0.1,"without_ssp245",38,6,-0.471244468750775,0.251259878447285,"hist",-0.465232445769518,0.25433843093167,0.0060120229812573,0.0236378865719765,0.987895842271622
0.1,"with_ssp245",38,4,1.05656426783017,0.474543280711982,"future",1.02434920694485,0.482886078306809,0.032215060885324,0.0667135838711334,0.98272305214497
0.1,"without_ssp245",38,6,1.01657236159148,0.486591319053074,"future",1.02434920694485,0.482886078306809,0.00777684535337286,0.0161049276480316,1.00767311569482
