"tol","archive","draw","n_stitched","mean_gen","var_gen","time_period","mean_target","var_target","bias","E1","E2"
0.1,"with_ssp370",168,10,0.140087653975513,0.979451599922888,"hist+future",0.146394344005387,0.985331331685952,0.00630669002987372,0.00640057798535915,0.994032736426838
0.1,"without_ssp370",168,29,0.153228202445386,0.977296732751772,"hist+future",0.146394344005387,0.985331331685952,0.00683385843999959,0.00693559437342412,0.991845789658964
0.1,"with_ssp370",168,10,-0.46874954349528,0.254332932200383,"hist",-0.465232445769518,0.25433843093167,0.00351709772576186,0.0138284163855157,0.999978380257884
0.1,"without_ssp370",168,29,-0.455271996623847,0.252787425651538,"hist",-0.465232445769518,0.25433843093167,0.00996044914567035,0.0391621868122097,0.993901805266116
0.1,"with_ssp370",168,10,1.30820553284389,0.774435528869563,"future",1.31986434764328,0.783330201500798,0.0116588147993906,0.0148836528670198,0.988645053370604
0.1,"without_ssp370",168,29,1.3206995146131,0.769069328806689,"future",1.31986434764328,0.783330201500798,0.000835166969817447,0.00106617486242371,0.981794557816376
