"tol","archive","draw","n_stitched","mean_gen","var_gen","time_period","mean_target","var_target","bias","E1","E2"
0.1,"with_ssp245",94,4,0.0753136045975121,0.787534723162448,"hist+future",0.0451421444035328,0.78905745520546,0.0301714601939793,0.0382373425343571,0.998070188637131
0.1,"without_ssp245",94,6,0.0321981150138687,0.778840288298268,"hist+future",0.0451421444035328,0.78905745520546,0.0129440293896641,0.0164044193540933,0.987051428460896
0.1,"with_ssp245",94,4,-0.435765769379225,0.241484456721468,"hist",-0.465232445769518,0.25433843093167,0.0294666763902923,0.115856169601867,0.949461140563319
0.1,"without_ssp245",94,6,-0.469818190432965,0.252865405280592,"hist",-0.465232445769518,0.25433843093167,0.00458574466344702,0.0180300894624887,0.994208403167065
0.1,"with_ssp245",94,4,1.05587286862265,0.484433991545678,"future",1.02434920694485,0.482886078306809,0.0315236616777974,0.0652817778229017,1.00320554538308
0.1,"without_ssp245",94,6,0.995368933603724,0.485701057358412,"future",1.02434920694485,0.482886078306809,0.028980273341127,0.0600147211589602,1.00582948893759
