"tol","archive","draw","n_stitched","mean_gen","var_gen","time_period","mean_target","var_target","bias","E1","E2"
0.1,"with_ssp370",165,10,0.14644136466414,0.979272434233398,"hist+future",0.146394344005387,0.985331331685952,4.70206587536159e-05,4.77206572464931e-05,0.993850903490314
0.1,"without_ssp370",165,30,0.153401544607167,0.977181807089925,"hist+future",0.146394344005387,0.985331331685952,0.00700720060178051,0.00711151708714147,0.991729153094032
0.1,"with_ssp370",165,10,-0.46364549611906,0.256040690879382,"hist",-0.465232445769518,0.25433843093167,0.00158694965045764,0.00623951970075644,1.00669289317181
0.1,"without_ssp370",165,30,-0.456502628209129,0.252631396540038,"hist",-0.465232445769518,0.25433843093167,0.00872981756038915,0.03432362749275,0.993288334816808
0.1,"with_ssp370",165,10,1.31695685337609,0.767145760594222,"future",1.31986434764328,0.783330201500798,0.00290749426719006,0.00371170964890608,0.979338929003927
0.1,"without_ssp370",165,30,1.32356652733611,0.762485875295668,"future",1.31986434764328,0.783330201500798,0.00370217969282205,0.00472620573766844,0.973390115477235
