"tol","archive","draw","n_stitched","mean_gen","var_gen","time_period","mean_target","var_target","bias","E1","E2"
0.1,"with_ssp245",88,4,0.0768670858152744,0.786781490041459,"hist+future",0.0451421444035328,0.78905745520546,0.0317249414117416,0.0402061233975425,0.997115590063834
0.1,"without_ssp245",88,6,0.0317302563715413,0.781569777244805,"hist+future",0.0451421444035328,0.78905745520546,0.0134118880319916,0.0169973529094903,0.990510604885286
0.1,"with_ssp245",88,4,-0.432874148483831,0.25009244438999,"hist",-0.465232445769518,0.25433843093167,0.0323582972856865,0.127225355472842,0.983305761043951
0.1,"without_ssp245",88,6,-0.472279074010063,0.24747448071396,"hist",-0.465232445769518,0.25433843093167,0.0070466282405458,0.0277057156275331,0.973012532189625
0.1,"with_ssp245",88,4,1.054858988831,0.480364691924303,"future",1.02434920694485,0.482886078306809,0.0305097818861499,0.0631821525961763,0.994778506782911
0.1,"without_ssp245",88,6,0.998724901871132,0.492222148232419,"future",1.02434920694485,0.482886078306809,0.0256243050737188,0.0530649074903295,1.01933389746572
