"tol","archive","draw","n_stitched","mean_gen","var_gen","time_period","mean_target","var_target","bias","E1","E2"
0.1,"with_ssp370",1,10,0.144179119458268,0.979100457512278,"hist+future",-0.39668749076239,0.416684073603066,0.540866610220658,1.29802563737026,2.34974293364755
0.1,"without_ssp370",1,30,0.150275714643289,0.979584587594725,"hist+future",-0.39668749076239,0.416684073603066,0.546963205405679,1.31265685457111,2.35090479730665
0.1,"with_ssp370",1,10,-0.464888411788632,0.253500750889319,"hist",-0.450368748254349,0.254752984622156,0.0145196635342829,0.0569950674211654,0.995084517911757
0.1,"without_ssp370",1,30,-0.460300887260245,0.250405087067135,"hist",-0.450368748254349,0.254752984622156,0.00993213900589585,0.0389873312794626,0.982932888651061
0.1,"with_ssp370",1,10,1.31273891778081,0.772644965934508,"future",1.31986434764328,0.783330201500798,0.00712542986247544,0.00909632980934947,0.986359219208173
0.1,"without_ssp370",1,30,1.32173082294658,0.769845625289374,"future",1.31986434764328,0.783330201500798,0.0018664753032962,0.00238274395615053,0.982785578564967
