"tol","archive","draw","n_stitched","mean_gen","var_gen","time_period","mean_target","var_target","bias","E1","E2"
0.1,"with_ssp245",135,4,0.0701941221171532,0.791475225801685,"hist+future",0.0451421444035328,0.78905745520546,0.0250519777136204,0.0317492440485176,1.00306412490025
0.1,"without_ssp245",135,6,0.027164344162077,0.780651751696992,"hist+future",0.0451421444035328,0.78905745520546,0.0179778002414558,0.0227838925072632,0.989347159128888
0.1,"with_ssp245",135,4,-0.443969773622809,0.248170883514806,"hist",-0.465232445769518,0.25433843093167,0.0212626721467089,0.0835999186942428,0.975750627247831
0.1,"without_ssp245",135,6,-0.477250302356497,0.250458120338091,"hist",-0.465232445769518,0.25433843093167,0.0120178565869798,0.0472514379480798,0.984743514460771
0.1,"with_ssp245",135,4,1.05667136394382,0.478352053286357,"future",1.02434920694485,0.482886078306809,0.0323221569989738,0.0669353672657289,0.990610570020262
0.1,"without_ssp245",135,6,0.994936631087249,0.482644110436949,"future",1.02434920694485,0.482886078306809,0.0294125758576016,0.0609099685804441,0.999498913137632
