"tol","archive","draw","n_stitched","mean_gen","var_gen","time_period","mean_target","var_target","bias","E1","E2"
0.1,"with_ssp370",139,10,0.145751176291031,0.981102655666646,"hist+future",0.146394344005387,0.985331331685952,0.000643167714355408,0.000652742578737363,0.995708371505785
0.1,"without_ssp370",139,31,0.149020354579961,0.976241617890175,"hist+future",0.146394344005387,0.985331331685952,0.00262601057457446,0.00266510410267906,0.990774967258755
0.1,"with_ssp370",139,10,-0.465118324644183,0.247213162629576,"hist",-0.465232445769518,0.25433843093167,0.000114121125334543,0.000448697921570502,0.971985089803404
0.1,"without_ssp370",139,31,-0.458993821893738,0.248797744422713,"hist",-0.465232445769518,0.25433843093167,0.00623862387577984,0.0245288289816331,0.978215299635763
0.1,"with_ssp370",139,10,1.31776824203883,0.775991880794368,"future",1.31986434764328,0.783330201500798,0.00209610560445816,0.00267589019348698,0.99063189355859
0.1,"without_ssp370",139,31,1.31555918153531,0.769811823800873,"future",1.31986434764328,0.783330201500798,0.00430516610797071,0.00549597870696465,0.982742427556061
