"tol","archive","draw","n_stitched","mean_gen","var_gen","time_period","mean_target","var_target","bias","E1","E2"
0.1,"with_ssp245",101,4,0.0650119315404725,0.791430578769519,"hist+future",0.0451421444035328,0.78905745520546,0.0198697871369397,0.025181673407757,1.0030075421611
0.1,"without_ssp245",101,6,0.0321714141598594,0.778205061573699,"hist+future",0.0451421444035328,0.78905745520546,0.0129707302436734,0.0164382582765105,0.986246383504564
0.1,"with_ssp245",101,4,-0.448555965097145,0.245926638770602,"hist",-0.465232445769518,0.25433843093167,0.0166764806723724,0.0655680724744767,0.966926774965723
0.1,"without_ssp245",101,6,-0.473163957343361,0.253583105972087,"hist",-0.465232445769518,0.25433843093167,0.00793151157384286,0.0311848726312766,0.997030236614986
0.1,"with_ssp245",101,4,1.0503456867173,0.483926057057366,"future",1.02434920694485,0.482886078306809,0.0259964797724468,0.0538356373072523,1.00215367308621
0.1,"without_ssp245",101,6,1.00171020832301,0.462123896865663,"future",1.02434920694485,0.482886078306809,0.0226389986218367,0.0468826906363051,0.957003975939944
