"tol","archive","draw","n_stitched","mean_gen","var_gen","time_period","mean_target","var_target","bias","E1","E2"
0.1,"with_ssp370",154,10,0.144859332529964,0.981761511852865,"hist+future",0.146394344005387,0.985331331685952,0.00153501147542298,0.00155786325478608,0.996377036111316
0.1,"without_ssp370",154,29,0.148291959997169,0.977543366069078,"hist+future",0.146394344005387,0.985331331685952,0.00189761599178251,0.00192586587958752,0.992096094616672
0.1,"with_ssp370",154,10,-0.46676376438893,0.2560259016636,"hist",-0.465232445769518,0.25433843093167,0.00153131861941241,0.00602079132832197,1.00663474538924
0.1,"without_ssp370",154,29,-0.461648190398556,0.250873863522868,"hist",-0.465232445769518,0.25433843093167,0.0035842553709618,0.014092464744051,0.986378120694891
0.1,"with_ssp370",154,10,1.31832225103714,0.769585862753517,"future",1.31986434764328,0.783330201500798,0.00154209660614102,0.00196864183608201,0.982453965491247
0.1,"without_ssp370",154,29,1.31852596947734,0.764785024270001,"future",1.31986434764328,0.783330201500798,0.00133837816594506,0.00170857470244456,0.976325211009015
