"tol","archive","draw","n_stitched","mean_gen","var_gen","time_period","mean_target","var_target","bias","E1","E2"
0.1,"with_ssp370",37,10,0.144032122779916,0.979583748021553,"hist+future",0.146394344005387,0.985331331685952,0.00236222122547075,0.00239738771061798,0.994166851819718
0.1,"without_ssp370",37,30,0.150914937531598,0.97850318988873,"hist+future",0.146394344005387,0.985331331685952,0.00452059352621159,0.00458789178912704,0.993070207373251
0.1,"with_ssp370",37,10,-0.465855126487233,0.247102001572752,"hist",-0.465232445769518,0.25433843093167,0.000622680717715762,0.0024482368450368,0.971548030187928
0.1,"without_ssp370",37,30,-0.458197353153539,0.251470962497797,"hist",-0.465232445769518,0.25433843093167,0.00703509261597873,0.0276603602145708,0.988725776032475
0.1,"with_ssp370",37,10,1.31416463590875,0.774785538558173,"future",1.31986434764328,0.783330201500798,0.00569971173453565,0.0072762568373024,0.989091876036115
0.1,"without_ssp370",37,30,1.31956061152052,0.771659898054287,"future",1.31986434764328,0.783330201500798,0.000303736122760245,0.000387749792077863,0.985101680716316
