"tol","archive","draw","n_stitched","mean_gen","var_gen","time_period","mean_target","var_target","bias","E1","E2"
0.1,"with_ssp370",194,9,0.149020701695616,0.97489405356053,"hist+future",0.146394344005387,0.985331331685952,0.00262635769022945,0.00266545638585918,0.989407341683164
0.1,"without_ssp370",194,31,0.147892345897547,0.978653348105528,"hist+future",0.146394344005387,0.985331331685952,0.00149800189216082,0.0015203027083262,0.993222601001636
0.1,"with_ssp370",194,9,-0.456765784084917,0.248681538408177,"hist",-0.465232445769518,0.25433843093167,0.00846666168460025,0.0332889593349535,0.977758404411116
0.1,"without_ssp370",194,31,-0.461107159150127,0.252208905980229,"hist",-0.465232445769518,0.25433843093167,0.00412528661939093,0.0162196747234759,0.991627199461597
0.1,"with_ssp370",194,9,1.31128547092571,0.774549979970779,"future",1.31986434764328,0.783330201500798,0.00857887671757496,0.0109518012980203,0.988791161743544
0.1,"without_ssp370",194,31,1.31632162883785,0.772254508382346,"future",1.31986434764328,0.783330201500798,0.00354271880543178,0.00452263783350139,0.985860760765725
