"tol","archive","draw","n_stitched","mean_gen","var_gen","time_period","mean_target","var_target","bias","E1","E2"
0.1,"with_ssp245",34,4,0.0695485507745756,0.792211795907778,"hist+future",0.0451421444035328,0.78905745520546,0.0244064063710428,0.0309310889974263,1.00399760585431
0.1,"without_ssp245",34,6,0.0330933326178993,0.782496765468005,"hist+future",0.0451421444035328,0.78905745520546,0.0120488117856335,0.0152698788993714,0.99168540935242
0.1,"with_ssp245",34,4,-0.444621449420636,0.248293203412967,"hist",-0.465232445769518,0.25433843093167,0.0206109963488813,0.0810376798873097,0.976231560851585
0.1,"without_ssp245",34,6,-0.472437780494951,0.249180896169665,"hist",-0.465232445769518,0.25433843093167,0.00720533472543344,0.0283297128909678,0.979721763859623
0.1,"with_ssp245",34,4,1.05603750463748,0.481746640427098,"future",1.02434920694485,0.482886078306809,0.0316882976926316,0.0656227195527015,0.997640358811532
0.1,"without_ssp245",34,6,1.00300767754372,0.486078866693565,"future",1.02434920694485,0.482886078306809,0.0213415294011337,0.0441957852170134,1.00661188742063
