"tol","archive","draw","n_stitched","mean_gen","var_gen","time_period","mean_target","var_target","bias","E1","E2"
0.1,"with_ssp245",196,4,0.0676585758463834,0.78995549132913,"hist+future",0.0451421444035328,0.78905745520546,0.0225164314428505,0.0285358579331686,1.00113811246284
0.1,"without_ssp245",196,6,0.0287079021622605,0.786458342653585,"hist+future",0.0451421444035328,0.78905745520546,0.0164342422412723,0.0208276876833932,0.996706054122259
0.1,"with_ssp245",196,4,-0.444681805813553,0.244297676610952,"hist",-0.465232445769518,0.25433843093167,0.0205506399559642,0.080800372482778,0.960522071776816
0.1,"without_ssp245",196,6,-0.480356086538633,0.245863881457802,"hist",-0.465232445769518,0.25433843093167,0.0151236407691157,0.0594626644259624,0.96668002769843
0.1,"with_ssp245",196,4,1.05063721507766,0.485767178129309,"future",1.02434920694485,0.482886078306809,0.0262880081328067,0.0544393580883155,1.00596641723986
0.1,"without_ssp245",196,6,1.00540043862328,0.487318540855355,"future",1.02434920694485,0.482886078306809,0.0189487683215728,0.0392406598011993,1.00917910610322
