"tol","archive","draw","n_stitched","mean_gen","var_gen","time_period","mean_target","var_target","bias","E1","E2"
0.1,"with_ssp245",2,4,0.0704962907964656,0.788313093238317,"hist+future",-0.405648810261708,0.365967483865497,0.476145101058173,1.3010584875709,2.15405228057923
0.1,"without_ssp245",2,6,0.0321667726213318,0.780191620407399,"hist+future",-0.405648810261708,0.365967483865497,0.43781558288304,1.1963237232408,2.13186049254075
0.1,"with_ssp245",2,4,-0.441921093046186,0.245040609093003,"hist",-0.450368748254349,0.254752984622156,0.0084476552081636,0.033160181501673,0.961875321917983
0.1,"without_ssp245",2,6,-0.472554954201458,0.253004386270092,"hist",-0.450368748254349,0.254752984622156,0.0221862059471086,0.0870890913408322,0.993136102587151
0.1,"with_ssp245",2,4,1.05362266677365,0.476705551324782,"future",1.02434920694485,0.482886078306809,0.0292734598287949,0.0606218757257185,0.987200859043817
0.1,"without_ssp245",2,6,1.00052822524645,0.476073606065991,"future",1.02434920694485,0.482886078306809,0.023820981698399,0.0493304378994003,0.985892175097065
