"tol","archive","draw","n_stitched","mean_gen","var_gen","time_period","mean_target","var_target","bias","E1","E2"
0.1,"with_ssp370",132,9,0.148558398574239,0.978907623108506,"hist+future",0.146394344005387,0.985331331685952,0.00216405456885205,0.0021962709387808,0.993480661407107
0.1,"without_ssp370",132,30,0.15142553115397,0.98040244699975,"hist+future",0.146394344005387,0.985331331685952,0.00503118714858314,0.00510608663988642,0.994997738803485
0.1,"with_ssp370",132,9,-0.460643182062597,0.257057282973802,"hist",-0.465232445769518,0.25433843093167,0.00458926370692098,0.018043925529107,1.01068989862119
0.1,"without_ssp370",132,30,-0.459015723786711,0.250700403003734,"hist",-0.465232445769518,0.25433843093167,0.00621672198280654,0.0244427157942038,0.985696113974561
0.1,"with_ssp370",132,9,1.31737538467979,0.76904954937514,"future",1.31986434764328,0.783330201500798,0.00248896296348944,0.00317741223142014,0.981769307377275
0.1,"without_ssp370",132,30,1.32262096214481,0.773294103728272,"future",1.31986434764328,0.783330201500798,0.00275661450152676,0.00351909641201795,0.987187909066575
