"tol","archive","draw","n_stitched","mean_gen","var_gen","time_period","mean_target","var_target","bias","E1","E2"
0.1,"with_ssp370",78,8,0.148474216451739,0.97789470491438,"hist+future",0.146394344005387,0.985331331685952,0.00207987244635263,0.00211083559353975,0.992452663857904
0.1,"without_ssp370",78,31,0.150657755058989,0.980459752408017,"hist+future",0.146394344005387,0.985331331685952,0.00426341105360253,0.00432688063040441,0.995055897319737
0.1,"with_ssp370",78,8,-0.460971050571667,0.252367478078238,"hist",-0.465232445769518,0.25433843093167,0.00426139519785051,0.016754822235242,0.992250668346848
0.1,"without_ssp370",78,31,-0.460447961538055,0.249382445706428,"hist",-0.465232445769518,0.25433843093167,0.0047844842314626,0.0188114875677125,0.980514210113323
0.1,"with_ssp370",78,8,1.317758740392,0.76715039381325,"future",1.31986434764328,0.783330201500798,0.00210560725128861,0.00268802000389419,0.97934484377527
0.1,"without_ssp370",78,31,1.32312802527425,0.771384174118561,"future",1.31986434764328,0.783330201500798,0.00326367763096402,0.0041664136333708,0.984749691305979
