"tol","archive","draw","n_stitched","mean_gen","var_gen","time_period","mean_target","var_target","bias","E1","E2"
0.1,"with_ssp370",10,9,0.148076870722921,0.975261549863351,"hist+future",-0.39668749076239,0.416684073603066,0.544764361485311,1.30737984961781,2.3405299401781
0.1,"without_ssp370",10,30,0.148875309014685,0.976980251716885,"hist+future",-0.39668749076239,0.416684073603066,0.545562799777075,1.30929602146681,2.34465465230994
0.1,"with_ssp370",10,9,-0.459073748149963,0.248365262069919,"hist",-0.450368748254349,0.254752984622156,0.00870499989561363,0.0341703548970179,0.974925818585752
0.1,"without_ssp370",10,30,-0.458778614718159,0.250630517327844,"hist",-0.450368748254349,0.254752984622156,0.00840986646380976,0.0330118466571965,0.983817786078438
0.1,"with_ssp370",10,9,1.3129588720488,0.770094626268853,"future",1.31986434764328,0.783330201500798,0.00690547559447996,0.00881553600416481,0.983103453426681
0.1,"without_ssp370",10,30,1.31472295338584,0.772991012661245,"future",1.31986434764328,0.783330201500798,0.00514139425744342,0.00656350827223682,0.986800982753194
