"tol","archive","draw","n_stitched","mean_gen","var_gen","time_period","mean_target","var_target","bias","E1","E2"
0.1,"with_ssp245",79,4,0.061192598996283,0.788093207221136,"hist+future",0.0451421444035328,0.78905745520546,0.0160504545927501,0.0203413002270802,0.998777974939642
0.1,"without_ssp245",79,6,0.0314419592492184,0.784810279206387,"hist+future",0.0451421444035328,0.78905745520546,0.0137001851543145,0.0173627218955141,0.994617405904913
0.1,"with_ssp245",79,4,-0.451279855567137,0.240489835484802,"hist",-0.465232445769518,0.25433843093167,0.013952590202381,0.0548583639179934,0.945550519454967
0.1,"without_ssp245",79,6,-0.476036772365672,0.248144351778528,"hist",-0.465232445769518,0.25433843093167,0.010804326596154,0.0424801181503581,0.975646310585261
0.1,"with_ssp245",79,4,1.04442463391447,0.479752795370608,"future",1.02434920694485,0.482886078306809,0.0200754269696213,0.0415738367111633,0.993511341335026
0.1,"without_ssp245",79,6,1.00509301409174,0.486610354584229,"future",1.02434920694485,0.482886078306809,0.0192561928531105,0.0398772996741393,1.00771253603019
