"tol","archive","draw","n_stitched","mean_gen","var_gen","time_period","mean_target","var_target","bias","E1","E2"
0.1,"with_ssp370",161,10,0.147589319580717,0.97916408729506,"hist+future",0.146394344005387,0.985331331685952,0.00119497557533013,0.00121276522617571,0.99374094358662
0.1,"without_ssp370",161,31,0.149634654356188,0.977775119919598,"hist+future",0.146394344005387,0.985331331685952,0.00324031035080141,0.00328854898509832,0.992331298596356
0.1,"with_ssp370",161,10,-0.462702007507465,0.25103212419252,"hist",-0.465232445769518,0.25433843093167,0.00253043826205307,0.009949099130571,0.98700036511573
0.1,"without_ssp370",161,31,-0.458916275104937,0.251450824025436,"hist",-0.465232445769518,0.25433843093167,0.0063161706645804,0.0248337250546194,0.98864659620783
0.1,"with_ssp370",161,10,1.31849709829641,0.769005441725947,"future",1.31986434764328,0.783330201500798,0.00136724934687082,0.00174543167651558,0.981712999514884
0.1,"without_ssp370",161,31,1.31720329808974,0.771461745356865,"future",1.31986434764328,0.783330201500798,0.00266104955354196,0.00339709811832048,0.984848718814627
