"tol","archive","draw","n_stitched","mean_gen","var_gen","time_period","mean_target","var_target","bias","E1","E2"
0.1,"with_ssp245",35,4,0.074756549723695,0.790989381812427,"hist+future",0.0451421444035328,0.78905745520546,0.0296144053201622,0.0375313674876198,1.00244839788817
0.1,"without_ssp245",35,6,0.0341126792848233,0.779942838047005,"hist+future",0.0451421444035328,0.78905745520546,0.0110294651187095,0.0139780253591769,0.988448728165072
0.1,"with_ssp245",35,4,-0.437811835627714,0.245891051228819,"hist",-0.465232445769518,0.25433843093167,0.0274206101418041,0.107811509418216,0.966786852966312
0.1,"without_ssp245",35,6,-0.470138306366649,0.251411455507805,"hist",-0.465232445769518,0.25433843093167,0.00490586059713094,0.019288711419506,0.98849180828417
0.1,"with_ssp245",35,4,1.05817263789791,0.48778728915909,"future",1.02434920694485,0.482886078306809,0.0338234309530585,0.0700443282019166,1.01014982844291
0.1,"without_ssp245",35,6,1.00157096570916,0.479290783734634,"future",1.02434920694485,0.482886078306809,0.0227782412356916,0.0471710456337056,0.992554569838124
