"tol","archive","draw","n_stitched","mean_gen","var_gen","time_period","mean_target","var_target","bias","E1","E2"
0.1,"with_ssp245",164,4,0.0727803631207698,0.789855266015541,"hist+future",0.0451421444035328,0.78905745520546,0.0276382187172369,0.0350268773647672,1.00101109343156
0.1,"without_ssp245",164,7,0.042972997097502,0.788032649709522,"hist+future",0.0451421444035328,0.78905745520546,0.00216914730603081,0.00274903594373364,0.998701228295637
0.1,"with_ssp245",164,4,-0.441946566119895,0.248874230044963,"hist",-0.465232445769518,0.25433843093167,0.0232858796496225,0.0915547035669119,0.978516023446828
0.1,"without_ssp245",164,7,-0.466433406774525,0.249019326035596,"hist",-0.465232445769518,0.25433843093167,0.00120096100500705,0.00472190144685487,0.979086507388642
0.1,"with_ssp245",164,4,1.06033784364065,0.466266863155838,"future",1.02434920694485,0.482886078306809,0.0359886366957995,0.0745282134079948,0.965583569505162
0.1,"without_ssp245",164,7,1.02032249289848,0.489751072538767,"future",1.02434920694485,0.482886078306809,0.00402671404636701,0.00833884890715067,1.01421659173946
