"tol","archive","draw","n_stitched","mean_gen","var_gen","time_period","mean_target","var_target","bias","E1","E2"
0.1,"with_ssp245",162,4,0.0735212090038783,0.793681443204759,"hist+future",0.0451421444035328,0.78905745520546,0.0283790646003455,0.0359657771599864,1.00586014106932
0.1,"without_ssp245",162,6,0.0326832450253051,0.776946688425916,"hist+future",0.0451421444035328,0.78905745520546,0.0124588993782278,0.0157895971909721,0.984651603378628
0.1,"with_ssp245",162,4,-0.442881396551095,0.246818302202686,"hist",-0.465232445769518,0.25433843093167,0.0223510492184225,0.0878791661037936,0.970432589752806
0.1,"without_ssp245",162,6,-0.471040237805465,0.249323415466894,"hist",-0.465232445769518,0.25433843093167,0.00580779203594695,0.0228348976388364,0.980282116837767
0.1,"with_ssp245",162,4,1.06429364989423,0.476840312105914,"future",1.02434920694485,0.482886078306809,0.039944442949384,0.0827202206562781,0.987479932695319
0.1,"without_ssp245",162,6,0.99912946208434,0.470190361207377,"future",1.02434920694485,0.482886078306809,0.0252197448605106,0.0522271111002849,0.97370867028524
