"tol","archive","draw","n_stitched","mean_gen","var_gen","time_period","mean_target","var_target","bias","E1","E2"
0.1,"with_ssp370",102,9,0.152150287072252,0.971073822102782,"hist+future",0.146394344005387,0.985331331685952,0.00575594306686522,0.00584163202951895,0.985530238281599
0.1,"without_ssp370",102,32,0.149348396714013,0.976786824873838,"hist+future",0.146394344005387,0.985331331685952,0.00295405270862625,0.00299802981355695,0.991328290761348
0.1,"with_ssp370",102,9,-0.451028123695188,0.249189909658113,"hist",-0.465232445769518,0.25433843093167,0.01420432207433,0.0558481155297607,0.979757202815567
0.1,"without_ssp370",102,32,-0.458504122248516,0.250552720242194,"hist",-0.465232445769518,0.25433843093167,0.00672832352100194,0.0264542149464214,0.985115459446656
0.1,"with_ssp370",102,9,1.30941119145164,0.771625037408615,"future",1.31986434764328,0.783330201500798,0.0104531561916426,0.0133445080652005,0.985057177586467
0.1,"without_ssp370",102,32,1.31557706681654,0.771454215578449,"future",1.31986434764328,0.783330201500798,0.00428728082674579,0.00547314634177477,0.984839106293112
