"tol","archive","draw","n_stitched","mean_gen","var_gen","time_period","mean_target","var_target","bias","E1","E2"
0.1,"with_ssp245",3,4,0.0721616696083362,0.787005441634161,"hist+future",0.0451421444035328,0.78905745520546,0.0270195252048034,0.0342427855241136,0.997399411718675
0.1,"without_ssp245",3,6,0.0298973533782079,0.788883046965631,"hist+future",0.0451421444035328,0.78905745520546,0.0152447910253249,0.019320254722586,0.99977896636211
0.1,"with_ssp245",3,4,-0.436094687629188,0.257253783211844,"hist",-0.465232445769518,0.25433843093167,0.0291377581403296,0.114562938969132,1.01146249219788
0.1,"without_ssp245",3,6,-0.480090947236306,0.247664819754586,"hist",-0.465232445769518,0.25433843093167,0.0148585014667881,0.0584201978928616,0.973760901360296
0.1,"with_ssp245",3,4,1.04730468058731,0.483000450770793,"future",1.02434920694485,0.482886078306809,0.0229554736424569,0.0475380730025349,1.00023685185621
0.1,"without_ssp245",3,6,1.00836327897582,0.491579442931669,"future",1.02434920694485,0.482886078306809,0.0159859279690293,0.0331049675838292,1.01800293074371
