"tol","archive","draw","n_stitched","mean_gen","var_gen","time_period","mean_target","var_target","bias","E1","E2"
0.1,"with_ssp245",56,4,0.0701849928594031,0.788043406283189,"hist+future",0.0451421444035328,0.78905745520546,0.0250428484558703,0.0317376742221508,0.998714860476152
0.1,"without_ssp245",56,6,0.0264779357462165,0.783209021641645,"hist+future",0.0451421444035328,0.78905745520546,0.0186642086573164,0.0236538018038958,0.9925880764129
0.1,"with_ssp245",56,4,-0.44231196900408,0.248874831091056,"hist",-0.465232445769518,0.25433843093167,0.022920476765438,0.0901180237743769,0.978518386621323
0.1,"without_ssp245",56,6,-0.477441958520887,0.251920861679926,"hist",-0.465232445769518,0.25433843093167,0.0122095127513696,0.0480049857453502,0.99049467576375
0.1,"with_ssp245",56,4,1.05346404759748,0.471071658167055,"future",1.02434920694485,0.482886078306809,0.02911484065263,0.0602933941577241,0.975533732135787
0.1,"without_ssp245",56,6,0.993300988700543,0.496004149396117,"future",1.02434920694485,0.482886078306809,0.0310482182443073,0.0642971906607345,1.02716597491339
