"tol","archive","draw","n_stitched","mean_gen","var_gen","time_period","mean_target","var_target","bias","E1","E2"
0.1,"with_ssp245",134,4,0.0736196086233427,0.783625417166286,"hist+future",0.0451421444035328,0.78905745520546,0.0284774642198099,0.0360904824255094,0.993115788966521
0.1,"without_ssp245",134,6,0.0334859544784767,0.780464327054278,"hist+future",0.0451421444035328,0.78905745520546,0.0116561899250561,0.0147722955383787,0.989109629350192
0.1,"with_ssp245",134,4,-0.437453826518865,0.240063161761799,"hist",-0.465232445769518,0.25433843093167,0.0277786192506522,0.109219118592876,0.943872936867706
0.1,"without_ssp245",134,6,-0.469489594664908,0.249719936902537,"hist",-0.465232445769518,0.25433843093167,0.00425714889539042,0.0167381267541677,0.981841147591361
0.1,"with_ssp245",134,4,1.05416747837293,0.466973766027175,"future",1.02434920694485,0.482886078306809,0.0298182714280777,0.0617501161612123,0.9670474818089
0.1,"without_ssp245",134,6,0.998497182486134,0.490849361634105,"future",1.02434920694485,0.482886078306809,0.0258520244587168,0.0535364874244549,1.01649101865852
