"tol","archive","draw","n_stitched","mean_gen","var_gen","time_period","mean_target","var_target","bias","E1","E2"
0.1,"with_ssp370",62,9,0.143301555150319,0.97985325615453,"hist+future",0.146394344005387,0.985331331685952,0.00309278885506745,0.00313883133075199,0.994440372131424
0.1,"without_ssp370",62,29,0.152404832922335,0.979932032771333,"hist+future",0.146394344005387,0.985331331685952,0.00601048891694811,0.00609996731420674,0.994520321498981
0.1,"with_ssp370",62,9,-0.467034406862208,0.253971746309516,"hist",-0.465232445769518,0.25433843093167,0.00180196109269082,0.00708489505927214,0.998558280709639
0.1,"without_ssp370",62,29,-0.458926533844124,0.25136953440429,"hist",-0.465232445769518,0.25433843093167,0.0063059119253937,0.0247933900602219,0.988326984182044
0.1,"with_ssp370",62,9,1.31429497063947,0.769492224817255,"future",1.31986434764328,0.783330201500798,0.00556937700381321,0.00710987140945508,0.98233442722235
0.1,"without_ssp370",62,29,1.32530803660217,0.767170630980538,"future",1.31986434764328,0.783330201500798,0.00544368895888403,0.00694941794463479,0.979370678560204
