"tol","archive","draw","n_stitched","mean_gen","var_gen","time_period","mean_target","var_target","bias","E1","E2"
0.1,"with_ssp370",77,9,0.148230162412415,0.978433899260103,"hist+future",0.146394344005387,0.985331331685952,0.00183581840702837,0.00186314831163157,0.992999885212168
0.1,"without_ssp370",77,30,0.154024911499637,0.976226574211931,"hist+future",0.146394344005387,0.985331331685952,0.00763056749425042,0.00774416406833844,0.99075969962465
0.1,"with_ssp370",77,9,-0.461937443563426,0.249736796976807,"hist",-0.465232445769518,0.25433843093167,0.00329500220609208,0.0129551880697782,0.981907437511482
0.1,"without_ssp370",77,30,-0.454259922123399,0.248193485087233,"hist",-0.465232445769518,0.25433843093167,0.0109725236461187,0.0431414301249133,0.975839491413359
0.1,"with_ssp370",77,9,1.31890056922653,0.76762390727017,"future",1.31986434764328,0.783330201500798,0.000963778416756655,0.00123036034473091,0.979949331456216
0.1,"without_ssp370",77,30,1.32108302252058,0.768929729547641,"future",1.31986434764328,0.783330201500798,0.00121867487729399,0.00155576138256779,0.981616345283806
