"tol","archive","draw","n_stitched","mean_gen","var_gen","time_period","mean_target","var_target","bias","E1","E2"
0.1,"with_ssp245",87,4,0.0776552831314768,0.787257814021374,"hist+future",0.0451421444035328,0.78905745520546,0.0325131387279439,0.0412050333134207,0.997719252036448
0.1,"without_ssp245",87,8,0.0382187402044924,0.787394484887587,"hist+future",0.0451421444035328,0.78905745520546,0.0069234041990404,0.00877427131999866,0.997892459786164
0.1,"with_ssp245",87,4,-0.432302639644249,0.246903956728943,"hist",-0.465232445769518,0.25433843093167,0.0329298061252685,0.12947239630536,0.970769363577917
0.1,"without_ssp245",87,8,-0.469348881955746,0.25455093573594,"hist",-0.465232445769518,0.25433843093167,0.00411643618622848,0.0161848768632782,1.00083551983667
0.1,"with_ssp245",87,4,1.0560629256663,0.484506312492347,"future",1.02434920694485,0.482886078306809,0.0317137187214491,0.0656753634990888,1.00335531351664
0.1,"without_ssp245",87,8,1.01204034086076,0.49206076656039,"future",1.02434920694485,0.482886078306809,0.0123088660840864,0.025490206980591,1.01899969509527
