"tol","archive","draw","n_stitched","mean_gen","var_gen","time_period","mean_target","var_target","bias","E1","E2"
0.1,"with_ssp245",9,4,0.0658703204517062,0.791882569149223,"hist+future",-0.405648810261708,0.365967483865497,0.471519130713414,1.28841810133796,2.16380581352485
0.1,"without_ssp245",9,6,0.0315642285570748,0.785483857710382,"hist+future",-0.405648810261708,0.365967483865497,0.437213038818783,1.19467728171028,2.14632144204119
0.1,"with_ssp245",9,4,-0.448469357521283,0.243751734840294,"hist",-0.450368748254349,0.254752984622156,0.00189939073306583,0.00745581346527879,0.956816012192442
0.1,"without_ssp245",9,6,-0.474390208018752,0.250169708424622,"hist",-0.450368748254349,0.254752984622156,0.0240214597644028,0.0942931436113729,0.982008940133393
0.1,"with_ssp245",9,4,1.05268481888826,0.483599025690132,"future",1.02434920694485,0.482886078306809,0.0283356119434055,0.0586797035912931,1.00147642977371
0.1,"without_ssp245",9,6,1.00229076384791,0.496597852591204,"future",1.02434920694485,0.482886078306809,0.022058443096945,0.0456804287551439,1.02839546406571
