"tol","archive","draw","n_stitched","mean_gen","var_gen","time_period","mean_target","var_target","bias","E1","E2"
0.1,"with_ssp245",55,4,0.0777798834715553,0.787771396259991,"hist+future",0.0451421444035328,0.78905745520546,0.0326377390680225,0.041362943664887,0.998370132698216
0.1,"without_ssp245",55,6,0.027519753241324,0.782380208446457,"hist+future",0.0451421444035328,0.78905745520546,0.0176223911622088,0.0223334702003673,0.991537692578718
0.1,"with_ssp245",55,4,-0.434282659052784,0.25027398839348,"hist",-0.465232445769518,0.25433843093167,0.0309497867167332,0.121687417050426,0.98401955015881
0.1,"without_ssp245",55,6,-0.480128561072826,0.24672924454211,"hist",-0.465232445769518,0.25433843093167,0.0148961153033088,0.0585680868154399,0.970082435589123
0.1,"with_ssp245",55,4,1.060225459245,0.470970159612377,"future",1.02434920694485,0.482886078306809,0.0358762523001475,0.0742954786063494,0.975323540624294
0.1,"without_ssp245",55,6,1.0014961702394,0.475435893795084,"future",1.02434920694485,0.482886078306809,0.0228530367054471,0.0473259382121328,0.984571548349771
