"tol","archive","draw","n_stitched","mean_gen","var_gen","time_period","mean_target","var_target","bias","E1","E2"
0.1,"with_ssp370",39,10,0.145069955970043,0.980930439689869,"hist+future",0.146394344005387,0.985331331685952,0.00132438803534393,0.00134410425483765,0.995533591742635
0.1,"without_ssp370",39,32,0.149148970693872,0.980215690608078,"hist+future",0.146394344005387,0.985331331685952,0.00275462668848567,0.00279563493000102,0.994808202161682
0.1,"with_ssp370",39,10,-0.464456229238029,0.252073080685889,"hist",-0.465232445769518,0.25433843093167,0.000776216531488239,0.00305190422322286,0.991093165757596
0.1,"without_ssp370",39,32,-0.460573570227239,0.252808810936156,"hist",-0.465232445769518,0.25433843093167,0.00465887554227906,0.0183176231968291,0.993985887268744
0.1,"with_ssp370",39,10,1.31450972991576,0.778273099086696,"future",1.31986434764328,0.783330201500798,0.00535461772752188,0.0068357095350886,0.993544098766506
0.1,"without_ssp370",39,32,1.31896547362391,0.77446585682685,"future",1.31986434764328,0.783330201500798,0.000898874019373608,0.00114750333595135,0.988683770066614
