"tol","archive","draw","n_stitched","mean_gen","var_gen","time_period","mean_target","var_target","bias","E1","E2"
0.1,"with_ssp245",190,4,0.0727362493810459,0.788948747423814,"hist+future",0.0451421444035328,0.78905745520546,0.027594104977513,0.0349709704857017,0.999862230841457
0.1,"without_ssp245",190,7,0.0401668257133494,0.781824629618626,"hist+future",0.0451421444035328,0.78905745520546,0.00497531869018338,0.00630539469256757,0.990833588176477
0.1,"with_ssp245",190,4,-0.437482477210446,0.243778727088261,"hist",-0.465232445769518,0.25433843093167,0.0277499685590714,0.109106470687187,0.958481682045739
0.1,"without_ssp245",190,7,-0.464140037764992,0.252377504431232,"hist",-0.465232445769518,0.25433843093167,0.00109240800452554,0.00429509610688374,0.992290089652379
0.1,"with_ssp245",190,4,1.05164427132984,0.493955642257606,"future",1.02434920694485,0.482886078306809,0.0272950643849885,0.0565248525712232,1.02292375872506
0.1,"without_ssp245",190,7,1.00773231959621,0.486973764927187,"future",1.02434920694485,0.482886078306809,0.0166168873486365,0.034411609891306,1.0084651159021
