"tol","archive","draw","n_stitched","mean_gen","var_gen","time_period","mean_target","var_target","bias","E1","E2"
0.1,"with_ssp245",150,4,0.0767951916850982,0.792739386624714,"hist+future",0.0451421444035328,0.78905745520546,0.0316530472815654,0.0401150094619198,1.00466623994864
0.1,"without_ssp245",150,6,0.0402964300957712,0.78920006397331,"hist+future",0.0451421444035328,0.78905745520546,0.00484571430776158,0.00614114254392264,1.00018073305931
0.1,"with_ssp245",150,4,-0.440755008320851,0.24369401257758,"hist",-0.465232445769518,0.25433843093167,0.0244774374486663,0.096239633778516,0.958148604144884
0.1,"without_ssp245",150,6,-0.469531593291315,0.254754777546473,"hist",-0.465232445769518,0.25433843093167,0.00429914752179694,0.0169032556584103,1.00163697878169
0.1,"with_ssp245",150,4,1.06976941262675,0.468281073061161,"future",1.02434920694485,0.482886078306809,0.0454202056818951,0.0940598781417688,0.969754760176854
0.1,"without_ssp245",150,6,1.01845484705937,0.487020233616443,"future",1.02434920694485,0.482886078306809,0.00589435988548437,0.012206522718883,1.00856134706581
