"tol","archive","draw","n_stitched","mean_gen","var_gen","time_period","mean_target","var_target","bias","E1","E2"
0.1,"with_ssp370",20,9,0.149478077382544,0.976110429559404,"hist+future",0.146394344005387,0.985331331685952,0.00308373337715717,0.00312964104356729,0.990641825921874
0.1,"without_ssp370",20,30,0.151517602747254,0.97562072069455,"hist+future",0.146394344005387,0.985331331685952,0.00512325874186759,0.0051995289067906,0.990144826740882
0.1,"with_ssp370",20,9,-0.458850393615448,0.24842125975997,"hist",-0.465232445769518,0.25433843093167,0.00638205215406984,0.0250927558634834,0.976735048848006
0.1,"without_ssp370",20,30,-0.455506330475136,0.248857498188967,"hist",-0.465232445769518,0.25433843093167,0.00972611529438172,0.0382408402015923,0.978450237651362
0.1,"with_ssp370",20,9,1.31661991127404,0.767986923770472,"future",1.31986434764328,0.783330201500798,0.00324443636924499,0.0041418502223314,0.980412758628571
0.1,"without_ssp370",20,30,1.31615654439486,0.771849393652718,"future",1.31986434764328,0.783330201500798,0.00370780324842102,0.00473338477351845,0.985343590958086
