"tol","archive","draw","n_stitched","mean_gen","var_gen","time_period","mean_target","var_target","bias","E1","E2"
0.1,"with_ssp370",128,8,0.146225079997947,0.98137711401941,"hist+future",0.146394344005387,0.985331331685952,0.000169264007439135,0.000171783847723096,0.995986915731405
0.1,"without_ssp370",128,30,0.149276475623783,0.976773815877925,"hist+future",0.146394344005387,0.985331331685952,0.00288213161839629,0.00292503803108018,0.991315088099974
0.1,"with_ssp370",128,8,-0.464366564328364,0.253913219359419,"hist",-0.465232445769518,0.25433843093167,0.000865881441153571,0.00340444595015292,0.998328166251974
0.1,"without_ssp370",128,30,-0.460030145659544,0.250292585767501,"hist",-0.465232445769518,0.25433843093167,0.00520230010997325,0.0204542431551403,0.984092670740523
0.1,"with_ssp370",128,8,1.31770904876354,0.774019818309938,"future",1.31986434764328,0.783330201500798,0.00215529887973909,0.00275145637894429,0.988114356917399
0.1,"without_ssp370",128,30,1.31829499320226,0.765111585338468,"future",1.31986434764328,0.783330201500798,0.00156935444102446,0.00200343921122625,0.976742099146152
