"tol","archive","draw","n_stitched","mean_gen","var_gen","time_period","mean_target","var_target","bias","E1","E2"
0.1,"with_ssp370",151,9,0.144764861673688,0.980492413983964,"hist+future",0.146394344005387,0.985331331685952,0.00162948233169855,0.00165374050260882,0.995089045129917
0.1,"without_ssp370",151,31,0.15101310898994,0.979754064223358,"hist+future",0.146394344005387,0.985331331685952,0.00461876498455305,0.00468752473003178,0.994339703525867
0.1,"with_ssp370",151,9,-0.466871723936829,0.244109765110101,"hist",-0.465232445769518,0.25433843093167,0.00163927816731096,0.006445263349727,0.959783247132175
0.1,"without_ssp370",151,31,-0.459062656639209,0.253385047271573,"hist",-0.465232445769518,0.25433843093167,0.00616978913030886,0.024258186651967,0.996251515523611
0.1,"with_ssp370",151,9,1.31825365964735,0.772202884992172,"future",1.31986434764328,0.783330201500798,0.00161068799593056,0.00205620566249662,0.98579485830202
0.1,"without_ssp370",151,31,1.32150731048772,0.770830222504714,"future",1.31986434764328,0.783330201500798,0.0016429628444401,0.00209740776149357,0.984042516205636
