"tol","archive","draw","n_stitched","mean_gen","var_gen","time_period","mean_target","var_target","bias","E1","E2"
0.1,"with_ssp370",172,10,0.142373104171759,0.978384008518013,"hist+future",0.146394344005387,0.985331331685952,0.00402123983362757,0.0040811041974551,0.992949251744535
0.1,"without_ssp370",172,32,0.147468702716063,0.976636415483515,"hist+future",0.146394344005387,0.985331331685952,0.00107435871067627,0.00109035273326586,0.991175642220206
0.1,"with_ssp370",172,10,-0.467726538165672,0.246930931752325,"hist",-0.465232445769518,0.25433843093167,0.002494092396154,0.00980619557578406,0.970875423143053
0.1,"without_ssp370",172,32,-0.460829112140487,0.248984221788888,"hist",-0.465232445769518,0.25433843093167,0.00440333362903017,0.0173128913821646,0.978948485593903
0.1,"with_ssp370",172,10,1.31291311563311,0.769506997887387,"future",1.31986434764328,0.783330201500798,0.00695123201017567,0.0088739486832726,0.982353286536218
0.1,"without_ssp370",172,32,1.314551719592,0.769905082373875,"future",1.31986434764328,0.783330201500798,0.00531262805128185,0.00678210547876653,0.982861481529499
