"tol","archive","draw","n_stitched","mean_gen","var_gen","time_period","mean_target","var_target","bias","E1","E2"
0.1,"with_ssp370",54,8,0.148823227593599,0.976701723926374,"hist+future",0.146394344005387,0.985331331685952,0.00242888358821264,0.00246504247871292,0.991241922912557
0.1,"without_ssp370",54,31,0.146823182308089,0.977728078857707,"hist+future",0.146394344005387,0.985331331685952,0.000428838302702572,0.000435222436262945,0.99228355723223
0.1,"with_ssp370",54,8,-0.459509717002463,0.246951632278116,"hist",-0.465232445769518,0.25433843093167,0.00572272876705504,0.0225004485012039,0.97095681283204
0.1,"without_ssp370",54,31,-0.462405422446551,0.251134247776725,"hist",-0.465232445769518,0.25433843093167,0.00282702332296664,0.0111152031276238,0.987401891475043
0.1,"with_ssp370",54,8,1.31597364455116,0.771035478561474,"future",1.31986434764328,0.783330201500798,0.00389070309212447,0.00496687486920611,0.984304546261885
0.1,"without_ssp370",54,31,1.31569201701176,0.768483637677322,"future",1.31986434764328,0.783330201500798,0.00417233063152489,0.00532640082500462,0.981046864023586
