"tol","archive","draw","n_stitched","mean_gen","var_gen","time_period","mean_target","var_target","bias","E1","E2"
0.1,"with_ssp370",197,9,0.145296238245574,0.978794954901669,"hist+future",0.146394344005387,0.985331331685952,0.00109810575981242,0.00111445330570531,0.993366315904012
0.1,"without_ssp370",197,30,0.150360278347489,0.978438979141875,"hist+future",0.146394344005387,0.985331331685952,0.00396593434210266,0.00402497537078897,0.993005040718349
0.1,"with_ssp370",197,9,-0.464802100046789,0.249775694964996,"hist",-0.465232445769518,0.25433843093167,0.000430345722728875,0.00169202004255696,0.982060375421992
0.1,"without_ssp370",197,30,-0.45931378534536,0.251447551958948,"hist",-0.465232445769518,0.25433843093167,0.00591866042415801,0.0232708065488857,0.988633731197708
0.1,"with_ssp370",197,9,1.31583374775999,0.769251144902313,"future",1.31986434764328,0.783330201500798,0.0040305998832928,0.00514546723153338,0.982026664398345
0.1,"without_ssp370",197,30,1.32008377264191,0.768946873654083,"future",1.31986434764328,0.783330201500798,0.000219424998624485,0.000280118139456494,0.98163823146464
