"tol","archive","draw","n_stitched","mean_gen","var_gen","time_period","mean_target","var_target","bias","E1","E2"
0.1,"with_ssp245",60,4,0.0698624394115392,0.789789464999191,"hist+future",0.0451421444035328,0.78905745520546,0.0247202950080063,0.0313288910014411,1.00092770151134
0.1,"without_ssp245",60,6,0.0232538425775284,0.78436394310271,"hist+future",0.0451421444035328,0.78905745520546,0.0218883018260044,0.0277398073886837,0.994051748612492
0.1,"with_ssp245",60,4,-0.442181572063376,0.249290817202256,"hist",-0.465232445769518,0.25433843093167,0.0230508737061416,0.0906307144449372,0.980153947986058
0.1,"without_ssp245",60,6,-0.482896111610276,0.254494787889666,"hist",-0.465232445769518,0.25433843093167,0.0176636658407585,0.0694494566788611,1.00061475946605
0.1,"with_ssp245",60,4,1.05227246142736,0.481843000495919,"future",1.02434920694485,0.482886078306809,0.0279232544825143,0.0578257600227871,0.997839909126087
0.1,"without_ssp245",60,6,0.994355498868084,0.485973043965622,"future",1.02434920694485,0.482886078306809,0.0299937080767668,0.0621134247272912,1.00639274105735
