"tol","archive","draw","n_stitched","mean_gen","var_gen","time_period","mean_target","var_target","bias","E1","E2"
0.1,"with_ssp245",25,4,0.0749254766939597,0.788610872441217,"hist+future",0.0451421444035328,0.78905745520546,0.0297833322904269,0.0377454545216504,0.99943403010605
0.1,"without_ssp245",25,7,0.0365177164878821,0.77686172881179,"hist+future",0.0451421444035328,0.78905745520546,0.00862442791565074,0.0109300379316549,0.984543931100056
0.1,"with_ssp245",25,4,-0.436886068336436,0.25814469570322,"hist",-0.465232445769518,0.25433843093167,0.0283463774330817,0.111451412707257,1.01496535445944
0.1,"without_ssp245",25,7,-0.466948590665248,0.248522283065697,"hist",-0.465232445769518,0.25433843093167,0.00171614489572991,0.00674748558227508,0.977132249166325
0.1,"with_ssp245",25,4,1.05688948750809,0.468441673001818,"future",1.02434920694485,0.482886078306809,0.0325402805632404,0.0673870753891676,0.970087343674021
0.1,"without_ssp245",25,7,1.00247051509563,0.472229612676895,"future",1.02434920694485,0.482886078306809,0.0218786918492198,0.0453081851643667,0.97793171907693
