"tol","archive","draw","n_stitched","mean_gen","var_gen","time_period","mean_target","var_target","bias","E1","E2"
0.1,"with_ssp370",14,10,0.14043540826423,0.983157322980679,"hist+future",0.146394344005387,0.985331331685952,0.00595893574115625,0.00604764666415327,0.997793626737157
0.1,"without_ssp370",14,29,0.150678093141082,0.977558642872399,"hist+future",0.146394344005387,0.985331331685952,0.00428374913569554,0.00434752148636726,0.992111598846396
0.1,"with_ssp370",14,10,-0.472143574278164,0.251795183126137,"hist",-0.465232445769518,0.25433843093167,0.00691112850864595,0.0271729619598962,0.990000536701369
0.1,"without_ssp370",14,29,-0.457998917564466,0.250864037292021,"hist",-0.465232445769518,0.25433843093167,0.00723352820505158,0.0284405631447609,0.986339486223448
0.1,"with_ssp370",14,10,1.31573229337464,0.773199361244731,"future",1.31986434764328,0.783330201500798,0.00413205426864693,0.00527498398597456,0.987066960731685
0.1,"without_ssp370",14,29,1.31848863693661,0.770464596429433,"future",1.31986434764328,0.783330201500798,0.00137571070667342,0.0017562334556202,0.983575757647649
