"tol","archive","draw","n_stitched","mean_gen","var_gen","time_period","mean_target","var_target","bias","E1","E2"
0.1,"with_ssp245",168,4,0.0676463930880062,0.793626485904696,"hist+future",0.0451421444035328,0.78905745520546,0.0225042486844734,0.0285204182990877,1.00579049176849
0.1,"without_ssp245",168,6,0.0328604868969073,0.790351140829474,"hist+future",0.0451421444035328,0.78905745520546,0.0122816575066256,0.0155649723928248,1.00163953285718
0.1,"with_ssp245",168,4,-0.447927676265801,0.255257587926135,"hist",-0.465232445769518,0.25433843093167,0.0173047695037163,0.0680383591277456,1.00361391312787
0.1,"without_ssp245",168,6,-0.478570480060392,0.246394639972233,"hist",-0.465232445769518,0.25433843093167,0.0133380342908742,0.0524420719354737,0.968766847659089
0.1,"with_ssp245",168,4,1.05682920056915,0.473056691557699,"future",1.02434920694485,0.482886078306809,0.0324799936242981,0.0672622282634155,0.9796445016937
0.1,"without_ssp245",168,6,1.01409431884986,0.491287404874656,"future",1.02434920694485,0.482886078306809,0.0102548880949858,0.0212366613072456,1.01739815444112
