"tol","archive","draw","n_stitched","mean_gen","var_gen","time_period","mean_target","var_target","bias","E1","E2"
0.1,"with_ssp245",153,4,0.0726798546055546,0.795944415891961,"hist+future",0.0451421444035328,0.78905745520546,0.0275377102020218,0.0348994994221953,1.00872808518704
0.1,"without_ssp245",153,6,0.0361420080532443,0.781146433072005,"hist+future",0.0451421444035328,0.78905745520546,0.00900013635028853,0.0114061863187707,0.989974086067795
0.1,"with_ssp245",153,4,-0.443408601392845,0.250605292218988,"hist",-0.465232445769518,0.25433843093167,0.0218238443766729,0.0858063183638026,0.985322160323916
0.1,"without_ssp245",153,6,-0.467613967152519,0.259658050901541,"hist",-0.465232445769518,0.25433843093167,0.00238152138300179,0.00936359233749307,1.02091551776263
0.1,"with_ssp245",153,4,1.06284956669551,0.485899400436028,"future",1.02434920694485,0.482886078306809,0.0385003597506564,0.0797296950155489,1.00624023401086
0.1,"without_ssp245",153,6,1.00265056513407,0.47949592808504,"future",1.02434920694485,0.482886078306809,0.0216986418107805,0.0449353228133323,0.992979399543561
