"tol","archive","draw","n_stitched","mean_gen","var_gen","time_period","mean_target","var_target","bias","E1","E2"
0.1,"with_ssp370",85,8,0.147005221883047,0.980013174558936,"hist+future",0.146394344005387,0.985331331685952,0.000610877877660565,0.000619972041907286,0.994602671247735
0.1,"without_ssp370",85,30,0.151622205497068,0.978642253798445,"hist+future",0.146394344005387,0.985331331685952,0.00522786149168122,0.00530568888206984,0.993211341533145
0.1,"with_ssp370",85,8,-0.462295229647213,0.25461857088879,"hist",-0.465232445769518,0.25433843093167,0.00293721612230508,0.0115484557781761,1.00110144564506
0.1,"without_ssp370",85,30,-0.457239242337329,0.251022842426008,"hist",-0.465232445769518,0.25433843093167,0.00799320343218896,0.031427430777602,0.986963871352368
0.1,"with_ssp370",85,8,1.31601190214459,0.774232244388899,"future",1.31986434764328,0.783330201500798,0.00385244549869235,0.0049180351929638,0.988385540230074
0.1,"without_ssp370",85,30,1.31978661122585,0.773561327433507,"future",1.31986434764328,0.783330201500798,7.77364174324724e-05,9.92383764644024e-05,0.987529047075455
