"tol","archive","draw","n_stitched","mean_gen","var_gen","time_period","mean_target","var_target","bias","E1","E2"
0.1,"with_ssp370",79,10,0.145551203037705,0.980790031432552,"hist+future",0.146394344005387,0.985331331685952,0.000843140967681455,0.000855692842161832,0.99539109322178
0.1,"without_ssp370",79,31,0.151278658681959,0.97851018572178,"hist+future",0.146394344005387,0.985331331685952,0.00488431467657274,0.0049570276713067,0.993077307353557
0.1,"with_ssp370",79,10,-0.463655612796598,0.2516125628297,"hist",-0.465232445769518,0.25433843093167,0.00157683297291983,0.00619974325996946,0.989282515851084
0.1,"without_ssp370",79,31,-0.457987637134453,0.251910120915008,"hist",-0.465232445769518,0.25433843093167,0.00724480863506449,0.0284849151916443,0.99045244555545
0.1,"with_ssp370",79,10,1.31437823341747,0.779443290023418,"future",1.31986434764328,0.783330201500798,0.0054861142258118,0.00700357807639849,0.995037965509394
0.1,"without_ssp370",79,31,1.32021980763205,0.770731730143082,"future",1.31986434764328,0.783330201500798,0.000355459988768958,0.000453780523319444,0.983916780773193
