"tol","archive","draw","n_stitched","mean_gen","var_gen","time_period","mean_target","var_target","bias","E1","E2"
0.1,"with_ssp245",139,4,0.0738546821852963,0.788890356637352,"hist+future",0.0451421444035328,0.78905745520546,0.0287125377817635,0.0363883993394209,0.999788230163715
0.1,"without_ssp245",139,6,0.0328185831844697,0.782448430962143,"hist+future",0.0451421444035328,0.78905745520546,0.0123235612190632,0.0156180784273235,0.991624153349395
0.1,"with_ssp245",139,4,-0.437133860169026,0.242457672154736,"hist",-0.465232445769518,0.25433843093167,0.0280985856004921,0.110477152420748,0.953287598993933
0.1,"without_ssp245",139,6,-0.470764617289749,0.258880701125938,"hist",-0.465232445769518,0.25433843093167,0.00553217152023183,0.0217512213941356,1.01785915788514
0.1,"with_ssp245",139,4,1.05423967623719,0.490450754803965,"future",1.02434920694485,0.482886078306809,0.0298904692923425,0.061899629405657,1.01566555102123
0.1,"without_ssp245",139,6,0.998995653861751,0.487458889321199,"future",1.02434920694485,0.482886078306809,0.0253535530830999,0.0525042121156187,1.0094697511894
