"tol","archive","draw","n_stitched","mean_gen","var_gen","time_period","mean_target","var_target","bias","E1","E2"
0.1,"with_ssp245",69,4,0.0702726214464664,0.788659009485703,"hist+future",0.0451421444035328,0.78905745520546,0.0251304770429336,0.0318487289831004,0.999495035859393
0.1,"without_ssp245",69,7,0.0470434487231193,0.788336302515669,"hist+future",0.0451421444035328,0.78905745520546,0.00190130431958652,0.0024095891966339,0.99908605807469
0.1,"with_ssp245",69,4,-0.441660142310006,0.25135077677311,"hist",-0.465232445769518,0.25433843093167,0.0235723034595121,0.092680855870519,0.988253233506174
0.1,"without_ssp245",69,7,-0.462427384095754,0.250812467018057,"hist",-0.465232445769518,0.25433843093167,0.00280506167376326,0.0110288549924917,0.986136723810486
0.1,"with_ssp245",69,4,1.05246920307226,0.474987536923388,"future",1.02434920694485,0.482886078306809,0.0281199961274052,0.0582331887181448,0.983643054255951
0.1,"without_ssp245",69,7,1.02451655820119,0.489045528699456,"future",1.02434920694485,0.482886078306809,0.000167351256340487,0.000346564674068233,1.01275549383044
