"tol","archive","draw","n_stitched","mean_gen","var_gen","time_period","mean_target","var_target","bias","E1","E2"
0.1,"with_ssp245",200,4,0.0770014972148256,0.790653688338299,"hist+future",0.0451421444035328,0.78905745520546,0.0318593528112928,0.0403764676464492,1.00202296185444
0.1,"without_ssp245",200,6,0.0373631563995741,0.789690791856468,"hist+future",0.0451421444035328,0.78905745520546,0.00777898800395871,0.00985858248045216,1.00080264960027
0.1,"with_ssp245",200,4,-0.437754270844993,0.249230351713719,"hist",-0.465232445769518,0.25433843093167,0.0274781749245246,0.108037840855859,0.979916211642734
0.1,"without_ssp245",200,6,-0.474027030066935,0.249407310331468,"hist",-0.465232445769518,0.25433843093167,0.00879458429741736,0.0345782753522612,0.980611972079333
0.1,"with_ssp245",200,4,1.06461430802727,0.469667256615555,"future",1.02434920694485,0.482886078306809,0.0402651010824178,0.0833842657539502,0.972625382496831
0.1,"without_ssp245",200,6,1.01851874671323,0.48546861557697,"future",1.02434920694485,0.482886078306809,0.00583046023162526,0.012074194087494,1.00534812947852
