"tol","archive","draw","n_stitched","mean_gen","var_gen","time_period","mean_target","var_target","bias","E1","E2"
0.1,"with_ssp370",147,9,0.147521855028101,0.97851042206779,"hist+future",0.146394344005387,0.985331331685952,0.00112751102271444,0.00114429632597312,0.99307754721806
0.1,"without_ssp370",147,30,0.146124578557219,0.979704424572477,"hist+future",0.146394344005387,0.985331331685952,0.000269765448167592,0.000273781457559062,0.994289324887449
0.1,"with_ssp370",147,9,-0.461387220334052,0.255185892428602,"hist",-0.465232445769518,0.25433843093167,0.00384522543546528,0.0151185387964367,1.00333202298146
0.1,"without_ssp370",147,30,-0.464210546607997,0.252816530263924,"hist",-0.465232445769518,0.25433843093167,0.00102189916152035,0.00401787161215478,0.99401623788363
0.1,"with_ssp370",147,9,1.31577763915316,0.770067647867648,"future",1.31986434764328,0.783330201500798,0.00408670849012149,0.00521709552662681,0.983069012776808
0.1,"without_ssp370",147,30,1.31711638846723,0.769851046660115,"future",1.31986434764328,0.783330201500798,0.0027479591760573,0.0035080470161784,0.982792499491456
