"tol","archive","draw","n_stitched","mean_gen","var_gen","time_period","mean_target","var_target","bias","E1","E2"
0.1,"with_ssp370",2,11,0.13900572652911,0.97698405784764,"hist+future",0.146394344005387,0.985331331685952,0.00738861747627634,0.00749861213043336,0.991528459950594
0.1,"without_ssp370",2,32,0.149618731666186,0.978160532996552,"hist+future",0.146394344005387,0.985331331685952,0.0032243876607998,0.00327238925335167,0.992722449333737
0.1,"with_ssp370",2,11,-0.467667378183583,0.254581374540748,"hist",-0.465232445769518,0.25433843093167,0.00243493241406539,0.00957359218245534,1.0009551981908
0.1,"without_ssp370",2,32,-0.459752592102263,0.249691024799601,"hist",-0.465232445769518,0.25433843093167,0.00547985366725501,0.0215455196730659,0.981727471876567
0.1,"with_ssp370",2,11,1.30297156696625,0.77471582144651,"future",1.31986434764328,0.783330201500798,0.0168927806770298,0.0215653381481585,0.989002875112202
0.1,"without_ssp370",2,32,1.31876138773356,0.770358792561635,"future",1.31986434764328,0.783330201500798,0.00110295990972475,0.00140803955676874,0.983440688340229
