"tol","archive","draw","n_stitched","mean_gen","var_gen","time_period","mean_target","var_target","bias","E1","E2"
0.1,"with_ssp370",70,9,0.144618066466592,0.978691030202101,"hist+future",0.146394344005387,0.985331331685952,0.00177627753879436,0.00180272105602799,0.993260844073141
0.1,"without_ssp370",70,31,0.148114262699758,0.975917202218167,"hist+future",0.146394344005387,0.985331331685952,0.00171991869437113,0.00174552319515534,0.990445721997212
0.1,"with_ssp370",70,9,-0.46513808517524,0.255972004048081,"hist",-0.465232445769518,0.25433843093167,9.43605942775316e-05,0.000371004074892962,1.00642283240652
0.1,"without_ssp370",70,31,-0.459930239918789,0.248801663574995,"hist",-0.465232445769518,0.25433843093167,0.00530220585072838,0.0208470494659647,0.978230708837854
0.1,"with_ssp370",70,9,1.31449905508174,0.766470686588681,"future",1.31986434764328,0.783330201500798,0.00536529256154861,0.00684933703726619,0.978477128955559
0.1,"without_ssp370",70,31,1.31471127353767,0.768473212457134,"future",1.31986434764328,0.783330201500798,0.00515307410561672,0.00657841877632681,0.981033555178647
