"tol","archive","draw","n_stitched","mean_gen","var_gen","time_period","mean_target","var_target","bias","E1","E2"
0.1,"with_ssp245",109,4,0.0760746641824662,0.785543468302494,"hist+future",0.0451421444035328,0.78905745520546,0.0309325197789334,0.0392018598580746,0.99554660198724
0.1,"without_ssp245",109,6,0.0342122479972878,0.786439381744141,"hist+future",0.0451421444035328,0.78905745520546,0.010929896406245,0.0138518384613691,0.996682024301212
0.1,"with_ssp245",109,4,-0.433956383994176,0.245894964081957,"hist",-0.465232445769518,0.25433843093167,0.0312760617753414,0.122970255264899,0.966802237401623
0.1,"without_ssp245",109,6,-0.474932224305283,0.246278465541404,"hist",-0.465232445769518,0.25433843093167,0.00969977853576487,0.0381372901461785,0.968310076614292
0.1,"with_ssp245",109,4,1.05462260545161,0.4768628930101,"future",1.02434920694485,0.482886078306809,0.0302733985067554,0.0626926305535789,0.987526695079244
0.1,"without_ssp245",109,6,1.01105920067082,0.486354401217471,"future",1.02434920694485,0.482886078306809,0.0132900062740264,0.0275220323613936,1.00718248685658
