"tol","archive","draw","n_stitched","mean_gen","var_gen","time_period","mean_target","var_target","bias","E1","E2"
0.1,"with_ssp370",51,10,0.142516985935897,0.979437853655993,"hist+future",0.146394344005387,0.985331331685952,0.00387735806948922,0.00393508045953929,0.994018785518699
0.1,"without_ssp370",51,31,0.150093585099349,0.979413981103144,"hist+future",0.146394344005387,0.985331331685952,0.00369924109396214,0.00375431184922593,0.993994557574168
0.1,"with_ssp370",51,10,-0.468137434043038,0.252535415988067,"hist",-0.465232445769518,0.25433843093167,0.00290498827352026,0.0114217433160964,0.992910961442206
0.1,"without_ssp370",51,31,-0.460142627831858,0.251621107755196,"hist",-0.465232445769518,0.25433843093167,0.00508981793766006,0.0200119892185207,0.98931611252566
0.1,"with_ssp370",51,10,1.3141213963606,0.767461401473988,"future",1.31986434764328,0.783330201500798,0.00574295128268543,0.00733145648116515,0.979741876418901
0.1,"without_ssp370",51,31,1.32089562153713,0.769965418847638,"future",1.31986434764328,0.783330201500798,0.00103127389384405,0.00131652512805994,0.982938507123107
