"tol","archive","draw","n_stitched","mean_gen","var_gen","time_period","mean_target","var_target","bias","E1","E2"
0.1,"with_ssp370",16,9,0.146747465231793,0.984460534853593,"hist+future",0.146394344005387,0.985331331685952,0.000353121226406017,0.000358378156717912,0.999116239579158
0.1,"without_ssp370",16,30,0.148788512146443,0.97648155714212,"hist+future",0.146394344005387,0.985331331685952,0.00239416814105625,0.00242981022125797,0.991018478496274
0.1,"with_ssp370",16,9,-0.467570946797924,0.255268433386232,"hist",-0.465232445769518,0.25433843093167,0.00233850102840599,0.00919444623386172,1.00365655497345
0.1,"without_ssp370",16,30,-0.458524787482412,0.253792233401498,"hist",-0.465232445769518,0.25433843093167,0.0067076582871059,0.0263729640170186,0.997852477393325
0.1,"with_ssp370",16,9,1.32538162784695,0.768076381807019,"future",1.31986434764328,0.783330201500798,0.0055172802036616,0.00704336459017019,0.980526960833945
0.1,"without_ssp370",16,30,1.31398263352738,0.770667886215142,"future",1.31986434764328,0.783330201500798,0.00588171411589933,0.00750860123180548,0.983835277560605
