"tol","archive","draw","n_stitched","mean_gen","var_gen","time_period","mean_target","var_target","bias","E1","E2"
0.1,"with_ssp245",46,4,0.0694066437941414,0.793109950254729,"hist+future",0.0451421444035328,0.78905745520546,0.0242644993906086,0.0307512453377561,1.00513586814564
0.1,"without_ssp245",46,6,0.0295494098186697,0.778851027150436,"hist+future",0.0451421444035328,0.78905745520546,0.0155927345848631,0.0197612157162915,0.987065038182338
0.1,"with_ssp245",46,4,-0.44458863408067,0.256091293952743,"hist",-0.465232445769518,0.25433843093167,0.0206438116888474,0.0811667022291,1.00689185277526
0.1,"without_ssp245",46,6,-0.474349618888864,0.254515485298439,"hist",-0.465232445769518,0.25433843093167,0.00911717311934673,0.0358466201350284,1.00069613689964
0.1,"with_ssp245",46,4,1.05556037460047,0.47926558318222,"future",1.02434920694485,0.482886078306809,0.0312111676556157,0.0646346396339578,0.992502382472314
0.1,"without_ssp245",46,6,0.996332430013357,0.472991619480516,"future",1.02434920694485,0.482886078306809,0.0280167769314932,0.0580194339620044,0.979509745112166
