"tol","archive","draw","n_stitched","mean_gen","var_gen","time_period","mean_target","var_target","bias","E1","E2"
0.1,"with_ssp370",141,10,0.14080010798474,0.980743906575551,"hist+future",0.146394344005387,0.985331331685952,0.00559423602064685,0.00567751764381107,0.995344281702123
0.1,"without_ssp370",141,31,0.146979614425735,0.979387584189117,"hist+future",0.146394344005387,0.985331331685952,0.000585270420348727,0.000593983365318648,0.993967767688189
0.1,"with_ssp370",141,10,-0.46998558622415,0.258331990264497,"hist",-0.465232445769518,0.25433843093167,0.00475314045463276,0.0186882510724843,1.01570175344008
0.1,"without_ssp370",141,31,-0.462221674767065,0.249572331605624,"hist",-0.465232445769518,0.25433843093167,0.00301077100245295,0.0118376565878155,0.98126079763649
0.1,"with_ssp370",141,10,1.31265638175761,0.768043642465048,"future",1.31986434764328,0.783330201500798,0.00720796588567385,0.0092016953666078,0.9804851657622
0.1,"without_ssp370",141,31,1.31579604136541,0.775716305488381,"future",1.31986434764328,0.783330201500798,0.00406830627787436,0.00519360324685529,0.990280093889104
