"tol","archive","draw","n_stitched","mean_gen","var_gen","time_period","mean_target","var_target","bias","E1","E2"
0.1,"with_ssp245",54,4,0.066080470224236,0.793669009138989,"hist+future",0.0451421444035328,0.78905745520546,0.0209383258207032,0.0265358697045085,1.00584438294462
0.1,"without_ssp245",54,6,0.0306457298209785,0.789772381371261,"hist+future",0.0451421444035328,0.78905745520546,0.0144964145825543,0.0183718111867781,1.00090605083456
0.1,"with_ssp245",54,4,-0.448009509825368,0.249262578544993,"hist",-0.465232445769518,0.25433843093167,0.0172229359441493,0.0677166084616461,0.980042920104194
0.1,"without_ssp245",54,6,-0.479988268932136,0.254936987063943,"hist",-0.465232445769518,0.25433843093167,0.0147558231626184,0.0580164905026981,1.0023533845439
0.1,"with_ssp245",54,4,1.05241589706359,0.488234544976933,"future",1.02434920694485,0.482886078306809,0.0280666901187427,0.0581227982739858,1.01107604238432
0.1,"without_ssp245",54,6,1.01035049487056,0.484805859997403,"future",1.02434920694485,0.482886078306809,0.0139987120742919,0.0289896783178695,1.00397564099865
