"tol","archive","draw","n_stitched","mean_gen","var_gen","time_period","mean_target","var_target","bias","E1","E2"
0.1,"with_ssp370",3,10,0.145771856796108,0.979412401587407,"hist+future",0.146394344005387,0.985331331685952,0.000622487209278627,0.000631754202125613,0.993992954544115
0.1,"without_ssp370",3,30,0.151462544674574,0.975399900965187,"hist+future",0.146394344005387,0.985331331685952,0.00506820066918728,0.00514365118230365,0.989920719659069
0.1,"with_ssp370",3,10,-0.463652519955207,0.253938641413997,"hist",-0.465232445769518,0.25433843093167,0.00157992581431077,0.00621190359838001,0.998428119902254
0.1,"without_ssp370",3,30,-0.456718924788482,0.24876585011064,"hist",-0.465232445769518,0.25433843093167,0.00851352098103558,0.0334731992717326,0.978089898563043
0.1,"with_ssp370",3,10,1.31501630056317,0.771945934400073,"future",1.31986434764328,0.783330201500798,0.00484804708011866,0.00618902101671834,0.985466834958088
0.1,"without_ssp370",3,30,1.31832234073741,0.765964431505653,"future",1.31986434764328,0.783330201500798,0.00154200690587047,0.00196852732464051,0.977830843286939
