"tol","archive","draw","n_stitched","mean_gen","var_gen","time_period","mean_target","var_target","bias","E1","E2"
0.1,"with_ssp370",44,10,0.141344666471799,0.977104318063624,"hist+future",0.146394344005387,0.985331331685952,0.00504967753358787,0.00512485229201797,0.991650510485391
0.1,"without_ssp370",44,30,0.151699335119848,0.976612649510669,"hist+future",0.146394344005387,0.985331331685952,0.00530499111446101,0.00538396673673605,0.991151522442339
0.1,"with_ssp370",44,10,-0.466461978286111,0.247966423954575,"hist",-0.465232445769518,0.25433843093167,0.00122953251659341,0.0048342380350838,0.974946739453596
0.1,"without_ssp370",44,30,-0.457160034111852,0.252375240465836,"hist",-0.465232445769518,0.25433843093167,0.00807241165766587,0.0317388592360805,0.992281188263047
0.1,"with_ssp370",44,10,1.30748532211197,0.774276561412179,"future",1.31986434764328,0.783330201500798,0.0123790255313097,0.0158030744985862,0.988442115379602
0.1,"without_ssp370",44,30,1.31985975283183,0.765192631705567,"future",1.31986434764328,0.783330201500798,4.59481145531626e-06,5.86574020319013e-06,0.97684556300717
