"tol","archive","draw","n_stitched","mean_gen","var_gen","time_period","mean_target","var_target","bias","E1","E2"
0.1,"with_ssp370",131,9,0.147402960425309,0.978743566257271,"hist+future",0.146394344005387,0.985331331685952,0.00100861641992278,0.00102363173430909,0.993314162234739
0.1,"without_ssp370",131,30,0.152562128801381,0.976957709626585,"hist+future",0.146394344005387,0.985331331685952,0.00616778479599489,0.00625960486351479,0.991501719482481
0.1,"with_ssp370",131,9,-0.462299417931625,0.245266977277058,"hist",-0.465232445769518,0.25433843093167,0.00293302783789234,0.0115319884106713,0.964333138246618
0.1,"without_ssp370",131,30,-0.455601236561723,0.253714656182633,"hist",-0.465232445769518,0.25433843093167,0.00963120920779459,0.0378676913768572,0.997547461676349
0.1,"with_ssp370",131,9,1.31718077936594,0.773593274663749,"future",1.31986434764328,0.783330201500798,0.00268356827734428,0.00342584554023677,0.987569830936693
0.1,"without_ssp370",131,30,1.31938719025385,0.768720972679206,"future",1.31986434764328,0.783330201500798,0.000477157389434657,0.000609139528286362,0.981349846088403
