"tol","archive","draw","n_stitched","mean_gen","var_gen","time_period","mean_target","var_target","bias","E1","E2"
0.1,"with_ssp370",142,8,0.151675379177898,0.977885023235269,"hist+future",0.146394344005387,0.985331331685952,0.00528103517251163,0.00535965416168743,0.992442838047236
0.1,"without_ssp370",142,29,0.152784619228087,0.979994445492134,"hist+future",0.146394344005387,0.985331331685952,0.00639027522270072,0.00648540751441105,0.99458366336054
0.1,"with_ssp370",142,8,-0.456546417959049,0.256077332914961,"hist",-0.465232445769518,0.25433843093167,0.00868602781046857,0.0341514563043056,1.00683696119742
0.1,"without_ssp370",142,29,-0.457643352594125,0.251566673154582,"hist",-0.465232445769518,0.25433843093167,0.0075890931753928,0.0298385625310069,0.989102088241504
0.1,"with_ssp370",142,8,1.31861254810344,0.770193020250086,"future",1.31986434764328,0.783330201500798,0.00125179953984755,0.00159804835489453,0.983229063266625
0.1,"without_ssp370",142,29,1.32395456516605,0.771298003840915,"future",1.31986434764328,0.783330201500798,0.00409021752276817,0.00522157516068146,0.984639686256408
