"tol","archive","draw","n_stitched","mean_gen","var_gen","time_period","mean_target","var_target","bias","E1","E2"
0.1,"with_ssp245",157,4,0.0694413625754147,0.789806325321274,"hist+future",0.0451421444035328,0.78905745520546,0.0242992181718819,0.0307952456587013,1.00094906918485
0.1,"without_ssp245",157,6,0.0311631044074266,0.783122976474438,"hist+future",0.0451421444035328,0.78905745520546,0.0139790399961063,0.0177161243504965,0.992479028375093
0.1,"with_ssp245",157,4,-0.443340661169415,0.247967414494309,"hist",-0.465232445769518,0.25433843093167,0.0218917846001024,0.0860734436392893,0.974950634027175
0.1,"without_ssp245",157,6,-0.473959796852134,0.262656438250022,"hist",-0.465232445769518,0.25433843093167,0.0087273510826163,0.0343139298714985,1.03270448468162
0.1,"with_ssp245",157,4,1.05326733836491,0.478818699334349,"future",1.02434920694485,0.482886078306809,0.0289181314200635,0.0598860325844597,0.991576938836751
0.1,"without_ssp245",157,6,1.00029425217286,0.477710117828116,"future",1.02434920694485,0.482886078306809,0.0240549547719882,0.0498149684835281,0.989281197551105
