"tol","archive","draw","n_stitched","mean_gen","var_gen","time_period","mean_target","var_target","bias","E1","E2"
0.1,"with_ssp245",78,4,0.0760623411256368,0.787931371936011,"hist+future",0.0451421444035328,0.78905745520546,0.030920196722104,0.0391862424188778,0.998572875445229
0.1,"without_ssp245",78,7,0.0354979420334018,0.788642432418134,"hist+future",0.0451421444035328,0.78905745520546,0.00964420237013103,0.0122224336219215,0.999474027164197
0.1,"with_ssp245",78,4,-0.433894900063664,0.254229004042485,"hist",-0.465232445769518,0.25433843093167,0.0313375457058535,0.123211995886978,0.999569758731374
0.1,"without_ssp245",78,7,-0.474357984495686,0.250280403711077,"hist",-0.465232445769518,0.25433843093167,0.00912553872616784,0.0358795117699672,0.98404477370672
0.1,"with_ssp245",78,4,1.05446867596557,0.48041659176092,"future",1.02434920694485,0.482886078306809,0.0301194690207243,0.0623738607796173,0.994885985210948
0.1,"without_ssp245",78,7,1.01370989409502,0.488759927578942,"future",1.02434920694485,0.482886078306809,0.0106393128498279,0.0220327595426515,1.01216404766261
