"tol","archive","draw","n_stitched","mean_gen","var_gen","time_period","mean_target","var_target","bias","E1","E2"
0.1,"with_ssp370",160,10,0.142838145978061,0.977555642007193,"hist+future",0.146394344005387,0.985331331685952,0.00355619802732576,0.00360913929453651,0.992108553307186
0.1,"without_ssp370",160,29,0.151753492718698,0.978393717495585,"hist+future",0.146394344005387,0.985331331685952,0.00535914871331167,0.00543893058200219,0.992959105260059
0.1,"with_ssp370",160,10,-0.465759277717027,0.253150556678081,"hist",-0.465232445769518,0.25433843093167,0.000526831947508855,0.00207138160591386,0.995329552638831
0.1,"without_ssp370",160,29,-0.457068057519565,0.250937824162259,"hist",-0.465232445769518,0.25433843093167,0.00816438824995236,0.0321004899654578,0.986629599164571
0.1,"with_ssp370",160,10,1.31049599376515,0.769221206326454,"future",1.31986434764328,0.783330201500798,0.00936835387813728,0.0119596485111748,0.981988444786998
0.1,"without_ssp370",160,29,1.31984135073397,0.772869488396535,"future",1.31986434764328,0.783330201500798,2.29969093128446e-05,2.93578739448375e-05,0.986645844773735
