"tol","archive","draw","n_stitched","mean_gen","var_gen","time_period","mean_target","var_target","bias","E1","E2"
0.1,"with_ssp370",127,8,0.145279041071733,0.977743666547233,"hist+future",0.146394344005387,0.985331331685952,0.00111530293365375,0.00113190649458534,0.992299376976335
0.1,"without_ssp370",127,30,0.151673197338507,0.980781831321501,"hist+future",0.146394344005387,0.985331331685952,0.00527885333312036,0.00535743984116285,0.995382771035336
0.1,"with_ssp370",127,8,-0.462021845984513,0.257306229268309,"hist",-0.465232445769518,0.25433843093167,0.00321059978500421,0.0126233372331638,1.01166869798547
0.1,"without_ssp370",127,30,-0.45914836141015,0.251687527150169,"hist",-0.465232445769518,0.25433843093167,0.00608408435936725,0.0239212152763567,0.989577258254717
0.1,"with_ssp370",127,8,1.31044934763314,0.77295259235267,"future",1.31986434764328,0.783330201500798,0.0094150000101485,0.012019197002886,0.986751935354661
0.1,"without_ssp370",127,30,1.32359828098419,0.772400460025712,"future",1.31986434764328,0.783330201500798,0.00373393334090255,0.00476674247175538,0.986047082757507
