"tol","archive","draw","n_stitched","mean_gen","var_gen","time_period","mean_target","var_target","bias","E1","E2"
0.1,"with_ssp245",6,4,0.0763787613799089,0.790564195488291,"hist+future",0.0451421444035328,0.78905745520546,0.0312366169763761,0.0395872528296973,1.00190954444811
0.1,"without_ssp245",6,6,0.0343836855504041,0.783558554943971,"hist+future",0.0451421444035328,0.78905745520546,0.0107584588531287,0.0136345696782338,0.993031052143019
0.1,"with_ssp245",6,4,-0.437536086045179,0.255446281315012,"hist",-0.465232445769518,0.25433843093167,0.027696359724339,0.108895693123859,1.00435581197574
0.1,"without_ssp245",6,6,-0.470643497176905,0.253923139503228,"hist",-0.465232445769518,0.25433843093167,0.00541105140738773,0.0212750050692947,0.998367169967509
0.1,"with_ssp245",6,4,1.0623781779513,0.46797905189706,"future",1.02434920694485,0.482886078306809,0.0380289710064474,0.0787535046356941,0.969129310039298
0.1,"without_ssp245",6,6,1.00333118729466,0.489292752700623,"future",1.02434920694485,0.482886078306809,0.0210180196501897,0.0435258347556576,1.01326746551957
