"tol","archive","draw","n_stitched","mean_gen","var_gen","time_period","mean_target","var_target","bias","E1","E2"
0.1,"with_ssp245",131,4,0.0761151103274665,0.792544701896478,"hist+future",0.0451421444035328,0.78905745520546,0.0309729659239336,0.0392531186665852,1.00441950921066
0.1,"without_ssp245",131,6,0.0367622936387176,0.786800926465743,"hist+future",0.0451421444035328,0.78905745520546,0.00837985076481526,0.0106200767884935,0.997140222521402
0.1,"with_ssp245",131,4,-0.439555780857784,0.244621613120668,"hist",-0.465232445769518,0.25433843093167,0.0256766649117335,0.100954719338627,0.961795715356864
0.1,"without_ssp245",131,6,-0.474662095700302,0.250191282908434,"hist",-0.465232445769518,0.25433843093167,0.0094296499307841,0.0370752068267554,0.983694371283003
0.1,"with_ssp245",131,4,1.06548368062475,0.477932179600771,"future",1.02434920694485,0.482886078306809,0.0411344736798991,0.0851846336596262,0.989741061238691
0.1,"without_ssp245",131,6,1.01798350574265,0.470550365989079,"future",1.02434920694485,0.482886078306809,0.00636570120220048,0.0131826148820052,0.974454197642259
