"tol","archive","draw","n_stitched","mean_gen","var_gen","time_period","mean_target","var_target","bias","E1","E2"
0.1,"with_ssp245",29,4,0.0753624278727678,0.785676004910047,"hist+future",0.0451421444035328,0.78905745520546,0.030220283469235,0.0382992179718599,0.995714570246938
0.1,"without_ssp245",29,6,0.0308932703514026,0.781157238637224,"hist+future",0.0451421444035328,0.78905745520546,0.0142488740521303,0.018058094449434,0.989987780337012
0.1,"with_ssp245",29,4,-0.434069226166746,0.249662007149519,"hist",-0.465232445769518,0.25433843093167,0.0311632196027715,0.122526585890371,0.981613381174756
0.1,"without_ssp245",29,6,-0.47468279426429,0.244553102730595,"hist",-0.465232445769518,0.25433843093167,0.00945034849477255,0.0371565888023877,0.961526348317751
0.1,"with_ssp245",29,4,1.05276036876253,0.477338707590446,"future",1.02434920694485,0.482886078306809,0.0284111618176823,0.0588361584523273,0.988512050842688
0.1,"without_ssp245",29,6,1.00089385943965,0.484029513449788,"future",1.02434920694485,0.482886078306809,0.0234553475052002,0.048573252696462,1.00236791904829
