"tol","archive","draw","n_stitched","mean_gen","var_gen","time_period","mean_target","var_target","bias","E1","E2"
0.1,"with_ssp370",68,10,0.144130736708978,0.976363012241822,"hist+future",0.146394344005387,0.985331331685952,0.00226360729640895,0.00229730571191297,0.990898168813139
0.1,"without_ssp370",68,29,0.151424775908022,0.97766628893249,"hist+future",0.146394344005387,0.985331331685952,0.00503043190263536,0.00510532015056096,0.992220847437839
0.1,"with_ssp370",68,10,-0.463279278877338,0.250000680545804,"hist",-0.465232445769518,0.25433843093167,0.00195316689217978,0.00767940135914621,0.982944966790994
0.1,"without_ssp370",68,29,-0.457040901694285,0.256937714790737,"hist",-0.465232445769518,0.25433843093167,0.00819154407523287,0.0322072604019233,1.010219784126
0.1,"with_ssp370",68,10,1.30951041777575,0.772031075510529,"future",1.31986434764328,0.783330201500798,0.0103539298675386,0.0132178356556421,0.98557552617195
0.1,"without_ssp370",68,29,1.31882985502873,0.767953470012652,"future",1.31986434764328,0.783330201500798,0.00103449261455735,0.00132063414965406,0.980370051532947
