"tol","archive","draw","n_stitched","mean_gen","var_gen","time_period","mean_target","var_target","bias","E1","E2"
0.1,"with_ssp370",8,9,0.148257157598406,0.979591826190099,"hist+future",-0.39668749076239,0.416684073603066,0.544944648360796,1.30781252004345,2.35092216920981
0.1,"without_ssp370",8,31,0.150426237655701,0.978573894948627,"hist+future",-0.39668749076239,0.416684073603066,0.547113728418091,1.3130180947095,2.34847923628782
0.1,"with_ssp370",8,9,-0.462253496952091,0.254832546108894,"hist",-0.450368748254349,0.254752984622156,0.0118847486977415,0.0466520489067819,1.00031230835963
0.1,"without_ssp370",8,31,-0.45866532645969,0.249841279984195,"hist",-0.450368748254349,0.254752984622156,0.0082965782053408,0.0325671482029783,0.980719736629403
0.1,"with_ssp370",8,9,1.31958573900343,0.767193136755642,"future",1.31986434764328,0.783330201500798,0.000278608639854072,0.000355672026075696,0.979399409451801
0.1,"without_ssp370",8,31,1.31903214555151,0.773030322815043,"future",1.31986434764328,0.783330201500798,0.000832202091774814,0.00106238989659837,0.986851166128892
