"tol","archive","draw","n_stitched","mean_gen","var_gen","time_period","mean_target","var_target","bias","E1","E2"
0.1,"with_ssp245",124,4,0.0747713869156238,0.792658269786743,"hist+future",0.0451421444035328,0.78905745520546,0.0296292425120909,0.0375501711778084,1.00456343775416
0.1,"without_ssp245",124,6,0.0373630114123498,0.783280094437696,"hist+future",0.0451421444035328,0.78905745520546,0.00777913299118303,0.0098587662278122,0.992678149443174
0.1,"with_ssp245",124,4,-0.437447747649722,0.259723880376566,"hist",-0.465232445769518,0.25433843093167,0.0277846981197953,0.109243019303127,1.02117434406263
0.1,"without_ssp245",124,6,-0.469834061359062,0.249228493708146,"hist",-0.465232445769518,0.25433843093167,0.00460161558954414,0.0180924902803242,0.979908906393713
0.1,"with_ssp245",124,4,1.05751740090728,0.483980659002225,"future",1.02434920694485,0.482886078306809,0.0331681939624255,0.0686874098311686,1.00226674726108
0.1,"without_ssp245",124,6,1.01047367428773,0.47994325395616,"future",1.02434920694485,0.482886078306809,0.0138755326571181,0.0287345883024236,0.993905758557035
