"tol","archive","draw","n_stitched","mean_gen","var_gen","time_period","mean_target","var_target","bias","E1","E2"
0.1,"with_ssp370",40,9,0.144311214423007,0.980107519632013,"hist+future",0.146394344005387,0.985331331685952,0.00208312958237988,0.00211414121868584,0.994698420839819
0.1,"without_ssp370",40,31,0.149379411345017,0.980469043478126,"hist+future",0.146394344005387,0.985331331685952,0.00298506733963,0.00302950616065603,0.995065326706391
0.1,"with_ssp370",40,9,-0.467312788002437,0.24704860394024,"hist",-0.465232445769518,0.25433843093167,0.00208034223291953,0.00817942544230931,0.971338083022977
0.1,"without_ssp370",40,31,-0.461277010537888,0.253850456703056,"hist",-0.465232445769518,0.25433843093167,0.00395543523162967,0.015551858274585,0.998081397975027
0.1,"with_ssp370",40,9,1.31777587023927,0.769030676330482,"future",1.31986434764328,0.783330201500798,0.00208847740401885,0.00266615202633257,0.981745214032449
0.1,"without_ssp370",40,31,1.32098766263198,0.770614719072191,"future",1.31986434764328,0.783330201500798,0.00112331498870044,0.00143402486786321,0.983767404340793
