"tol","archive","draw","n_stitched","mean_gen","var_gen","time_period","mean_target","var_target","bias","E1","E2"
0.1,"with_ssp245",113,4,0.0664732419598635,0.791787984622219,"hist+future",0.0451421444035328,0.78905745520546,0.0213310975563307,0.0270336430073731,1.00346049504855
0.1,"without_ssp245",113,6,0.028212634530189,0.777597467132284,"hist+future",0.0451421444035328,0.78905745520546,0.0169295098733438,0.0214553576062919,0.98547635790325
0.1,"with_ssp245",113,4,-0.447878723073695,0.253609248717671,"hist",-0.465232445769518,0.25433843093167,0.0173537226958225,0.0682308317789565,0.99713302385594
0.1,"without_ssp245",113,6,-0.475346065370105,0.252680631476101,"hist",-0.465232445769518,0.25433843093167,0.0101136196005869,0.0397644176837121,0.993481915220221
0.1,"with_ssp245",113,4,1.05331131440797,0.473222422131627,"future",1.02434920694485,0.482886078306809,0.0289621074631197,0.0599771017724768,0.979987710126026
0.1,"without_ssp245",113,6,0.99434269829238,0.47088230338828,"future",1.02434920694485,0.482886078306809,0.0300065086524703,0.0621399332067827,0.975141600767164
