"tol","archive","draw","n_stitched","mean_gen","var_gen","time_period","mean_target","var_target","bias","E1","E2"
0.1,"with_ssp370",189,10,0.145834065918233,0.976813451288281,"hist+future",0.146394344005387,0.985331331685952,0.000560278087153226,0.000568618970224525,0.991355313564325
0.1,"without_ssp370",189,31,0.152854423222405,0.978222930319247,"hist+future",0.146394344005387,0.985331331685952,0.00646007921701805,0.00655625068368071,0.992785775567958
0.1,"with_ssp370",189,10,-0.462095630162931,0.252582297486834,"hist",-0.465232445769518,0.25433843093167,0.00313681560658702,0.0123332348756596,0.993095288673428
0.1,"without_ssp370",189,31,-0.456221461350146,0.253132366730711,"hist",-0.465232445769518,0.25433843093167,0.00901098441937204,0.0354291106788848,0.995258033964661
0.1,"with_ssp370",189,10,1.31221080839954,0.769785797848515,"future",1.31986434764328,0.783330201500798,0.00765353924374779,0.00977051469365565,0.982709202803194
0.1,"without_ssp370",189,31,1.32143024827439,0.769741181610313,"future",1.31986434764328,0.783330201500798,0.0015659006311064,0.00199903007455382,0.982652245675643
