"tol","archive","draw","n_stitched","mean_gen","var_gen","time_period","mean_target","var_target","bias","E1","E2"
0.1,"with_ssp245",19,4,0.0724713458291028,0.78974660313605,"hist+future",0.0451421444035328,0.78905745520546,0.02732920142557,0.0346352489863414,1.00087338117908
0.1,"without_ssp245",19,6,0.0355826221465317,0.783292514196936,"hist+future",0.0451421444035328,0.78905745520546,0.00955952225700112,0.0121151155646986,0.992693889436705
0.1,"with_ssp245",19,4,-0.439492409821564,0.24531448442421,"hist",-0.465232445769518,0.25433843093167,0.0257400359479534,0.101203879624738,0.96451992538287
0.1,"without_ssp245",19,6,-0.470667752838105,0.256340189875305,"hist",-0.465232445769518,0.25433843093167,0.00543530706858769,0.0213703727300572,1.00787045408868
0.1,"with_ssp245",19,4,1.05472738864724,0.486019397725344,"future",1.02434920694485,0.482886078306809,0.0303781817023927,0.0629096241683147,1.00648873421558
0.1,"without_ssp245",19,6,1.00687694624496,0.478414691746879,"future",1.02434920694485,0.482886078306809,0.0174722606998872,0.0361829870124893,0.990740286869301
