"tol","archive","draw","n_stitched","mean_gen","var_gen","time_period","mean_target","var_target","bias","E1","E2"
0.1,"with_ssp370",1,10,0.144179119458268,0.979100457512278,"hist+future",0.146394344005387,0.985331331685952,0.0022152245471187,0.00224820268663165,0.993676366544629
0.1,"without_ssp370",1,30,0.150275714643289,0.979584587594725,"hist+future",0.146394344005387,0.985331331685952,0.00388137063790217,0.00393915276322427,0.99416770389165
0.1,"with_ssp370",1,10,-0.464888411788632,0.253500750889319,"hist",-0.465232445769518,0.25433843093167,0.000344033980885505,0.00135266219747158,0.996706435440047
0.1,"without_ssp370",1,30,-0.460300887260245,0.250405087067135,"hist",-0.465232445769518,0.25433843093167,0.00493155850927257,0.019389749678048,0.984534999881353
0.1,"with_ssp370",1,10,1.31273891778081,0.772644965934508,"future",1.31986434764328,0.783330201500798,0.00712542986247544,0.00909632980934947,0.986359219208173
0.1,"without_ssp370",1,30,1.32173082294658,0.769845625289374,"future",1.31986434764328,0.783330201500798,0.0018664753032962,0.00238274395615053,0.982785578564967
