"tol","archive","draw","n_stitched","mean_gen","var_gen","time_period","mean_target","var_target","bias","E1","E2"
0.1,"with_ssp370",158,9,0.148593761196684,0.981609339193485,"hist+future",0.146394344005387,0.985331331685952,0.00219941719129782,0.00223216000605046,0.996222598051257
0.1,"without_ssp370",158,31,0.151290557886524,0.979007521263723,"hist+future",0.146394344005387,0.985331331685952,0.00489621388113731,0.00496910401982208,0.993582046750295
0.1,"with_ssp370",158,9,-0.46442652138034,0.252359536198905,"hist",-0.465232445769518,0.25433843093167,0.000805924389177426,0.00316870866201869,0.99221944271058
0.1,"without_ssp370",158,31,-0.458418717063798,0.25131177375523,"hist",-0.465232445769518,0.25433843093167,0.00681372870572011,0.0267900084181563,0.988099882643167
0.1,"with_ssp370",158,9,1.32473732660609,0.765071714462866,"future",1.31986434764328,0.783330201500798,0.00487297896280792,0.00622084907931761,0.976691199952523
0.1,"without_ssp370",158,31,1.3210816086633,0.770987969829805,"future",1.31986434764328,0.783330201500798,0.00121726102001918,0.00155395645117091,0.984243896574718
