"tol","archive","draw","n_stitched","mean_gen","var_gen","time_period","mean_target","var_target","bias","E1","E2"
0.1,"with_ssp370",98,9,0.145345823755246,0.980965724776666,"hist+future",0.146394344005387,0.985331331685952,0.0010485202501406,0.00106412961449884,0.995569402119979
0.1,"without_ssp370",98,31,0.151062240925413,0.980395128370383,"hist+future",0.146394344005387,0.985331331685952,0.00466789692002598,0.00473738809466148,0.99499031122138
0.1,"with_ssp370",98,9,-0.46635756139197,0.25493446461157,"hist",-0.465232445769518,0.25433843093167,0.00112511562245265,0.00442369491048298,1.00234346684344
0.1,"without_ssp370",98,31,-0.460330911220485,0.252803209145314,"hist",-0.465232445769518,0.25433843093167,0.00490153454903303,0.0192717023969919,0.993963862320248
0.1,"with_ssp370",98,9,1.31896278363072,0.766929107361803,"future",1.31986434764328,0.783330201500798,0.000901564012565137,0.00115093738354249,0.97906234930356
0.1,"without_ssp370",98,31,1.32408398632161,0.76772308301703,"future",1.31986434764328,0.783330201500798,0.00421963867832642,0.00538679431769888,0.980075939298822
