"tol","archive","draw","n_stitched","mean_gen","var_gen","time_period","mean_target","var_target","bias","E1","E2"
0.1,"with_ssp245",14,4,0.0662289162458159,0.791993278785875,"hist+future",0.0451421444035328,0.78905745520546,0.0210867718422831,0.0267240005188119,1.00372067149362
0.1,"without_ssp245",14,6,0.0294290368410895,0.778266807195195,"hist+future",0.0451421444035328,0.78905745520546,0.0157131075624433,0.0199137685840023,0.98632463588161
0.1,"with_ssp245",14,4,-0.446864251431102,0.2485966390565,"hist",-0.465232445769518,0.25433843093167,0.0183681943384156,0.0722195001012269,0.977424599758136
0.1,"without_ssp245",14,6,-0.473125523070706,0.255006658021483,"hist",-0.465232445769518,0.25433843093167,0.00789307730118882,0.0310337579432082,1.00262731466639
0.1,"with_ssp245",14,4,1.0506518542306,0.486816387600198,"future",1.02434920694485,0.482886078306809,0.0263026472857499,0.0544696740439847,1.00813920605699
0.1,"without_ssp245",14,6,0.993632552950931,0.477675495746963,"future",1.02434920694485,0.482886078306809,0.0307166539939199,0.0636105602829237,0.989209499312723
