"tol","archive","draw","n_stitched","mean_gen","var_gen","time_period","mean_target","var_target","bias","E1","E2"
0.1,"with_ssp245",167,4,0.0709527447997007,0.787772151566052,"hist+future",0.0451421444035328,0.78905745520546,0.0258106003961679,0.032710673000925,0.998371089923897
0.1,"without_ssp245",167,6,0.0265957268327453,0.775268859125683,"hist+future",0.0451421444035328,0.78905745520546,0.0185464175707876,0.0235045210566553,0.98252523185883
0.1,"with_ssp245",167,4,-0.442294177421448,0.238498476452598,"hist",-0.465232445769518,0.25433843093167,0.0229382683480697,0.0901879761703503,0.937720955417361
0.1,"without_ssp245",167,6,-0.47533440098914,0.248267564592584,"hist",-0.465232445769518,0.25433843093167,0.0101019552196224,0.0397185560303169,0.976130754928196
0.1,"with_ssp245",167,4,1.05567067696818,0.475452008666915,"future",1.02434920694485,0.482886078306809,0.0313214700233331,0.0648630628018075,0.984604920344854
0.1,"without_ssp245",167,6,0.989601204630549,0.473915262763222,"future",1.02434920694485,0.482886078306809,0.034748002314302,0.0719590062238744,0.981422501193156
