"tol","archive","draw","n_stitched","mean_gen","var_gen","time_period","mean_target","var_target","bias","E1","E2"
0.1,"with_ssp245",141,4,0.0804647718850598,0.788129816721287,"hist+future",0.0451421444035328,0.78905745520546,0.0353226274815269,0.0447655962800952,0.998824371434484
0.1,"without_ssp245",141,7,0.0355513041421949,0.78811878488572,"hist+future",0.0451421444035328,0.78905745520546,0.00959084026133797,0.0121548059625654,0.998810390404973
0.1,"with_ssp245",141,4,-0.43020739057748,0.258077575092997,"hist",-0.465232445769518,0.25433843093167,0.035025055192038,0.137710431977336,1.01470145171388
0.1,"without_ssp245",141,7,-0.473082877493111,0.253262642551952,"hist",-0.465232445769518,0.25433843093167,0.00785043172359307,0.0308660853762291,0.995770248421456
0.1,"with_ssp245",141,4,1.06024275800505,0.473105461161799,"future",1.02434920694485,0.482886078306809,0.0358935510601976,0.0743313022940209,0.979745497780128
0.1,"without_ssp245",141,7,1.01141921076807,0.490479185684564,"future",1.02434920694485,0.482886078306809,0.0129299961767786,0.026776493996506,1.01572442801495
