"tol","archive","draw","n_stitched","mean_gen","var_gen","time_period","mean_target","var_target","bias","E1","E2"
0.1,"with_ssp370",173,10,0.146358888774201,0.980501896753345,"hist+future",0.146394344005387,0.985331331685952,3.54552311856438e-05,3.5983054679666e-05,0.995098669069678
0.1,"without_ssp370",173,31,0.147898644215367,0.978447262084437,"hist+future",0.146394344005387,0.985331331685952,0.00150430020998069,0.00152669478946412,0.993013446969421
0.1,"with_ssp370",173,10,-0.466188479386048,0.247010385536114,"hist",-0.465232445769518,0.25433843093167,0.000956033616530294,0.00375890349338178,0.971187817080131
0.1,"without_ssp370",173,31,-0.461391285601348,0.251711770812581,"hist",-0.465232445769518,0.25433843093167,0.00384116016816977,0.0151025551038401,0.989672578739016
0.1,"with_ssp370",173,10,1.32159511838398,0.766424010481656,"future",1.31986434764328,0.783330201500798,0.00173077074069661,0.00220950339637178,0.97841754219772
0.1,"without_ssp370",173,31,1.31688513746837,0.77051819003281,"future",1.31986434764328,0.783330201500798,0.00297921017491687,0.003803262237571,0.983644175287201
