"tol","archive","draw","n_stitched","mean_gen","var_gen","time_period","mean_target","var_target","bias","E1","E2"
0.1,"with_ssp370",46,10,0.141256374636583,0.98293710458228,"hist+future",0.146394344005387,0.985331331685952,0.00513796936880384,0.00521445853143887,0.997570129938346
0.1,"without_ssp370",46,31,0.151994713956091,0.978440510071104,"hist+future",0.146394344005387,0.985331331685952,0.00560036995070426,0.0056837428899391,0.993006594438585
0.1,"with_ssp370",46,10,-0.469301252143048,0.252678482078278,"hist",-0.465232445769518,0.25433843093167,0.00406880637353058,0.0159976074344175,0.993473464284137
0.1,"without_ssp370",46,31,-0.456695858296354,0.252906916010835,"hist",-0.465232445769518,0.25433843093167,0.00853658747316388,0.0335638913942082,0.994371613776214
0.1,"with_ssp370",46,10,1.3126750771789,0.780754675459474,"future",1.31986434764328,0.783330201500798,0.00718927046438633,0.0091778287759265,0.996712081269956
0.1,"without_ssp370",46,31,1.31983127699857,0.772393496905905,"future",1.31986434764328,0.783330201500798,3.3070644712474e-05,4.2218013104963e-05,0.986038193632852
