"tol","archive","draw","n_stitched","mean_gen","var_gen","time_period","mean_target","var_target","bias","E1","E2"
0.1,"with_ssp370",47,10,0.140111637265768,0.979271911851399,"hist+future",0.146394344005387,0.985331331685952,0.00628270673961809,0.0063762376548689,0.993850373331592
0.1,"without_ssp370",47,29,0.152402334892535,0.976286858773739,"hist+future",0.146394344005387,0.985331331685952,0.00600799088714826,0.00609743209613388,0.990820881645225
0.1,"with_ssp370",47,10,-0.469206882403593,0.252849088808975,"hist",-0.465232445769518,0.25433843093167,0.00397443663407554,0.0156265674027977,0.994144250567092
0.1,"without_ssp370",47,29,-0.456219258714514,0.249482715290656,"hist",-0.465232445769518,0.25433843093167,0.00901318705500354,0.0354377709337406,0.980908446972694
0.1,"with_ssp370",47,10,1.30915298314303,0.772580118783412,"future",1.31986434764328,0.783330201500798,0.0107113645002521,0.013674137011097,0.986276435280052
0.1,"without_ssp370",47,29,1.32010655518513,0.766854359081656,"future",1.31986434764328,0.783330201500798,0.000242207541844675,0.00030920235346553,0.97896692558569
