"tol","archive","draw","n_stitched","mean_gen","var_gen","time_period","mean_target","var_target","bias","E1","E2"
0.1,"with_ssp370",187,10,0.149369342421275,0.976492634227413,"hist+future",0.146394344005387,0.985331331685952,0.00297499841588808,0.00301928734042965,0.991029720486594
0.1,"without_ssp370",187,29,0.151075953352233,0.979037880879025,"hist+future",0.146394344005387,0.985331331685952,0.0046816093468468,0.0047513046589479,0.993612858330447
0.1,"with_ssp370",187,10,-0.457820481768028,0.25481542853653,"hist",-0.465232445769518,0.25433843093167,0.00741196400148963,0.0291421315069798,1.00187544447417
0.1,"without_ssp370",187,29,-0.459287322781841,0.249241340954753,"hist",-0.465232445769518,0.25433843093167,0.00594512298767674,0.0233748512401335,0.979959418801768
0.1,"with_ssp370",187,10,1.31432656324959,0.770457521841474,"future",1.31986434764328,0.783330201500798,0.00553778439369634,0.00706954025656918,0.983566726222657
0.1,"without_ssp370",187,29,1.32212177384203,0.769484920863524,"future",1.31986434764328,0.783330201500798,0.00225742619874292,0.00288183220105374,0.982325102988819
