"tol","archive","draw","n_stitched","mean_gen","var_gen","time_period","mean_target","var_target","bias","E1","E2"
0.1,"with_ssp245",24,4,0.0739007570055711,0.784597378599862,"hist+future",0.0451421444035328,0.78905745520546,0.0287586126020382,0.0364467915641832,0.994347589549817
0.1,"without_ssp245",24,6,0.0329062925355491,0.776935382360157,"hist+future",0.0451421444035328,0.78905745520546,0.0122358518679837,0.0155069213113228,0.984637274807643
0.1,"with_ssp245",24,4,-0.434957033475428,0.24413389704261,"hist",-0.465232445769518,0.25433843093167,0.0302754122940893,0.119035932490371,0.959878128320288
0.1,"without_ssp245",24,6,-0.470802696387934,0.256710834771,"hist",-0.465232445769518,0.25433843093167,0.00557025061841637,0.0219009396181769,1.00932774426043
0.1,"with_ssp245",24,4,1.05019768060284,0.481067353848642,"future",1.02434920694485,0.482886078306809,0.0258484736579869,0.053529134135782,0.996233636586617
0.1,"without_ssp245",24,6,0.999324701516651,0.462526318205584,"future",1.02434920694485,0.482886078306809,0.0250245054282,0.0518227933096475,0.957837342976186
