"tol","archive","draw","n_stitched","mean_gen","var_gen","time_period","mean_target","var_target","bias","E1","E2"
0.1,"with_ssp245",81,4,0.0746427884316253,0.791740202178919,"hist+future",0.0451421444035328,0.78905745520546,0.0295006440280925,0.0373871938392761,1.00339993869364
0.1,"without_ssp245",81,6,0.0319150585715811,0.778256444223026,"hist+future",0.0451421444035328,0.78905745520546,0.0132270858319517,0.0167631466437479,0.986311502525984
0.1,"with_ssp245",81,4,-0.441021461853854,0.245542212499635,"hist",-0.465232445769518,0.25433843093167,0.0242109839156638,0.0951919999937733,0.96541529960764
0.1,"without_ssp245",81,6,-0.470605035014016,0.255458582992008,"hist",-0.465232445769518,0.25433843093167,0.00537258924449835,0.021123780723259,1.00440417933002
0.1,"with_ssp245",81,4,1.06399861746772,0.473142269410011,"future",1.02434920694485,0.482886078306809,0.0396494105228684,0.0821092433683221,0.979821723312125
0.1,"without_ssp245",81,6,0.996052447427669,0.477365770255919,"future",1.02434920694485,0.482886078306809,0.0282967595171818,0.0585992448082196,0.988568094424576
