"tol","archive","draw","n_stitched","mean_gen","var_gen","time_period","mean_target","var_target","bias","E1","E2"
0.1,"with_ssp245",158,4,0.0790725361859957,0.787996499870538,"hist+future",0.0451421444035328,0.78905745520546,0.0339303917824629,0.0430011674797849,0.998655414345404
0.1,"without_ssp245",158,6,0.0304681318213635,0.782660090344329,"hist+future",0.0451421444035328,0.78905745520546,0.0146740125821693,0.0185968873183619,0.991892396657648
0.1,"with_ssp245",158,4,-0.432833996990424,0.24529049796246,"hist",-0.465232445769518,0.25433843093167,0.0323984487790941,0.127383221876517,0.964425616152203
0.1,"without_ssp245",158,6,-0.473314632076967,0.253459174830396,"hist",-0.465232445769518,0.25433843093167,0.00808218630744922,0.0317772909026893,0.996542967973606
0.1,"with_ssp245",158,4,1.06121879169889,0.478008535486985,"future",1.02434920694485,0.482886078306809,0.0368695847540426,0.0763525527249036,0.989899185255193
0.1,"without_ssp245",158,6,0.997028085812346,0.492737800811165,"future",1.02434920694485,0.482886078306809,0.0273211211325043,0.0565788130159044,1.02040175301574
