"tol","archive","draw","n_stitched","mean_gen","var_gen","time_period","mean_target","var_target","bias","E1","E2"
0.1,"with_ssp245",105,4,0.0747052700743551,0.790893923550059,"hist+future",0.0451421444035328,0.78905745520546,0.0295631256708223,0.0374663790016716,1.00232742030695
0.1,"without_ssp245",105,6,0.0335383163124853,0.788970906960068,"hist+future",0.0451421444035328,0.78905745520546,0.0116038280910475,0.0147059355621018,0.999890314393685
0.1,"with_ssp245",105,4,-0.438504234816234,0.248919578234118,"hist",-0.465232445769518,0.25433843093167,0.0267282109532838,0.105089155639497,0.978694322058596
0.1,"without_ssp245",105,6,-0.474759270022324,0.260845450856706,"hist",-0.465232445769518,0.25433843093167,0.00952682425280676,0.037457273829633,1.02558410029188
0.1,"with_ssp245",105,4,1.05935141317839,0.480543876105646,"future",1.02434920694485,0.482886078306809,0.0350022062335416,0.0724854324984337,0.995149576046227
0.1,"without_ssp245",105,6,1.00876042962927,0.488716012055368,"future",1.02434920694485,0.482886078306809,0.0155887773155792,0.0322825155163712,1.01207310380329
