"tol","archive","draw","n_stitched","mean_gen","var_gen","time_period","mean_target","var_target","bias","E1","E2"
0.1,"with_ssp370",92,10,0.145990581989145,0.97705722263567,"hist+future",0.146394344005387,0.985331331685952,0.000403762016241815,0.000409772838087832,0.991602713945851
0.1,"without_ssp370",92,32,0.149807209856215,0.977865474861967,"hist+future",0.146394344005387,0.985331331685952,0.00341286585082842,0.00346367332599567,0.992422998656491
0.1,"with_ssp370",92,10,-0.460261583837642,0.24973922050349,"hist",-0.465232445769518,0.25433843093167,0.00497086193187574,0.0195442816630853,0.981916966258964
0.1,"without_ssp370",92,32,-0.459771053069545,0.25043380064105,"hist",-0.465232445769518,0.25433843093167,0.00546139269997276,0.0214729354111648,0.984647895025864
0.1,"with_ssp370",92,10,1.30914880712193,0.779821592208353,"future",1.31986434764328,0.783330201500798,0.010715540521351,0.0136794681231758,0.995520906399724
0.1,"without_ssp370",92,32,1.31934690035331,0.76788147190558,"future",1.31986434764328,0.783330201500798,0.000517447289971829,0.000660573649503671,0.980278138688359
