"tol","archive","draw","n_stitched","mean_gen","var_gen","time_period","mean_target","var_target","bias","E1","E2"
0.1,"with_ssp245",50,4,0.0698115779886141,0.789427571228528,"hist+future",0.0451421444035328,0.78905745520546,0.0246694335850813,0.0312644325483975,1.00046906092912
0.1,"without_ssp245",50,6,0.0321119499209184,0.781225051771022,"hist+future",0.0451421444035328,0.78905745520546,0.0130301944826144,0.0165136193779723,0.990073722283761
0.1,"with_ssp245",50,4,-0.442279271823936,0.245489793308707,"hist",-0.465232445769518,0.25433843093167,0.0229531739455816,0.0902465815390208,0.965209199449138
0.1,"without_ssp245",50,6,-0.475606725024695,0.247789811622122,"hist",-0.465232445769518,0.25433843093167,0.0103742792551769,0.0407892712759717,0.974252340530843
0.1,"with_ssp245",50,4,1.05231146425688,0.483575625128787,"future",1.02434920694485,0.482886078306809,0.0279622573120286,0.0579065302733006,1.00142796997668
0.1,"without_ssp245",50,6,1.00622336115378,0.468351296174087,"future",1.02434920694485,0.482886078306809,0.01812584579107,0.0375364844947,0.969900183944655
