"tol","archive","draw","n_stitched","mean_gen","var_gen","time_period","mean_target","var_target","bias","E1","E2"
0.1,"with_ssp245",5,4,0.071262288615477,0.792001776173821,"hist+future",0.0451421444035328,0.78905745520546,0.0261201442119442,0.0331029686616964,1.00373144052938
0.1,"without_ssp245",5,6,0.0301541796483127,0.7857737625154,"hist+future",0.0451421444035328,0.78905745520546,0.0149879647552201,0.0189947698438734,0.995838461865613
0.1,"with_ssp245",5,4,-0.44143454178116,0.25198748041197,"hist",-0.465232445769518,0.25433843093167,0.0237979039883575,0.0935678650732533,0.990756605240159
0.1,"without_ssp245",5,6,-0.477008157953704,0.254992233163044,"hist",-0.465232445769518,0.25433843093167,0.011775712184186,0.0462993820518993,1.00257059945278
0.1,"with_ssp245",5,4,1.05492481205089,0.485851407500544,"future",1.02434920694485,0.482886078306809,0.0305756051060351,0.0633184647054753,1.00614084631334
0.1,"without_ssp245",5,6,1.00319819946613,0.486206109302026,"future",1.02434920694485,0.482886078306809,0.0211510074787158,0.0438012368318417,1.00687539182504
