"tol","archive","draw","n_stitched","mean_gen","var_gen","time_period","mean_target","var_target","bias","E1","E2"
0.1,"with_ssp370",120,10,0.143314739803995,0.979596292871201,"hist+future",0.146394344005387,0.985331331685952,0.00307960420139153,0.00312545039659113,0.994179583425061
0.1,"without_ssp370",120,32,0.149688777200026,0.975304538254369,"hist+future",0.146394344005387,0.985331331685952,0.00329443319463912,0.00334347755795219,0.989823937279629
0.1,"with_ssp370",120,10,-0.466520988723034,0.254641438025972,"hist",-0.465232445769518,0.25433843093167,0.00128854295351655,0.00506625345134226,1.0011913539499
0.1,"without_ssp370",120,32,-0.45772366225592,0.251022910277411,"hist",-0.465232445769518,0.25433843093167,0.00750878351359757,0.0295228034791756,0.986964138128421
0.1,"with_ssp370",120,10,1.3133484050012,0.770360209164187,"future",1.31986434764328,0.783330201500798,0.00651594264208177,0.00831825790656066,0.983442496776248
0.1,"without_ssp370",120,32,1.31507310871434,0.767618221660318,"future",1.31986434764328,0.783330201500798,0.00479123892894395,0.00611649968271914,0.979942073201854
