"tol","archive","draw","n_stitched","mean_gen","var_gen","time_period","mean_target","var_target","bias","E1","E2"
0.1,"with_ssp370",91,10,0.145165373427379,0.977581596533504,"hist+future",0.146394344005387,0.985331331685952,0.00122897057800794,0.00124726631386532,0.992134894219604
0.1,"without_ssp370",91,31,0.151283555384951,0.977044811790684,"hist+future",0.146394344005387,0.985331331685952,0.00488921137956416,0.00496199727171821,0.991590118340102
0.1,"with_ssp370",91,10,-0.464115472274091,0.249654594292921,"hist",-0.465232445769518,0.25433843093167,0.00111697349542672,0.00439168194651167,0.981584235533768
0.1,"without_ssp370",91,31,-0.455456958480356,0.250713177635653,"hist",-0.465232445769518,0.25433843093167,0.00977548728916133,0.0384349594882403,0.985746340878421
0.1,"with_ssp370",91,10,1.31413443785462,0.768477526603393,"future",1.31986434764328,0.783330201500798,0.00572990978866739,0.0073148076988342,0.981039062621422
0.1,"without_ssp370",91,31,1.31537872733583,0.777188023570296,"future",1.31986434764328,0.783330201500798,0.0044856203074537,0.00572634669116498,0.992158890441433
