"tol","archive","draw","n_stitched","mean_gen","var_gen","time_period","mean_target","var_target","bias","E1","E2"
0.1,"with_ssp245",9,4,0.0658703204517062,0.791882569149223,"hist+future",0.0451421444035328,0.78905745520546,0.0207281760481734,0.0262695395771605,1.0035803653145
0.1,"without_ssp245",9,6,0.0315642285570748,0.785483857710382,"hist+future",0.0451421444035328,0.78905745520546,0.013577915846458,0.017207765742385,0.995471055407305
0.1,"with_ssp245",9,4,-0.448469357521283,0.243751734840294,"hist",-0.465232445769518,0.25433843093167,0.0167630882482342,0.0659085934706336,0.95837555475751
0.1,"without_ssp245",9,6,-0.474390208018752,0.250169708424622,"hist",-0.465232445769518,0.25433843093167,0.00915776224923442,0.0360062072243212,0.983609545392816
0.1,"with_ssp245",9,4,1.05268481888826,0.483599025690132,"future",1.02434920694485,0.482886078306809,0.0283356119434055,0.0586797035912931,1.00147642977371
0.1,"without_ssp245",9,6,1.00229076384791,0.496597852591204,"future",1.02434920694485,0.482886078306809,0.022058443096945,0.0456804287551439,1.02839546406571
