"tol","archive","draw","n_stitched","mean_gen","var_gen","time_period","mean_target","var_target","bias","E1","E2"
0.1,"with_ssp370",19,10,0.140684971573008,0.983136722430334,"hist+future",0.146394344005387,0.985331331685952,0.0057093724323789,0.00579436809606965,0.997772719505567
0.1,"without_ssp370",19,29,0.150665259391584,0.978810062408709,"hist+future",0.146394344005387,0.985331331685952,0.00427091538619748,0.00433449668030927,0.993381648317135
0.1,"with_ssp370",19,10,-0.471072146059974,0.249970491273833,"hist",-0.465232445769518,0.25433843093167,0.00583970029045588,0.0229603535299971,0.98282626954237
0.1,"without_ssp370",19,29,-0.459303226072229,0.250072582965309,"hist",-0.465232445769518,0.25433843093167,0.00592921969728838,0.0233123231733757,0.983227670506834
0.1,"with_ssp370",19,10,1.31440502284559,0.777893099125705,"future",1.31986434764328,0.783330201500798,0.0054593247976964,0.00696937866973183,0.993058990493822
0.1,"without_ssp370",19,29,1.32095363266518,0.769874852447325,"future",1.31986434764328,0.783330201500798,0.00108928502189509,0.00139058218336036,0.982822889979611
