"tol","archive","draw","n_stitched","mean_gen","var_gen","time_period","mean_target","var_target","bias","E1","E2"
0.1,"with_ssp370",167,10,0.150908501991454,0.975592901977771,"hist+future",0.146394344005387,0.985331331685952,0.00451415798606786,0.00458136044283084,0.990116593885716
0.1,"without_ssp370",167,31,0.151414395888015,0.977678266238304,"hist+future",0.146394344005387,0.985331331685952,0.00502005188262827,0.00509478560276644,0.9922330030503
0.1,"with_ssp370",167,10,-0.457672294788437,0.251048239067558,"hist",-0.465232445769518,0.25433843093167,0.00756015098108048,0.0297247685038663,0.987063725084488
0.1,"without_ssp370",167,31,-0.457179316480932,0.252624598484544,"hist",-0.465232445769518,0.25433843093167,0.00805312928858598,0.0316630454119201,0.99326160643184
0.1,"with_ssp370",167,10,1.31853444930171,0.763316742368151,"future",1.31986434764328,0.783330201500798,0.0013298983415726,0.00169774935145437,0.974450801087073
0.1,"without_ssp370",167,31,1.31906512310751,0.770177407538757,"future",1.31986434764328,0.783330201500798,0.000799224535778853,0.00102029072062791,0.983209132066092
