"tol","archive","draw","n_stitched","mean_gen","var_gen","time_period","mean_target","var_target","bias","E1","E2"
0.1,"with_ssp245",144,4,0.0766312716507324,0.796882107990478,"hist+future",0.0451421444035328,0.78905745520546,0.0314891272471996,0.0399072678921717,1.00991645504823
0.1,"without_ssp245",144,6,0.0307597334785961,0.783564419169949,"hist+future",0.0451421444035328,0.78905745520546,0.0143824109249367,0.0182273303801327,0.993038484080882
0.1,"with_ssp245",144,4,-0.439543382504899,0.258002582921685,"hist",-0.465232445769518,0.25433843093167,0.0256890632646182,0.101003466800185,1.01440659980716
0.1,"without_ssp245",144,6,-0.478238793168366,0.247928807361079,"hist",-0.465232445769518,0.25433843093167,0.0130063473988482,0.0511379556412474,0.974798839691226
0.1,"with_ssp245",144,4,1.06696636392607,0.482428821492301,"future",1.02434920694485,0.482886078306809,0.0426171569812221,0.0882550955510146,0.999053075176424
0.1,"without_ssp245",144,6,1.00732667413846,0.471823561790129,"future",1.02434920694485,0.482886078306809,0.0170225328063855,0.0352516536945388,0.977090835678117
