"tol","archive","draw","n_stitched","mean_gen","var_gen","time_period","mean_target","var_target","bias","E1","E2"
0.1,"with_ssp370",97,8,0.14728823474441,0.978890332248606,"hist+future",0.146394344005387,0.985331331685952,0.000893890739023129,0.000907198127449815,0.993463113137461
0.1,"without_ssp370",97,31,0.149751588078815,0.978231286334938,"hist+future",0.146394344005387,0.985331331685952,0.00335724407342836,0.00340722350489346,0.99279425598
0.1,"with_ssp370",97,8,-0.460777195218238,0.253553994132347,"hist",-0.465232445769518,0.25433843093167,0.0044552505512801,0.0175170167361654,0.996915775581183
0.1,"without_ssp370",97,31,-0.460720904201545,0.249775302051692,"hist",-0.465232445769518,0.25433843093167,0.00451154156797257,0.0177383400198165,0.982058830577577
0.1,"with_ssp370",97,8,1.31392539688205,0.776195646070085,"future",1.31986434764328,0.783330201500798,0.00593895076123729,0.00758166958181714,0.990892020482494
0.1,"without_ssp370",97,31,1.32100695117485,0.765668263900785,"future",1.31986434764328,0.783330201500798,0.00114260353157025,0.00145864863805981,0.977452755471225
