"tol","archive","draw","n_stitched","mean_gen","var_gen","time_period","mean_target","var_target","bias","E1","E2"
0.1,"with_ssp370",59,10,0.144470330916451,0.979610789687059,"hist+future",0.146394344005387,0.985331331685952,0.00192401308893506,0.00195265595141786,0.994194296055617
0.1,"without_ssp370",59,32,0.148195289584949,0.977373132185096,"hist+future",0.146394344005387,0.985331331685952,0.00180094557956212,0.00182775633093957,0.991923326453814
0.1,"with_ssp370",59,10,-0.466842169182847,0.251194364620284,"hist",-0.465232445769518,0.25433843093167,0.00160972341332899,0.0063290608793661,0.987638257026794
0.1,"without_ssp370",59,32,-0.459949472627039,0.248891146183243,"hist",-0.465232445769518,0.25433843093167,0.00528297314247905,0.0207714308967266,0.978582533797693
0.1,"with_ssp370",59,10,1.31733733692092,0.766012490136543,"future",1.31986434764328,0.783330201500798,0.00252701072236516,0.00322598403268968,0.977892194975917
0.1,"without_ssp370",59,32,1.31498465894516,0.773361600611092,"future",1.31986434764328,0.783330201500798,0.00487968869812727,0.00622941473312043,0.987274075644464
