"tol","archive","draw","n_stitched","mean_gen","var_gen","time_period","mean_target","var_target","bias","E1","E2"
0.1,"with_ssp245",61,4,0.0722542720318922,0.786799532124331,"hist+future",0.0451421444035328,0.78905745520546,0.0271121276283594,0.0343601438013152,0.997138455423957
0.1,"without_ssp245",61,6,0.0373459354354348,0.782304856356701,"hist+future",0.0451421444035328,0.78905745520546,0.007796208968098,0.00988040720820257,0.991442196250461
0.1,"with_ssp245",61,4,-0.438429825484858,0.24508723334833,"hist",-0.465232445769518,0.25433843093167,0.0268026202846601,0.105381715954129,0.963626426610198
0.1,"without_ssp245",61,6,-0.467963553553315,0.24976889193758,"hist",-0.465232445769518,0.25433843093167,0.00273110778379732,0.0107380853683534,0.982033627488575
0.1,"with_ssp245",61,4,1.0520551568024,0.479783145316032,"future",1.02434920694485,0.482886078306809,0.02770594985755,0.0573757478258602,0.993574192485199
0.1,"without_ssp245",61,6,1.00683507128594,0.485889485396491,"future",1.02434920694485,0.482886078306809,0.0175141356589075,0.0362697051037773,1.00621970113575
