"tol","archive","draw","n_stitched","mean_gen","var_gen","mean_target","var_target","bias","E1","E2"
0.1,"with_ssp245",95,8,0.0173196994752938,0.154478037937569,0.0173490866900301,0.118072026768763,2.93872147363351e-05,0.000248892269748941,1.30833731041227
0.1,"without_ssp245",95,6,-0.000532383612653238,0.16553112195961,0.0173490866900301,0.118072026768763,0.0178814703026833,0.151445442176606,1.40195037291765
