"tol","archive","draw","n_stitched","mean_gen","var_gen","mean_target","var_target","bias","E1","E2"
0.1,"with_ssp370",168,12,0.0245009053093005,0.120113211042215,0.0246654902508703,0.117394101373112,0.000164584941569831,0.00140198646818491,1.02316223419489
0.1,"without_ssp370",168,4,0.0241573240184004,0.123140469487292,0.0246654902508703,0.117394101373112,0.000508166232469947,0.0043287203234756,1.04894937690196
