"tol","archive","draw","n_stitched","mean_gen","var_gen","mean_target","var_target","bias","E1","E2"
0.1,"with_ssp245",132,8,0.0114955593475915,0.152520791477206,0.0173490866900301,0.118072026768763,0.00585352734243855,0.0495759029689762,1.29176059436931
0.1,"without_ssp245",132,5,0.0402685494720115,0.168932814085446,0.0173490866900301,0.118072026768763,0.0229194627819814,0.194114248812446,1.43076068657897
