"tol","archive","draw","n_stitched","mean_gen","var_gen","mean_target","var_target","bias","E1","E2"
0.1,"with_ssp370",49,12,0.0188256208293962,0.153396400375072,0.0246654902508703,0.117394101373112,0.0058398694214741,0.0497458505424672,1.30667894366799
0.1,"without_ssp370",49,3,0.0276330118433557,0.185741784521152,0.0246654902508703,0.117394101373112,0.00296752159248535,0.0252782853463285,1.58220713262936
