"tol","archive","draw","n_stitched","mean_gen","var_gen","mean_target","var_target","bias","E1","E2"
0.1,"with_ssp245",1,7,0.0107659990696336,0.155698267439003,0.0111507302173141,0.116908449409878,0.000384731147680506,0.00329087546385676,1.33179653160166
0.1,"without_ssp245",1,6,0.0147698914584269,0.161187889871844,0.0111507302173141,0.116908449409878,0.00361916124111284,0.0309572255844755,1.37875312422222
