"tol","archive","draw","n_stitched","mean_gen","var_gen","mean_target","var_target","bias","E1","E2"
0.1,"with_ssp245",103,8,0.0167324922144257,0.123862573646389,0.0173490866900301,0.118072026768763,0.000616594475604429,0.00522218930663393,1.04904249580611
0.1,"without_ssp245",103,5,0.0174484457563552,0.123028822516289,0.0173490866900301,0.118072026768763,9.93590663251123e-05,0.000841512329755304,1.04198111850179
