"tol","archive","draw","n_stitched","mean_gen","var_gen","mean_target","var_target","bias","E1","E2"
0.1,"with_ssp370",4,12,0.0330899529839471,0.149856517909479,0.0246654902508703,0.117394101373112,0.00842446273307683,0.0717622319566248,1.27652510779218
0.1,"without_ssp370",4,4,0.0218959120502525,0.166466091941566,0.0246654902508703,0.117394101373112,0.00276957820061784,0.023592141072023,1.41801070066109
