"tol","archive","draw","n_stitched","mean_gen","var_gen","mean_target","var_target","bias","E1","E2"
0.1,"with_ssp370",35,11,0.0274100289317098,0.143323665207982,0.0246654902508703,0.117394101373112,0.0027445386808395,0.023378846541161,1.22087620699492
0.1,"without_ssp370",35,3,0.0112990848846807,0.176436332922463,0.0246654902508703,0.117394101373112,0.0133664053661896,0.113859258768951,1.50294035951344
