"tol","archive","draw","n_stitched","mean_gen","var_gen","mean_target","var_target","bias","E1","E2"
0.1,"with_ssp245",164,8,0.015528302987736,0.164530110140819,0.0173490866900301,0.118072026768763,0.00182078370229413,0.0154209574623465,1.39347239683656
0.1,"without_ssp245",164,5,-0.00528566478008697,0.169076222889209,0.0173490866900301,0.118072026768763,0.0226347514701171,0.191702912955377,1.43197527404467
