"tol","archive","draw","n_stitched","mean_gen","var_gen","mean_target","var_target","bias","E1","E2"
0.1,"with_ssp370",166,11,0.0245932279596723,0.123108673423075,0.0246654902508703,0.117394101373112,7.22622911980067e-05,0.000615552999280059,1.0486785279935
0.1,"without_ssp370",166,4,0.023682497570869,0.127779751345394,0.0246654902508703,0.117394101373112,0.000982992680001318,0.00837344183824946,1.08846824372608
