"tol","archive","draw","n_stitched","mean_gen","var_gen","mean_target","var_target","bias","E1","E2"
0.1,"with_ssp245",10,7,0.0172652487571462,0.12003769322189,0.0173490866900301,0.118072026768763,8.38379328839123e-05,0.000710057540115779,1.01664802838506
0.1,"without_ssp245",10,5,0.0173372179090057,0.12533216370049,0.0173490866900301,0.118072026768763,1.18687810243719e-05,0.000100521532061241,1.06148905147487
