"tol","archive","draw","n_stitched","mean_gen","var_gen","mean_target","var_target","bias","E1","E2"
0.1,"with_ssp370",105,12,0.0246992039318493,0.120145036716953,0.0246654902508703,0.117394101373112,3.37136809789931e-05,0.000287183773159448,1.02343333533511
0.1,"without_ssp370",105,3,0.0242537772190825,0.126174768243046,0.0246654902508703,0.117394101373112,0.000411713031787751,0.00350710152360388,1.074796491197
