"tol","archive","draw","n_stitched","mean_gen","var_gen","mean_target","var_target","bias","E1","E2"
0.1,"with_ssp370",56,13,0.0248842396272547,0.121738133857248,0.0246654902508703,0.117394101373112,0.000218749376384435,0.00186337621588998,1.03700383948874
0.1,"without_ssp370",56,4,0.0243199928196561,0.128434905222976,0.0246654902508703,0.117394101373112,0.000345497431214217,0.00294305614313726,1.09404905119358
