"tol","archive","draw","n_stitched","mean_gen","var_gen","mean_target","var_target","bias","E1","E2"
0.1,"with_ssp245",55,8,0.0170918014207638,0.119837576663508,0.0173490866900301,0.118072026768763,0.000257285269266314,0.00217905355152573,1.01495315988945
0.1,"without_ssp245",55,5,0.0171981706106795,0.122067042861527,0.0173490866900301,0.118072026768763,0.000150916079350579,0.00127816963493088,1.03383541556873
