"tol","archive","draw","n_stitched","mean_gen","var_gen","mean_target","var_target","bias","E1","E2"
0.1,"with_ssp370",10,12,0.0339535693624603,0.149769742082802,0.0246654902508703,0.117394101373112,0.00928807911158999,0.0791187887887977,1.27578592391785
0.1,"without_ssp370",10,4,0.0181770684738703,0.184095029354885,0.0246654902508703,0.117394101373112,0.00648842177700002,0.0552704241619256,1.56817955247835
