"tol","archive","draw","n_stitched","mean_gen","var_gen","mean_target","var_target","bias","E1","E2"
0.1,"with_ssp245",138,8,0.0130590781547032,0.149382334435629,0.0173490866900301,0.118072026768763,0.00429000853532689,0.0363338265017557,1.26517972566174
0.1,"without_ssp245",138,5,0.014805304981615,0.168554800184854,0.0173490866900301,0.118072026768763,0.00254378170841505,0.0215443215300851,1.42755913316334
