"tol","archive","draw","n_stitched","mean_gen","var_gen","mean_target","var_target","bias","E1","E2"
0.1,"with_ssp245",98,8,0.0172839925748434,0.119207903426085,0.0173490866900301,0.118072026768763,6.50941151866813e-05,0.000551308527244681,1.00962020123146
0.1,"without_ssp245",98,5,0.0170899609934187,0.119706149141837,0.0173490866900301,0.118072026768763,0.000259125696611434,0.00219464087898581,1.0138400467731
