"tol","archive","draw","n_stitched","mean_gen","var_gen","mean_target","var_target","bias","E1","E2"
0.1,"with_ssp370",128,12,0.0310687441191562,0.155241018044052,0.0246654902508703,0.117394101373112,0.0064032538682859,0.0545449370401883,1.32239197905396
0.1,"without_ssp370",128,3,0.0326004162898439,0.196388256268518,0.0246654902508703,0.117394101373112,0.00793492603897358,0.0675922039196338,1.67289713853969
