"tol","archive","draw","n_stitched","mean_gen","var_gen","mean_target","var_target","bias","E1","E2"
0.1,"with_ssp245",115,8,0.0163267388402936,0.146832709230636,0.0173490866900301,0.118072026768763,0.00102234784973645,0.0086586796018896,1.24358591318331
0.1,"without_ssp245",115,5,0.0283019496794467,0.16405861919941,0.0173490866900301,0.118072026768763,0.0109528629894166,0.09276424983258,1.3894791483567
