"tol","archive","draw","n_stitched","mean_gen","var_gen","mean_target","var_target","bias","E1","E2"
0.1,"with_ssp245",6,8,-0.000745609594572314,0.149653345895025,0.0111507302173141,0.116908449409878,0.0118963398118864,0.10175774182222,1.28009007604185
0.1,"without_ssp245",6,5,-0.000607457312162105,0.158808620451451,0.0111507302173141,0.116908449409878,0.0117581875294762,0.100576028412218,1.35840156338634
