"tol","archive","draw","n_stitched","mean_gen","var_gen","mean_target","var_target","bias","E1","E2"
0.1,"with_ssp370",170,12,0.0246995001016088,0.121883687514286,0.0246654902508703,0.117394101373112,3.40098507384846e-05,0.00028970664062917,1.03824371146983
0.1,"without_ssp370",170,4,0.0247396101408099,0.129297827550486,0.0246654902508703,0.117394101373112,7.41198899396334e-05,0.0006313766115391,1.10139969588029
