"tol","archive","draw","n_stitched","mean_gen","var_gen","mean_target","var_target","bias","E1","E2"
0.1,"with_ssp370",112,12,0.0246119181439031,0.124977292072378,0.0246654902508703,0.117394101373112,5.35721069672458e-05,0.000456344112188211,1.06459601130353
0.1,"without_ssp370",112,3,0.0239378858701909,0.130703190043118,0.0246654902508703,0.117394101373112,0.000727604380679349,0.00619796371511727,1.11337101706418
