"tol","archive","draw","n_stitched","mean_gen","var_gen","mean_target","var_target","bias","E1","E2"
0.1,"with_ssp370",79,12,0.0244873086389887,0.12252138076799,0.0246654902508703,0.117394101373112,0.000178181611881607,0.00151780719642203,1.04367578383331
0.1,"without_ssp370",79,4,0.0240803473630414,0.133210332279357,0.0246654902508703,0.117394101373112,0.000585142887828922,0.00498443176432833,1.13472764577818
