"tol","archive","draw","n_stitched","mean_gen","var_gen","mean_target","var_target","bias","E1","E2"
0.1,"with_ssp370",153,11,0.0243456912353506,0.122196571261687,0.0246654902508703,0.117394101373112,0.000319799015519734,0.00272414892894252,1.04090895396278
0.1,"without_ssp370",153,3,0.0236991495449084,0.130375235406597,0.0246654902508703,0.117394101373112,0.000966340705961893,0.00823159506873844,1.11057739598199
