"tol","archive","draw","n_stitched","mean_gen","var_gen","mean_target","var_target","bias","E1","E2"
0.1,"with_ssp245",134,7,0.00808288406152077,0.147348040067378,0.0173490866900301,0.118072026768763,0.00926620262850932,0.0784792374798192,1.24795045956101
0.1,"without_ssp245",134,5,0.00916457581848875,0.166113324240938,0.0173490866900301,0.118072026768763,0.00818451087154134,0.0693179501997558,1.4068812807479
