"tol","archive","draw","n_stitched","mean_gen","var_gen","mean_target","var_target","bias","E1","E2"
0.1,"with_ssp370",58,12,0.0278179002391747,0.150728298936788,0.0246654902508703,0.117394101373112,0.00315240998830444,0.0268532230447011,1.28395121367921
0.1,"without_ssp370",58,3,-0.000337515695677571,0.18273078726837,0.0246654902508703,0.117394101373112,0.0250030059465479,0.212983494520573,1.55655850788958
