"tol","archive","draw","n_stitched","mean_gen","var_gen","mean_target","var_target","bias","E1","E2"
0.1,"with_ssp370",65,12,0.0248230634595677,0.121104579077377,0.0246654902508703,0.117394101373112,0.000157573208697415,0.00134225831497787,1.03160701995129
0.1,"without_ssp370",65,3,0.0242791846430932,0.126888149399131,0.0246654902508703,0.117394101373112,0.000386305607777065,0.00329067306839612,1.08087329699679
