"tol","archive","draw","n_stitched","mean_gen","var_gen","mean_target","var_target","bias","E1","E2"
0.1,"with_ssp245",151,8,0.0174285990433684,0.118079970879679,0.0173490866900301,0.118072026768763,7.95123533383311e-05,0.000673422448265849,1.00006728190523
0.1,"without_ssp245",151,5,0.0173186526266482,0.122686188822429,0.0173490866900301,0.118072026768763,3.04340633819032e-05,0.000257758456552173,1.03907921444173
