"tol","archive","draw","n_stitched","mean_gen","var_gen","mean_target","var_target","bias","E1","E2"
0.1,"with_ssp245",118,8,0.0171486251640957,0.120349322445252,0.0173490866900301,0.118072026768763,0.000200461525934358,0.00169779016605643,1.01928734297879
0.1,"without_ssp245",118,6,0.0171260363966753,0.121431259088394,0.0173490866900301,0.118072026768763,0.000223050293354739,0.00188910362139857,1.02845070429942
