"tol","archive","draw","n_stitched","mean_gen","var_gen","mean_target","var_target","bias","E1","E2"
0.1,"with_ssp370",189,12,0.0247537173293996,0.120764228705793,0.0246654902508703,0.117394101373112,8.82270785292696e-05,0.000751546095564533,1.02870780808628
0.1,"without_ssp370",189,3,0.0241268128011762,0.129664272741565,0.0246654902508703,0.117394101373112,0.000538677449694082,0.00458862449981204,1.10452119165216
