"tol","archive","draw","n_stitched","mean_gen","var_gen","mean_target","var_target","bias","E1","E2"
0.1,"with_ssp245",146,7,0.0173632051985312,0.12423592391572,0.0173490866900301,0.118072026768763,1.41185085011479e-05,0.000119575388748075,1.05220455103247
0.1,"without_ssp245",146,6,0.0162692937284083,0.122086634659805,0.0173490866900301,0.118072026768763,0.00107979296162183,0.00914520561027158,1.03400134647391
