"tol","archive","draw","n_stitched","mean_gen","var_gen","mean_target","var_target","bias","E1","E2"
0.1,"with_ssp245",136,7,0.0173535250988746,0.120846630665613,0.0173490866900301,0.118072026768763,4.43840884447808e-06,3.75906890560152e-05,1.02349924849079
0.1,"without_ssp245",136,6,0.0168238814679028,0.118746109991134,0.0173490866900301,0.118072026768763,0.000525205222127328,0.00444817656222596,1.00570908487657
