"tol","archive","draw","n_stitched","mean_gen","var_gen","mean_target","var_target","bias","E1","E2"
0.1,"with_ssp245",45,8,0.0101669860533689,0.145294848742992,0.0173490866900301,0.118072026768763,0.00718210063666115,0.0608281303642468,1.23056114745573
0.1,"without_ssp245",45,5,0.0189602949906836,0.177363854278995,0.0173490866900301,0.118072026768763,0.00161120830065347,0.0136459781774469,1.50216659383981
