"tol","archive","draw","n_stitched","mean_gen","var_gen","mean_target","var_target","bias","E1","E2"
0.1,"with_ssp245",93,7,0.0143028040868619,0.146851927287869,0.0173490866900301,0.118072026768763,0.00304628260316818,0.0258002059127362,1.24374867872362
0.1,"without_ssp245",93,5,0.00747087461884477,0.150223565572234,0.0173490866900301,0.118072026768763,0.00987821207118532,0.0836625942784163,1.27230445418234
