"tol","archive","draw","n_stitched","mean_gen","var_gen","mean_target","var_target","bias","E1","E2"
0.1,"with_ssp245",94,7,0.00941313351184719,0.161633231841228,0.0173490866900301,0.118072026768763,0.00793595317818289,0.0672128140370199,1.36893755671509
0.1,"without_ssp245",94,5,0.0226306012488047,0.166348749711929,0.0173490866900301,0.118072026768763,0.0052815145587746,0.0447312941372484,1.40887519478016
