"tol","archive","draw","n_stitched","mean_gen","var_gen","mean_target","var_target","bias","E1","E2"
0.1,"with_ssp370",161,12,0.0248538741775007,0.120538249939246,0.0246654902508703,0.117394101373112,0.000188383926630356,0.00160471373286139,1.0267828496437
0.1,"without_ssp370",161,3,0.023738759001921,0.12871663470315,0.0246654902508703,0.117394101373112,0.000926731248949288,0.00789418921487263,1.09644891180735
