"tol","archive","draw","n_stitched","mean_gen","var_gen","mean_target","var_target","bias","E1","E2"
0.1,"with_ssp245",195,8,0.0173200398383811,0.11899420818682,0.0173490866900301,0.118072026768763,2.90468516489957e-05,0.000246009596378677,1.00781032936669
0.1,"without_ssp245",195,5,0.0167932098402081,0.125066992517059,0.0173490866900301,0.118072026768763,0.000555876849821953,0.00470794704753061,1.05924320891006
