"tol","archive","draw","n_stitched","mean_gen","var_gen","mean_target","var_target","bias","E1","E2"
0.1,"with_ssp370",69,13,0.0305091694652676,0.151392266887002,0.0246654902508703,0.117394101373112,0.00584367921439728,0.0497783035607928,1.28960710219872
0.1,"without_ssp370",69,4,0.017381980601179,0.177892407128964,0.0246654902508703,0.117394101373112,0.00728350964969131,0.0620432335568736,1.5153436590785
