"tol","archive","draw","n_stitched","mean_gen","var_gen","mean_target","var_target","bias","E1","E2"
0.1,"with_ssp245",197,8,0.00588453602046314,0.14361492924397,0.0173490866900301,0.118072026768763,0.0114645506695669,0.0970979408358898,1.21633322620294
0.1,"without_ssp245",197,5,0.0195962234901665,0.157261796961839,0.0173490866900301,0.118072026768763,0.00224713680013641,0.0190319151930651,1.33191409739943
