"tol","archive","draw","n_stitched","mean_gen","var_gen","mean_target","var_target","bias","E1","E2"
0.1,"with_ssp370",9,11,0.0389577832421339,0.154296194297191,0.0246654902508703,0.117394101373112,0.0142922929912636,0.121746261729442,1.31434367223267
0.1,"without_ssp370",9,4,0.00336971749827168,0.19378939278893,0.0246654902508703,0.117394101373112,0.0212957727525986,0.181404112331969,1.65075919933158
