"tol","archive","draw","n_stitched","mean_gen","var_gen","mean_target","var_target","bias","E1","E2"
0.1,"with_ssp245",123,8,0.0172960386514173,0.12042575751327,0.0173490866900301,0.118072026768763,5.30480386127692e-05,0.000449285407090205,1.01993470264652
0.1,"without_ssp245",123,5,0.0172234717371968,0.1229629039773,0.0173490866900301,0.118072026768763,0.000125614952833239,0.0010638841076155,1.04142282759417
