"tol","archive","draw","n_stitched","mean_gen","var_gen","mean_target","var_target","bias","E1","E2"
0.1,"with_ssp245",147,7,0.0173198330979929,0.121405317615638,0.0173490866900301,0.118072026768763,2.92535920371484e-05,0.000247760564781697,1.02823099541946
0.1,"without_ssp245",147,5,0.0169604760005906,0.11773479442656,0.0173490866900301,0.118072026768763,0.000388610689439496,0.00329130192878426,0.997143842183186
