"tol","archive","draw","n_stitched","mean_gen","var_gen","mean_target","var_target","bias","E1","E2"
0.1,"with_ssp245",105,8,0.0166820543334323,0.133217516382223,0.0173490866900301,0.118072026768763,0.000667032356597767,0.00564936822761677,1.1282733093345
0.1,"without_ssp245",105,6,0.00718996310347552,0.163960772337453,0.0173490866900301,0.118072026768763,0.0101591235865546,0.086041748114061,1.38865044350057
