"tol","archive","draw","n_stitched","mean_gen","var_gen","mean_target","var_target","bias","E1","E2"
0.1,"with_ssp245",1,7,0.0107659990696336,0.155698267439003,0.0173490866900301,0.118072026768763,0.00658308762039649,0.0557548455849672,1.31867193017639
0.1,"without_ssp245",1,6,0.0147698914584269,0.161187889871844,0.0173490866900301,0.118072026768763,0.00257919523160315,0.0218442530562666,1.36516577451085
