"tol","archive","draw","n_stitched","mean_gen","var_gen","mean_target","var_target","bias","E1","E2"
0.1,"with_ssp245",88,8,0.00714651199707965,0.141662181029631,0.0173490866900301,0.118072026768763,0.0102025746929504,0.0864097532003204,1.19979460763444
0.1,"without_ssp245",88,6,0.0206052816635241,0.168996329347916,0.0173490866900301,0.118072026768763,0.00325619497349406,0.0275780391224343,1.43129862316063
