"tol","archive","draw","n_stitched","mean_gen","var_gen","mean_target","var_target","bias","E1","E2"
0.1,"with_ssp245",200,8,0.0175103299372402,0.11944777287058,0.0173490866900301,0.118072026768763,0.00016124324721007,0.00136563461831527,1.01165175308213
0.1,"without_ssp245",200,6,0.0165811824474206,0.124323744093095,0.0173490866900301,0.118072026768763,0.000767904242609471,0.00650369324237455,1.05294833582027
