"tol","archive","draw","n_stitched","mean_gen","var_gen","mean_target","var_target","bias","E1","E2"
0.1,"with_ssp370",67,11,0.0331318444770391,0.159025097358848,0.0246654902508703,0.117394101373112,0.00846635422616877,0.0721190769139264,1.35462596074925
0.1,"without_ssp370",67,4,0.0250276975494918,0.179459021088309,0.0246654902508703,0.117394101373112,0.000362207298621502,0.00308539606662436,1.52868857113984
