"tol","archive","draw","n_stitched","mean_gen","var_gen","mean_target","var_target","bias","E1","E2"
0.1,"with_ssp245",105,8,0.0171410602606218,0.117693617608713,0.0173490866900301,0.118072026768763,0.000208026429408315,0.00176186040928832,0.996795098971314
0.1,"without_ssp245",105,6,0.0166522339529107,0.123179372479456,0.0173490866900301,0.118072026768763,0.000696852737119388,0.00590192915451627,1.04325618734991
