"tol","archive","draw","n_stitched","mean_gen","var_gen","mean_target","var_target","bias","E1","E2"
0.1,"with_ssp245",155,7,0.0176688186129782,0.120494125615946,0.0173490866900301,0.118072026768763,0.000319731922948135,0.00270793965089048,1.02051373990494
0.1,"without_ssp245",155,6,0.016877503554378,0.12021115175408,0.0173490866900301,0.118072026768763,0.000471583135652095,0.00399402931039426,1.01811711921831
