"tol","archive","draw","n_stitched","mean_gen","var_gen","mean_target","var_target","bias","E1","E2"
0.1,"with_ssp245",45,8,0.017447977460284,0.120539322629915,0.0173490866900301,0.118072026768763,9.88907702538754e-05,0.000837546139929884,1.02089653179227
0.1,"without_ssp245",45,5,0.0171662661860662,0.126890309409327,0.0173490866900301,0.118072026768763,0.000182820503963902,0.00154838117856607,1.07468562098823
