"tol","archive","draw","n_stitched","mean_gen","var_gen","mean_target","var_target","bias","E1","E2"
0.1,"with_ssp245",61,8,0.0172234655034435,0.118050348727659,0.0173490866900301,0.118072026768763,0.000125621186586627,0.00106393690380745,0.999816399856112
0.1,"without_ssp245",61,6,0.0167723239487727,0.122846780477782,0.0173490866900301,0.118072026768763,0.000576762741257356,0.00488483815380684,1.04043933046369
