"tol","archive","draw","n_stitched","mean_gen","var_gen","mean_target","var_target","bias","E1","E2"
0.1,"with_ssp370",52,12,0.0247139560102987,0.118632414977402,0.0246654902508703,0.117394101373112,4.84657594283927e-05,0.000412846632509708,1.01054834603958
0.1,"without_ssp370",52,3,0.0243406101866723,0.123152191923025,0.0246654902508703,0.117394101373112,0.000324880064198046,0.00276743090494371,1.04904923230863
