"tol","archive","draw","n_stitched","mean_gen","var_gen","mean_target","var_target","bias","E1","E2"
0.1,"with_ssp370",54,11,0.0245715477028895,0.124591751997276,0.0246654902508703,0.117394101373112,9.3942547980834e-05,0.000800232267908056,1.06131185928403
0.1,"without_ssp370",54,4,0.0238335513923133,0.12687670400651,0.0246654902508703,0.117394101373112,0.000831938858556966,0.00708671772112999,1.08077580153077
