"tol","archive","draw","n_stitched","mean_gen","var_gen","mean_target","var_target","bias","E1","E2"
0.1,"with_ssp245",118,8,0.00765595010731039,0.147592052162998,0.0173490866900301,0.118072026768763,0.0096931365827197,0.0820951147192817,1.25001709720837
0.1,"without_ssp245",118,6,0.00253008471449097,0.157752347939349,0.0173490866900301,0.118072026768763,0.0148190019755391,0.125508152786784,1.3360687730744
