"tol","archive","draw","n_stitched","mean_gen","var_gen","mean_target","var_target","bias","E1","E2"
0.1,"with_ssp245",149,8,0.0172604889160245,0.118771073598644,0.0173490866900301,0.118072026768763,8.85977740056332e-05,0.000750370569814531,1.00592051181818
0.1,"without_ssp245",149,6,0.0159769210395382,0.121394594598222,0.0173490866900301,0.118072026768763,0.00137216565049191,0.0116214287841371,1.02814017782523
