"tol","archive","draw","n_stitched","mean_gen","var_gen","mean_target","var_target","bias","E1","E2"
0.1,"with_ssp245",129,8,0.0170860665570651,0.119334447893229,0.0173490866900301,0.118072026768763,0.000263020132965024,0.00222762444385013,1.01069195777369
0.1,"without_ssp245",129,5,0.0166778955653129,0.122270490328556,0.0173490866900301,0.118072026768763,0.000671191124717214,0.00568459052567719,1.03555849488394
