"tol","archive","draw","n_stitched","mean_gen","var_gen","mean_target","var_target","bias","E1","E2"
0.1,"with_ssp370",12,13,0.0255739840316034,0.157378411445229,0.0246654902508703,0.117394101373112,0.00090849378073311,0.0077388367056506,1.34059897051415
0.1,"without_ssp370",12,3,0.00785160268619624,0.207839603825926,0.0246654902508703,0.117394101373112,0.0168138875646741,0.143226000011999,1.77044333058398
