"tol","archive","draw","n_stitched","mean_gen","var_gen","mean_target","var_target","bias","E1","E2"
0.1,"with_ssp370",167,12,0.0277825217515435,0.148337368583118,0.0246654902508703,0.117394101373112,0.00311703150067322,0.026551857923137,1.26358451445238
0.1,"without_ssp370",167,3,0.000666097537534954,0.177256450077079,0.0246654902508703,0.117394101373112,0.0239993927133353,0.204434400303115,1.50992637622998
