"tol","archive","draw","n_stitched","mean_gen","var_gen","mean_target","var_target","bias","E1","E2"
0.1,"with_ssp245",34,8,0.0125049555810503,0.150803462123412,0.0173490866900301,0.118072026768763,0.00484413110897981,0.0410269158711636,1.2772158338465
0.1,"without_ssp245",34,5,-0.00960448826690138,0.180109168237066,0.0173490866900301,0.118072026768763,0.0269535749569315,0.228280784996758,1.52541777393048
