"tol","archive","draw","n_stitched","mean_gen","var_gen","mean_target","var_target","bias","E1","E2"
0.1,"with_ssp245",8,7,0.0171917571752366,0.120916802542717,0.0111507302173141,0.116908449409878,0.00604102695792245,0.0516731424325266,1.03428625692217
0.1,"without_ssp245",8,5,0.0171585027394056,0.121477342738065,0.0111507302173141,0.116908449409878,0.00600777252209153,0.0513886939089273,1.03908095053223
