"tol","archive","draw","n_stitched","mean_gen","var_gen","mean_target","var_target","bias","E1","E2"
0.1,"with_ssp245",75,8,0.0171906027388485,0.122803452731026,0.0173490866900301,0.118072026768763,0.000158483951181617,0.00134226501838576,1.04007237016037
0.1,"without_ssp245",75,5,0.0169243187924284,0.121216398700873,0.0173490866900301,0.118072026768763,0.000424767897601649,0.00359753202537576,1.02663096432035
