"tol","archive","draw","n_stitched","mean_gen","var_gen","mean_target","var_target","bias","E1","E2"
0.1,"with_ssp370",145,11,0.0248061479850747,0.12056567489597,0.0246654902508703,0.117394101373112,0.000140657734204387,0.00119816696545371,1.02701646407921
0.1,"without_ssp370",145,3,0.024657631462894,0.126553030719444,0.0246654902508703,0.117394101373112,7.85878797633643e-06,6.69436358762092e-05,1.07801865033424
