"tol","archive","draw","n_stitched","mean_gen","var_gen","mean_target","var_target","bias","E1","E2"
0.1,"with_ssp370",181,12,0.0285874830908041,0.154097944439791,0.0246654902508703,0.117394101373112,0.00392199283993382,0.0334087726219615,1.31265491738825
0.1,"without_ssp370",181,3,0.0244231137121662,0.169443010398764,0.0246654902508703,0.117394101373112,0.000242376538704053,0.00206463984023959,1.44336903146628
