"tol","archive","draw","n_stitched","mean_gen","var_gen","mean_target","var_target","bias","E1","E2"
0.1,"with_ssp245",150,8,0.0205167664164726,0.163452540852004,0.0173490866900301,0.118072026768763,0.0031676797264425,0.0268283675069474,1.38434602441539
0.1,"without_ssp245",150,5,0.000164151750281033,0.145386623889531,0.0173490866900301,0.118072026768763,0.0171849349397491,0.1455462009931,1.23133842848537
