"tol","archive","draw","n_stitched","mean_gen","var_gen","mean_target","var_target","bias","E1","E2"
0.1,"with_ssp370",47,11,0.0247615140246276,0.120395309757846,0.0246654902508703,0.117394101373112,9.60237737573366e-05,0.000817960805817196,1.0255652400728
0.1,"without_ssp370",47,4,0.0246665495758579,0.127369079511937,0.0246654902508703,0.117394101373112,1.05932498756234e-06,9.0236645212309e-06,1.08497001145843
