"tol","archive","draw","n_stitched","mean_gen","var_gen","mean_target","var_target","bias","E1","E2"
0.1,"with_ssp245",180,8,0.0233021829654895,0.162416527084439,0.0173490866900301,0.118072026768763,0.00595309627545941,0.0504191927451046,1.37557160259917
0.1,"without_ssp245",180,5,0.00333586335928789,0.149590863922165,0.0173490866900301,0.118072026768763,0.0140132233307422,0.118683685833447,1.26694584666637
