"tol","archive","draw","n_stitched","mean_gen","var_gen","mean_target","var_target","bias","E1","E2"
0.1,"with_ssp245",96,7,0.0274359743081765,0.155590968494018,0.0173490866900301,0.118072026768763,0.0100868876181464,0.0854299523281751,1.31776317178609
0.1,"without_ssp245",96,5,0.0151794019289425,0.169159368862973,0.0173490866900301,0.118072026768763,0.00216968476108764,0.0183759423841926,1.43267947110167
