"tol","archive","draw","n_stitched","mean_gen","var_gen","mean_target","var_target","bias","E1","E2"
0.1,"with_ssp370",55,12,0.0302482939784314,0.151167250980255,0.0246654902508703,0.117394101373112,0.00558280372756111,0.0475560838428955,1.28769034569976
0.1,"without_ssp370",55,3,0.0334929191555388,0.221266117102026,0.0246654902508703,0.117394101373112,0.00882742890466847,0.0751948249649473,1.884814607497
