"tol","archive","draw","n_stitched","mean_gen","var_gen","mean_target","var_target","bias","E1","E2"
0.1,"with_ssp245",157,8,0.0172769017222732,0.1193182324564,0.0173490866900301,0.118072026768763,7.21849677569088e-05,0.000611363840634994,1.01055462264638
0.1,"without_ssp245",157,5,0.0172539631899522,0.123285932651226,0.0173490866900301,0.118072026768763,9.51235000778775e-05,0.000805639597126347,1.04415868876948
