"tol","archive","draw","n_stitched","mean_gen","var_gen","mean_target","var_target","bias","E1","E2"
0.1,"with_ssp245",192,6,0.0173844849548688,0.121456865856249,0.0173490866900301,0.118072026768763,3.53982648386986e-05,0.000299802297016752,1.02866757842749
0.1,"without_ssp245",192,5,0.0170223580540943,0.125309412028533,0.0173490866900301,0.118072026768763,0.00032672863593582,0.00276719765788131,1.06129635831478
