"tol","archive","draw","n_stitched","mean_gen","var_gen","mean_target","var_target","bias","E1","E2"
0.1,"with_ssp370",122,12,0.0348436196512392,0.154030100649324,0.0246654902508703,0.117394101373112,0.0101781294003689,0.0867005180100135,1.31207700257249
0.1,"without_ssp370",122,4,0.00973787672636045,0.191234031752482,0.0246654902508703,0.117394101373112,0.0149276135245098,0.127158122511331,1.62899182766163
