"tol","archive","draw","n_stitched","mean_gen","var_gen","mean_target","var_target","bias","E1","E2"
0.1,"with_ssp370",176,12,0.021051660224028,0.149245119877287,0.0246654902508703,0.117394101373112,0.00361383002684233,0.0307837445371853,1.27131702642319
0.1,"without_ssp370",176,3,-0.00149699350880148,0.155918140926375,0.0246654902508703,0.117394101373112,0.0261624837596718,0.22286029241384,1.32815992543631
