"tol","archive","draw","n_stitched","mean_gen","var_gen","mean_target","var_target","bias","E1","E2"
0.1,"with_ssp245",159,8,0.017095246344231,0.123778383804696,0.0173490866900301,0.118072026768763,0.000253840345799099,0.00214987709405743,1.04832945780721
0.1,"without_ssp245",159,5,0.0170263324297057,0.123102870884042,0.0173490866900301,0.118072026768763,0.000322754260324406,0.00273353705494106,1.04260826423461
