"tol","archive","draw","n_stitched","mean_gen","var_gen","mean_target","var_target","bias","E1","E2"
0.1,"with_ssp370",129,11,0.0247734424849489,0.119486919158862,0.0246654902508703,0.117394101373112,0.000107952234078612,0.000919571194940269,1.01782728230184
0.1,"without_ssp370",129,4,0.0245047046646603,0.125772011195108,0.0246654902508703,0.117394101373112,0.000160785586209966,0.00136962236031726,1.07136567956995
