"tol","archive","draw","n_stitched","mean_gen","var_gen","mean_target","var_target","bias","E1","E2"
0.1,"with_ssp245",68,8,0.0172665944031987,0.119402690644564,0.0173490866900301,0.118072026768763,8.24922868313642e-05,0.00069866071658887,1.01126993338064
0.1,"without_ssp245",68,5,0.016794453235002,0.125453502337665,0.0173490866900301,0.118072026768763,0.000554633455028097,0.00469741623148652,1.06251671772653
