"tol","archive","draw","n_stitched","mean_gen","var_gen","mean_target","var_target","bias","E1","E2"
0.1,"with_ssp370",39,12,0.0242240877969271,0.139843420714656,0.0246654902508703,0.117394101373112,0.000441402453943224,0.00376000539022245,1.19123038618604
0.1,"without_ssp370",39,3,-0.0199514066009567,0.203360864613565,0.0246654902508703,0.117394101373112,0.044616896851827,0.380060806547865,1.73229201667659
