"tol","archive","draw","n_stitched","mean_gen","var_gen","mean_target","var_target","bias","E1","E2"
0.1,"with_ssp245",46,7,0.00273601387029838,0.139260828050168,0.0173490866900301,0.118072026768763,0.0146130728197317,0.123764055040323,1.179456572918
0.1,"without_ssp245",46,5,0.0126610184765311,0.187561718758309,0.0173490866900301,0.118072026768763,0.00468806821349903,0.0397051557578522,1.58853645432578
