"tol","archive","draw","n_stitched","mean_gen","var_gen","mean_target","var_target","bias","E1","E2"
0.1,"with_ssp245",127,7,0.015925522357244,0.159086845702714,0.0173490866900301,0.118072026768763,0.00142356433278609,0.0120567451219759,1.34737117720759
0.1,"without_ssp245",127,5,0.0190544415989529,0.165154654624556,0.0173490866900301,0.118072026768763,0.00170535490892277,0.0144433440806653,1.39876191799436
