"tol","archive","draw","n_stitched","mean_gen","var_gen","mean_target","var_target","bias","E1","E2"
0.1,"with_ssp245",188,7,0.0172686502922457,0.120957759475801,0.0173490866900301,0.118072026768763,8.04363977843885e-05,0.000681248556374139,1.02444044356662
0.1,"without_ssp245",188,5,0.0166150069127902,0.117679507974999,0.0173490866900301,0.118072026768763,0.000734079777239886,0.00621722009293139,0.996675598746749
