"tol","archive","draw","n_stitched","mean_gen","var_gen","mean_target","var_target","bias","E1","E2"
0.1,"with_ssp245",147,7,-7.80661340592064e-05,0.159682461737267,0.0173490866900301,0.118072026768763,0.0174271528240893,0.147597642735644,1.35241569156762
0.1,"without_ssp245",147,5,0.0124303847674218,0.152756953163376,0.0173490866900301,0.118072026768763,0.00491870192260826,0.0416584864105132,1.29376074370724
