"tol","archive","draw","n_stitched","mean_gen","var_gen","mean_target","var_target","bias","E1","E2"
0.1,"with_ssp245",84,7,0.017124892839773,0.120857205806696,0.0173490866900301,0.118072026768763,0.000224193850257074,0.00189878886974765,1.02358881366022
0.1,"without_ssp245",84,5,0.017291978004804,0.121537262177332,0.0173490866900301,0.118072026768763,5.71086852261191e-05,0.000483676674221601,1.02934848755799
