"tol","archive","draw","n_stitched","mean_gen","var_gen","mean_target","var_target","bias","E1","E2"
0.1,"with_ssp245",10,7,0.0100305888880374,0.149105934387152,0.0111507302173141,0.116908449409878,0.00112014132927673,0.00958135476888879,1.27540768130788
0.1,"without_ssp245",10,5,0.00925245225820126,0.176203459243099,0.0111507302173141,0.116908449409878,0.00189827795911285,0.0162373033659658,1.50719182516342
