"tol","archive","draw","n_stitched","mean_gen","var_gen","mean_target","var_target","bias","E1","E2"
0.1,"with_ssp370",78,13,0.0250280154835039,0.122738696946282,0.0246654902508703,0.117394101373112,0.000362525232633581,0.00308810432886548,1.04552695161559
0.1,"without_ssp370",78,4,0.0246835382469564,0.128649936594626,0.0246654902508703,0.117394101373112,1.80479960861027e-05,0.000153738525828831,1.0958807562719
