"tol","archive","draw","n_stitched","mean_gen","var_gen","mean_target","var_target","bias","E1","E2"
0.1,"with_ssp245",111,7,0.0057369550478492,0.146058869833735,0.0173490866900301,0.118072026768763,0.0116121316421809,0.0983478640958926,1.23703195270615
0.1,"without_ssp245",111,6,-0.00206491077742092,0.180052487902063,0.0173490866900301,0.118072026768763,0.019413997467451,0.164425037824346,1.52493772512845
