"tol","archive","draw","n_stitched","mean_gen","var_gen","mean_target","var_target","bias","E1","E2"
0.1,"with_ssp370",131,12,0.024676495449124,0.120262769230123,0.0246654902508703,0.117394101373112,1.10051982536684e-05,9.37457514895973e-05,1.02443621803358
0.1,"without_ssp370",131,3,0.0245691891734847,0.12435422709096,0.0246654902508703,0.117394101373112,9.63010773855598e-05,0.000820322965627439,1.05928854717943
