"tol","archive","draw","n_stitched","mean_gen","var_gen","mean_target","var_target","bias","E1","E2"
0.1,"with_ssp370",118,12,0.0267348510159038,0.149174756829625,0.0246654902508703,0.117394101373112,0.00206936076503348,0.0176274679973609,1.27071765177966
0.1,"without_ssp370",118,3,0.0027790904097073,0.18964912907262,0.0246654902508703,0.117394101373112,0.021886399841163,0.186435260248738,1.61549112650779
