"tol","archive","draw","n_stitched","mean_gen","var_gen","mean_target","var_target","bias","E1","E2"
0.1,"with_ssp245",74,8,0.0170659751761192,0.123300833115065,0.0173490866900301,0.118072026768763,0.000283111513910892,0.00239778651776131,1.0442848868559
0.1,"without_ssp245",74,5,0.0168496913637679,0.125563332425835,0.0173490866900301,0.118072026768763,0.000499395326262191,0.0042295820604505,1.06344691339756
