"tol","archive","draw","n_stitched","mean_gen","var_gen","mean_target","var_target","bias","E1","E2"
0.1,"with_ssp370",114,12,0.0304958558428225,0.148414512166802,0.0246654902508703,0.117394101373112,0.00583036559195219,0.0496648939236018,1.26424164784138
0.1,"without_ssp370",114,4,0.0202517284049245,0.189167700837188,0.0246654902508703,0.117394101373112,0.00441376184594578,0.0375978161962121,1.61139016888045
