"tol","archive","draw","n_stitched","mean_gen","var_gen","mean_target","var_target","bias","E1","E2"
0.1,"with_ssp245",196,8,0.0127738372297284,0.151750438211358,0.0173490866900301,0.118072026768763,0.00457524946030169,0.0387496478675855,1.28523615935341
0.1,"without_ssp245",196,5,0.00504035247385541,0.163716998551611,0.0173490866900301,0.118072026768763,0.0123087342161747,0.104247674517188,1.38658582419561
