"tol","archive","draw","n_stitched","mean_gen","var_gen","mean_target","var_target","bias","E1","E2"
0.1,"with_ssp245",128,8,0.0173377472631115,0.120807881178053,0.0173490866900301,0.118072026768763,1.13394269185482e-05,9.60382169161525e-05,1.02317106332601
0.1,"without_ssp245",128,4,0.0173878546651221,0.121974063757301,0.0173490866900301,0.118072026768763,3.87679750920265e-05,0.000328341743196729,1.03304793773194
