"tol","archive","draw","n_stitched","mean_gen","var_gen","mean_target","var_target","bias","E1","E2"
0.1,"with_ssp245",113,8,0.0180494598092935,0.147478491773888,0.0173490866900301,0.118072026768763,0.00070037311926344,0.00593174470219842,1.24905530810203
0.1,"without_ssp245",113,5,0.0106711197820618,0.168023110406538,0.0173490866900301,0.118072026768763,0.00667796690796825,0.0565584168470882,1.42305603625829
