"tol","archive","draw","n_stitched","mean_gen","var_gen","mean_target","var_target","bias","E1","E2"
0.1,"with_ssp370",142,11,0.0244685155381346,0.121169147723654,0.0246654902508703,0.117394101373112,0.000196974712735661,0.00167789275978713,1.03215703605535
0.1,"without_ssp370",142,3,0.0246911601323739,0.127981856274038,0.0246654902508703,0.117394101373112,2.56698815035601e-05,0.000218664150952302,1.09018983728386
