"tol","archive","draw","n_stitched","mean_gen","var_gen","mean_target","var_target","bias","E1","E2"
0.1,"with_ssp370",172,11,0.0275612181363371,0.151853831314268,0.0246654902508703,0.117394101373112,0.00289572788546683,0.0246667238949542,1.29353885363995
0.1,"without_ssp370",172,3,0.023076222156427,0.193780557754907,0.0246654902508703,0.117394101373112,0.00158926809444327,0.0135378871327795,1.65068393972382
