"tol","archive","draw","n_stitched","mean_gen","var_gen","mean_target","var_target","bias","E1","E2"
0.1,"with_ssp245",42,8,0.0167605595722117,0.118114546480408,0.0173490866900301,0.118072026768763,0.000588527117818424,0.00498447544201997,1.00036011672543
0.1,"without_ssp245",42,6,0.01656829243418,0.124155549570701,0.0173490866900301,0.118072026768763,0.000780794255850085,0.00661286400528403,1.0515238280262
