"tol","archive","draw","n_stitched","mean_gen","var_gen","mean_target","var_target","bias","E1","E2"
0.1,"with_ssp245",38,8,0.0171887540798898,0.121000391180978,0.0173490866900301,0.118072026768763,0.000160332610140257,0.00135792206272751,1.0248015088108
0.1,"without_ssp245",38,4,0.0180431390521328,0.119531100905366,0.0173490866900301,0.118072026768763,0.000694052362102713,0.00587821163993376,1.01235749208795
