"tol","archive","draw","n_stitched","mean_gen","var_gen","mean_target","var_target","bias","E1","E2"
0.1,"with_ssp245",90,8,0.0172397481843259,0.116282366462195,0.0173490866900301,0.118072026768763,0.00010933850570417,0.000926032259260722,0.984842639230093
0.1,"without_ssp245",90,4,0.0167003349983923,0.122186608623939,0.0173490866900301,0.118072026768763,0.000648751691637747,0.00549454184358407,1.03484806662322
