"tol","archive","draw","n_stitched","mean_gen","var_gen","mean_target","var_target","bias","E1","E2"
0.1,"with_ssp245",64,8,0.0169406242841247,0.121658713167071,0.0173490866900301,0.118072026768763,0.000408462405905436,0.00345943418677301,1.03037710536918
0.1,"without_ssp245",64,5,0.0164688018377215,0.121692340842911,0.0173490866900301,0.118072026768763,0.000880284852308545,0.0074554903172157,1.03066191182809
