"tol","archive","draw","n_stitched","mean_gen","var_gen","mean_target","var_target","bias","E1","E2"
0.1,"with_ssp245",79,7,0.0175222004608382,0.120029713134365,0.0173490866900301,0.118072026768763,0.000173113770808097,0.00146617090894129,1.01658044177929
0.1,"without_ssp245",79,5,0.0166541114434799,0.119982890366061,0.0173490866900301,0.118072026768763,0.000694975246550145,0.00588602792354207,1.01618388071749
