"tol","archive","draw","n_stitched","mean_gen","var_gen","mean_target","var_target","bias","E1","E2"
0.1,"with_ssp370",141,11,0.0244825703754319,0.119247244902175,0.0246654902508703,0.117394101373112,0.000182919875438375,0.00155816922058973,1.01578566135255
0.1,"without_ssp370",141,3,0.0242430486284044,0.125119911718422,0.0246654902508703,0.117394101373112,0.00042244162246587,0.00359849104447955,1.06581089045313
