"tol","archive","draw","n_stitched","mean_gen","var_gen","mean_target","var_target","bias","E1","E2"
0.1,"with_ssp245",191,7,0.0173637881996096,0.121222788205415,0.0173490866900301,0.118072026768763,1.47015095795199e-05,0.000124513061915265,1.02668507963213
0.1,"without_ssp245",191,5,0.0169046133620297,0.120823970999052,0.0173490866900301,0.118072026768763,0.000444473328000437,0.00376442532718534,1.02330733456179
