"tol","archive","draw","n_stitched","mean_gen","var_gen","mean_target","var_target","bias","E1","E2"
0.1,"with_ssp245",17,8,0.0171234372825546,0.121516512660512,0.0173490866900301,0.118072026768763,0.000225649407475527,0.00191111657562589,1.02917275146377
0.1,"without_ssp245",17,5,0.0170190954327757,0.125053554377177,0.0173490866900301,0.118072026768763,0.000329991257254386,0.00279483012433296,1.05912939583977
