"tol","archive","draw","n_stitched","mean_gen","var_gen","mean_target","var_target","bias","E1","E2"
0.1,"with_ssp370",73,12,0.0293234390052997,0.156659624785244,0.0246654902508703,0.117394101373112,0.00465794875442944,0.0396778773375089,1.33447611892641
0.1,"without_ssp370",73,3,0.00948197232502225,0.20357737044354,0.0246654902508703,0.117394101373112,0.015183517925848,0.129337996954297,1.73413628165619
