"tol","archive","draw","n_stitched","mean_gen","var_gen","mean_target","var_target","bias","E1","E2"
0.1,"with_ssp245",62,8,0.0127217866414106,0.156476134316065,0.0173490866900301,0.118072026768763,0.0046273000486195,0.039190485462588,1.32526000102052
0.1,"without_ssp245",62,5,7.49799203412001e-05,0.169170379797289,0.0173490866900301,0.118072026768763,0.0172741067696889,0.146301433476019,1.43277272718117
