"tol","archive","draw","n_stitched","mean_gen","var_gen","mean_target","var_target","bias","E1","E2"
0.1,"with_ssp245",7,8,0.0174168382887165,0.121341308842645,0.0111507302173141,0.116908449409878,0.00626610807140241,0.0535984191307987,1.03791735717259
0.1,"without_ssp245",7,6,0.0163147745773968,0.126328645336882,0.0111507302173141,0.116908449409878,0.00516404436008267,0.0441716949129799,1.0805775457168
