"tol","archive","draw","n_stitched","mean_gen","var_gen","mean_target","var_target","bias","E1","E2"
0.1,"with_ssp370",132,12,0.02477794162069,0.121952985771955,0.0246654902508703,0.117394101373112,0.000112451369819713,0.00095789625291572,1.03883401589619
0.1,"without_ssp370",132,3,0.0247966864433878,0.122069640947143,0.0246654902508703,0.117394101373112,0.000131196192517523,0.00111757056771143,1.03982772148977
