"tol","archive","draw","n_stitched","mean_gen","var_gen","mean_target","var_target","bias","E1","E2"
0.1,"with_ssp370",138,12,0.028116054752039,0.165839904883457,0.0246654902508703,0.117394101373112,0.00345056450116868,0.0293929972699547,1.41267664170254
0.1,"without_ssp370",138,3,-0.00148811063181303,0.195576449605766,0.0246654902508703,0.117394101373112,0.0261536008826833,0.2227846252646,1.66598191321527
