"tol","archive","draw","n_stitched","mean_gen","var_gen","mean_target","var_target","bias","E1","E2"
0.1,"with_ssp245",79,7,0.00459588751080331,0.152622654956786,0.0173490866900301,0.118072026768763,0.0127531991792268,0.108012028998225,1.29262331759315
0.1,"without_ssp245",79,5,-0.00188509388342437,0.167472709446957,0.0173490866900301,0.118072026768763,0.0192341805734545,0.16290209543979,1.41839446675157
