"tol","archive","draw","n_stitched","mean_gen","var_gen","mean_target","var_target","bias","E1","E2"
0.1,"with_ssp370",32,12,0.0159858926629883,0.153902819237899,0.0246654902508703,0.117394101373112,0.00867959758788195,0.0739355511593864,1.31099277934545
0.1,"without_ssp370",32,4,0.0207535538806505,0.192468361868499,0.0246654902508703,0.117394101373112,0.0039119363702198,0.0333231084395504,1.6395062410911
