"tol","archive","draw","n_stitched","mean_gen","var_gen","mean_target","var_target","bias","E1","E2"
0.1,"with_ssp370",43,12,0.0248465393978324,0.121340276157148,0.0246654902508703,0.117394101373112,0.000181049146962146,0.00154223376510818,1.0336147620526
0.1,"without_ssp370",43,4,0.0239558106439681,0.122439600807651,0.0246654902508703,0.117394101373112,0.000709679606902186,0.00604527483579962,1.04297915632492
