"tol","archive","draw","n_stitched","mean_gen","var_gen","mean_target","var_target","bias","E1","E2"
0.1,"with_ssp245",29,8,0.0160288653257746,0.152858231908583,0.0173490866900301,0.118072026768763,0.00132022136425549,0.0111814915046819,1.29461851457794
0.1,"without_ssp245",29,5,0.0246614198259904,0.154435633569428,0.0173490866900301,0.118072026768763,0.00731233313596036,0.0619311223502678,1.30797817057787
