"tol","archive","draw","n_stitched","mean_gen","var_gen","mean_target","var_target","bias","E1","E2"
0.1,"with_ssp370",13,10,0.0329015216902133,0.155918836029289,0.0246654902508703,0.117394101373112,0.008236031439343,0.0701571147358291,1.32816584654227
0.1,"without_ssp370",13,3,0.0158792441717047,0.185743581069742,0.0246654902508703,0.117394101373112,0.00878624607916556,0.074844016661794,1.58222243619715
