"tol","archive","draw","n_stitched","mean_gen","var_gen","mean_target","var_target","bias","E1","E2"
0.1,"with_ssp370",126,12,0.0249109126385558,0.118842262101458,0.0246654902508703,0.117394101373112,0.000245422387685525,0.00209058534300204,1.01233589006097
0.1,"without_ssp370",126,3,0.0243186528277858,0.125473145682628,0.0246654902508703,0.117394101373112,0.000346837423084511,0.00295447061673194,1.06881984882561
