"tol","archive","draw","n_stitched","mean_gen","var_gen","mean_target","var_target","bias","E1","E2"
0.1,"with_ssp245",173,8,0.017090525430257,0.120250932962471,0.0173490866900301,0.118072026768763,0.000258561259773086,0.00218986043391516,1.01845404244627
0.1,"without_ssp245",173,6,0.0166246634551838,0.125117779565002,0.0173490866900301,0.118072026768763,0.00072442323484628,0.00613543490927804,1.0596733450679
