"tol","archive","draw","n_stitched","mean_gen","var_gen","mean_target","var_target","bias","E1","E2"
0.1,"with_ssp245",151,8,0.00934878426853936,0.145583574154995,0.0173490866900301,0.118072026768763,0.00800030242149073,0.0677578139414753,1.2330064803589
0.1,"without_ssp245",151,5,-0.000285964698055378,0.150168779616607,0.0173490866900301,0.118072026768763,0.0176350513880855,0.14935842020077,1.27184044964946
