"tol","archive","draw","n_stitched","mean_gen","var_gen","mean_target","var_target","bias","E1","E2"
0.1,"with_ssp370",172,11,0.0244350461449048,0.119660932225903,0.0246654902508703,0.117394101373112,0.000230444105965483,0.00196299561281248,1.0193095805179
0.1,"without_ssp370",172,3,0.0244052517560827,0.128754466535936,0.0246654902508703,0.117394101373112,0.000260238494787585,0.00221679361862034,1.09677117529711
