"tol","archive","draw","n_stitched","mean_gen","var_gen","mean_target","var_target","bias","E1","E2"
0.1,"with_ssp370",3,12,0.0247562322366911,0.118593051689439,0.0246654902508703,0.117394101373112,9.07419858207949e-05,0.000772968869469775,1.01021303713137
0.1,"without_ssp370",3,4,0.0245554855734017,0.12542640665217,0.0246654902508703,0.117394101373112,0.000110004677468648,0.000937054555399004,1.06842171101535
