"tol","archive","draw","n_stitched","mean_gen","var_gen","mean_target","var_target","bias","E1","E2"
0.1,"with_ssp245",59,8,0.0171886755375658,0.120447631167307,0.0173490866900301,0.118072026768763,0.000160411152464245,0.00135858726960282,1.02011995951587
0.1,"without_ssp245",59,5,0.01696362681677,0.120857208321337,0.0173490866900301,0.118072026768763,0.000385459873260038,0.00326461638551304,1.02358883495774
