"tol","archive","draw","n_stitched","mean_gen","var_gen","mean_target","var_target","bias","E1","E2"
0.1,"with_ssp245",88,8,0.0174388726766172,0.119229019842411,0.0173490866900301,0.118072026768763,8.97859865871369e-05,0.000760434025266436,1.00979904474677
0.1,"without_ssp245",88,6,0.0168485465680637,0.123368462057301,0.0173490866900301,0.118072026768763,0.000500540121966351,0.00423927780071591,1.04485766386403
