"tol","archive","draw","n_stitched","mean_gen","var_gen","mean_target","var_target","bias","E1","E2"
0.1,"with_ssp245",9,6,0.0172847708620919,0.121318534168908,0.0111507302173141,0.116908449409878,0.00613404064477775,0.0524687537619455,1.0377225494076
0.1,"without_ssp245",9,6,0.0169041303076408,0.125524261454715,0.0111507302173141,0.116908449409878,0.00575340009032672,0.0492128680122637,1.07369708595339
