"tol","archive","draw","n_stitched","mean_gen","var_gen","mean_target","var_target","bias","E1","E2"
0.1,"with_ssp245",49,8,0.0171826120325279,0.119972310020083,0.0173490866900301,0.118072026768763,0.000166474657502202,0.00140994155904711,1.01609427146569
0.1,"without_ssp245",49,5,0.0174526855519005,0.120475313724763,0.0173490866900301,0.118072026768763,0.000103598861870363,0.000877420882028691,1.02035441435004
