"tol","archive","draw","n_stitched","mean_gen","var_gen","mean_target","var_target","bias","E1","E2"
0.1,"with_ssp245",100,7,0.0175398888111896,0.118897485728417,0.0173490866900301,0.118072026768763,0.000190802121159524,0.00161598073973269,1.00699114754141
0.1,"without_ssp245",100,5,0.0172875121788035,0.124487483377299,0.0173490866900301,0.118072026768763,6.1574511226601e-05,0.00052149957031898,1.05433511039071
