"tol","archive","draw","n_stitched","mean_gen","var_gen","mean_target","var_target","bias","E1","E2"
0.1,"with_ssp245",101,8,0.0171931019912257,0.119864475340186,0.0173490866900301,0.118072026768763,0.000155984698804346,0.0013210978338657,1.0151809757186
0.1,"without_ssp245",101,5,0.0170976938477273,0.125334491177959,0.0173490866900301,0.118072026768763,0.00025139284230279,0.00212914819185011,1.06150876382786
