"tol","archive","draw","n_stitched","mean_gen","var_gen","mean_target","var_target","bias","E1","E2"
0.1,"with_ssp245",171,8,0.0172459744259488,0.121392613127658,0.0173490866900301,0.118072026768763,0.000103112264081301,0.000873299687513963,1.02812339594541
0.1,"without_ssp245",171,6,0.016228307935741,0.127675202062434,0.0173490866900301,0.118072026768763,0.00112077875428907,0.00949233095222504,1.08133319598619
