"tol","archive","draw","n_stitched","mean_gen","var_gen","mean_target","var_target","bias","E1","E2"
0.1,"with_ssp245",104,7,0.0153245107651469,0.152173386327152,0.0173490866900301,0.118072026768763,0.00202457592488318,0.017146956652554,1.28881827890677
0.1,"without_ssp245",104,6,0.0106275242573064,0.180702586704237,0.0173490866900301,0.118072026768763,0.00672156243272367,0.0569276450711518,1.53044367619887
