"tol","archive","draw","n_stitched","mean_gen","var_gen","mean_target","var_target","bias","E1","E2"
0.1,"with_ssp370",18,12,0.0248032292643736,0.119553917902436,0.0246654902508703,0.117394101373112,0.000137739013503307,0.00117330438149982,1.01839799874151
0.1,"without_ssp370",18,3,0.0247435836948524,0.122790508386166,0.0246654902508703,0.117394101373112,7.80934439820816e-05,0.000665224598754566,1.04596829780997
