"tol","archive","draw","n_stitched","mean_gen","var_gen","mean_target","var_target","bias","E1","E2"
0.1,"with_ssp245",81,6,0.0210368784990109,0.137658047956727,0.0173490866900301,0.118072026768763,0.00368779180898081,0.0312334081992438,1.16588197665415
0.1,"without_ssp245",81,5,0.0109129168224929,0.159827667139222,0.0173490866900301,0.118072026768763,0.00643616986753721,0.0545105394027162,1.35364549515386
