"tol","archive","draw","n_stitched","mean_gen","var_gen","mean_target","var_target","bias","E1","E2"
0.1,"with_ssp245",67,8,0.0174896581509884,0.151407385195855,0.0173490866900301,0.118072026768763,0.00014057146095835,0.00119055685588976,1.28233070388787
0.1,"without_ssp245",67,6,-0.000901668387274326,0.164412585761992,0.0173490866900301,0.118072026768763,0.0182507550773044,0.154573065075333,1.39247703508964
