"tol","archive","draw","n_stitched","mean_gen","var_gen","mean_target","var_target","bias","E1","E2"
0.1,"with_ssp245",196,8,0.017265465461457,0.120355796973714,0.0173490866900301,0.118072026768763,8.36212285730449e-05,0.000708222183200193,1.01934217839272
0.1,"without_ssp245",196,5,0.0171892047101639,0.122299883466361,0.0173490866900301,0.118072026768763,0.000159881979866192,0.00135410549172084,1.03580743731857
