"tol","archive","draw","n_stitched","mean_gen","var_gen","mean_target","var_target","bias","E1","E2"
0.1,"with_ssp370",149,11,0.0248241746271077,0.121240380513822,0.0246654902508703,0.117394101373112,0.000158684376237412,0.00135172359072001,1.03276381944
0.1,"without_ssp370",149,3,0.0242550617308377,0.120335379208653,0.0246654902508703,0.117394101373112,0.000410428520032563,0.0034961596471368,1.02505473274327
