"tol","archive","draw","n_stitched","mean_gen","var_gen","mean_target","var_target","bias","E1","E2"
0.1,"with_ssp370",77,11,0.0276586190504904,0.155619272795942,0.0246654902508703,0.117394101373112,0.00299312879962014,0.0254964156172303,1.32561407239142
0.1,"without_ssp370",77,3,0.0258757190635114,0.199134709756411,0.0246654902508703,0.117394101373112,0.00121022881264114,0.0103091109219762,1.69629229601156
