"tol","archive","draw","n_stitched","mean_gen","var_gen","mean_target","var_target","bias","E1","E2"
0.1,"with_ssp245",13,8,0.00965943978361933,0.148638281839137,0.0173490866900301,0.118072026768763,0.00768964690641076,0.0651267460790732,1.25887804170785
0.1,"without_ssp245",13,5,0.0201315863396119,0.169586545467315,0.0173490866900301,0.118072026768763,0.00278249964958185,0.0235661208308993,1.43629740344375
