"tol","archive","draw","n_stitched","mean_gen","var_gen","mean_target","var_target","bias","E1","E2"
0.1,"with_ssp370",58,12,0.0246134012587591,0.121730169242982,0.0246654902508703,0.117394101373112,5.20889921112461e-05,0.000443710471837867,1.03693599439113
0.1,"without_ssp370",58,3,0.0243829890636841,0.127420751077826,0.0246654902508703,0.117394101373112,0.00028250118718616,0.00240643425761478,1.08541016616198
