"tol","archive","draw","n_stitched","mean_gen","var_gen","mean_target","var_target","bias","E1","E2"
0.1,"with_ssp370",50,12,0.0245985166112075,0.119622178730455,0.0246654902508703,0.117394101373112,6.69736396628276e-05,0.000570502596633591,1.01897946601475
0.1,"without_ssp370",50,3,0.0244820879465661,0.125386184388003,0.0246654902508703,0.117394101373112,0.000183402304304185,0.0015622787019024,1.06807908507676
