"tol","archive","draw","n_stitched","mean_gen","var_gen","mean_target","var_target","bias","E1","E2"
0.1,"with_ssp370",91,13,0.0246889131296108,0.123146125656295,0.0246654902508703,0.117394101373112,2.34228787404818e-05,0.00019952347235946,1.04899755793437
0.1,"without_ssp370",91,3,0.0247570851787016,0.13185975682027,0.0246654902508703,0.117394101373112,9.15949278312844e-05,0.000780234498666754,1.12322301783444
