"tol","archive","draw","n_stitched","mean_gen","var_gen","mean_target","var_target","bias","E1","E2"
0.1,"with_ssp370",64,12,0.0246293732270766,0.122272334417692,0.0246654902508703,0.117394101373112,3.61170237937261e-05,0.000307656205646447,1.04155432843321
0.1,"without_ssp370",64,3,0.0252683949661471,0.124670668749381,0.0246654902508703,0.117394101373112,0.000602904715276773,0.00513573261539409,1.06198409708118
