"tol","archive","draw","n_stitched","mean_gen","var_gen","mean_target","var_target","bias","E1","E2"
0.1,"with_ssp245",157,8,0.0249056520985402,0.144735980543346,0.0173490866900301,0.118072026768763,0.00755656540851007,0.0639996247655607,1.22582786545032
0.1,"without_ssp245",157,5,0.0274494598642586,0.161945101023378,0.0173490866900301,0.118072026768763,0.0101003731742285,0.0855441669855424,1.37157890361735
