"tol","archive","draw","n_stitched","mean_gen","var_gen","mean_target","var_target","bias","E1","E2"
0.1,"with_ssp245",193,7,0.0173924222158452,0.124668144027541,0.0173490866900301,0.118072026768763,4.33355258151157e-05,0.000367026187328737,1.05586519888996
0.1,"without_ssp245",193,5,0.0169466675545168,0.12215787867396,0.0173490866900301,0.118072026768763,0.000402419135513286,0.00340825127277098,1.03460474099592
