"tol","archive","draw","n_stitched","mean_gen","var_gen","mean_target","var_target","bias","E1","E2"
0.1,"with_ssp245",52,8,0.00958762163499726,0.135446487206467,0.0173490866900301,0.118072026768763,0.00776146505503283,0.0657350031793153,1.14715136949187
0.1,"without_ssp245",52,5,0.00552732565877165,0.154652748938944,0.0173490866900301,0.118072026768763,0.0118217610312584,0.100123300622345,1.30981700891628
