"tol","archive","draw","n_stitched","mean_gen","var_gen","mean_target","var_target","bias","E1","E2"
0.1,"with_ssp245",38,8,0.00777642494206202,0.145633587130068,0.0173490866900301,0.118072026768763,0.00957266174796807,0.0810747643615499,1.2334300605789
0.1,"without_ssp245",38,4,0.0149978802335442,0.168893121861175,0.0173490866900301,0.118072026768763,0.00235120645648587,0.0199133234249512,1.4304245169937
