"tol","archive","draw","n_stitched","mean_gen","var_gen","mean_target","var_target","bias","E1","E2"
0.1,"with_ssp370",158,12,0.0248052331922572,0.122478950577009,0.0246654902508703,0.117394101373112,0.000139742941386915,0.00119037447156541,1.0433143500774
0.1,"without_ssp370",158,4,0.0242474105780429,0.128076095240993,0.0246654902508703,0.117394101373112,0.000418079672827355,0.00356133458101593,1.09099259454212
