"tol","archive","draw","n_stitched","mean_gen","var_gen","mean_target","var_target","bias","E1","E2"
0.1,"with_ssp370",71,12,0.0247626981694373,0.122186255401889,0.0246654902508703,0.117394101373112,9.72079185669848e-05,0.000828047724970694,1.04082108021378
0.1,"without_ssp370",71,3,0.0242214782695971,0.126639609699569,0.0246654902508703,0.117394101373112,0.000444011981273168,0.00378223416747294,1.07875615740753
