"tol","archive","draw","n_stitched","mean_gen","var_gen","mean_target","var_target","bias","E1","E2"
0.1,"with_ssp245",91,7,0.0172205833321924,0.123086365530151,0.0173490866900301,0.118072026768763,0.000128503357837668,0.00108834718395521,1.04246847368182
0.1,"without_ssp245",91,6,0.0167653852206594,0.125478718301482,0.0173490866900301,0.118072026768763,0.000583701469370684,0.00494360506332146,1.06273028197631
