"tol","archive","draw","n_stitched","mean_gen","var_gen","mean_target","var_target","bias","E1","E2"
0.1,"with_ssp370",120,12,0.0248788019149478,0.123706154174955,0.0246654902508703,0.117394101373112,0.000213311664077547,0.00181705606655296,1.05376805757711
0.1,"without_ssp370",120,3,0.0236550519340172,0.129449364682442,0.0246654902508703,0.117394101373112,0.00101043831685308,0.00860723243360938,1.10269053698886
