"tol","archive","draw","n_stitched","mean_gen","var_gen","mean_target","var_target","bias","E1","E2"
0.1,"with_ssp245",121,8,0.0172339821991465,0.118986664673861,0.0173490866900301,0.118072026768763,0.00011510449088355,0.000974866732058184,1.00774644028843
0.1,"without_ssp245",121,5,0.0169031984839813,0.124489859848818,0.0173490866900301,0.118072026768763,0.000445888206048836,0.00377640850463321,1.05435523769423
