"tol","archive","draw","n_stitched","mean_gen","var_gen","mean_target","var_target","bias","E1","E2"
0.1,"with_ssp370",182,13,0.0267410493450615,0.158311574132653,0.0246654902508703,0.117394101373112,0.00207555909419118,0.0176802673210509,1.34854794475144
0.1,"without_ssp370",182,3,0.028541242148615,0.151491145986095,0.0246654902508703,0.117394101373112,0.00387575189774471,0.0330148776847522,1.29044938556676
