"tol","archive","draw","n_stitched","mean_gen","var_gen","mean_target","var_target","bias","E1","E2"
0.1,"with_ssp370",16,12,0.0249167166888135,0.11994614881584,0.0246654902508703,0.117394101373112,0.00025122643794321,0.00214002607460437,1.02173914543301
0.1,"without_ssp370",16,3,0.024246631357528,0.125907064812091,0.0246654902508703,0.117394101373112,0.000418858893342262,0.00356797222725022,1.07251610889649
