"tol","archive","draw","n_stitched","mean_gen","var_gen","mean_target","var_target","bias","E1","E2"
0.1,"with_ssp245",48,7,0.0177491151845825,0.116913269234073,0.0173490866900301,0.118072026768763,0.000400028494552389,0.00338800396249504,0.990186011315287
0.1,"without_ssp245",48,6,0.016716837305923,0.126588481606079,0.0173490866900301,0.118072026768763,0.000632249384107057,0.00535477709165846,1.07212931860647
