"tol","archive","draw","n_stitched","mean_gen","var_gen","mean_target","var_target","bias","E1","E2"
0.1,"with_ssp245",163,8,0.017213005229831,0.120408324599232,0.0173490866900301,0.118072026768763,0.000136081460199118,0.00115252921393164,1.01978705620972
0.1,"without_ssp245",163,5,0.0171986753115925,0.119648213316805,0.0173490866900301,0.118072026768763,0.000150411378437614,0.00127389511769952,1.01334936471556
