"tol","archive","draw","n_stitched","mean_gen","var_gen","mean_target","var_target","bias","E1","E2"
0.1,"with_ssp245",66,7,0.0141701219734003,0.150652995392641,0.0173490866900301,0.118072026768763,0.00317896471662979,0.0269239446770538,1.27594146992738
0.1,"without_ssp245",66,6,-0.00160522951449615,0.179505388110068,0.0173490866900301,0.118072026768763,0.0189543162045262,0.160531810313099,1.5203041145522
