"tol","archive","draw","n_stitched","mean_gen","var_gen","mean_target","var_target","bias","E1","E2"
0.1,"with_ssp370",177,12,0.024784006802284,0.122085610840509,0.0246654902508703,0.117394101373112,0.000118516551413744,0.00100956138364281,1.03996375808087
0.1,"without_ssp370",177,3,0.0240958156784827,0.130393790697226,0.0246654902508703,0.117394101373112,0.000569674572387647,0.00485266777226784,1.11073545580282
