"tol","archive","draw","n_stitched","mean_gen","var_gen","mean_target","var_target","bias","E1","E2"
0.1,"with_ssp245",42,8,0.008056569932652,0.149980074488143,0.0173490866900301,0.118072026768763,0.00929251675737809,0.0787021025359117,1.27024222919345
0.1,"without_ssp245",42,6,0.0303016599412485,0.170420817203857,0.0173490866900301,0.118072026768763,0.0129525732512184,0.109700609074707,1.44336318997569
