"tol","archive","draw","n_stitched","mean_gen","var_gen","mean_target","var_target","bias","E1","E2"
0.1,"with_ssp370",109,11,0.031051926847179,0.161504341178292,0.0246654902508703,0.117394101373112,0.0063864365963087,0.0544016822106824,1.37574494194546
0.1,"without_ssp370",109,3,-0.00352475746297678,0.18354976821285,0.0246654902508703,0.117394101373112,0.0281902477138471,0.240133425650155,1.56353484600964
