"tol","archive","draw","n_stitched","mean_gen","var_gen","mean_target","var_target","bias","E1","E2"
0.1,"with_ssp370",8,11,0.0246705901474948,0.153932323790802,0.0246654902508703,0.117394101373112,5.09989662447752e-06,4.34425287542222e-05,1.31124410843744
0.1,"without_ssp370",8,3,-0.000279615859256908,0.196799488456894,0.0246654902508703,0.117394101373112,0.0249451061101272,0.212490285443256,1.67640014408738
