"tol","archive","draw","n_stitched","mean_gen","var_gen","mean_target","var_target","bias","E1","E2"
0.1,"with_ssp370",129,11,0.0197103213465749,0.152293799465906,0.0246654902508703,0.117394101373112,0.00495516890429542,0.0422096923638988,1.29728664119053
0.1,"without_ssp370",129,4,0.0432915528213705,0.177255489161421,0.0246654902508703,0.117394101373112,0.0186260625705002,0.158662678555724,1.50991819084718
