"tol","archive","draw","n_stitched","mean_gen","var_gen","mean_target","var_target","bias","E1","E2"
0.1,"with_ssp370",99,12,0.026168197159159,0.15811003756717,0.0246654902508703,0.117394101373112,0.00150270690828868,0.0128005316341461,1.34683119269043
0.1,"without_ssp370",99,3,-0.000130949094863193,0.177162458416408,0.0246654902508703,0.117394101373112,0.0247964393457335,0.211223895031346,1.50912572560468
