"tol","archive","draw","n_stitched","mean_gen","var_gen","mean_target","var_target","bias","E1","E2"
0.1,"with_ssp370",88,12,0.0248471204400665,0.121984331432185,0.0246654902508703,0.117394101373112,0.000181630189196154,0.00154718326620927,1.03910102812137
0.1,"without_ssp370",88,3,0.0237777073200387,0.129537554201244,0.0246654902508703,0.117394101373112,0.000887782930831568,0.0075624151507403,1.10344176313881
