"tol","archive","draw","n_stitched","mean_gen","var_gen","mean_target","var_target","bias","E1","E2"
0.1,"with_ssp370",61,12,0.0245481699318918,0.11957387264995,0.0246654902508703,0.117394101373112,0.000117320318978528,0.000999371498280397,1.01856797957769
0.1,"without_ssp370",61,3,0.0236724583241036,0.128188853031808,0.0246654902508703,0.117394101373112,0.000993031926766696,0.00845895931014927,1.09195310098577
