"tol","archive","draw","n_stitched","mean_gen","var_gen","mean_target","var_target","bias","E1","E2"
0.1,"with_ssp370",154,12,0.0247604854756023,0.120317745206703,0.0246654902508703,0.117394101373112,9.49952247320217e-05,0.000809199300653952,1.02490452075014
0.1,"without_ssp370",154,3,0.0239800563313909,0.129210042926505,0.0246654902508703,0.117394101373112,0.000685433919479426,0.00583874241944166,1.10065191875219
