"tol","archive","draw","n_stitched","mean_gen","var_gen","mean_target","var_target","bias","E1","E2"
0.1,"with_ssp370",188,12,0.0228249433679237,0.157804600879725,0.0246654902508703,0.117394101373112,0.00184054688294657,0.0156783591459743,1.34422938660416
0.1,"without_ssp370",188,3,0.0295295208845258,0.180468725488424,0.0246654902508703,0.117394101373112,0.00486403063365547,0.0414333478152891,1.53728955183908
