"tol","archive","draw","n_stitched","mean_gen","var_gen","mean_target","var_target","bias","E1","E2"
0.1,"with_ssp370",194,12,0.0343403519436653,0.151977744509243,0.0246654902508703,0.117394101373112,0.00967486169279498,0.0824135248673651,1.29459438533639
0.1,"without_ssp370",194,4,0.0125069737944964,0.198138530877253,0.0246654902508703,0.117394101373112,0.0121585164563739,0.103570079877614,1.68780652996791
