"tol","archive","draw","n_stitched","mean_gen","var_gen","mean_target","var_target","bias","E1","E2"
0.1,"with_ssp370",185,12,0.018283551929459,0.154207978121059,0.0246654902508703,0.117394101373112,0.00638193832141127,0.054363364485645,1.31359221900717
0.1,"without_ssp370",185,4,0.0217564313061107,0.17758664268176,0.0246654902508703,0.117394101373112,0.0029090589447596,0.0247802820647161,1.51273906103117
