"tol","archive","draw","n_stitched","mean_gen","var_gen","mean_target","var_target","bias","E1","E2"
0.1,"with_ssp245",85,8,0.013993391013535,0.146441954226372,0.0173490866900301,0.118072026768763,0.0033556956764951,0.0284207510307842,1.24027645018045
0.1,"without_ssp245",85,6,0.00018420394517472,0.168447960135777,0.0173490866900301,0.118072026768763,0.0171648827448554,0.145376370801797,1.42665426134907
