"tol","archive","draw","n_stitched","mean_gen","var_gen","mean_target","var_target","bias","E1","E2"
0.1,"with_ssp370",79,12,0.0262532753596436,0.158902731516254,0.0246654902508703,0.117394101373112,0.00158778510877329,0.0135252545928765,1.35358360988867
0.1,"without_ssp370",79,4,0.0117571994454258,0.21376202604309,0.0246654902508703,0.117394101373112,0.0129082908054445,0.109956894379371,1.82089239189023
