"tol","archive","draw","n_stitched","mean_gen","var_gen","mean_target","var_target","bias","E1","E2"
0.1,"with_ssp370",80,12,0.0217715724601883,0.148106639517335,0.0246654902508703,0.117394101373112,0.00289391779068197,0.0246513049363891,1.26161909146192
0.1,"without_ssp370",80,4,0.0260865562627911,0.177115743446736,0.0246654902508703,0.117394101373112,0.00142106601192076,0.0121050887165463,1.50872779275179
