"tol","archive","draw","n_stitched","mean_gen","var_gen","mean_target","var_target","bias","E1","E2"
0.1,"with_ssp370",93,12,0.0246604828095021,0.122343406738451,0.0246654902508703,0.117394101373112,5.00744136819678e-06,4.26549657063406e-05,1.04215974488878
0.1,"without_ssp370",93,3,0.0233819016454307,0.126706596585455,0.0246654902508703,0.117394101373112,0.0012835886054396,0.010934012786213,1.07932677283967
