"tol","archive","draw","n_stitched","mean_gen","var_gen","mean_target","var_target","bias","E1","E2"
0.1,"with_ssp370",31,12,0.0248794101174539,0.12081761089021,0.0246654902508703,0.117394101373112,0.000213919866583555,0.00182223692742155,1.02916253437826
0.1,"without_ssp370",31,4,0.0240097399872811,0.126070860672404,0.0246654902508703,0.117394101373112,0.000655750263589154,0.00558588767168965,1.07391137372153
