"tol","archive","draw","n_stitched","mean_gen","var_gen","mean_target","var_target","bias","E1","E2"
0.1,"with_ssp370",64,12,0.0312175300762922,0.147437668662412,0.0246654902508703,0.117394101373112,0.00655203982542191,0.0558123427734894,1.25592058662141
0.1,"without_ssp370",64,3,0.0297440270499612,0.165179416215131,0.0246654902508703,0.117394101373112,0.00507853679909086,0.0432605790213411,1.40705039080407
