"tol","archive","draw","n_stitched","mean_gen","var_gen","mean_target","var_target","bias","E1","E2"
0.1,"with_ssp245",100,7,0.00689461775646284,0.145061006288552,0.0173490866900301,0.118072026768763,0.0104544689335672,0.0885431479383487,1.22858064063426
0.1,"without_ssp245",100,5,0.00601280287783324,0.178052572610686,0.0173490866900301,0.118072026768763,0.0113362838121968,0.09601159667055,1.50799962940749
