"tol","archive","draw","n_stitched","mean_gen","var_gen","mean_target","var_target","bias","E1","E2"
0.1,"with_ssp245",73,8,0.0171142959766942,0.117865933045057,0.0173490866900301,0.118072026768763,0.00023479071333592,0.00198853801159646,0.998254508461099
0.1,"without_ssp245",73,5,0.016482696586841,0.123233397853295,0.0173490866900301,0.118072026768763,0.000866390103189112,0.00733781003764664,1.04371375020639
