"tol","archive","draw","n_stitched","mean_gen","var_gen","mean_target","var_target","bias","E1","E2"
0.1,"with_ssp370",183,12,0.0266969216435339,0.143294009792215,0.0246654902508703,0.117394101373112,0.00203143139266356,0.0173043736346436,1.22062359280544
0.1,"without_ssp370",183,3,0.00835501797940915,0.209050369532193,0.0246654902508703,0.117394101373112,0.0163104722714611,0.138937749688306,1.78075701493528
