"tol","archive","draw","n_stitched","mean_gen","var_gen","mean_target","var_target","bias","E1","E2"
0.1,"with_ssp370",2,12,0.0262144931291238,0.14721989860967,0.0246654902508703,0.117394101373112,0.00154900287825354,0.0131948953153136,1.25406555259334
0.1,"without_ssp370",2,4,0.0169463150482718,0.172337072792996,0.0246654902508703,0.117394101373112,0.00771917520259848,0.065754370213753,1.46802156818134
