"tol","archive","draw","n_stitched","mean_gen","var_gen","mean_target","var_target","bias","E1","E2"
0.1,"with_ssp370",83,12,0.0247409706859351,0.120155220413335,0.0246654902508703,0.117394101373112,7.54804350648411e-05,0.000642966164244849,1.02352008327443
0.1,"without_ssp370",83,3,0.0237061374641064,0.126072241401384,0.0246654902508703,0.117394101373112,0.000959352786763883,0.00817206976792456,1.07392313520669
