"tol","archive","draw","n_stitched","mean_gen","var_gen","mean_target","var_target","bias","E1","E2"
0.1,"with_ssp245",161,8,0.0176420598955146,0.120666081821594,0.0173490866900301,0.118072026768763,0.000292973205484503,0.00248130919322892,1.0219701069239
0.1,"without_ssp245",161,6,0.0165982682602534,0.123926232926101,0.0173490866900301,0.118072026768763,0.000750818429776669,0.0063589865468059,1.04958165212835
