"tol","archive","draw","n_stitched","mean_gen","var_gen","mean_target","var_target","bias","E1","E2"
0.1,"with_ssp370",18,12,0.0240479458337977,0.148511485240303,0.0246654902508703,0.117394101373112,0.000617544417072648,0.00526043821494841,1.26506769508197
0.1,"without_ssp370",18,3,0.0284956707471351,0.181956928974245,0.0246654902508703,0.117394101373112,0.00383018049626481,0.0326266861065821,1.549966538744
