"tol","archive","draw","n_stitched","mean_gen","var_gen","mean_target","var_target","bias","E1","E2"
0.1,"with_ssp245",119,8,0.0216344823228399,0.141824201899943,0.0173490866900301,0.118072026768763,0.00428539563280976,0.036294757954841,1.20116682825897
0.1,"without_ssp245",119,5,0.0204760441273712,0.184367031724461,0.0173490866900301,0.118072026768763,0.0031269574373411,0.0264834738838273,1.56147935095188
