"tol","archive","draw","n_stitched","mean_gen","var_gen","mean_target","var_target","bias","E1","E2"
0.1,"with_ssp370",167,12,0.0245585484704454,0.122020183892117,0.0246654902508703,0.117394101373112,0.000106941780424911,0.000910963831862553,1.03940643068855
0.1,"without_ssp370",167,3,0.0239612697574957,0.127723073861123,0.0246654902508703,0.117394101373112,0.000704220493374607,0.00599877238411145,1.0879854470301
