"tol","archive","draw","n_stitched","mean_gen","var_gen","mean_target","var_target","bias","E1","E2"
0.1,"with_ssp245",165,8,0.00752070862310549,0.154026747418845,0.0173490866900301,0.118072026768763,0.0098283780669246,0.083240529835004,1.30451514752514
0.1,"without_ssp245",165,5,-0.00323280465739224,0.172644343213526,0.0173490866900301,0.118072026768763,0.0205818913474223,0.17431640593187,1.4621951357847
