"tol","archive","draw","n_stitched","mean_gen","var_gen","mean_target","var_target","bias","E1","E2"
0.1,"with_ssp370",102,11,0.0245929220808831,0.119771827405478,0.0246654902508703,0.117394101373112,7.25681699871583e-05,0.000618158571328177,1.02025422065124
0.1,"without_ssp370",102,4,0.0239630923296962,0.127938005842748,0.0246654902508703,0.117394101373112,0.000702397921174124,0.00598324713898273,1.08981630547282
