"tol","archive","draw","n_stitched","mean_gen","var_gen","mean_target","var_target","bias","E1","E2"
0.1,"with_ssp370",198,12,0.0247638130566505,0.12156404691616,0.0246654902508703,0.117394101373112,9.83228057802148e-05,0.000837544686063199,1.03552091199024
0.1,"without_ssp370",198,3,0.0238298506669665,0.128828299086523,0.0246654902508703,0.117394101373112,0.000835639583903796,0.00711824166742323,1.09740010426137
