"tol","archive","draw","n_stitched","mean_gen","var_gen","mean_target","var_target","bias","E1","E2"
0.1,"with_ssp245",5,8,0.017493680877768,0.121275797512809,0.0111507302173141,0.116908449409878,0.00634295066045385,0.0542557077137824,1.03735699280058
0.1,"without_ssp245",5,5,0.017152438861917,0.117534255835172,0.0111507302173141,0.116908449409878,0.00600170864460286,0.0513368253098716,1.00535296147073
