"tol","archive","draw","n_stitched","mean_gen","var_gen","mean_target","var_target","bias","E1","E2"
0.1,"with_ssp245",165,8,0.0168160689759108,0.121469448858636,0.0173490866900301,0.118072026768763,0.000533017714119254,0.00451434373328017,1.02877414899065
0.1,"without_ssp245",165,5,0.0169975563067983,0.125793768973166,0.0173490866900301,0.118072026768763,0.000351530383231803,0.00297725373953523,1.06539857420696
