"tol","archive","draw","n_stitched","mean_gen","var_gen","mean_target","var_target","bias","E1","E2"
0.1,"with_ssp370",165,12,0.024217293693047,0.121770805439085,0.0246654902508703,0.117394101373112,0.000448196557823251,0.00381787971099802,1.03728214633257
0.1,"without_ssp370",165,4,0.0237492842072653,0.127841055488647,0.0246654902508703,0.117394101373112,0.000916206043604987,0.00780453219445003,1.08899045176326
