"tol","archive","draw","n_stitched","mean_gen","var_gen","mean_target","var_target","bias","E1","E2"
0.1,"with_ssp370",14,13,0.0258982883161612,0.154619403849734,0.0246654902508703,0.117394101373112,0.00123279806529095,0.0105013629379278,1.31709687319219
0.1,"without_ssp370",14,3,0.00411115948523169,0.178783508012224,0.0246654902508703,0.117394101373112,0.0205543307656386,0.175088275520002,1.52293433759502
