"tol","archive","draw","n_stitched","mean_gen","var_gen","mean_target","var_target","bias","E1","E2"
0.1,"with_ssp370",184,12,0.0250004780145632,0.122009408606891,0.0246654902508703,0.117394101373112,0.000334987763692892,0.00285353147879384,1.03931464340879
0.1,"without_ssp370",184,3,0.0235000074659368,0.131041931961848,0.0246654902508703,0.117394101373112,0.00116548278493348,0.00992795013805029,1.11625652762023
