"tol","archive","draw","n_stitched","mean_gen","var_gen","mean_target","var_target","bias","E1","E2"
0.1,"with_ssp370",34,13,0.0248748131435194,0.121511810273576,0.0246654902508703,0.117394101373112,0.000209322892649071,0.00178307845284136,1.03507594378508
0.1,"without_ssp370",34,3,0.0243086734100666,0.123184034200979,0.0246654902508703,0.117394101373112,0.000356816840803683,0.0030394784459367,1.04932047488029
