"tol","archive","draw","n_stitched","mean_gen","var_gen","mean_target","var_target","bias","E1","E2"
0.1,"with_ssp370",90,12,0.0246950609185348,0.119224239630217,0.0246654902508703,0.117394101373112,2.9570667664524e-05,0.000251892278390886,1.01558969518654
0.1,"without_ssp370",90,4,0.0244632330907422,0.131493962431456,0.0246654902508703,0.117394101373112,0.000202257160128137,0.00172289031358829,1.12010706580163
