"tol","archive","draw","n_stitched","mean_gen","var_gen","mean_target","var_target","bias","E1","E2"
0.1,"with_ssp370",67,11,0.0244959481493262,0.121099855506717,0.0246654902508703,0.117394101373112,0.000169542101544049,0.0014442131211107,1.03156678308586
0.1,"without_ssp370",67,4,0.0245497812631601,0.129711426793729,0.0246654902508703,0.117394101373112,0.000115708987710173,0.000985645670070053,1.10492286474828
