"tol","archive","draw","n_stitched","mean_gen","var_gen","mean_target","var_target","bias","E1","E2"
0.1,"with_ssp370",192,12,0.0229377619631321,0.152310834170792,0.0246654902508703,0.117394101373112,0.00172772828773819,0.0147173347513174,1.29743174818217
0.1,"without_ssp370",192,3,0.0224802931112839,0.185022344394312,0.0246654902508703,0.117394101373112,0.00218519713958644,0.0186141987887556,1.57607871460473
