"tol","archive","draw","n_stitched","mean_gen","var_gen","mean_target","var_target","bias","E1","E2"
0.1,"with_ssp245",70,8,0.00663213868249908,0.143501031577852,0.0173490866900301,0.118072026768763,0.010716948007531,0.0907661899335354,1.2153685805605
0.1,"without_ssp245",70,6,0.00842718177115498,0.165491795167917,0.0173490866900301,0.118072026768763,0.00892190491887511,0.0755632401936161,1.40161729832946
