"tol","archive","draw","n_stitched","mean_gen","var_gen","mean_target","var_target","bias","E1","E2"
0.1,"with_ssp245",57,8,0.00923616443037389,0.138549959599991,0.0173490866900301,0.118072026768763,0.0081129222596562,0.068711637139463,1.17343593899115
0.1,"without_ssp245",57,6,-0.00679764758368982,0.158762762667763,0.0173490866900301,0.118072026768763,0.0241467342737199,0.20450851005556,1.34462638622008
