"tol","archive","draw","n_stitched","mean_gen","var_gen","mean_target","var_target","bias","E1","E2"
0.1,"with_ssp370",130,12,0.0248188822249159,0.120700999311553,0.0246654902508703,0.117394101373112,0.000153391974045625,0.001306641238797,1.02816920015368
0.1,"without_ssp370",130,3,0.0243538621295869,0.130863330884244,0.0246654902508703,0.117394101373112,0.000311628121283433,0.00265454667345669,1.11473514728242
