"tol","archive","draw","n_stitched","mean_gen","var_gen","mean_target","var_target","bias","E1","E2"
0.1,"with_ssp370",49,12,0.0247801290639286,0.121507826995513,0.0246654902508703,0.117394101373112,0.000114638813058256,0.000976529584684166,1.03504201296559
0.1,"without_ssp370",49,3,0.0240854908505125,0.128376782783419,0.0246654902508703,0.117394101373112,0.000579999400357821,0.00494061791498719,1.0935539459125
