"tol","archive","draw","n_stitched","mean_gen","var_gen","mean_target","var_target","bias","E1","E2"
0.1,"with_ssp245",97,8,0.00715477407171574,0.144061524937565,0.0173490866900301,0.118072026768763,0.0101943126183144,0.0863397783310632,1.22011562670726
0.1,"without_ssp245",97,4,0.011016828917533,0.160666774821313,0.0173490866900301,0.118072026768763,0.00633225777249711,0.0536304656216198,1.36075223927484
