"tol","archive","draw","n_stitched","mean_gen","var_gen","mean_target","var_target","bias","E1","E2"
0.1,"with_ssp370",89,11,0.0248763630531202,0.121121344435947,0.0246654902508703,0.117394101373112,0.000210872802249889,0.0017962810719056,1.03174983256602
0.1,"without_ssp370",89,3,0.0235212183208326,0.124845716296272,0.0246654902508703,0.117394101373112,0.00114427193003768,0.00974726938281894,1.06347520732303
