"tol","archive","draw","n_stitched","mean_gen","var_gen","mean_target","var_target","bias","E1","E2"
0.1,"with_ssp245",139,7,0.0172285846367789,0.120408183149813,0.0173490866900301,0.118072026768763,0.000120502053251158,0.00102058088227074,1.01978585821708
0.1,"without_ssp245",139,5,0.0171796898822747,0.124371674143586,0.0173490866900301,0.118072026768763,0.000169396807755379,0.00143469043761849,1.0533542749051
