"tol","archive","draw","n_stitched","mean_gen","var_gen","mean_target","var_target","bias","E1","E2"
0.1,"with_ssp370",99,12,0.0245889613903022,0.120879951060691,0.0246654902508703,0.117394101373112,7.65288605681161e-05,0.000651896983519514,1.02969356762227
0.1,"without_ssp370",99,3,0.0241033873333026,0.125675560267521,0.0246654902508703,0.117394101373112,0.000562102917567659,0.00478817002722422,1.07054408013301
