"tol","archive","draw","n_stitched","mean_gen","var_gen","mean_target","var_target","bias","E1","E2"
0.1,"with_ssp370",20,12,0.0255274051734047,0.154432488405539,0.0246654902508703,0.117394101373112,0.000861914922534415,0.00734206329323992,1.31550466845611
0.1,"without_ssp370",20,3,-0.00612507883192403,0.180164645794744,0.0246654902508703,0.117394101373112,0.0307905690827943,0.262283783619868,1.53469930505391
