"tol","archive","draw","n_stitched","mean_gen","var_gen","mean_target","var_target","bias","E1","E2"
0.1,"with_ssp245",131,8,0.0163711469224611,0.147921407484385,0.0173490866900301,0.118072026768763,0.000977939767569026,0.0082825694987371,1.25280654133329
0.1,"without_ssp245",131,6,0.0145740200514567,0.166547008623665,0.0173490866900301,0.118072026768763,0.0027750666385734,0.0235031676385822,1.41055433011104
