"tol","archive","draw","n_stitched","mean_gen","var_gen","mean_target","var_target","bias","E1","E2"
0.1,"with_ssp245",6,8,0.0174773551031487,0.119215906050271,0.0173490866900301,0.118072026768763,0.000128268413118596,0.00108635734160642,1.00968797870937
0.1,"without_ssp245",6,5,0.0167494738661123,0.125744500825587,0.0173490866900301,0.118072026768763,0.000599612823917798,0.00507836479416165,1.06498130223385
