"tol","archive","draw","n_stitched","mean_gen","var_gen","mean_target","var_target","bias","E1","E2"
0.1,"with_ssp245",191,7,0.0177033103911424,0.147983991618794,0.0173490866900301,0.118072026768763,0.000354223701112349,0.00300006454370497,1.25333659181283
0.1,"without_ssp245",191,5,0.0225576582704697,0.153576873253444,0.0173490866900301,0.118072026768763,0.00520857158043963,0.0441135103968386,1.30070498031016
