"tol","archive","draw","n_stitched","mean_gen","var_gen","mean_target","var_target","bias","E1","E2"
0.1,"with_ssp245",26,8,0.0170091502270385,0.120479450579129,0.0173490866900301,0.118072026768763,0.000339936462991616,0.00287906011520715,1.02038945105161
0.1,"without_ssp245",26,6,0.0169372836501241,0.122119923807253,0.0173490866900301,0.118072026768763,0.000411803039905984,0.00348772737434647,1.03428328579823
