"tol","archive","draw","n_stitched","mean_gen","var_gen","mean_target","var_target","bias","E1","E2"
0.1,"with_ssp370",176,12,0.0245263065122203,0.11972941800954,0.0246654902508703,0.117394101373112,0.000139183738650017,0.0011856110061923,1.01989296403407
0.1,"without_ssp370",176,3,0.0246662998105868,0.121500675168814,0.0246654902508703,0.117394101373112,8.09559716468539e-07,6.8960851269309e-06,1.03498109144897
