"tol","archive","draw","n_stitched","mean_gen","var_gen","mean_target","var_target","bias","E1","E2"
0.1,"with_ssp245",21,8,0.0173176311729839,0.119166904650816,0.0173490866900301,0.118072026768763,3.14555170462354e-05,0.000266409562934319,1.00927296593458
0.1,"without_ssp245",21,5,0.0163589693986778,0.124156722877661,0.0173490866900301,0.118072026768763,0.000990117291352247,0.00838570589875053,1.05153376523988
