"tol","archive","draw","n_stitched","mean_gen","var_gen","mean_target","var_target","bias","E1","E2"
0.1,"with_ssp370",55,12,0.0244751360975784,0.122449857320042,0.0246654902508703,0.117394101373112,0.000190354153291886,0.00162149674528268,1.04306652453398
0.1,"without_ssp370",55,3,0.0236142735699557,0.136332112391709,0.0246654902508703,0.117394101373112,0.00105121668091461,0.00895459540657447,1.16131995387405
