"tol","archive","draw","n_stitched","mean_gen","var_gen","mean_target","var_target","bias","E1","E2"
0.1,"with_ssp370",136,12,0.0342201614023292,0.150397468077159,0.0246654902508703,0.117394101373112,0.00955467115145895,0.0813897039093254,1.28113309202097
0.1,"without_ssp370",136,3,0.0193074789420372,0.191126682793847,0.0246654902508703,0.117394101373112,0.0053580113088331,0.0456412310854001,1.62807739535729
