"tol","archive","draw","n_stitched","mean_gen","var_gen","mean_target","var_target","bias","E1","E2"
0.1,"with_ssp245",179,8,0.00676772536259975,0.146794628110269,0.0173490866900301,0.118072026768763,0.0105813613274303,0.0896178512134234,1.24326338869204
0.1,"without_ssp245",179,6,0.0167839542507132,0.159574268568903,0.0173490866900301,0.118072026768763,0.000565132439316867,0.00478633639806696,1.35149935963596
