"tol","archive","draw","n_stitched","mean_gen","var_gen","mean_target","var_target","bias","E1","E2"
0.1,"with_ssp370",192,12,0.0247843907503544,0.122684923638445,0.0246654902508703,0.117394101373112,0.000118900499484095,0.00101283197446347,1.0450688936109
0.1,"without_ssp370",192,3,0.0242461824927112,0.128743427961022,0.0246654902508703,0.117394101373112,0.000419307758159099,0.00357179579940237,1.09667714523269
