"tol","archive","draw","n_stitched","mean_gen","var_gen","mean_target","var_target","bias","E1","E2"
0.1,"with_ssp245",5,8,0.0189069997667083,0.144213201977952,0.0111507302173141,0.116908449409878,0.00775626954939419,0.0663448158669945,1.23355670788468
0.1,"without_ssp245",5,5,0.00996084608682208,0.147121645602093,0.0111507302173141,0.116908449409878,0.00118988413049203,0.0101779138847384,1.25843466699561
