"tol","archive","draw","n_stitched","mean_gen","var_gen","mean_target","var_target","bias","E1","E2"
0.1,"with_ssp245",123,8,0.0185864496624915,0.155654754800857,0.0173490866900301,0.118072026768763,0.00123736297246144,0.0104797300963144,1.31830340395272
0.1,"without_ssp245",123,5,0.0263761984266852,0.176127956703945,0.0173490866900301,0.118072026768763,0.00902711173665513,0.0764542795080006,1.49169927478996
