"tol","archive","draw","n_stitched","mean_gen","var_gen","mean_target","var_target","bias","E1","E2"
0.1,"with_ssp370",119,11,0.0252444868226574,0.154710074243387,0.0246654902508703,0.117394101373112,0.000578996571787112,0.00493207550477254,1.31786923221699
0.1,"without_ssp370",119,4,0.00934489342969925,0.168472729678552,0.0246654902508703,0.117394101373112,0.0153205968211711,0.130505678240832,1.43510387411286
