"tol","archive","draw","n_stitched","mean_gen","var_gen","mean_target","var_target","bias","E1","E2"
0.1,"with_ssp245",19,8,0.00453355441761494,0.148116185171187,0.0173490866900301,0.118072026768763,0.0128155322724151,0.108539953307599,1.25445619275482
0.1,"without_ssp245",19,5,0.0138100940339089,0.180862148203217,0.0173490866900301,0.118072026768763,0.00353899265612117,0.029973167675457,1.53179506740767
