"tol","archive","draw","n_stitched","mean_gen","var_gen","mean_target","var_target","bias","E1","E2"
0.1,"with_ssp245",174,8,0.00936684437757862,0.1558826438579,0.0173490866900301,0.118072026768763,0.00798224231245147,0.0676048555352083,1.32023348903113
0.1,"without_ssp245",174,5,-0.00293932935447349,0.162363653227546,0.0173490866900301,0.118072026768763,0.0202884160445036,0.17183084427133,1.37512379240788
