"tol","archive","draw","n_stitched","mean_gen","var_gen","mean_target","var_target","bias","E1","E2"
0.1,"with_ssp370",75,12,0.0248601671336735,0.12213261444712,0.0246654902508703,0.117394101373112,0.000194676882803162,0.0016583191193263,1.04036414963429
0.1,"without_ssp370",75,4,0.0242848197360383,0.122267883202336,0.0246654902508703,0.117394101373112,0.00038067051483201,0.00324267156849839,1.0415164115762
