"tol","archive","draw","n_stitched","mean_gen","var_gen","mean_target","var_target","bias","E1","E2"
0.1,"with_ssp370",135,12,0.0280874761627238,0.159855027605641,0.0246654902508703,0.117394101373112,0.00342198591185355,0.029149555828001,1.36169556848155
0.1,"without_ssp370",135,4,0.0142563243313684,0.17097577635284,0.0246654902508703,0.117394101373112,0.0104091659195019,0.0886685599851274,1.45642561553778
