"tol","archive","draw","n_stitched","mean_gen","var_gen","mean_target","var_target","bias","E1","E2"
0.1,"with_ssp370",51,11,0.0245562705966369,0.122149909538273,0.0246654902508703,0.117394101373112,0.000109219654233349,0.00093036747976133,1.04051147467832
0.1,"without_ssp370",51,4,0.0234153045080641,0.125537190541899,0.0246654902508703,0.117394101373112,0.00125018574280621,0.0106494766618023,1.06936540314667
