"tol","archive","draw","n_stitched","mean_gen","var_gen","mean_target","var_target","bias","E1","E2"
0.1,"with_ssp370",42,12,0.0274227028451302,0.163758682647369,0.0246654902508703,0.117394101373112,0.00275721259425992,0.0234868069350154,1.39494813395178
0.1,"without_ssp370",42,3,0.0150807158400034,0.174420820094656,0.0246654902508703,0.117394101373112,0.00958477441086687,0.0816461329722495,1.48577158523746
