"tol","archive","draw","n_stitched","mean_gen","var_gen","mean_target","var_target","bias","E1","E2"
0.1,"with_ssp370",174,13,0.0248518177203607,0.120600640354674,0.0246654902508703,0.117394101373112,0.000186327469490408,0.00158719618201434,1.02731431089004
0.1,"without_ssp370",174,4,0.0243521713285351,0.124512784041602,0.0246654902508703,0.117394101373112,0.000313318922335177,0.00266894945035917,1.06063918531872
