"tol","archive","draw","n_stitched","mean_gen","var_gen","mean_target","var_target","bias","E1","E2"
0.1,"with_ssp245",69,7,0.0173642400436336,0.121192755218703,0.0173490866900301,0.118072026768763,1.51533536035149e-05,0.00012833991266358,1.02643071805697
0.1,"without_ssp245",69,6,0.0162029488789831,0.126703727110655,0.0173490866900301,0.118072026768763,0.00114613781104701,0.0097071071143011,1.07310537964082
