"tol","archive","draw","n_stitched","mean_gen","var_gen","mean_target","var_target","bias","E1","E2"
0.1,"with_ssp370",124,12,0.0247243803170315,0.120076028316881,0.0246654902508703,0.117394101373112,5.88900661611658e-05,0.000501644166720064,1.02284550000723
0.1,"without_ssp370",124,4,0.0242677763332921,0.126955380870399,0.0246654902508703,0.117394101373112,0.000397713917578209,0.00338785265125169,1.08144599588439
