"tol","archive","draw","n_stitched","mean_gen","var_gen","mean_target","var_target","bias","E1","E2"
0.1,"with_ssp370",65,12,0.0206309342702043,0.151211443494223,0.0246654902508703,0.117394101373112,0.00403455598066596,0.0343676209747794,1.28806679147898
0.1,"without_ssp370",65,3,0.0132475013650376,0.181906618917183,0.0246654902508703,0.117394101373112,0.0114179888858327,0.0972620323532526,1.54953798180226
