"tol","archive","draw","n_stitched","mean_gen","var_gen","mean_target","var_target","bias","E1","E2"
0.1,"with_ssp370",116,11,0.0249395878519706,0.121661281786787,0.0246654902508703,0.117394101373112,0.000274097601100275,0.0023348498595267,1.03634918930137
0.1,"without_ssp370",116,3,0.0244817901684909,0.120632949297482,0.0246654902508703,0.117394101373112,0.000183700082379376,0.00156481526951277,1.02758952866018
