"tol","archive","draw","n_stitched","mean_gen","var_gen","mean_target","var_target","bias","E1","E2"
0.1,"with_ssp370",103,12,0.0248087323696566,0.121142127592563,0.0246654902508703,0.117394101373112,0.000143242118786333,0.00122018156884278,1.03192687005234
0.1,"without_ssp370",103,3,0.024244644658116,0.129639488019116,0.0246654902508703,0.117394101373112,0.00042084559275429,0.00358489555975833,1.10431006756535
