"tol","archive","draw","n_stitched","mean_gen","var_gen","mean_target","var_target","bias","E1","E2"
0.1,"with_ssp370",178,12,0.0251078496531648,0.150705190828636,0.0246654902508703,0.117394101373112,0.000442359402294503,0.00376815697825018,1.28375437152205
0.1,"without_ssp370",178,3,0.0306837000721821,0.18693561658959,0.0246654902508703,0.117394101373112,0.00601820982131179,0.0512650103448058,1.5923765709101
