"tol","archive","draw","n_stitched","mean_gen","var_gen","mean_target","var_target","bias","E1","E2"
0.1,"with_ssp370",97,11,0.0373833691699111,0.153570083411863,0.0246654902508703,0.117394101373112,0.0127178789190408,0.108334905845224,1.30815843058224
0.1,"without_ssp370",97,3,0.00815551447564719,0.169877158735394,0.0246654902508703,0.117394101373112,0.0165099757752231,0.140637183488033,1.44706724399615
