"tol","archive","draw","n_stitched","mean_gen","var_gen","mean_target","var_target","bias","E1","E2"
0.1,"with_ssp370",136,12,0.0246255818735128,0.120203044617615,0.0246654902508703,0.117394101373112,3.99083773575323e-05,0.000339952151690245,1.02392746493774
0.1,"without_ssp370",136,3,0.0239551887688411,0.127443018171762,0.0246654902508703,0.117394101373112,0.000710301482029194,0.00605057216436838,1.08559984429466
