"tol","archive","draw","n_stitched","mean_gen","var_gen","mean_target","var_target","bias","E1","E2"
0.1,"with_ssp370",131,12,0.0287626549253029,0.144350474322479,0.0246654902508703,0.117394101373112,0.00409716467443263,0.0349009415848813,1.22962289104877
0.1,"without_ssp370",131,3,0.0402994834222664,0.16596149606397,0.0246654902508703,0.117394101373112,0.0156339931713961,0.13317528724639,1.41371239374708
