"tol","archive","draw","n_stitched","mean_gen","var_gen","mean_target","var_target","bias","E1","E2"
0.1,"with_ssp370",53,13,0.0247318671331531,0.119725711734993,0.0246654902508703,0.117394101373112,6.63768822828509e-05,0.000565419228960116,1.01986139281794
0.1,"without_ssp370",53,3,0.0233078472905897,0.134802774597476,0.0246654902508703,0.117394101373112,0.00135764296028056,0.0115648311491015,1.14829257194988
