"tol","archive","draw","n_stitched","mean_gen","var_gen","mean_target","var_target","bias","E1","E2"
0.1,"with_ssp370",164,12,0.0292424656258115,0.157515324461939,0.0246654902508703,0.117394101373112,0.00457697537494117,0.0389881205393294,1.34176523879432
0.1,"without_ssp370",164,4,0.00699429402639502,0.164802189649268,0.0246654902508703,0.117394101373112,0.0176711962244753,0.150528825705741,1.40383705587966
