"tol","archive","draw","n_stitched","mean_gen","var_gen","mean_target","var_target","bias","E1","E2"
0.1,"with_ssp245",163,8,0.00349190420518108,0.153386113772046,0.0173490866900301,0.118072026768763,0.013857182484849,0.117362112467058,1.2990893607039
0.1,"without_ssp245",163,5,0.0138303208302176,0.15523928935661,0.0173490866900301,0.118072026768763,0.0035187658598125,0.0298018587137815,1.31478465818696
