"tol","archive","draw","n_stitched","mean_gen","var_gen","mean_target","var_target","bias","E1","E2"
0.1,"with_ssp370",60,12,0.0258992872552667,0.150160721248834,0.0246654902508703,0.117394101373112,0.00123379700439638,0.0105098722164499,1.27911640783023
0.1,"without_ssp370",60,4,0.00421156742838223,0.184546171903361,0.0246654902508703,0.117394101373112,0.0204539228224881,0.17423296897584,1.57202252706735
