"tol","archive","draw","n_stitched","mean_gen","var_gen","mean_target","var_target","bias","E1","E2"
0.1,"with_ssp370",45,12,0.024668568180289,0.121449616379341,0.0246654902508703,0.117394101373112,3.07792941871277e-06,2.6218774050071e-05,1.03454615656828
0.1,"without_ssp370",45,4,0.0245236837102559,0.126593806805398,0.0246654902508703,0.117394101373112,0.000141806540614388,0.00120795286096774,1.07836599390157
