"tol","archive","draw","n_stitched","mean_gen","var_gen","mean_target","var_target","bias","E1","E2"
0.1,"with_ssp245",59,8,0.021616063998273,0.151045315829321,0.0173490866900301,0.118072026768763,0.00426697730824288,0.0361387656756286,1.27926419121385
0.1,"without_ssp245",59,5,0.00205745933640718,0.158428414214132,0.0173490866900301,0.118072026768763,0.0152916273536229,0.129511009272083,1.3417946532281
