"tol","archive","draw","n_stitched","mean_gen","var_gen","mean_target","var_target","bias","E1","E2"
0.1,"with_ssp245",113,8,0.0173618339412526,0.120615425171367,0.0173490866900301,0.118072026768763,1.27472512225363e-05,0.000107961653334714,1.02154107515733
0.1,"without_ssp245",113,5,0.0165748451293662,0.122314399857757,0.0173490866900301,0.118072026768763,0.000774241560663927,0.00655736656558147,1.03593038253932
