"tol","archive","draw","n_stitched","mean_gen","var_gen","mean_target","var_target","bias","E1","E2"
0.1,"with_ssp245",110,8,0.0170149590935497,0.115309346093342,0.0173490866900301,0.118072026768763,0.000334127596480341,0.00282986246297533,0.976601734119196
0.1,"without_ssp245",110,5,0.0170432365058762,0.117688663904285,0.0173490866900301,0.118072026768763,0.000305850184153928,0.00259036956105545,0.996753144034458
