"tol","archive","draw","n_stitched","mean_gen","var_gen","mean_target","var_target","bias","E1","E2"
0.1,"with_ssp370",155,12,0.0246179807768073,0.123274784817105,0.0246654902508703,0.117394101373112,4.75094740630295e-05,0.00040470069200522,1.05009351726542
0.1,"without_ssp370",155,3,0.0239396854448356,0.126557205960705,0.0246654902508703,0.117394101373112,0.000725804806034715,0.0061826343704263,1.07805421635683
