"tol","archive","draw","n_stitched","mean_gen","var_gen","mean_target","var_target","bias","E1","E2"
0.1,"with_ssp370",118,12,0.02486338041951,0.122448829399267,0.0246654902508703,0.117394101373112,0.000197890168639706,0.00168569090205609,1.04305776838045
0.1,"without_ssp370",118,3,0.0240646813436955,0.126854752211833,0.0246654902508703,0.117394101373112,0.00060080890717476,0.0051178798606347,1.08058880921668
