"tol","archive","draw","n_stitched","mean_gen","var_gen","mean_target","var_target","bias","E1","E2"
0.1,"with_ssp245",186,7,0.031257019645026,0.149469417608792,0.0173490866900301,0.118072026768763,0.0139079329549959,0.117791938832674,1.26591726846122
0.1,"without_ssp245",186,5,0.0146251057056625,0.178995378067481,0.0173490866900301,0.118072026768763,0.00272398098436758,0.0230705024628936,1.5159846321435
