"tol","archive","draw","n_stitched","mean_gen","var_gen","mean_target","var_target","bias","E1","E2"
0.1,"with_ssp370",37,12,0.0245277916380246,0.150226434688793,0.0246654902508703,0.117394101373112,0.000137698612845693,0.00117296023594956,1.27967617564812
0.1,"without_ssp370",37,3,-0.00851556877577776,0.17354817805245,0.0246654902508703,0.117394101373112,0.0331810590266481,0.282646731296908,1.47833814495384
