"tol","archive","draw","n_stitched","mean_gen","var_gen","mean_target","var_target","bias","E1","E2"
0.1,"with_ssp370",22,11,0.0235920301181041,0.151740711994138,0.0246654902508703,0.117394101373112,0.00107346013276621,0.00914407214851832,1.29257526757551
0.1,"without_ssp370",22,3,0.00604183189404646,0.205592403266471,0.0246654902508703,0.117394101373112,0.0186236583568238,0.158642198704963,1.75130096709918
