"tol","archive","draw","n_stitched","mean_gen","var_gen","mean_target","var_target","bias","E1","E2"
0.1,"with_ssp245",190,8,0.00806806212640455,0.149142969116715,0.0173490866900301,0.118072026768763,0.00928102456362554,0.078604770474567,1.26315244345558
0.1,"without_ssp245",190,5,0.00566575525502048,0.158666945433072,0.0173490866900301,0.118072026768763,0.0116833314350096,0.0989508840895119,1.34381487110246
