"tol","archive","draw","n_stitched","mean_gen","var_gen","mean_target","var_target","bias","E1","E2"
0.1,"with_ssp245",176,7,0.0172666509013355,0.118667570189738,0.0173490866900301,0.118072026768763,8.2435788694539e-05,0.000698182210897291,1.00504389936612
0.1,"without_ssp245",176,4,0.0171049901968685,0.12209469638595,0.0173490866900301,0.118072026768763,0.00024409649316157,0.00206735244445002,1.03406962451034
