"tol","archive","draw","n_stitched","mean_gen","var_gen","mean_target","var_target","bias","E1","E2"
0.1,"with_ssp245",34,8,0.0172346657081059,0.11865291640572,0.0173490866900301,0.118072026768763,0.00011442098192414,0.000969077816782348,1.00491979051138
0.1,"without_ssp245",34,5,0.0172687763842917,0.124375964820801,0.0173490866900301,0.118072026768763,8.03103057383653e-05,0.000680180631570323,1.05339061439492
