"tol","archive","draw","n_stitched","mean_gen","var_gen","mean_target","var_target","bias","E1","E2"
0.1,"with_ssp245",15,8,0.0171047244526153,0.12344882313133,0.0173490866900301,0.118072026768763,0.000244362237414787,0.00206960314057585,1.04553827447289
0.1,"without_ssp245",15,5,0.0167139392725169,0.12525726167582,0.0173490866900301,0.118072026768763,0.000635147417513211,0.00537932171484707,1.06085467577455
