"tol","archive","draw","n_stitched","mean_gen","var_gen","mean_target","var_target","bias","E1","E2"
0.1,"with_ssp370",195,13,0.0246821673121404,0.119612303555173,0.0246654902508703,0.117394101373112,1.66770612701379e-05,0.000142060470458677,1.01889534615551
0.1,"without_ssp370",195,4,0.0249820131526166,0.120787596163924,0.0246654902508703,0.117394101373112,0.000316522901746316,0.00269624195802066,1.0289068594684
