"tol","archive","draw","n_stitched","mean_gen","var_gen","mean_target","var_target","bias","E1","E2"
0.1,"with_ssp245",194,8,0.0106807282714313,0.143791962332661,0.0173490866900301,0.118072026768763,0.00666835841859874,0.0564770386440331,1.21783259140854
0.1,"without_ssp245",194,5,0.0356868572039612,0.16556952003738,0.0173490866900301,0.118072026768763,0.0183377705139311,0.155310034186544,1.40227558185003
