"tol","archive","draw","n_stitched","mean_gen","var_gen","mean_target","var_target","bias","E1","E2"
0.1,"with_ssp245",133,8,0.0069686444913957,0.158574579446193,0.0173490866900301,0.118072026768763,0.0103804421986344,0.0879161854226816,1.34303258600576
0.1,"without_ssp245",133,5,0.00214308644856435,0.159876424087026,0.0173490866900301,0.118072026768763,0.0152060002414657,0.128785798445264,1.35405843756824
