"tol","archive","draw","n_stitched","mean_gen","var_gen","mean_target","var_target","bias","E1","E2"
0.1,"with_ssp245",20,7,0.00848189904601316,0.167725135180833,0.0173490866900301,0.118072026768763,0.00886718764401693,0.0750998173460915,1.42053236292211
0.1,"without_ssp245",20,6,0.00662570856451371,0.164522707985623,0.0173490866900301,0.118072026768763,0.0107233781255164,0.0908206492170874,1.39340970497467
