"tol","archive","draw","n_stitched","mean_gen","var_gen","mean_target","var_target","bias","E1","E2"
0.1,"with_ssp370",26,12,0.0350381370477185,0.152493899138911,0.0246654902508703,0.117394101373112,0.0103726467968482,0.0883574785745065,1.298991153348
0.1,"without_ssp370",26,3,0.0105911585906244,0.184845457364833,0.0246654902508703,0.117394101373112,0.0140743316602459,0.119889598332659,1.57457193506972
