"tol","archive","draw","n_stitched","mean_gen","var_gen","mean_target","var_target","bias","E1","E2"
0.1,"with_ssp370",199,11,0.0268380416538402,0.149422270376535,0.0246654902508703,0.117394101373112,0.00217255140296993,0.0185064784138083,1.27282605027682
0.1,"without_ssp370",199,3,0.00324148901171612,0.192584939367845,0.0246654902508703,0.117394101373112,0.0214240012391542,0.182496403043817,1.64049928501735
