"tol","archive","draw","n_stitched","mean_gen","var_gen","mean_target","var_target","bias","E1","E2"
0.1,"with_ssp245",168,8,0.00789465845052177,0.159849372040352,0.0173490866900301,0.118072026768763,0.00945442823950831,0.0800733967074543,1.35382932278623
0.1,"without_ssp245",168,5,0.00594112306810687,0.155014366979046,0.0173490866900301,0.118072026768763,0.0114079636219232,0.096618682122439,1.31287969912325
