"tol","archive","draw","n_stitched","mean_gen","var_gen","mean_target","var_target","bias","E1","E2"
0.1,"with_ssp370",173,12,0.0253366488200985,0.150197468357483,0.0246654902508703,0.117394101373112,0.00067115856922818,0.00571714048131809,1.2794294312975
0.1,"without_ssp370",173,3,0.0122852442056503,0.203930425500794,0.0246654902508703,0.117394101373112,0.01238024604522,0.105458842483678,1.7371437160428
