"tol","archive","draw","n_stitched","mean_gen","var_gen","mean_target","var_target","bias","E1","E2"
0.1,"with_ssp370",84,12,0.0245548653075548,0.123082834196424,0.0246654902508703,0.117394101373112,0.000110624943315474,0.000942338175611366,1.04845842130714
0.1,"without_ssp370",84,4,0.0241775801696595,0.12463584185711,0.0246654902508703,0.117394101373112,0.000487910081210786,0.00415617203508434,1.06168743062296
