"tol","archive","draw","n_stitched","mean_gen","var_gen","mean_target","var_target","bias","E1","E2"
0.1,"with_ssp370",3,12,0.0237410216132935,0.145225847309701,0.0246654902508703,0.117394101373112,0.000924468637576847,0.00787491557721983,1.2370795943838
0.1,"without_ssp370",3,4,0.0238786665290206,0.187686904185212,0.0246654902508703,0.117394101373112,0.000786823721849704,0.00670241275027056,1.59877627572351
