"tol","archive","draw","n_stitched","mean_gen","var_gen","mean_target","var_target","bias","E1","E2"
0.1,"with_ssp370",1,13,0.0232348530143402,0.151057318063332,0.0246654902508703,0.117394101373112,0.00143063723653015,0.0121866194280339,1.28675390242333
0.1,"without_ssp370",1,3,0.0108454365260601,0.232790756205002,0.0246654902508703,0.117394101373112,0.0138200537248102,0.117723578639493,1.98298512005408
