"tol","archive","draw","n_stitched","mean_gen","var_gen","mean_target","var_target","bias","E1","E2"
0.1,"with_ssp245",87,7,0.0174444131796468,0.117943354199499,0.0173490866900301,0.118072026768763,9.53264896167531e-05,0.000807358798061834,0.998910219695681
0.1,"without_ssp245",87,5,0.0169714637558138,0.118788460641679,0.0173490866900301,0.118072026768763,0.000377622934216264,0.00319824216243714,1.00606776975481
