"tol","archive","draw","n_stitched","mean_gen","var_gen","mean_target","var_target","bias","E1","E2"
0.1,"with_ssp245",177,8,0.0173173210706367,0.118581054717644,0.0173490866900301,0.118072026768763,3.17656193933938e-05,0.000269035945792689,1.0043111646578
0.1,"without_ssp245",177,5,0.0167553598871594,0.12404906341317,0.0173490866900301,0.118072026768763,0.000593726802870669,0.00502851368879648,1.05062195346331
