"tol","archive","draw","n_stitched","mean_gen","var_gen","mean_target","var_target","bias","E1","E2"
0.1,"with_ssp370",140,12,0.024389547400375,0.120147121071305,0.0246654902508703,0.117394101373112,0.000275942850495339,0.0023505682761548,1.02345109052322
0.1,"without_ssp370",140,3,0.0244835992729231,0.129515610552257,0.0246654902508703,0.117394101373112,0.000181890977947234,0.00154940474708463,1.10325484021228
