"tol","archive","draw","n_stitched","mean_gen","var_gen","mean_target","var_target","bias","E1","E2"
0.1,"with_ssp245",178,6,-0.0159797780040736,0.151640691399077,0.0173490866900301,0.118072026768763,0.0333288646941036,0.282275705822991,1.28430666897974
0.1,"without_ssp245",178,5,0.00725935161300524,0.148611442265667,0.0173490866900301,0.118072026768763,0.0100897350770248,0.0854540686151259,1.2586507264478
