"tol","archive","draw","n_stitched","mean_gen","var_gen","mean_target","var_target","bias","E1","E2"
0.1,"with_ssp245",124,7,0.0174616807961657,0.120957265909062,0.0173490866900301,0.118072026768763,0.000112594106135646,0.000953605262965079,1.02443626334923
0.1,"without_ssp245",124,5,0.0169883202597415,0.121979413622606,0.0173490866900301,0.118072026768763,0.000360766430288619,0.00305547757721784,1.03309324791634
