"tol","archive","draw","n_stitched","mean_gen","var_gen","mean_target","var_target","bias","E1","E2"
0.1,"with_ssp245",86,8,0.0169655473329683,0.118360032859792,0.0173490866900301,0.118072026768763,0.000383539357061761,0.00324835075299334,1.0024392406814
0.1,"without_ssp245",86,5,0.0162191812539253,0.121872557010829,0.0173490866900301,0.118072026768763,0.00112990543610483,0.00956962853121577,1.03218823582583
