"tol","archive","draw","n_stitched","mean_gen","var_gen","mean_target","var_target","bias","E1","E2"
0.1,"with_ssp245",90,8,0.0116317771173991,0.143387296471628,0.0173490866900301,0.118072026768763,0.00571730957263098,0.0484222192935503,1.21440531170388
0.1,"without_ssp245",90,4,0.00315454485080118,0.168013752260985,0.0173490866900301,0.118072026768763,0.0141945418392289,0.120219346001641,1.42297677831879
