"tol","archive","draw","n_stitched","mean_gen","var_gen","mean_target","var_target","bias","E1","E2"
0.1,"with_ssp245",5,8,0.0189069997667083,0.144213201977952,0.0173490866900301,0.118072026768763,0.00155791307667821,0.013194599257022,1.22140024123059
0.1,"without_ssp245",5,5,0.00996084608682208,0.147121645602093,0.0173490866900301,0.118072026768763,0.00738824060320801,0.0625740135525702,1.24603303278788
