"tol","archive","draw","n_stitched","mean_gen","var_gen","mean_target","var_target","bias","E1","E2"
0.1,"with_ssp245",99,7,0.016347419654844,0.157983161384556,0.0173490866900301,0.118072026768763,0.00100166703518611,0.0084835253751324,1.33802362598515
0.1,"without_ssp245",99,5,0.0177039886398301,0.172370277867149,0.0173490866900301,0.118072026768763,0.00035490194979999,0.00300580890760048,1.45987396493774
