"tol","archive","draw","n_stitched","mean_gen","var_gen","mean_target","var_target","bias","E1","E2"
0.1,"with_ssp370",149,11,0.0309555686482654,0.150421086549945,0.0246654902508703,0.117394101373112,0.00629007839739514,0.0535808726658544,1.28133428162513
0.1,"without_ssp370",149,3,0.004405892095774,0.165752337660808,0.0246654902508703,0.117394101373112,0.0202595981550963,0.172577650138531,1.41193071646759
