"tol","archive","draw","n_stitched","mean_gen","var_gen","mean_target","var_target","bias","E1","E2"
0.1,"with_ssp370",123,11,0.0244352082862344,0.148923856958115,0.0246654902508703,0.117394101373112,0.000230281964635939,0.00196161444180263,1.26858040750098
0.1,"without_ssp370",123,3,0.0260727756915874,0.195030528870722,0.0246654902508703,0.117394101373112,0.0014072854407171,0.011987701462481,1.66133158812519
