"tol","archive","draw","n_stitched","mean_gen","var_gen","mean_target","var_target","bias","E1","E2"
0.1,"with_ssp245",186,7,0.0172850301610032,0.121492359678501,0.0173490866900301,0.118072026768763,6.40565290269124e-05,0.00054252078819959,1.02896819003909
0.1,"without_ssp245",186,5,0.017389053362276,0.126885414048432,0.0173490866900301,0.118072026768763,3.99666722459419e-05,0.000338493996755169,1.07464416018647
