"tol","archive","draw","n_stitched","mean_gen","var_gen","mean_target","var_target","bias","E1","E2"
0.1,"with_ssp370",119,11,0.0249226912696777,0.120227484534693,0.0246654902508703,0.117394101373112,0.000257201018807451,0.00219091943972544,1.02413565186359
0.1,"without_ssp370",119,4,0.0240170419698806,0.126309148617975,0.0246654902508703,0.117394101373112,0.000648448280989689,0.00552368707971734,1.07594118563528
