"tol","archive","draw","n_stitched","mean_gen","var_gen","mean_target","var_target","bias","E1","E2"
0.1,"with_ssp245",1,7,0.0172781730330753,0.120529853774481,0.0111507302173141,0.116908449409878,0.00612744281576115,0.0524123179008089,1.03097641259364
0.1,"without_ssp245",1,6,0.0170218016696168,0.119520806698732,0.0111507302173141,0.116908449409878,0.00587107145230267,0.0502193937387609,1.02234532492767
