"tol","archive","draw","n_stitched","mean_gen","var_gen","mean_target","var_target","bias","E1","E2"
0.1,"with_ssp370",23,12,0.0199797292964279,0.154153595779742,0.0246654902508703,0.117394101373112,0.00468576095444238,0.0399147904335472,1.31312897306311
0.1,"without_ssp370",23,3,0.00384709444990047,0.190431515976076,0.0246654902508703,0.117394101373112,0.0208183958009698,0.177337664818464,1.62215574503893
