"tol","archive","draw","n_stitched","mean_gen","var_gen","mean_target","var_target","bias","E1","E2"
0.1,"with_ssp245",172,8,0.00971325817487099,0.148729482315352,0.0173490866900301,0.118072026768763,0.0076358285151591,0.0646709362422771,1.25965045562087
0.1,"without_ssp245",172,5,0.0202492511882582,0.181136182462772,0.0173490866900301,0.118072026768763,0.00290016449822809,0.0245626722738307,1.53411597496769
