"tol","archive","draw","n_stitched","mean_gen","var_gen","mean_target","var_target","bias","E1","E2"
0.1,"with_ssp370",5,11,0.0248533118734504,0.122047945700469,0.0246654902508703,0.117394101373112,0.000187821622580124,0.00159992384952267,1.03964291453252
0.1,"without_ssp370",5,3,0.0246261386049914,0.124658719296732,0.0246654902508703,0.117394101373112,3.93516458788885e-05,0.000335209737274768,1.06188230787278
