"tol","archive","draw","n_stitched","mean_gen","var_gen","mean_target","var_target","bias","E1","E2"
0.1,"with_ssp370",66,12,0.0245224090575618,0.121001223525826,0.0246654902508703,0.117394101373112,0.000143081193308536,0.00121881075484178,1.03072660474865
0.1,"without_ssp370",66,3,0.0250984644589682,0.122461922107688,0.0246654902508703,0.117394101373112,0.000432974208097941,0.00368821093252227,1.04316929620227
