"tol","archive","draw","n_stitched","mean_gen","var_gen","mean_target","var_target","bias","E1","E2"
0.1,"with_ssp370",110,12,0.0347161067212739,0.147518363247301,0.0246654902508703,0.117394101373112,0.0100506164704036,0.0856143226350002,1.25660796855922
0.1,"without_ssp370",110,3,0.0390496910026206,0.158939929791715,0.0246654902508703,0.117394101373112,0.0143842007517503,0.122529161035384,1.35390047653721
