"tol","archive","draw","n_stitched","mean_gen","var_gen","mean_target","var_target","bias","E1","E2"
0.1,"with_ssp245",181,8,0.0169260386617449,0.120987457642982,0.0173490866900301,0.118072026768763,0.000423048028285144,0.00358296575287607,1.02469196941904
0.1,"without_ssp245",181,6,0.0170357335180857,0.120223024747707,0.0173490866900301,0.118072026768763,0.000313353171944378,0.00265391541519027,1.01821767642862
