"tol","archive","draw","n_stitched","mean_gen","var_gen","mean_target","var_target","bias","E1","E2"
0.1,"with_ssp245",159,8,0.013917852751859,0.1593370098674,0.0173490866900301,0.118072026768763,0.00343123393817104,0.0290605152809895,1.34948991922915
0.1,"without_ssp245",159,5,0.00660662419603479,0.163403395343313,0.0173490866900301,0.118072026768763,0.0107424624939953,0.0909822824929886,1.38392979112088
