"tol","archive","draw","n_stitched","mean_gen","var_gen","mean_target","var_target","bias","E1","E2"
0.1,"with_ssp245",167,8,0.0171386395781663,0.123038149214497,0.0173490866900301,0.118072026768763,0.000210447111863812,0.00178236215319621,1.04206011010093
0.1,"without_ssp245",167,6,0.0165043410049447,0.129608495345304,0.0173490866900301,0.118072026768763,0.000844745685085409,0.00715449466061757,1.09770704283018
