"tol","archive","draw","n_stitched","mean_gen","var_gen","mean_target","var_target","bias","E1","E2"
0.1,"with_ssp245",82,7,0.00721347782679547,0.162850446107245,0.0173490866900301,0.118072026768763,0.0101356088632346,0.0858425923617336,1.37924663922453
0.1,"without_ssp245",82,5,0.0061693765352406,0.161331258741429,0.0173490866900301,0.118072026768763,0.0111797101547895,0.0946855107068187,1.36638002375776
