"tol","archive","draw","n_stitched","mean_gen","var_gen","mean_target","var_target","bias","E1","E2"
0.1,"with_ssp370",148,13,0.0275455751208978,0.147354213478868,0.0246654902508703,0.117394101373112,0.00288008487002753,0.0245334717531828,1.25520968903313
0.1,"without_ssp370",148,3,0.0184223530139211,0.183228467597914,0.0246654902508703,0.117394101373112,0.0062431372369492,0.0531810130485748,1.56079790598303
