"tol","archive","draw","n_stitched","mean_gen","var_gen","mean_target","var_target","bias","E1","E2"
0.1,"with_ssp245",80,8,0.0175292882335779,0.119100068078087,0.0173490866900301,0.118072026768763,0.000180201543547826,0.00152620013799492,1.00870689982596
0.1,"without_ssp245",80,5,0.0165849146507645,0.126409016633932,0.0173490866900301,0.118072026768763,0.000764172039265595,0.0064720836948296,1.07060935679114
