"tol","archive","draw","n_stitched","mean_gen","var_gen","mean_target","var_target","bias","E1","E2"
0.1,"with_ssp245",77,8,0.0175503885727831,0.12039221899128,0.0173490866900301,0.118072026768763,0.000201301882753017,0.00170490748962288,1.01965065126781
0.1,"without_ssp245",77,5,0.0167823166018688,0.12361090464933,0.0173490866900301,0.118072026768763,0.00056677008816125,0.00480020631195936,1.04691100874735
