"tol","archive","draw","n_stitched","mean_gen","var_gen","mean_target","var_target","bias","E1","E2"
0.1,"with_ssp245",76,8,0.0171899545354228,0.116518480636477,0.0173490866900301,0.118072026768763,0.000159132154607292,0.00134775491674199,0.98684238617053
0.1,"without_ssp245",76,5,0.016909486374366,0.122803710664244,0.0173490866900301,0.118072026768763,0.000439600315664094,0.00372315380445721,1.04007455470167
