"tol","archive","draw","n_stitched","mean_gen","var_gen","mean_target","var_target","bias","E1","E2"
0.1,"with_ssp245",18,8,0.0175057764902138,0.122428239669011,0.0173490866900301,0.118072026768763,0.000156689800183688,0.00132706962412491,1.0368945381854
0.1,"without_ssp245",18,5,0.0172878813269705,0.126435450080763,0.0173490866900301,0.118072026768763,6.12053630595945e-05,0.000518373104405682,1.07083323239957
