"tol","archive","draw","n_stitched","mean_gen","var_gen","time_period","mean_target","var_target","bias","E1","E2"
0.1,"with_ssp370",94,11,0.57887058239084,1.85159170227664,"hist+future",0.584255629839366,1.85512575391266,0.00538504744852675,0.00290279375248233,0.998094980014927
0.1,"without_ssp370",94,3,0.50716571495521,1.85911560421164,"hist+future",0.584255629839366,1.85512575391266,0.0770899148841565,0.0415550885009092,1.00215071689375
0.1,"with_ssp370",94,11,-0.587700463992496,0.283990021914231,"hist",-0.585315735188881,0.288438924046753,0.00238472880361429,0.00826770801304109,0.9845759300787
0.1,"without_ssp370",94,3,-0.665802450330527,0.305151564053518,"hist",-0.585315735188881,0.288438924046753,0.0804867151416457,0.279042488483973,1.05794169445749
0.1,"with_ssp370",94,11,2.81705921789375,1.49322066799149,"future",2.82820069064938,1.49129915973265,0.011141472755626,0.00747098439834394,1.00128847940824
0.1,"without_ssp370",94,3,2.75762789253831,1.48328715335121,"future",2.82820069064938,1.49129915973265,0.0705727981110664,0.0473230321699626,0.994627498896417
