"tol","archive","draw","n_stitched","mean_gen","var_gen","time_period","mean_target","var_target","bias","E1","E2"
0.1,"with_ssp245",128,8,0.393836451445937,1.47513233504694,"hist+future",0.420943195605871,1.47346351077296,0.0271067441599337,0.0183966171959792,1.00113258608834
0.1,"without_ssp245",128,4,0.436302078979079,1.45826430952344,"hist+future",0.420943195605871,1.47346351077296,0.0153588833732079,0.0104236604849148,0.989684711471713
0.1,"with_ssp245",128,8,-0.582495925880195,0.287241537024113,"hist",-0.551096103714508,0.281994538910597,0.0313998221656873,0.111349043449533,1.01860673661903
0.1,"without_ssp245",128,4,-0.526379641741139,0.26310321573932,"hist",-0.551096103714508,0.281994538910597,0.0247164619733689,0.0876487256414738,0.933008194966263
0.1,"with_ssp245",128,8,2.26703229166468,0.923635050854044,"future",2.28590231639497,0.943813935103928,0.01887002473029,0.0199933737238284,0.978619849210362
0.1,"without_ssp245",128,4,2.28330770594229,0.93849543902068,"future",2.28590231639497,0.943813935103928,0.00259461045268194,0.00274906987084932,0.994364889216579
