"tol","archive","draw","n_stitched","mean_gen","var_gen","time_period","mean_target","var_target","bias","E1","E2"
0.1,"with_ssp370",38,12,0.591608221937498,1.85318243619736,"hist+future",0.584255629839366,1.85512575391266,0.00735259209813177,0.00396339282262906,0.998952460386471
0.1,"without_ssp370",38,3,0.529671189237577,1.86922047761731,"hist+future",0.584255629839366,1.85512575391266,0.0545844406017891,0.0294235797690073,1.00759771873951
0.1,"with_ssp370",38,12,-0.575785944593337,0.287087470277699,"hist",-0.585315735188881,0.288438924046753,0.00952979059554393,0.033039197559894,0.995314592947118
0.1,"without_ssp370",38,3,-0.653767667768567,0.29528938066882,"hist",-0.585315735188881,0.288438924046753,0.0684519325796854,0.237318637926239,1.02375011155206
0.1,"with_ssp370",38,12,2.83137609958387,1.49427383163108,"future",2.82820069064938,1.49129915973265,0.0031754089344922,0.00212929036656968,1.00199468488869
0.1,"without_ssp370",38,3,2.80022248465634,1.47751893116357,"future",2.82820069064938,1.49129915973265,0.0279782059930347,0.0187609614143754,0.990759581349489
