"tol","archive","draw","n_stitched","mean_gen","var_gen","time_period","mean_target","var_target","bias","E1","E2"
0.1,"with_ssp370",175,11,0.584520219997915,1.85384601302417,"hist+future",0.584255629839366,1.85512575391266,0.00026459015854885,0.000142626535150407,0.999310159494151
0.1,"without_ssp370",175,4,0.562060008282871,1.86789567411676,"hist+future",0.584255629839366,1.85512575391266,0.0221956215564959,0.0119644835449472,1.00688358736714
0.1,"with_ssp370",175,11,-0.582575448838847,0.285633132135411,"hist",-0.585315735188881,0.288438924046753,0.00274028635003443,0.00950040414653001,0.990272492103434
0.1,"without_ssp370",175,4,-0.621473324689377,0.296297426980235,"hist",-0.585315735188881,0.288438924046753,0.036157589500496,0.12535613776813,1.02724494608158
0.1,"with_ssp370",175,11,2.82371539858008,1.4984809405891,"future",2.82820069064938,1.49129915973265,0.00448529206930148,0.00300764071382269,1.00481578817341
0.1,"without_ssp370",175,4,2.83279256572962,1.47219981031417,"future",2.82820069064938,1.49129915973265,0.00459187508024828,0.00307911061994528,0.987192811520188
