"tol","archive","draw","n_stitched","mean_gen","var_gen","time_period","mean_target","var_target","bias","E1","E2"
0.1,"with_ssp370",132,12,0.590266846666946,1.85374867574613,"hist+future",0.584255629839366,1.85512575391266,0.00601121682757999,0.0032403284871129,0.999257690124982
0.1,"without_ssp370",132,3,0.569495181229844,1.89517252683174,"hist+future",0.584255629839366,1.85512575391266,0.0147604486095227,0.00795657576225835,1.02158709340033
0.1,"with_ssp370",132,12,-0.578030128527994,0.286305581180072,"hist",-0.585315735188881,0.288438924046753,0.00728560666088696,0.0252587499588164,0.992603831560766
0.1,"without_ssp370",132,3,-0.627808104044169,0.309642359112425,"hist",-0.585315735188881,0.288438924046753,0.0424923688552876,0.147318427967787,1.07351100457661
0.1,"with_ssp370",132,12,2.83176685721538,1.49265723072236,"future",2.82820069064938,1.49129915973265,0.0035661665660025,0.00239131534590405,1.00091066301543
0.1,"without_ssp370",132,3,2.86664683320905,1.5055500905265,"future",2.82820069064938,1.49129915973265,0.0384461425596774,0.0257803018990299,1.009556050978
