"tol","archive","draw","n_stitched","mean_gen","var_gen","time_period","mean_target","var_target","bias","E1","E2"
0.1,"with_ssp370",88,12,0.583097592399039,1.85710445995414,"hist+future",0.584255629839366,1.85512575391266,0.00115803744032739,0.000624236625406638,1.00106661558512
0.1,"without_ssp370",88,3,0.502175812345612,1.86408853441435,"hist+future",0.584255629839366,1.85512575391266,0.0820798174937539,0.0442448806074945,1.00483136007507
0.1,"with_ssp370",88,12,-0.587000895371936,0.288835972305314,"hist",-0.585315735188881,0.288438924046753,0.00168516018305442,0.005842346654924,1.00137654187927
0.1,"without_ssp370",88,3,-0.673521851870794,0.306601620023578,"hist",-0.585315735188881,0.288438924046753,0.0882061166819131,0.30580517859516,1.06296894927358
0.1,"with_ssp370",88,12,2.82805399335498,1.49599061133379,"future",2.82820069064938,1.49129915973265,0.000146697294397313,9.8368790352978e-05,1.00314588228024
0.1,"without_ssp370",88,3,2.75787481927244,1.48881674281086,"future",2.82820069064938,1.49129915973265,0.0703258713769368,0.0471574539004933,0.998335399771678
