"tol","archive","draw","n_stitched","mean_gen","var_gen","time_period","mean_target","var_target","bias","E1","E2"
0.1,"with_ssp370",193,13,0.581491293327016,1.85509696942273,"hist+future",0.584255629839366,1.85512575391266,0.00276433651235031,0.00149010734529453,0.999984483806626
0.1,"without_ssp370",193,3,0.518664066318913,1.87240068007044,"hist+future",0.584255629839366,1.85512575391266,0.0655915635204533,0.0353569365214803,1.0093119973788
0.1,"with_ssp370",193,13,-0.58831833460976,0.291134958437538,"hist",-0.585315735188881,0.288438924046753,0.00300259942087822,0.0104098274211823,1.00934698532695
0.1,"without_ssp370",193,3,-0.669995062965245,0.313429319253906,"hist",-0.585315735188881,0.288438924046753,0.0846793277763639,0.293578018487679,1.0866401623489
0.1,"with_ssp370",193,13,2.82589348646153,1.48914006397853,"future",2.82820069064938,1.49129915973265,0.00230720418784891,0.00154711023123122,0.998552204807446
0.1,"without_ssp370",193,3,2.79923100041061,1.45843911749029,"future",2.82820069064938,1.49129915973265,0.0289696902387644,0.019425807390623,0.977965492686086
