"tol","archive","draw","n_stitched","mean_gen","var_gen","time_period","mean_target","var_target","bias","E1","E2"
0.1,"with_ssp370",63,13,0.585607642501021,1.85583579976747,"hist+future",0.584255629839366,1.85512575391266,0.00135201266165452,0.000728798389436932,1.00038274809851
0.1,"without_ssp370",63,3,0.534117612996674,1.84669327970636,"hist+future",0.584255629839366,1.85512575391266,0.050138016842692,0.0270267483144717,0.995454499950468
0.1,"with_ssp370",63,13,-0.585082680474697,0.28803920116962,"hist",-0.585315735188881,0.288438924046753,0.000233054714184777,0.000807986352587425,0.998614185382734
0.1,"without_ssp370",63,3,-0.63157016510082,0.292297377281556,"hist",-0.585315735188881,0.288438924046753,0.0462544299119385,0.160361262145192,1.01337701992737
0.1,"with_ssp370",63,13,2.8316995412335,1.48910500640109,"future",2.82820069064938,1.49129915973265,0.00349885058412536,0.0023461761922756,0.998528696729128
0.1,"without_ssp370",63,3,2.77061160585815,1.47509797365146,"future",2.82820069064938,1.49129915973265,0.0575890847912306,0.0386167218129157,0.989136193113598
