"tol","archive","draw","n_stitched","mean_gen","var_gen","time_period","mean_target","var_target","bias","E1","E2"
0.1,"with_ssp370",131,12,0.568268854206865,1.85329548629349,"hist+future",0.584255629839366,1.85512575391266,0.0159867756325014,0.00861762368334521,0.999013399703328
0.1,"without_ssp370",131,3,0.530622460921775,1.87127719411068,"hist+future",0.584255629839366,1.85512575391266,0.0536331689175915,0.028910799607236,1.00870638562586
0.1,"with_ssp370",131,12,-0.601192927122703,0.285522589471331,"hist",-0.585315735188881,0.288438924046753,0.0158771919338214,0.0550452473995774,0.989889247489534
0.1,"without_ssp370",131,3,-0.647438168991221,0.299645205177973,"hist",-0.585315735188881,0.288438924046753,0.0621224338023392,0.215374655163634,1.03885148708086
0.1,"with_ssp370",131,12,2.8120036672229,1.48617490290209,"future",2.82820069064938,1.49129915973265,0.0161970234264803,0.0108610155921928,0.996563897460069
0.1,"without_ssp370",131,3,2.79085506482462,1.50731143081318,"future",2.82820069064938,1.49129915973265,0.0373456258247615,0.0250423435036714,1.01073712874847
