"tol","archive","draw","n_stitched","mean_gen","var_gen","time_period","mean_target","var_target","bias","E1","E2"
0.1,"with_ssp245",142,7,0.411449026531059,1.47269004169093,"hist+future",0.420943195605871,1.47346351077296,0.0094941690748116,0.0064434368448195,0.999475067365848
0.1,"without_ssp245",142,5,0.407378119051723,1.45950895776873,"hist+future",0.420943195605871,1.47346351077296,0.0135650765541478,0.00920625210937983,0.990529420713708
0.1,"with_ssp245",142,7,-0.561294383251771,0.286592291341071,"hist",-0.551096103714508,0.281994538910597,0.0101982795372626,0.036164812186295,1.01630440237685
0.1,"without_ssp245",142,5,-0.554884687958953,0.276423240145868,"hist",-0.551096103714508,0.281994538910597,0.0037885842444455,0.0134349560778077,0.980243238800821
0.1,"with_ssp245",142,7,2.27775905692835,0.933680580626985,"future",2.28590231639497,0.943813935103928,0.0081432594666202,0.00862803478921246,0.989263398112652
0.1,"without_ssp245",142,5,2.25358001622337,0.939572944404874,"future",2.28590231639497,0.943813935103928,0.0323223001715998,0.034246474828792,0.995506539433975
