"tol","archive","draw","n_stitched","mean_gen","var_gen","time_period","mean_target","var_target","bias","E1","E2"
0.1,"with_ssp245",180,8,0.390707427229629,1.47922384963708,"hist+future",0.420943195605871,1.47346351077296,0.0302357683762416,0.0205202016576442,1.00390938684399
0.1,"without_ssp245",180,5,0.410176870002146,1.4619554992841,"hist+future",0.420943195605871,1.47346351077296,0.010766325603725,0.00730681521802813,0.992189822547537
0.1,"with_ssp245",180,8,-0.58818960181895,0.294349374814053,"hist",-0.551096103714508,0.281994538910597,0.0370934981044423,0.131539774662808,1.04381232328535
0.1,"without_ssp245",180,5,-0.554201638344061,0.282305099182624,"hist",-0.551096103714508,0.281994538910597,0.0031055346295531,0.0110127474154301,1.00110129888765
0.1,"with_ssp245",180,8,2.26882382017167,0.923232353885819,"future",2.28590231639497,0.943813935103928,0.0170784962232982,0.0180951939657657,0.978193179341178
0.1,"without_ssp245",180,5,2.26043796159661,0.935146629738434,"future",2.28590231639497,0.943813935103928,0.0254643547983568,0.0269802699994601,0.990816722403511
