"tol","archive","draw","n_stitched","mean_gen","var_gen","time_period","mean_target","var_target","bias","E1","E2"
0.1,"with_ssp370",51,11,0.579365418625108,1.85411142473954,"hist+future",0.584255629839366,1.85512575391266,0.00489021121425881,0.00263605375751203,0.999453228887052
0.1,"without_ssp370",51,4,0.516735472269848,1.83103130238906,"hist+future",0.584255629839366,1.85512575391266,0.0675201575695189,0.0363965393866758,0.987011957829392
0.1,"with_ssp370",51,11,-0.587775137834297,0.289383157255984,"hist",-0.585315735188881,0.288438924046753,0.002459402645416,0.00852659762736237,1.00327359843111
0.1,"without_ssp370",51,4,-0.639359366011765,0.295476947381103,"hist",-0.585315735188881,0.288438924046753,0.0540436308228841,0.187365942379275,1.02440039380125
0.1,"with_ssp370",51,11,2.81864671880885,1.49786276223004,"future",2.82820069064938,1.49129915973265,0.00955397184052709,0.00640647570822736,1.00440126479959
0.1,"without_ssp370",51,4,2.73482440618224,1.45948205436411,"future",2.82820069064938,1.49129915973265,0.0933762844671322,0.0626140528932318,0.978664840544639
