"tol","archive","draw","n_stitched","mean_gen","var_gen","time_period","mean_target","var_target","bias","E1","E2"
0.1,"with_ssp370",194,12,0.580055237650213,1.85800836874788,"hist+future",0.584255629839366,1.85512575391266,0.00420039218915336,0.00226420887117451,1.00155386492217
0.1,"without_ssp370",194,4,0.586526041867841,1.86749023784029,"hist+future",0.584255629839366,1.85512575391266,0.00227041202847411,0.00122385882665127,1.00666503815256
0.1,"with_ssp370",194,12,-0.591325054434892,0.289654155503238,"hist",-0.585315735188881,0.288438924046753,0.006009319246011,0.0208339400303579,1.00421313267792
0.1,"without_ssp370",194,4,-0.593185082726236,0.291832007247249,"hist",-0.585315735188881,0.288438924046753,0.00786934753735447,0.0272825436558588,1.01176361065591
0.1,"with_ssp370",194,12,2.82747091432512,1.49333989753181,"future",2.82820069064938,1.49129915973265,0.000729776324252196,0.000489356088943968,1.00136842952391
0.1,"without_ssp370",194,4,2.84992529254252,1.48953600079063,"future",2.82820069064938,1.49129915973265,0.0217246018931454,0.0145675679835024,0.998817702718794
