"tol","archive","draw","n_stitched","mean_gen","var_gen","time_period","mean_target","var_target","bias","E1","E2"
0.1,"with_ssp370",123,11,0.593135310841034,1.85566434151716,"hist+future",0.584255629839366,1.85512575391266,0.00887968100166714,0.0047865655376402,1.00029032404049
0.1,"without_ssp370",123,3,0.520251670801887,1.87327623489993,"hist+future",0.584255629839366,1.85512575391266,0.0640039590374792,0.0345011430640149,1.00978396259606
0.1,"with_ssp370",123,11,-0.57710246327654,0.283287551860448,"hist",-0.585315735188881,0.288438924046753,0.00821327191234122,0.0284749082998588,0.982140509630142
0.1,"without_ssp370",123,3,-0.668079721921144,0.308969355491532,"hist",-0.585315735188881,0.288438924046753,0.0827639867322625,0.286937648952148,1.0711777424376
0.1,"with_ssp370",123,11,2.8383589472294,1.49215902036698,"future",2.82820069064938,1.49129915973265,0.0101582565800253,0.006811682628351,1.00057658493852
0.1,"without_ssp370",123,3,2.80018980800305,1.46504464724176,"future",2.82820069064938,1.49129915973265,0.0280108826463255,0.0187828729490782,0.982394872068731
