"tol","archive","draw","n_stitched","mean_gen","var_gen","time_period","mean_target","var_target","bias","E1","E2"
0.1,"with_ssp370",151,12,0.579728081725958,1.85479684356851,"hist+future",0.584255629839366,1.85512575391266,0.00452754811340805,0.0024405612955666,0.999822701860798
0.1,"without_ssp370",151,3,0.521550606322902,1.86792631201925,"hist+future",0.584255629839366,1.85512575391266,0.0627050235164642,0.0338009557488017,1.00690010263702
0.1,"with_ssp370",151,12,-0.587589019153676,0.28938848224767,"hist",-0.585315735188881,0.288438924046753,0.00227328396479487,0.00788133561483676,1.0032920598496
0.1,"without_ssp370",151,3,-0.661752400637043,0.3034666878935,"hist",-0.585315735188881,0.288438924046753,0.0764366654481617,0.265001215424629,1.05210033249296
0.1,"with_ssp370",151,12,2.81934810085549,1.49959963788796,"future",2.82820069064938,1.49129915973265,0.00885258979388714,0.00593615958013024,1.00556593765989
0.1,"without_ssp370",151,3,2.79184125921117,1.47013819484955,"future",2.82820069064938,1.49129915973265,0.0363594314382074,0.0243810446756543,0.985810382346831
