"tol","archive","draw","n_stitched","mean_gen","var_gen","time_period","mean_target","var_target","bias","E1","E2"
0.1,"with_ssp370",143,12,0.586266710954426,1.85643863014336,"hist+future",0.584255629839366,1.85512575391266,0.00201108111505954,0.00108406727189138,1.00070770201315
0.1,"without_ssp370",143,3,0.529161684295942,1.86252536210047,"hist+future",0.584255629839366,1.85512575391266,0.0550939455434245,0.0296982268868972,1.00398873670543
0.1,"with_ssp370",143,12,-0.584304071095927,0.288721933743623,"hist",-0.585315735188881,0.288438924046753,0.00101166409295395,0.00350737715548393,1.00098117720348
0.1,"without_ssp370",143,3,-0.648638766685238,0.291841480380411,"hist",-0.585315735188881,0.288438924046753,0.063323031496357,0.219537053487597,1.01179645342564
0.1,"with_ssp370",143,12,2.8321292579115,1.49154178535822,"future",2.82820069064938,1.49129915973265,0.00392856726212276,0.00263432540445275,1.00016269413417
0.1,"without_ssp370",143,3,2.78889510769007,1.47942177637315,"future",2.82820069064938,1.49129915973265,0.0393055829593099,0.0263566050465396,0.992035546133059
