"tol","archive","draw","n_stitched","mean_gen","var_gen","time_period","mean_target","var_target","bias","E1","E2"
0.1,"with_ssp245",164,8,0.395540311850195,1.47681994258708,"hist+future",0.420943195605871,1.47346351077296,0.0254028837556761,0.0172402530296458,1.00227791987354
0.1,"without_ssp245",164,5,0.416657528262281,1.46845927535457,"hist+future",0.420943195605871,1.47346351077296,0.00428566734358959,0.00290856700030623,0.996603760200504
0.1,"with_ssp245",164,8,-0.581118191258591,0.289735835550202,"hist",-0.551096103714508,0.281994538910597,0.0300220875440832,0.106463365071057,1.02745193814572
0.1,"without_ssp245",164,5,-0.553742714983058,0.28378630407513,"hist",-0.551096103714508,0.281994538910597,0.00264661126854993,0.0093853280945593,1.00635390022606
0.1,"with_ssp245",164,8,2.2693618585124,0.928073556070026,"future",2.28590231639497,0.943813935103928,0.0165404578825692,0.0175251257343937,0.983322582504391
0.1,"without_ssp245",164,5,2.27847194844229,0.929089267690542,"future",2.28590231639497,0.943813935103928,0.00743036795267704,0.00787270422306156,0.984398760321584
