"tol","archive","draw","n_stitched","mean_gen","var_gen","time_period","mean_target","var_target","bias","E1","E2"
0.1,"with_ssp370",17,12,0.583637225636436,1.85665190397693,"hist+future",0.584255629839366,1.85512575391266,0.0006184042029308,0.000333348939621219,1.00082266663651
0.1,"without_ssp370",17,3,0.506654716327571,1.86373615997005,"hist+future",0.584255629839366,1.85512575391266,0.0776009135117951,0.0418305407857803,1.00464141368273
0.1,"with_ssp370",17,12,-0.587820146432044,0.285584178846971,"hist",-0.585315735188881,0.288438924046753,0.00250441124316292,0.00868263966605624,0.990102774064852
0.1,"without_ssp370",17,3,-0.670007901537222,0.306923565022061,"hist",-0.585315735188881,0.288438924046753,0.0846921663483403,0.293622529026674,1.06408511277178
0.1,"with_ssp370",17,12,2.83120078832596,1.48957380759239,"future",2.82820069064938,1.49129915973265,0.00300009767658427,0.00201173430361357,0.998843054306707
0.1,"without_ssp370",17,3,2.76420508781235,1.48310207366492,"future",2.82820069064938,1.49129915973265,0.0639956028370281,0.0429126526487823,0.994503392552571
