"tol","archive","draw","n_stitched","mean_gen","var_gen","time_period","mean_target","var_target","bias","E1","E2"
0.1,"with_ssp245",126,8,0.39365683063954,1.47909423421229,"hist+future",0.420943195605871,1.47346351077296,0.0272863649663311,0.0185185209995577,1.00382142034612
0.1,"without_ssp245",126,5,0.407943930853395,1.46727567351896,"hist+future",0.420943195605871,1.47346351077296,0.012999264752476,0.00882225087858251,0.9958004815126
0.1,"with_ssp245",126,8,-0.585063905466464,0.289017213374668,"hist",-0.551096103714508,0.281994538910597,0.0339678017519559,0.120455530391406,1.02490358320839
0.1,"without_ssp245",126,5,-0.562059738628302,0.280756960608201,"hist",-0.551096103714508,0.281994538910597,0.0109636349137943,0.0388788909038772,0.995611339470694
0.1,"with_ssp245",126,8,2.27143498712199,0.926900911255003,"future",2.28590231639497,0.943813935103928,0.0144673292729807,0.0153285819745685,0.982080129123054
0.1,"without_ssp245",126,5,2.26899748276595,0.927714304301595,"future",2.28590231639497,0.943813935103928,0.0169048336290163,0.0179111930861191,0.982941944165551
