"tol","archive","draw","n_stitched","mean_gen","var_gen","time_period","mean_target","var_target","bias","E1","E2"
0.1,"with_ssp245",108,8,0.392955285785451,1.47464872764489,"hist+future",0.420943195605871,1.47346351077296,0.0279879098204202,0.0189946405973352,1.00080437476956
0.1,"without_ssp245",108,5,0.402830156713733,1.46063601640872,"hist+future",0.420943195605871,1.47346351077296,0.0181130388921382,0.0122928316580004,0.991294325057621
0.1,"with_ssp245",108,8,-0.582860483038557,0.294457038630172,"hist",-0.551096103714508,0.281994538910597,0.0317643793240486,0.112641824365681,1.04419411726099
0.1,"without_ssp245",108,5,-0.563156768134633,0.281092797518306,"hist",-0.551096103714508,0.281994538910597,0.0120606644201253,0.0427691417951501,0.996802273562549
0.1,"with_ssp245",108,8,2.26515995852919,0.920071303720944,"future",2.28590231639497,0.943813935103928,0.0207423578657839,0.021977168480247,0.974843949109133
0.1,"without_ssp245",108,5,2.25617716369025,0.920387050565728,"future",2.28590231639497,0.943813935103928,0.0297251527047209,0.0314947169130828,0.975178492638361
