"tol","archive","draw","n_stitched","mean_gen","var_gen","time_period","mean_target","var_target","bias","E1","E2"
0.1,"with_ssp370",174,13,0.586392132825658,1.85356635705172,"hist+future",0.584255629839366,1.85512575391266,0.0021365029862912,0.00115167555718801,0.999159411776989
0.1,"without_ssp370",174,4,0.542020733931145,1.86195483245817,"hist+future",0.584255629839366,1.85512575391266,0.0422348959082217,0.0227665945659715,1.0036811944048
0.1,"with_ssp370",174,13,-0.581804603640095,0.287009741565804,"hist",-0.585315735188881,0.288438924046753,0.00351113154878646,0.0121728770150916,0.995045112286172
0.1,"without_ssp370",174,4,-0.631720264907836,0.302966739722231,"hist",-0.585315735188881,0.288438924046753,0.0464045297189549,0.160881648939424,1.05036704294849
0.1,"with_ssp370",174,13,2.82769982488204,1.49220425095822,"future",2.82820069064938,1.49129915973265,0.000500865767333103,0.000335858680040358,1.00060691459501
0.1,"without_ssp370",174,4,2.79396567356407,1.49148669956546,"future",2.82820069064938,1.49129915973265,0.0342350170853032,0.0229565053140918,1.00012575601052
