"tol","archive","draw","n_stitched","mean_gen","var_gen","time_period","mean_target","var_target","bias","E1","E2"
0.1,"with_ssp245",15,8,0.392578298591878,1.47419251757752,"hist+future",0.420943195605871,1.47346351077296,0.0283648970139924,0.0192504916522245,1.00049475728393
0.1,"without_ssp245",15,5,0.415257890166991,1.47527347364736,"hist+future",0.420943195605871,1.47346351077296,0.00568530543887946,0.0038584636791562,1.00122837305516
0.1,"with_ssp245",15,8,-0.583951036543315,0.287942914330765,"hist",-0.551096103714508,0.281994538910597,0.0328549328288076,0.116509110267642,1.02109393835479
0.1,"without_ssp245",15,5,-0.559343041903839,0.28302402003205,"hist",-0.551096103714508,0.281994538910597,0.00824693818933131,0.0292450280107938,1.00365071297278
0.1,"with_ssp245",15,8,2.26615202297917,0.917645148202182,"future",2.28590231639497,0.943813935103928,0.0197502934158003,0.0209260455702272,0.972273362441016
0.1,"without_ssp245",15,5,2.28513177146568,0.936383245926417,"future",2.28590231639497,0.943813935103928,0.000770544929291184,0.000816416139486577,0.992126955429311
