"tol","archive","draw","n_stitched","mean_gen","var_gen","time_period","mean_target","var_target","bias","E1","E2"
0.1,"with_ssp370",133,12,0.591960682352583,1.85425769985659,"hist+future",0.584255629839366,1.85512575391266,0.00770505251321663,0.00415338555726793,0.999532078052262
0.1,"without_ssp370",133,4,0.5825598087249,1.86358076267658,"hist+future",0.584255629839366,1.85512575391266,0.00169582111446631,0.000914127309639058,1.00455764723555
0.1,"with_ssp370",133,12,-0.576867629863443,0.286519931110738,"hist",-0.585315735188881,0.288438924046753,0.00844810532543794,0.0292890612921181,0.993346969579933
0.1,"without_ssp370",133,4,-0.596875259613524,0.297590018631414,"hist",-0.585315735188881,0.288438924046753,0.0115595244246428,0.0400761598416209,1.03172628179398
0.1,"with_ssp370",133,12,2.83448011858101,1.4920930948774,"future",2.82820069064938,1.49129915973265,0.00627942793162939,0.00421070976312702,1.00053237818822
0.1,"without_ssp370",133,4,2.8454294165835,1.47417787167043,"future",2.82820069064938,1.49129915973265,0.0172287259341282,0.0115528301760841,0.988519212962416
