"tol","archive","draw","n_stitched","mean_gen","var_gen","time_period","mean_target","var_target","bias","E1","E2"
0.1,"with_ssp245",146,7,0.411607108814989,1.47694653833335,"hist+future",0.420943195605871,1.47346351077296,0.0093360867908821,0.00633615065634336,1.00236383699692
0.1,"without_ssp245",146,6,0.399902129325353,1.45893814332862,"hist+future",0.420943195605871,1.47346351077296,0.0210410662805174,0.0142800049859935,0.990142024326937
0.1,"with_ssp245",146,7,-0.565409441979039,0.289749779314188,"hist",-0.551096103714508,0.281994538910597,0.0143133382645313,0.0507575016162605,1.02750138507487
0.1,"without_ssp245",146,6,-0.564771912342982,0.285125557195394,"hist",-0.551096103714508,0.281994538910597,0.0136758086284742,0.0484967144445656,1.01110311673727
0.1,"with_ssp245",146,7,2.28611560743144,0.926400039976148,"future",2.28590231639497,0.943813935103928,0.000213291036468277,0.000225988437482427,0.981549440541093
0.1,"without_ssp245",146,6,2.25073023252623,0.91811280224459,"future",2.28590231639497,0.943813935103928,0.0351720838687397,0.0372659086294024,0.972768856335536
