"tol","archive","draw","n_stitched","mean_gen","var_gen","time_period","mean_target","var_target","bias","E1","E2"
0.1,"with_ssp370",142,11,0.589483987492069,1.84856279960784,"hist+future",0.584255629839366,1.85512575391266,0.00522835765270302,0.00281833058577072,0.996462259072746
0.1,"without_ssp370",142,3,0.513716577620148,1.86654691698556,"hist+future",0.584255629839366,1.85512575391266,0.0705390522192189,0.0380238655360394,1.00615654386168
0.1,"with_ssp370",142,11,-0.576659538805279,0.284790492323225,"hist",-0.585315735188881,0.288438924046753,0.00865619638360204,0.0300105001854707,0.987351111728121
0.1,"without_ssp370",142,3,-0.663510611332582,0.314429935231632,"hist",-0.585315735188881,0.288438924046753,0.0781948761437005,0.271096823711026,1.09010923636876
0.1,"with_ssp370",142,11,2.82685238096954,1.48380982226958,"future",2.82820069064938,1.49129915973265,0.00134830967983568,0.00090411750790324,0.994977977816061
0.1,"without_ssp370",142,3,2.77235013782015,1.48789635868418,"future",2.82820069064938,1.49129915973265,0.055850552829225,0.0374509383075342,0.997718230425959
