"tol","archive","draw","n_stitched","mean_gen","var_gen","time_period","mean_target","var_target","bias","E1","E2"
0.1,"with_ssp370",99,12,0.591335605442342,1.85322644430976,"hist+future",0.584255629839366,1.85512575391266,0.00707997560297569,0.00381643971468955,0.998976182828092
0.1,"without_ssp370",99,3,0.514633958648994,1.86639146521856,"hist+future",0.584255629839366,1.85512575391266,0.069621671190372,0.0375293540308695,1.00607274805071
0.1,"with_ssp370",99,12,-0.57693191541681,0.284369218338033,"hist",-0.585315735188881,0.288438924046753,0.00838381977207103,0.029066187234536,0.985890580745406
0.1,"without_ssp370",99,3,-0.6736920681952,0.306178874288481,"hist",-0.585315735188881,0.288438924046753,0.0883763330063183,0.306395308117269,1.0615033158245
0.1,"with_ssp370",99,12,2.83277910476513,1.4916027425924,"future",2.82820069064938,1.49129915973265,0.0045784141157581,0.00307008428582424,1.00020356938966
0.1,"without_ssp370",99,3,2.79456180085006,1.44027436497807,"future",2.82820069064938,1.49129915973265,0.0336388897993123,0.0225567684255538,0.965785004020439
