"tol","archive","draw","n_stitched","mean_gen","var_gen","time_period","mean_target","var_target","bias","E1","E2"
0.1,"with_ssp245",141,8,0.391482494093875,1.47551440303763,"hist+future",0.420943195605871,1.47346351077296,0.0294607015119954,0.0199941846517398,1.00139188534339
0.1,"without_ssp245",141,5,0.40685289284888,1.47052716277459,"hist+future",0.420943195605871,1.47346351077296,0.0140903027569911,0.00956270898734334,0.9980071796981
0.1,"with_ssp245",141,8,-0.585056817244951,0.291747615637521,"hist",-0.551096103714508,0.281994538910597,0.0339607135304429,0.120430394367352,1.03458604824264
0.1,"without_ssp245",141,5,-0.5653653062373,0.278592119672946,"hist",-0.551096103714508,0.281994538910597,0.0142692025227922,0.0506009888628235,0.987934449898231
0.1,"with_ssp245",141,8,2.26507535887186,0.921477002929056,"future",2.28590231639497,0.943813935103928,0.0208269575231133,0.0220668044287987,0.976333330814392
0.1,"without_ssp245",141,5,2.27215525156074,0.93099986444805,"future",2.28590231639497,0.943813935103928,0.0137470648342326,0.0145654395669829,0.986423096566733
