"tol","archive","draw","n_stitched","mean_gen","var_gen","time_period","mean_target","var_target","bias","E1","E2"
0.1,"with_ssp245",6,8,0.393826935932901,1.47404955569742,"hist+future",-0.150867585118092,1.11043647421389,0.544694521050993,0.490522901309235,1.32745059256177
0.1,"without_ssp245",6,5,0.423299851520914,1.45329165129838,"hist+future",-0.150867585118092,1.11043647421389,0.574167436639005,0.517064640771528,1.30875712843206
0.1,"with_ssp245",6,8,-0.582537189486336,0.288496690329021,"hist",-0.57422558820925,0.285641288092528,0.00831160127708597,0.0290980387765007,1.00999646184052
0.1,"without_ssp245",6,5,-0.536676161124154,0.272662148538624,"hist",-0.57422558820925,0.285641288092528,0.037549427085096,0.131456580860021,0.954561402377868
0.1,"with_ssp245",6,8,2.26708368819074,0.917626117698434,"future",2.28590231639497,0.943813935103928,0.0188186282042295,0.0199389175178446,0.972253199034818
0.1,"without_ssp245",6,5,2.26511429438645,0.926552653040373,"future",2.28590231639497,0.943813935103928,0.020788022008519,0.0220255510491376,0.981711138793841
