"tol","archive","draw","n_stitched","mean_gen","var_gen","time_period","mean_target","var_target","bias","E1","E2"
0.1,"with_ssp370",11,13,0.584923425570826,1.85241330419267,"hist+future",0.584255629839366,1.85512575391266,0.000667795731459142,0.000359973295638146,0.998537862075243
0.1,"without_ssp370",11,3,0.514575751921628,1.87310254092746,"hist+future",0.584255629839366,1.85512575391266,0.0696798779177388,0.0375607301935065,1.00969033337868
0.1,"with_ssp370",11,13,-0.58272273797185,0.280130162977823,"hist",-0.585315735188881,0.288438924046753,0.00259299721703155,0.00898976178614245,0.971194036670367
0.1,"without_ssp370",11,3,-0.67049891002586,0.310989341090569,"hist",-0.585315735188881,0.288438924046753,0.085183174836979,0.295324825241588,1.07818090820558
0.1,"with_ssp370",11,13,2.82517478585619,1.49294719114647,"future",2.82820069064938,1.49129915973265,0.00302590479318576,0.00202903942742664,1.00110509779548
0.1,"without_ssp370",11,3,2.78826551030925,1.47834222836845,"future",2.82820069064938,1.49129915973265,0.0399351803401267,0.0267787855169757,0.991311648451191
