"tol","archive","draw","n_stitched","mean_gen","var_gen","time_period","mean_target","var_target","bias","E1","E2"
0.1,"with_ssp245",109,8,0.391476407828772,1.47154617455284,"hist+future",0.420943195605871,1.47346351077296,0.0294667877770986,0.0199983152359441,0.99869875554698
0.1,"without_ssp245",109,6,0.407303470571206,1.46889319932969,"hist+future",0.420943195605871,1.47346351077296,0.0136397250346644,0.00925691402260052,0.996898252715553
0.1,"with_ssp245",109,8,-0.58140292831499,0.291742999270305,"hist",-0.551096103714508,0.281994538910597,0.0303068246004817,0.107473090498714,1.03456967782911
0.1,"without_ssp245",109,6,-0.563395128089176,0.279738863396802,"hist",-0.551096103714508,0.281994538910597,0.0122990243746682,0.0436144062299287,0.992000995755061
0.1,"with_ssp245",109,8,2.25804722717436,0.924646471319746,"future",2.28590231639497,0.943813935103928,0.0278550892206075,0.0295133269223666,0.97969148041656
0.1,"without_ssp245",109,6,2.26969031683822,0.931951384832966,"future",2.28590231639497,0.943813935103928,0.0162119995567496,0.0171771139986023,0.987431261788208
