"tol","archive","draw","n_stitched","mean_gen","var_gen","time_period","mean_target","var_target","bias","E1","E2"
0.1,"with_ssp245",2,8,0.394086953636736,1.47305337742958,"hist+future",-0.150867585118092,1.11043647421389,0.544954538754828,0.490757059417216,1.3265534874225
0.1,"without_ssp245",2,5,0.431104623168966,1.45421763255666,"hist+future",-0.150867585118092,1.11043647421389,0.581972208287057,0.524093202809332,1.30959101787984
0.1,"with_ssp245",2,8,-0.581733204387017,0.286455555620444,"hist",-0.57422558820925,0.285641288092528,0.00750761617776696,0.0262833718049018,1.0028506646688
0.1,"without_ssp245",2,5,-0.53136191445033,0.267433356096318,"hist",-0.57422558820925,0.285641288092528,0.0428636737589198,0.150061197543105,0.936255951939582
0.1,"with_ssp245",2,8,2.26630004751952,0.917425285354581,"future",2.28590231639497,0.943813935103928,0.0196022688754507,0.0207692090001746,0.972040410966765
0.1,"without_ssp245",2,5,2.27769739883389,0.919195784759592,"future",2.28590231639497,0.943813935103928,0.00820491756107566,0.00869336344368785,0.973916309742105
