"tol","archive","draw","n_stitched","mean_gen","var_gen","time_period","mean_target","var_target","bias","E1","E2"
0.1,"with_ssp245",175,8,0.411784771243365,1.46759691774055,"hist+future",0.420943195605871,1.47346351077296,0.0091584243625053,0.00621557595118246,0.99601850131373
0.1,"without_ssp245",175,5,0.41226025658767,1.45934590750331,"hist+future",0.420943195605871,1.47346351077296,0.008682939018201,0.00589287685423986,0.990418762889997
0.1,"with_ssp245",175,8,-0.559475959380622,0.276546448185343,"hist",-0.551096103714508,0.281994538910597,0.00837985566611421,0.0297163757088606,0.980680155203355
0.1,"without_ssp245",175,5,-0.551106365654936,0.279612143137827,"hist",-0.551096103714508,0.281994538910597,1.02619404281912e-05,3.63905643982864e-05,0.991551624432251
0.1,"with_ssp245",175,8,2.27525012651032,0.924818074882167,"future",2.28590231639497,0.943813935103928,0.0106521898846506,0.0112863240183857,0.979873299688387
0.1,"without_ssp245",175,5,2.26057993879732,0.930629031345986,"future",2.28590231639497,0.943813935103928,0.0253223775976483,0.0268298407724399,0.986030187447391
