"tol","archive","draw","n_stitched","mean_gen","var_gen","time_period","mean_target","var_target","bias","E1","E2"
0.1,"with_ssp245",172,8,0.390750092772305,1.47552011223602,"hist+future",0.420943195605871,1.47346351077296,0.0301931028335655,0.0204912457029401,1.00139576002257
0.1,"without_ssp245",172,5,0.427946401296916,1.45158027772781,"hist+future",0.420943195605871,1.47346351077296,0.00700320569104496,0.00475288708532127,0.98514843911291
0.1,"with_ssp245",172,8,-0.585313801435468,0.287499216767308,"hist",-0.551096103714508,0.281994538910597,0.0342176977209597,0.121341703471102,1.01952051226941
0.1,"without_ssp245",172,5,-0.532434458428028,0.269888430264994,"hist",-0.551096103714508,0.281994538910597,0.0186616452864802,0.066177328676555,0.957069705348295
0.1,"with_ssp245",172,8,2.2634308200314,0.926876228373204,"future",2.28590231639497,0.943813935103928,0.0224714963635648,0.0238092440975566,0.982053976847822
0.1,"without_ssp245",172,5,2.27053758565291,0.917875352313437,"future",2.28590231639497,0.943813935103928,0.015364730742057,0.0162794065340486,0.972517270803344
