"tol","archive","draw","n_stitched","mean_gen","var_gen","time_period","mean_target","var_target","bias","E1","E2"
0.1,"with_ssp370",166,11,0.58836481828595,1.85290135464486,"hist+future",0.584255629839366,1.85512575391266,0.00410918844658381,0.0022150457659903,0.998800944214636
0.1,"without_ssp370",166,4,0.545793099457333,1.84461130289522,"hist+future",0.584255629839366,1.85512575391266,0.0384625303820335,0.0207331121897865,0.994332216565229
0.1,"with_ssp370",166,11,-0.58171248805693,0.287913229856338,"hist",-0.585315735188881,0.288438924046753,0.00360324713195159,0.0124922360734072,0.998177450591484
0.1,"without_ssp370",166,4,-0.623278877761045,0.301780279035284,"hist",-0.585315735188881,0.288438924046753,0.0379631425721637,0.131615879159258,1.04625365675809
0.1,"with_ssp370",166,11,2.83328058045543,1.48109583643674,"future",2.82820069064938,1.49129915973265,0.00507988980605267,0.00340635195352981,0.993158097602804
0.1,"without_ssp370",166,4,2.78878003249259,1.44891695656766,"future",2.82820069064938,1.49129915973265,0.0394206581567835,0.0264337694415724,0.971580347988265
