"tol","archive","draw","n_stitched","mean_gen","var_gen","time_period","mean_target","var_target","bias","E1","E2"
0.1,"with_ssp245",89,8,0.400435335718655,1.47174898481443,"hist+future",0.420943195605871,1.47346351077296,0.0205078598872156,0.0139181321676961,0.998836397409237
0.1,"without_ssp245",89,6,0.421050878286576,1.46771748355215,"hist+future",0.420943195605871,1.47346351077296,0.000107682680705656,7.30813351795643e-05,0.996100326082862
0.1,"with_ssp245",89,8,-0.571472091039596,0.288249879684072,"hist",-0.551096103714508,0.281994538910597,0.0203759873250885,0.0722566734937673,1.02218248905685
0.1,"without_ssp245",89,6,-0.549356222494043,0.280845994088861,"hist",-0.551096103714508,0.281994538910597,0.00173988122046509,0.00616991104574793,0.995927067147566
0.1,"with_ssp245",89,8,2.2651414451967,0.933383286038976,"future",2.28590231639497,0.943813935103928,0.0207608711982732,0.0219967839275303,0.988948405319102
0.1,"without_ssp245",89,6,2.28287845536567,0.927591725867854,"future",2.28590231639497,0.943813935103928,0.00302386102929741,0.00320387410783932,0.982812068530979
