"tol","archive","draw","n_stitched","mean_gen","var_gen","time_period","mean_target","var_target","bias","E1","E2"
0.1,"with_ssp370",70,12,0.594934157826275,1.84893155733153,"hist+future",0.584255629839366,1.85512575391266,0.0106785279869085,0.00575622863538297,0.996661036822937
0.1,"without_ssp370",70,4,0.52143806127372,1.84860365832901,"hist+future",0.584255629839366,1.85512575391266,0.0628175685656467,0.0338616228216107,0.996484283844427
0.1,"with_ssp370",70,12,-0.569353787654327,0.28142636999723,"hist",-0.585315735188881,0.288438924046753,0.0159619475345542,0.0553390898517112,0.975687906641942
0.1,"without_ssp370",70,4,-0.643187649520695,0.29794692403326,"hist",-0.585315735188881,0.288438924046753,0.0578719143318139,0.200638365723599,1.03296365085929
0.1,"with_ssp370",70,12,2.82874242531813,1.49454607710986,"future",2.82820069064938,1.49129915973265,0.000541734668751293,0.000363263578079405,1.0021772408011
0.1,"without_ssp370",70,4,2.75589436686766,1.48498021143255,"future",2.82820069064938,1.49129915973265,0.0723063237817212,0.0484854586752961,0.995762789606054
