"tol","archive","draw","n_stitched","mean_gen","var_gen","time_period","mean_target","var_target","bias","E1","E2"
0.1,"with_ssp370",171,13,0.583481482027644,1.85329707083764,"hist+future",0.584255629839366,1.85512575391266,0.000774147811722026,0.000417302067037377,0.999014253847121
0.1,"without_ssp370",171,3,0.502933413336075,1.86104290058991,"hist+future",0.584255629839366,1.85512575391266,0.0813222165032914,0.0438364980550639,1.00318962025338
0.1,"with_ssp370",171,13,-0.584660054275495,0.287681420544271,"hist",-0.585315735188881,0.288438924046753,0.000655680913385859,0.00227320537806326,0.9973737819714
0.1,"without_ssp370",171,3,-0.672575519742924,0.312002282748408,"hist",-0.585315735188881,0.288438924046753,0.0872597845540427,0.302524303342287,1.08169271459991
0.1,"with_ssp370",171,13,2.8246832667953,1.49122108952568,"future",2.82820069064938,1.49129915973265,0.00351742385408027,0.00235863061487331,0.999947649533321
0.1,"without_ssp370",171,3,2.75827031982485,1.47629625624872,"future",2.82820069064938,1.49129915973265,0.0699303708245242,0.0468922485258162,0.989939709020814
