"tol","archive","draw","n_stitched","mean_gen","var_gen","time_period","mean_target","var_target","bias","E1","E2"
0.1,"with_ssp245",63,8,0.390360350128806,1.47875223909126,"hist+future",0.420943195605871,1.47346351077296,0.0305828454770652,0.020755753538153,1.00358931746842
0.1,"without_ssp245",63,6,0.409261539954375,1.46060780409955,"hist+future",0.420943195605871,1.47346351077296,0.0116816556514954,0.00792802506888502,0.991275178123232
0.1,"with_ssp245",63,8,-0.588391990631165,0.290817553605051,"hist",-0.551096103714508,0.281994538910597,0.0372958869166568,0.132257479385021,1.03128789205826
0.1,"without_ssp245",63,6,-0.556820911068484,0.274579824042974,"hist",-0.551096103714508,0.281994538910597,0.0057248073539764,0.0203011284406163,0.973706175671813
0.1,"with_ssp245",63,8,2.26819914344735,0.92403406277571,"future",2.28590231639497,0.943813935103928,0.0177031729476163,0.0187570582390976,0.979042614658958
0.1,"without_ssp245",63,6,2.26279182389358,0.923717971584616,"future",2.28590231639497,0.943813935103928,0.0231104925013859,0.0244862802315385,0.978707706284185
