"tol","archive","draw","n_stitched","mean_gen","var_gen","time_period","mean_target","var_target","bias","E1","E2"
0.1,"with_ssp370",42,12,0.58624094171304,1.85699151777079,"hist+future",0.584255629839366,1.85512575391266,0.00198531187367401,0.00107017643924503,1.00100573443832
0.1,"without_ssp370",42,3,0.529197070905147,1.86254690941288,"hist+future",0.584255629839366,1.85512575391266,0.0550585589342197,0.0296791518408362,1.00400035171986
0.1,"with_ssp370",42,12,-0.585020030769745,0.285634475352672,"hist",-0.585315735188881,0.288438924046753,0.000295704419136178,0.00102518902437816,0.990277148955019
0.1,"without_ssp370",42,3,-0.65050645319368,0.296938250236987,"hist",-0.585315735188881,0.288438924046753,0.0651907180047981,0.226012207680512,1.02946664087839
0.1,"with_ssp370",42,12,2.83342769124397,1.49165586920184,"future",2.82820069064938,1.49129915973265,0.0052270005945898,0.00350499801497029,1.00023919377065
0.1,"without_ssp370",42,3,2.79258173923429,1.46899109770321,"future",2.82820069064938,1.49129915973265,0.0356189514150866,0.0238845111543362,0.985041189164595
