"tol","archive","draw","n_stitched","mean_gen","var_gen","time_period","mean_target","var_target","bias","E1","E2"
0.1,"with_ssp370",82,12,0.57458652202113,1.85561655368809,"hist+future",0.584255629839366,1.85512575391266,0.00966910781823593,0.0052121037066316,1.00026456415388
0.1,"without_ssp370",82,4,0.545853861726932,1.86936022307803,"hist+future",0.584255629839366,1.85512575391266,0.0384017681124348,0.0207003584697378,1.00767304811296
0.1,"with_ssp370",82,12,-0.595936778559766,0.285605987694856,"hist",-0.585315735188881,0.288438924046753,0.0106210433708842,0.0368225037795615,0.990178383998416
0.1,"without_ssp370",82,4,-0.635188617626765,0.305948992379003,"hist",-0.585315735188881,0.288438924046753,0.0498728824378838,0.172906214383881,1.06070632939059
0.1,"with_ssp370",82,12,2.82035797081006,1.48991374196453,"future",2.82820069064938,1.49129915973265,0.00784271983931761,0.00525898495156639,0.999070999430878
0.1,"without_ssp370",82,4,2.81180745583577,1.48502084674239,"future",2.82820069064938,1.49129915973265,0.0163932348136084,0.0109925863678132,0.9957900378678
