"tol","archive","draw","n_stitched","mean_gen","var_gen","time_period","mean_target","var_target","bias","E1","E2"
0.1,"with_ssp370",161,12,0.593918981810721,1.85244139667245,"hist+future",0.584255629839366,1.85512575391266,0.00966335197135504,0.00520900103455196,0.998553005242609
0.1,"without_ssp370",161,3,0.499257618698591,1.85680044533322,"hist+future",0.584255629839366,1.85512575391266,0.0849980111407757,0.0458179241819621,1.00090273741121
0.1,"with_ssp370",161,12,-0.573852473973506,0.283967420425597,"hist",-0.585315735188881,0.288438924046753,0.011463261215375,0.0397424212188398,0.984497572108434
0.1,"without_ssp370",161,3,-0.671378007862856,0.303117533354047,"hist",-0.585315735188881,0.288438924046753,0.0860622726739749,0.298372603345397,1.0508898351906
0.1,"with_ssp370",161,12,2.83441072837348,1.49107893452482,"future",2.82820069064938,1.49129915973265,0.00621003772410766,0.00416417972448999,0.999852326606373
0.1,"without_ssp370",161,3,2.74524457663625,1.48595963135427,"future",2.82820069064938,1.49129915973265,0.0829561140131259,0.0556267422748348,0.996419545774211
