"tol","archive","draw","n_stitched","mean_gen","var_gen","time_period","mean_target","var_target","bias","E1","E2"
0.1,"with_ssp370",100,11,0.592644892313588,1.85709193671109,"hist+future",0.584255629839366,1.85512575391266,0.008389262474222,0.00452220689434564,1.00105986496834
0.1,"without_ssp370",100,3,0.537292891713772,1.87800594804996,"hist+future",0.584255629839366,1.85512575391266,0.0469627381255942,0.0253151238003918,1.01233350035115
0.1,"with_ssp370",100,11,-0.577867909500825,0.283765539486124,"hist",-0.585315735188881,0.288438924046753,0.00744782568805635,0.0258211533435381,0.983797663314431
0.1,"without_ssp370",100,3,-0.651657312003207,0.294870027432674,"hist",-0.585315735188881,0.288438924046753,0.0663415768143261,0.230002164352731,1.02229623968809
0.1,"with_ssp370",100,11,2.83839619812031,1.49595782814211,"future",2.82820069064938,1.49129915973265,0.0101955074709354,0.0068366614467638,1.00312389930555
0.1,"without_ssp370",100,3,2.81841828256612,1.48538441710629,"future",2.82820069064938,1.49129915973265,0.00978240808325959,0.00655965506277983,0.996033832254407
