"tol","archive","draw","n_stitched","mean_gen","var_gen","time_period","mean_target","var_target","bias","E1","E2"
0.1,"with_ssp245",121,8,0.394022360968982,1.47544918988905,"hist+future",0.420943195605871,1.47346351077296,0.0269208346368892,0.0182704454097861,1.00134762693583
0.1,"without_ssp245",121,5,0.411184244396051,1.46646528803855,"hist+future",0.420943195605871,1.47346351077296,0.00975895120982012,0.00662313734847813,0.995250494713141
0.1,"with_ssp245",121,8,-0.581948193842766,0.292241350787048,"hist",-0.551096103714508,0.281994538910597,0.0308520901282581,0.109406693645366,1.03633691601276
0.1,"without_ssp245",121,5,-0.556227474351326,0.283451177331448,"hist",-0.551096103714508,0.281994538910597,0.0051313706368179,0.0181967021653733,1.00516548450363
0.1,"with_ssp245",121,8,2.26652400682873,0.924246480560658,"future",2.28590231639497,0.943813935103928,0.019378309566239,0.0205319171983884,0.979267677859498
0.1,"without_ssp245",121,5,2.26726486757416,0.937533905446536,"future",2.28590231639497,0.943813935103928,0.0186374488208125,0.0197469523680642,0.993346114712006
