"tol","archive","draw","n_stitched","mean_gen","var_gen","time_period","mean_target","var_target","bias","E1","E2"
0.1,"with_ssp370",5,11,0.596120543450587,1.85641563844817,"hist+future",NA,NA,NA,NA,NA
0.1,"without_ssp370",5,3,0.559035820442636,1.87462547116311,"hist+future",NA,NA,NA,NA,NA
0.1,"with_ssp370",5,11,-0.573583196740268,0.28818871664216,"hist",-0.57422558820925,0.285641288092528,0.000642391468981818,0.00224894472809452,1.00891827846963
0.1,"without_ssp370",5,3,-0.621205217321742,0.300993744787253,"hist",-0.57422558820925,0.285641288092528,0.0469796291124921,0.164470722794367,1.05374733042708
0.1,"with_ssp370",5,11,2.84031957986327,1.49543039139782,"future",NA,NA,NA,NA,NA
0.1,"without_ssp370",5,3,2.82345176499057,1.50937893050582,"future",NA,NA,NA,NA,NA
