"tol","archive","draw","n_stitched","mean_gen","var_gen","time_period","mean_target","var_target","bias","E1","E2"
0.1,"with_ssp370",113,13,0.583332168110386,1.85574929217881,"hist+future",0.584255629839366,1.85512575391266,0.000923461728980723,0.000497789288425888,1.00033611644107
0.1,"without_ssp370",113,3,0.5685429565072,1.89195615726095,"hist+future",0.584255629839366,1.85512575391266,0.015712673332166,0.00846986965655898,1.01985331898423
0.1,"with_ssp370",113,13,-0.587921577314147,0.292691923304291,"hist",-0.585315735188881,0.288438924046753,0.00260584212526582,0.0090342942925534,1.01474488670901
0.1,"without_ssp370",113,3,-0.62491570960933,0.305724538376052,"hist",-0.585315735188881,0.288438924046753,0.0395999744204486,0.137290674451517,1.05992816117459
0.1,"with_ssp370",113,13,2.83050505177373,1.48455866676789,"future",2.82820069064938,1.49129915973265,0.00230436112435672,0.00154520379718435,0.995480120188652
0.1,"without_ssp370",113,3,2.85831830428892,1.51239650490481,"future",2.82820069064938,1.49129915973265,0.0301176136395394,0.0201955546229495,1.01414695705719
