"tol","archive","draw","n_stitched","mean_gen","var_gen","time_period","mean_target","var_target","bias","E1","E2"
0.1,"with_ssp245",78,8,0.394369261947356,1.47598938623708,"hist+future",0.420943195605871,1.47346351077296,0.0265739336585148,0.0180350130588401,1.00171424364815
0.1,"without_ssp245",78,5,0.417883900361993,1.47739134522164,"hist+future",0.420943195605871,1.47346351077296,0.00305929524387755,0.00207626128608551,1.00266571545204
0.1,"with_ssp245",78,8,-0.583271642242962,0.286802403923601,"hist",-0.551096103714508,0.281994538910597,0.0321755385284543,0.114099863964583,1.01704949688592
0.1,"without_ssp245",78,5,-0.562209745342908,0.279612759155246,"hist",-0.551096103714508,0.281994538910597,0.0111136416284,0.039410839909646,0.99155380893349
0.1,"with_ssp245",78,8,2.2700756478939,0.920128523489636,"future",2.28590231639497,0.943813935103928,0.0158266685010724,0.0167688438498523,0.974904575220449
0.1,"without_ssp245",78,5,2.29829612758651,0.915706250273485,"future",2.28590231639497,0.943813935103928,0.0123938111915436,0.0131316255572968,0.970219040231327
