"tol","archive","draw","n_stitched","mean_gen","var_gen","time_period","mean_target","var_target","bias","E1","E2"
0.1,"with_ssp245",60,8,0.395801747871853,1.47374220758757,"hist+future",0.420943195605871,1.47346351077296,0.0251414477340182,0.0170628234429974,1.00018914402194
0.1,"without_ssp245",60,5,0.414460547177721,1.47624463057883,"hist+future",0.420943195605871,1.47346351077296,0.00648264842814972,0.00439959889115204,1.0018874711084
0.1,"with_ssp245",60,8,-0.579044424711091,0.293503050741491,"hist",-0.551096103714508,0.281994538910597,0.0279483209965831,0.099109440574818,1.0408111159718
0.1,"without_ssp245",60,5,-0.562085985163001,0.286741555971782,"hist",-0.551096103714508,0.281994538910597,0.0109898814484936,0.0389719655244024,1.01683371982849
0.1,"with_ssp245",60,8,2.26614614875773,0.922174717369424,"future",2.28590231639497,0.943813935103928,0.0197561676372362,0.0209322694891772,0.97707258080257
0.1,"without_ssp245",60,5,2.28806726620353,0.927263286662002,"future",2.28590231639497,0.943813935103928,0.00216494980855675,0.00229383115467389,0.982464077053383
