"tol","archive","draw","n_stitched","mean_gen","var_gen","time_period","mean_target","var_target","bias","E1","E2"
0.1,"with_ssp245",152,8,0.391850661681731,1.47679682936826,"hist+future",0.420943195605871,1.47346351077296,0.0290925339241399,0.0197443192257121,1.00226223355443
0.1,"without_ssp245",152,5,0.437189091108062,1.46343592301874,"hist+future",0.420943195605871,1.47346351077296,0.0162458955021917,0.0110256517269772,0.99319454626402
0.1,"with_ssp245",152,8,-0.585741823574227,0.291730296699344,"hist",-0.551096103714508,0.281994538910597,0.0346457198597194,0.122859541867594,1.0345246323789
0.1,"without_ssp245",152,5,-0.53112427493669,0.265713673346626,"hist",-0.551096103714508,0.281994538910597,0.0199718287778179,0.0708234594009272,0.942265316105525
0.1,"with_ssp245",152,8,2.2674641508356,0.921226875064779,"future",2.28590231639497,0.943813935103928,0.0184381655593646,0.0195358056006392,0.976068312620685
0.1,"without_ssp245",152,5,2.29499961898462,0.928406646556922,"future",2.28590231639497,0.943813935103928,0.00909730258965347,0.00963887292960102,0.983675502157838
