"tol","archive","draw","n_stitched","mean_gen","var_gen","time_period","mean_target","var_target","bias","E1","E2"
0.1,"with_ssp370",146,13,0.58509854406378,1.85543029320375,"hist+future",0.584255629839366,1.85512575391266,0.000842914224413294,0.000454370396527295,1.00016416099579
0.1,"without_ssp370",146,3,0.505544469719955,1.86365414264149,"hist+future",0.584255629839366,1.85512575391266,0.0787111601194118,0.0424290159054724,1.00459720248659
0.1,"with_ssp370",146,13,-0.584494317860818,0.287339558814155,"hist",-0.585315735188881,0.288438924046753,0.000821417328062957,0.0028478033288247,0.996188568390235
0.1,"without_ssp370",146,3,-0.672523745496468,0.309511737657509,"hist",-0.585315735188881,0.288438924046753,0.0872080103075862,0.302344805215855,1.07305814803047
0.1,"with_ssp370",146,13,2.82908484891911,1.49271776573738,"future",2.82820069064938,1.49129915973265,0.000884158269736535,0.000592877870255785,1.00095125514922
0.1,"without_ssp370",146,3,2.76579162682123,1.47547438331746,"future",2.82820069064938,1.49129915973265,0.0624090638281474,0.0418487889709102,0.989388596974716
