"tol","archive","draw","n_stitched","mean_gen","var_gen","time_period","mean_target","var_target","bias","E1","E2"
0.1,"with_ssp245",191,7,0.404727016229196,1.47494088410022,"hist+future",0.420943195605871,1.47346351077296,0.0162161793766745,0.0110054841929324,1.00100265348714
0.1,"without_ssp245",191,5,0.411361766587631,1.46820438747163,"hist+future",0.420943195605871,1.47346351077296,0.00958142901823944,0.00650265781825376,0.996430774659239
0.1,"with_ssp245",191,7,-0.570323335810071,0.288094740318812,"hist",-0.551096103714508,0.281994538910597,0.0192272320955633,0.0681829944999717,1.02163233880976
0.1,"without_ssp245",191,5,-0.5562118977814,0.289658558871725,"hist",-0.551096103714508,0.281994538910597,0.00511579406689244,0.0181414650321095,1.02717790206411
0.1,"with_ssp245",191,7,2.27546315676965,0.929668233889862,"future",2.28590231639497,0.943813935103928,0.0104391596253177,0.0110606118823285,0.985012192882585
0.1,"without_ssp245",191,5,2.26775309938868,0.94090190565777,"future",2.28590231639497,0.943813935103928,0.0181492170062887,0.0192296556887457,0.996914614906764
