"tol","archive","draw","n_stitched","mean_gen","var_gen","time_period","mean_target","var_target","bias","E1","E2"
0.1,"with_ssp370",169,11,0.59137355932763,1.85825860868864,"hist+future",0.584255629839366,1.85512575391266,0.00711792948826373,0.00383689864325976,1.00168875601526
0.1,"without_ssp370",169,3,0.523878697510645,1.84664421483178,"hist+future",0.584255629839366,1.85512575391266,0.0603769323287217,0.032546005143522,0.995428051676287
0.1,"with_ssp370",169,11,-0.57929921974543,0.288175922155273,"hist",-0.585315735188881,0.288438924046753,0.00601651544345139,0.0208588888040512,0.999088188626591
0.1,"without_ssp370",169,3,-0.639491117663674,0.301221926862505,"hist",-0.585315735188881,0.288438924046753,0.0541753824747927,0.187822717248839,1.04431788413439
0.1,"with_ssp370",169,11,2.83743179824687,1.49786782031459,"future",2.82820069064938,1.49129915973265,0.0092311075974969,0.00618997706613862,1.00440465652989
0.1,"without_ssp370",169,3,2.75592543592649,1.48173900957562,"future",2.82820069064938,1.49129915973265,0.072275254722888,0.0484646251231343,0.993589381382909
