"tol","archive","draw","n_stitched","mean_gen","var_gen","time_period","mean_target","var_target","bias","E1","E2"
0.1,"with_ssp245",25,8,0.397469101411144,1.47592914091621,"hist+future",0.420943195605871,1.47346351077296,0.0234740941947265,0.0159312355026778,1.00167335677146
0.1,"without_ssp245",25,5,0.430835667953222,1.4494168827475,"hist+future",0.420943195605871,1.47346351077296,0.00989247234735091,0.00671375454839831,0.983680201206444
0.1,"with_ssp245",25,8,-0.579967528680787,0.291654687413573,"hist",-0.551096103714508,0.281994538910597,0.0288714249662793,0.102382922299898,1.03425650915189
0.1,"without_ssp245",25,5,-0.526401846237639,0.268304280345545,"hist",-0.551096103714508,0.281994538910597,0.0246942574768692,0.0875699847673225,0.951452043653253
0.1,"with_ssp245",25,8,2.27278356612241,0.918132665660151,"future",2.28590231639497,0.943813935103928,0.0131187502725609,0.013899720892674,0.972789902237511
0.1,"without_ssp245",25,5,2.26739601494731,0.92715661956131,"future",2.28590231639497,0.943813935103928,0.0185063014476547,0.0196079976776534,0.982351059967361
