"tol","archive","draw","n_stitched","mean_gen","var_gen","time_period","mean_target","var_target","bias","E1","E2"
0.1,"with_ssp245",105,8,0.404342357155775,1.47465046778497,"hist+future",0.420943195605871,1.47346351077296,0.0166008384500953,0.0112665419460484,1.00080555575576
0.1,"without_ssp245",105,6,0.403626887582856,1.46569307419371,"hist+future",0.420943195605871,1.47346351077296,0.0173163080230143,0.0117521118754616,0.994726413974664
0.1,"with_ssp245",105,8,-0.569303719607494,0.282249219465879,"hist",-0.551096103714508,0.281994538910597,0.0182076158929866,0.0645672641864851,1.00090314002628
0.1,"without_ssp245",105,6,-0.562389320106134,0.280158888891014,"hist",-0.551096103714508,0.281994538910597,0.0112932163916263,0.0400476421822007,0.993490476706837
0.1,"with_ssp245",105,8,2.27238424862019,0.940097175937877,"future",2.28590231639497,0.943813935103928,0.0135180677747804,0.0143228101133004,0.996061978926342
0.1,"without_ssp245",105,6,2.25703007675359,0.944201674661816,"future",2.28590231639497,0.943813935103928,0.028872239641375,0.0305910291928416,1.00041082203119
