"tol","archive","draw","n_stitched","mean_gen","var_gen","time_period","mean_target","var_target","bias","E1","E2"
0.1,"with_ssp370",170,12,0.589925875044976,1.85687392647532,"hist+future",0.584255629839366,1.85512575391266,0.00567024520560921,0.00305652875210753,1.00094234720151
0.1,"without_ssp370",170,4,0.536914501894225,1.86462556519492,"hist+future",0.584255629839366,1.85512575391266,0.0473411279451412,0.0255190937031054,1.00512084491427
0.1,"with_ssp370",170,12,-0.581192635646849,0.288637978127565,"hist",-0.585315735188881,0.288438924046753,0.00412309954203194,0.0142945323889907,1.00069010824898
0.1,"without_ssp370",170,4,-0.63889243855104,0.299678259992528,"hist",-0.585315735188881,0.288438924046753,0.0535767033621588,0.185747133606262,1.03896608608883
0.1,"with_ssp370",170,12,2.83683929672115,1.49074525747685,"future",2.82820069064938,1.49129915973265,0.00863860607177491,0.00579267145387756,0.999628577370149
0.1,"without_ssp370",170,4,2.792823166702,1.49337996342843,"future",2.82820069064938,1.49129915973265,0.0353775239473748,0.0237226204524363,1.00139529596205
