"tol","archive","draw","n_stitched","mean_gen","var_gen","time_period","mean_target","var_target","bias","E1","E2"
0.1,"with_ssp370",56,13,0.583374114745811,1.85439757628344,"hist+future",0.584255629839366,1.85512575391266,0.000881515093555274,0.000475178079812682,0.999607478022613
0.1,"without_ssp370",56,4,0.574500971460485,1.85930492697035,"hist+future",0.584255629839366,1.85512575391266,0.00975465837888168,0.00525821948097483,1.0022527707617
0.1,"with_ssp370",56,13,-0.585080731560097,0.288662817852995,"hist",-0.585315735188881,0.288438924046753,0.000235003628784813,0.000814743119575366,1.00077622604848
0.1,"without_ssp370",56,4,-0.600702051587668,0.295837158205873,"hist",-0.585315735188881,0.288438924046753,0.0153863163987862,0.0533434121266248,1.02564922256443
0.1,"with_ssp370",56,13,2.82517701754203,1.49347497926336,"future",2.82820069064938,1.49129915973265,0.00302367310734697,0.00202754295649776,1.00145900942578
0.1,"without_ssp370",56,4,2.82925095754124,1.47804364799,"future",2.82820069064938,1.49129915973265,0.00105026689186527,0.000704263048102002,0.991111433506723
