"tol","archive","draw","n_stitched","mean_gen","var_gen","time_period","mean_target","var_target","bias","E1","E2"
0.1,"with_ssp245",196,8,0.405101718332106,1.47256700050748,"hist+future",0.420943195605871,1.47346351077296,0.0158414772737652,0.0107511839675317,0.999391562628508
0.1,"without_ssp245",196,5,0.420226715999508,1.47393707474852,"hist+future",0.420943195605871,1.47346351077296,0.000716479606362397,0.000486255411908056,1.00032139511573
0.1,"with_ssp245",196,8,-0.568103719070673,0.283941496958142,"hist",-0.551096103714508,0.281994538910597,0.0170076153561652,0.0603118607256337,1.00690424025609
0.1,"without_ssp245",196,5,-0.551786447264454,0.2854909886844,"hist",-0.551096103714508,0.281994538910597,0.000690343549946015,0.00244807418119852,1.01239899817674
0.1,"with_ssp245",196,8,2.27229819706999,0.932102552535179,"future",2.28590231639497,0.943813935103928,0.0136041193249743,0.0144139843871624,0.987591428635286
0.1,"without_ssp245",196,5,2.2851356920292,0.943860309275702,"future",2.28590231639497,0.943813935103928,0.0007666243657658,0.000812262181402718,1.00004913486658
