"tol","archive","draw","n_stitched","mean_gen","var_gen","time_period","mean_target","var_target","bias","E1","E2"
0.1,"with_ssp245",32,8,0.404441112530519,1.4701175378887,"hist+future",0.420943195605871,1.47346351077296,0.0165020830753516,0.0111995193329863,0.997729178320465
0.1,"without_ssp245",32,5,0.41522884985808,1.46751720657007,"hist+future",0.420943195605871,1.47346351077296,0.00571434574779051,0.0038781725546721,0.99596440348918
0.1,"with_ssp245",32,8,-0.565965412826008,0.284013300732384,"hist",-0.551096103714508,0.281994538910597,0.0148693091114999,0.0527290676228804,1.00715886850003
0.1,"without_ssp245",32,5,-0.552054082620231,0.277452278949753,"hist",-0.551096103714508,0.281994538910597,0.00095797890572269,0.00339715410597509,0.983892383241207
0.1,"with_ssp245",32,8,2.26626758559827,0.937115720248734,"future",2.28590231639497,0.943813935103928,0.0196347307966946,0.0208036034078397,0.99290303458546
0.1,"without_ssp245",32,5,2.27106238310135,0.946494981927875,"future",2.28590231639497,0.943813935103928,0.0148399332936178,0.015723367436807,1.00284065187452
