"tol","archive","draw","n_stitched","mean_gen","var_gen","time_period","mean_target","var_target","bias","E1","E2"
0.1,"with_ssp370",150,11,0.577065926553225,1.85440975036391,"hist+future",0.584255629839366,1.85512575391266,0.00718970328614121,0.0038755880947571,0.999614040424354
0.1,"without_ssp370",150,3,0.507829813306634,1.85148064262047,"hist+future",0.584255629839366,1.85512575391266,0.0764258165327322,0.0411971082669419,0.99803511363879
0.1,"with_ssp370",150,11,-0.593993695183763,0.283184431266521,"hist",-0.585315735188881,0.288438924046753,0.00867795999488208,0.0300859532865109,0.981782996876733
0.1,"without_ssp370",150,3,-0.658800998336178,0.303819949205255,"hist",-0.585315735188881,0.288438924046753,0.0734852631472962,0.254768885268013,1.05332506772217
0.1,"with_ssp370",150,11,2.82386636360675,1.48400472460205,"future",2.82820069064938,1.49129915973265,0.00433432704262682,0.00290641016883819,0.995108670796874
0.1,"without_ssp370",150,3,2.74613311471435,1.48396478155041,"future",2.82820069064938,1.49129915973265,0.0820675759350222,0.055030927496623,0.995081886733209
