"tol","archive","draw","n_stitched","mean_gen","var_gen","time_period","mean_target","var_target","bias","E1","E2"
0.1,"with_ssp370",54,11,0.593224425037276,1.85358239389867,"hist+future",0.584255629839366,1.85512575391266,0.00896879519790983,0.00483460227911432,0.999168056391468
0.1,"without_ssp370",54,4,0.497854579599705,1.84222210786046,"hist+future",0.584255629839366,1.85512575391266,0.0864010502396615,0.046574228220072,0.993044328113615
0.1,"with_ssp370",54,11,-0.574988112447306,0.285957532757652,"hist",-0.585315735188881,0.288438924046753,0.0103276227415754,0.0358052325139772,0.991397169098098
0.1,"without_ssp370",54,4,-0.664717270816015,0.305414806960359,"hist",-0.585315735188881,0.288438924046753,0.0794015356271336,0.275280237885867,1.05885434141633
0.1,"with_ssp370",54,11,2.83456243300188,1.49251937101835,"future",2.82820069064938,1.49129915973265,0.00636174235250486,0.00426590621404585,1.00081822032671
0.1,"without_ssp370",54,4,2.72837033911824,1.4678139987429,"future",2.82820069064938,1.49129915973265,0.0998303515311396,0.0669418680213275,0.984251878077928
