"tol","archive","draw","n_stitched","mean_gen","var_gen","time_period","mean_target","var_target","bias","E1","E2"
0.1,"with_ssp245",1,7,0.403787336107651,1.47832245328503,"hist+future",-0.150867585118092,1.11043647421389,0.554654921225743,0.499492707692622,1.33129853675924
0.1,"without_ssp245",1,6,0.405403387875612,1.4662777265395,"hist+future",-0.150867585118092,1.11043647421389,0.556270972993704,0.500948037921311,1.32045169677764
0.1,"with_ssp245",1,7,-0.573736069366994,0.289333633864556,"hist",-0.57422558820925,0.285641288092528,0.000489518842255565,0.00171375379772477,1.01292651281853
0.1,"without_ssp245",1,6,-0.56261343403113,0.279551034450034,"hist",-0.57422558820925,0.285641288092528,0.0116121541781203,0.040652926107653,0.978678664827612
0.1,"with_ssp245",1,7,2.2792682884718,0.930055772278601,"future",2.28590231639497,0.943813935103928,0.00663402792317358,0.00702895737859928,0.985422801768855
0.1,"without_ssp245",1,6,2.26264496478971,0.935666093534536,"future",2.28590231639497,0.943813935103928,0.0232573516052583,0.0246418819856663,0.99136711033145
