"tol","archive","draw","n_stitched","mean_gen","var_gen","time_period","mean_target","var_target","bias","E1","E2"
0.1,"with_ssp245",100,7,0.402586859011267,1.48180578814249,"hist+future",0.420943195605871,1.47346351077296,0.0183563365946038,0.0124579512559319,1.00566167896832
0.1,"without_ssp245",100,5,0.407036642972703,1.46750234960187,"hist+future",0.420943195605871,1.47346351077296,0.0139065526331678,0.00943800272724266,0.995954320465008
0.1,"with_ssp245",100,7,-0.578637273955628,0.292020937191136,"hist",-0.551096103714508,0.281994538910597,0.0275411702411202,0.0976656156091441,1.03555529238003
0.1,"without_ssp245",100,5,-0.562263760708663,0.28051814443094,"hist",-0.551096103714508,0.281994538910597,0.0111676569941549,0.0396023874692675,0.994764457193529
0.1,"with_ssp245",100,7,2.28516804435473,0.922752803149524,"future",2.28590231639497,0.943813935103928,0.000734272040240569,0.000777983893784864,0.977685080532229
0.1,"without_ssp245",100,5,2.26674090584974,0.933011634980179,"future",2.28590231639497,0.943813935103928,0.0191614105452271,0.0203021059899027,0.988554629549351
