"tol","archive","draw","n_stitched","mean_gen","var_gen","time_period","mean_target","var_target","bias","E1","E2"
0.1,"with_ssp370",14,13,0.587255569685315,1.85340619425284,"hist+future",0.584255629839366,1.85512575391266,0.00299993984594904,0.00161710861898275,0.999073076498347
0.1,"without_ssp370",14,3,0.511694802944292,1.8713997955597,"hist+future",0.584255629839366,1.85512575391266,0.0725608268950746,0.0391136971399572,1.00877247357098
0.1,"with_ssp370",14,13,-0.581694017501068,0.282710953704241,"hist",-0.585315735188881,0.288438924046753,0.00362171768781339,0.0125562723539571,0.980141479304703
0.1,"without_ssp370",14,3,-0.671534734638934,0.311095869884317,"hist",-0.585315735188881,0.288438924046753,0.0862189994500525,0.29891596543356,1.07855023697804
0.1,"with_ssp370",14,13,2.83000768463593,1.48989228918286,"future",2.82820069064938,1.49129915973265,0.00180699398655815,0.00121169114511008,0.99905661413365
0.1,"without_ssp370",14,3,2.78184449714467,1.48029611089406,"future",2.82820069064938,1.49129915973265,0.0463561935047099,0.031084436145609,0.992621836626959
