"tol","archive","draw","n_stitched","mean_gen","var_gen","time_period","mean_target","var_target","bias","E1","E2"
0.1,"with_ssp245",127,7,0.408117834636623,1.47104506818875,"hist+future",0.420943195605871,1.47346351077296,0.0128253609692482,0.00870422706465269,0.998358668153959
0.1,"without_ssp245",127,5,0.43175595192654,1.45507756881354,"hist+future",0.420943195605871,1.47346351077296,0.010812756320669,0.00733832649510046,0.987521956380326
0.1,"with_ssp245",127,7,-0.562934219663792,0.286863974456874,"hist",-0.551096103714508,0.281994538910597,0.0118381159492841,0.0419799475373429,1.01726783633856
0.1,"without_ssp245",127,5,-0.52505140588551,0.272284898787244,"hist",-0.551096103714508,0.281994538910597,0.0260446978289975,0.0923588730817751,0.965567985249417
0.1,"with_ssp245",127,7,2.27118282253858,0.9358163136166,"future",2.28590231639497,0.943813935103928,0.0147194938563882,0.0155957581350686,0.991526273145727
0.1,"without_ssp245",127,5,2.26749099889152,0.952977914684809,"future",2.28590231639497,0.943813935103928,0.0184113175034493,0.0195073592565911,1.00970951926014
