"tol","archive","draw","n_stitched","mean_gen","var_gen","time_period","mean_target","var_target","bias","E1","E2"
0.1,"with_ssp370",43,12,0.587437345179606,1.85407117731624,"hist+future",0.584255629839366,1.85512575391266,0.00318171534023914,0.00171509415657055,0.999431533633666
0.1,"without_ssp370",43,4,0.544749858158502,1.85273195095048,"hist+future",0.584255629839366,1.85512575391266,0.0395057716808648,0.0212954682977921,0.998709627658861
0.1,"with_ssp370",43,12,-0.580989390366637,0.28551985286351,"hist",-0.585315735188881,0.288438924046753,0.00432634482224392,0.014999171268378,0.989879759838622
0.1,"without_ssp370",43,4,-0.631696577698859,0.302019738951523,"hist",-0.585315735188881,0.288438924046753,0.0463808425099781,0.160799526843542,1.04708384955204
0.1,"with_ssp370",43,12,2.82918631454158,1.49354635858877,"future",2.82820069064938,1.49129915973265,0.000985623892206799,0.000660916279456293,1.00150687327989
0.1,"without_ssp370",43,4,2.80188546183832,1.44559399284597,"future",2.82820069064938,1.49129915973265,0.0263152288110544,0.0176458416403668,0.969352113834175
