"tol","archive","draw","n_stitched","mean_gen","var_gen","time_period","mean_target","var_target","bias","E1","E2"
0.1,"with_ssp370",22,11,0.586137594516277,1.84766177007224,"hist+future",0.584255629839366,1.85512575391266,0.00188196467691026,0.00101446744132628,0.995976561791198
0.1,"without_ssp370",22,3,0.506560934289656,1.85540322454428,"hist+future",0.584255629839366,1.85512575391266,0.0776946955497108,0.0418810937133745,1.00014956971571
0.1,"with_ssp370",22,11,-0.576277721044124,0.283124350173001,"hist",-0.585315735188881,0.288438924046753,0.00903801414475702,0.0313342388674701,0.981574699422708
0.1,"without_ssp370",22,3,-0.661608429970538,0.310107331244657,"hist",-0.585315735188881,0.288438924046753,0.0762926947816569,0.264502077983382,1.07512303434606
0.1,"with_ssp370",22,11,2.81635302553333,1.49747956061731,"future",2.82820069064938,1.49129915973265,0.0118476651160515,0.00794452611250413,1.00414430655602
0.1,"without_ssp370",22,3,2.74781610990514,1.48898796389205,"future",2.82820069064938,1.49129915973265,0.0803845807442327,0.0539023845213214,0.998450213140992
