"tol","archive","draw","n_stitched","mean_gen","var_gen","time_period","mean_target","var_target","bias","E1","E2"
0.1,"with_ssp370",163,11,0.594616469417946,1.85625335934412,"hist+future",0.584255629839366,1.85512575391266,0.0103608395785794,0.00558497964718953,1.00060783234187
0.1,"without_ssp370",163,4,0.541866778664055,1.86529337643893,"hist+future",0.584255629839366,1.85512575391266,0.0423888511753118,0.0228495836931319,1.00548082657191
0.1,"with_ssp370",163,11,-0.575656014174403,0.284195520353475,"hist",-0.585315735188881,0.288438924046753,0.00965972101447854,0.0334896583268103,0.985288380521798
0.1,"without_ssp370",163,4,-0.633614987900604,0.295312887988108,"hist",-0.585315735188881,0.288438924046753,0.048299252711723,0.167450536959756,1.02383160998146
0.1,"with_ssp370",163,11,2.83990669956606,1.49381381592944,"future",2.82820069064938,1.49129915973265,0.0117060089166796,0.00784953766002134,1.00168621847627
0.1,"without_ssp370",163,4,2.79715156335206,1.49891682703727,"future",2.82820069064938,1.49129915973265,0.0310491272973135,0.0208201869455085,1.00510807456365
