"tol","archive","draw","n_stitched","mean_gen","var_gen","time_period","mean_target","var_target","bias","E1","E2"
0.1,"with_ssp370",39,12,0.587489168036558,1.85343390007754,"hist+future",0.584255629839366,1.85512575391266,0.00323353819719163,0.00174302911291687,0.999088011240447
0.1,"without_ssp370",39,3,0.508530755536687,1.86628792946408,"hist+future",0.584255629839366,1.85512575391266,0.075724874302679,0.0408192674501807,1.00601693741132
0.1,"with_ssp370",39,12,-0.580111828321536,0.286021395708296,"hist",-0.585315735188881,0.288438924046753,0.00520390686734495,0.0180416248761955,0.991618578018046
0.1,"without_ssp370",39,3,-0.669390208734925,0.309012528150488,"hist",-0.585315735188881,0.288438924046753,0.084074473546044,0.291481026092083,1.07132741938949
0.1,"with_ssp370",39,12,2.82765387035151,1.49467126975409,"future",2.82820069064938,1.49129915973265,0.00054682029787001,0.00036667377856502,1.00226118951348
0.1,"without_ssp370",39,3,2.76849539629036,1.48603960566482,"future",2.82820069064938,1.49129915973265,0.0597052943590133,0.0400357594043819,0.996473173049481
