"tol","archive","draw","n_stitched","mean_gen","var_gen","time_period","mean_target","var_target","bias","E1","E2"
0.1,"with_ssp370",6,12,0.587553031951151,1.85600114813909,"hist+future",0.584255629839366,1.85512575391266,0.00329740211178497,0.00177745476544132,1.00047187864466
0.1,"without_ssp370",6,4,0.514924998225567,1.84885777672547,"hist+future",0.584255629839366,1.85512575391266,0.069330631613799,0.0373724700158861,0.99662126560748
0.1,"with_ssp370",6,12,-0.583498831604585,0.291348493753868,"hist",-0.585315735188881,0.288438924046753,0.00181690358429676,0.00629909291993565,1.01008729912833
0.1,"without_ssp370",6,4,-0.651665678982259,0.300925912188543,"hist",-0.585315735188881,0.288438924046753,0.0663499437933778,0.230031172154224,1.04329161947562
0.1,"with_ssp370",6,12,2.83433858412204,1.48684733066887,"future",2.82820069064938,1.49129915973265,0.00613789347266325,0.00411580294443645,0.997014798114295
0.1,"without_ssp370",6,4,2.75315129751965,1.47606256945671,"future",2.82820069064938,1.49129915973265,0.0750493931297234,0.0503248410219568,0.989783008877528
