"tol","archive","draw","n_stitched","mean_gen","var_gen","time_period","mean_target","var_target","bias","E1","E2"
0.1,"with_ssp245",2,8,0.394086953636736,1.47305337742958,"hist+future",0.420943195605871,1.47346351077296,0.0268562419691345,0.018226608105854,0.999721653545958
0.1,"without_ssp245",2,5,0.431104623168966,1.45421763255666,"hist+future",0.420943195605871,1.47346351077296,0.0101614275630949,0.00689628720955861,0.986938340803429
0.1,"with_ssp245",2,8,-0.581733204387017,0.286455555620444,"hist",-0.551096103714508,0.281994538910597,0.0306371006725089,0.108644304924721,1.01581951454479
0.1,"without_ssp245",2,5,-0.53136191445033,0.267433356096318,"hist",-0.551096103714508,0.281994538910597,0.0197341892641778,0.0699807497705985,0.948363599981289
0.1,"with_ssp245",2,8,2.26630004751952,0.917425285354581,"future",2.28590231639497,0.943813935103928,0.0196022688754507,0.0207692090001746,0.972040410966765
0.1,"without_ssp245",2,5,2.27769739883389,0.919195784759592,"future",2.28590231639497,0.943813935103928,0.00820491756107566,0.00869336344368785,0.973916309742105
