"tol","archive","draw","n_stitched","mean_gen","var_gen","time_period","mean_target","var_target","bias","E1","E2"
0.1,"with_ssp245",133,8,0.406720125335797,1.4690404730959,"hist+future",0.420943195605871,1.47346351077296,0.0142230702700734,0.00965281472264766,0.99699820345416
0.1,"without_ssp245",133,5,0.41301663177041,1.47770594356851,"hist+future",0.420943195605871,1.47346351077296,0.00792656383546075,0.00537954538915088,1.00287922487699
0.1,"with_ssp245",133,8,-0.564879823644835,0.278410261927537,"hist",-0.551096103714508,0.281994538910597,0.0137837199303268,0.0488793860461842,0.987289551787397
0.1,"without_ssp245",133,5,-0.561341882051531,0.285252355816892,"hist",-0.551096103714508,0.281994538910597,0.0102457783370233,0.0363332509083505,1.01155276594675
0.1,"with_ssp245",133,8,2.27083630651957,0.928434783924634,"future",2.28590231639497,0.943813935103928,0.015066009875401,0.0159629025542434,0.983705314567537
0.1,"without_ssp245",133,5,2.28242540828925,0.947644278041305,"future",2.28590231639497,0.943813935103928,0.00347690810571821,0.00368389147097659,1.00405836658574
