"tol","archive","draw","n_stitched","mean_gen","var_gen","time_period","mean_target","var_target","bias","E1","E2"
0.1,"with_ssp370",8,11,0.584222213704824,1.85297244534928,"hist+future",0.584255629839366,1.85512575391266,3.34161345423301e-05,1.80128675761478e-05,0.998839265446647
0.1,"without_ssp370",8,3,0.505962019937166,1.8647460518714,"hist+future",0.584255629839366,1.85512575391266,0.0782936099022002,0.0422039367072935,1.00518579289757
0.1,"with_ssp370",8,11,-0.58330641523954,0.285146595242804,"hist",-0.585315735188881,0.288438924046753,0.00200931994934173,0.00696618861681801,0.988585698636792
0.1,"without_ssp370",8,3,-0.671117679838624,0.305132456066506,"hist",-0.585315735188881,0.288438924046753,0.0858019446497429,0.297470062105194,1.05787544824237
0.1,"with_ssp370",8,11,2.8242480715632,1.49360457373713,"future",2.82820069064938,1.49129915973265,0.0039526190861805,0.00265045350584728,1.00154590981255
0.1,"without_ssp370",8,3,2.7643126067163,1.48566419565351,"future",2.82820069064938,1.49129915973265,0.0638880839330778,0.0428405551737394,0.996221439513081
