"tol","archive","draw","n_stitched","mean_gen","var_gen","time_period","mean_target","var_target","bias","E1","E2"
0.1,"with_ssp370",91,13,0.586347920810605,1.85307108339923,"hist+future",0.584255629839366,1.85512575391266,0.0020922909712382,0.00112784320244885,0.998892435993032
0.1,"without_ssp370",91,3,0.541586304067152,1.8688919666375,"hist+future",0.584255629839366,1.85512575391266,0.0426693257722145,0.0230007726873611,1.00742063587647
0.1,"with_ssp370",91,13,-0.58225491180724,0.286541282224958,"hist",-0.585315735188881,0.288438924046753,0.0030608233816416,0.0106116863102203,0.993420992579048
0.1,"without_ssp370",91,3,-0.63117401370583,0.286346436125136,"hist",-0.585315735188881,0.288438924046753,0.0458582785169491,0.158987829636738,0.992745473141213
0.1,"with_ssp370",91,13,2.82843475083321,1.48879464392624,"future",2.82820069064938,1.49129915973265,0.000234060183836426,0.000156950523514267,0.998320581226067
0.1,"without_ssp370",91,3,2.79164970444555,1.52673078411661,"future",2.82820069064938,1.49129915973265,0.036550986203828,0.0245094929245321,1.02375889783933
