"tol","archive","draw","n_stitched","mean_gen","var_gen","time_period","mean_target","var_target","bias","E1","E2"
0.1,"with_ssp245",12,8,0.391174514664392,1.47500444321225,"hist+future",0.420943195605871,1.47346351077296,0.0297686809414784,0.0202032019957265,1.00104578934465
0.1,"without_ssp245",12,5,0.411391935924634,1.47262212040224,"hist+future",0.420943195605871,1.47346351077296,0.00955125968123643,0.00648218270177994,0.999428971016538
0.1,"with_ssp245",12,8,-0.585514665888811,0.288564901470476,"hist",-0.551096103714508,0.281994538910597,0.0344185621743031,0.12205400256072,1.02329960922386
0.1,"without_ssp245",12,5,-0.563755622265908,0.28891334445337,"hist",-0.551096103714508,0.281994538910597,0.0126595185513997,0.0448927791307803,1.02453524656719
0.1,"with_ssp245",12,8,2.26505491921414,0.920124288363889,"future",2.28590231639497,0.943813935103928,0.0208473971808263,0.0220884608771227,0.974900087973982
0.1,"without_ssp245",12,5,2.28231457663905,0.917341511993845,"future",2.28590231639497,0.943813935103928,0.00358773975592275,0.00380132102576731,0.971951650504961
