"tol","archive","draw","n_stitched","mean_gen","var_gen","time_period","mean_target","var_target","bias","E1","E2"
0.1,"with_ssp245",5,8,0.391308931742567,1.47567553024127,"hist+future",0.420943195605871,1.47346351077296,0.0296342638633038,0.0201119767450217,1.00150123803687
0.1,"without_ssp245",5,5,0.420837053117165,1.47217082360841,"hist+future",0.420943195605871,1.47346351077296,0.000106142488706162,7.20360483514663e-05,0.999122688037335
0.1,"with_ssp245",5,8,-0.585148294558185,0.292221778881066,"hist",-0.551096103714508,0.281994538910597,0.0340521908436771,0.120754788285006,1.03626751074676
0.1,"without_ssp245",5,5,-0.551025533919851,0.28029277675666,"hist",-0.551096103714508,0.281994538910597,7.05697946565831e-05,0.000250252345060329,0.993965265566804
0.1,"with_ssp245",5,8,2.26474430778471,0.922429624194381,"future",2.28590231639497,0.943813935103928,0.0211580086102621,0.0224175632752575,0.977342662452645
0.1,"without_ssp245",5,5,2.28545713289749,0.939656182296955,"future",2.28590231639497,0.943813935103928,0.000445183497483015,0.000471685658502164,0.995594732550208
