"tol","archive","draw","n_stitched","mean_gen","var_gen","time_period","mean_target","var_target","bias","E1","E2"
0.1,"with_ssp245",19,8,0.391406274382224,1.47358981005827,"hist+future",0.420943195605871,1.47346351077296,0.0295369212236471,0.0200459129172139,1.00008571592332
0.1,"without_ssp245",19,5,0.430633573834469,1.45996607404629,"hist+future",0.420943195605871,1.47346351077296,0.00969037822859792,0.00657659871299728,0.990839653219785
0.1,"with_ssp245",19,8,-0.583853712333678,0.286432777956446,"hist",-0.551096103714508,0.281994538910597,0.0327576086191702,0.116163982273272,1.01573874112242
0.1,"without_ssp245",19,5,-0.53438033589424,0.266148135893383,"hist",-0.551096103714508,0.281994538910597,0.0167157678202677,0.0592769203433661,0.943805993270535
0.1,"with_ssp245",19,8,2.26254462098831,0.923277299784162,"future",2.28590231639497,0.943813935103928,0.0233576954066548,0.0247481993408825,0.978240800907962
0.1,"without_ssp245",19,5,2.28211374947676,0.931475758289008,"future",2.28590231639497,0.943813935103928,0.00378856691821028,0.00401410360379252,0.986927320782183
