"tol","archive","draw","n_stitched","mean_gen","var_gen","time_period","mean_target","var_target","bias","E1","E2"
0.1,"with_ssp245",64,8,0.410034621268702,1.46890852167622,"hist+future",0.420943195605871,1.47346351077296,0.0109085743371685,0.00740335560223405,0.996908651579468
0.1,"without_ssp245",64,5,0.40632058620034,1.45398407947472,"hist+future",0.420943195605871,1.47346351077296,0.0146226094055311,0.00992397117310371,0.986779834616997
0.1,"with_ssp245",64,8,-0.560073716867257,0.282204129458005,"hist",-0.551096103714508,0.281994538910597,0.00897761315274881,0.031836124158401,1.00074324328484
0.1,"without_ssp245",64,5,-0.559056150163597,0.278011220319686,"hist",-0.551096103714508,0.281994538910597,0.00796004644908876,0.0282276617123156,0.985874483221199
0.1,"with_ssp245",64,8,2.27128899094816,0.934353691409514,"future",2.28590231639497,0.943813935103928,0.0146133254468106,0.0154832694276775,0.989976579765828
0.1,"without_ssp245",64,5,2.25849688271254,0.894630611589182,"future",2.28590231639497,0.943813935103928,0.0274054336824259,0.0290369029986913,0.947888750435402
