"tol","archive","draw","n_stitched","mean_gen","var_gen","time_period","mean_target","var_target","bias","E1","E2"
0.1,"with_ssp370",159,12,0.588579293999699,1.85535155187358,"hist+future",0.584255629839366,1.85512575391266,0.00432366416033247,0.00233065825926539,1.00012171571681
0.1,"without_ssp370",159,4,0.523325028328088,1.83352600902403,"hist+future",0.584255629839366,1.85512575391266,0.0609306015112788,0.0328444588636482,0.98835672199414
0.1,"with_ssp370",159,12,-0.580745312045835,0.285867136416026,"hist",-0.585315735188881,0.288438924046753,0.00457042314304623,0.0158453757867486,0.991083770544401
0.1,"without_ssp370",159,4,-0.635409482632138,0.295527177742657,"hist",-0.585315735188881,0.288438924046753,0.0500937474432562,0.173671939766134,1.02457453937373
0.1,"with_ssp370",159,12,2.83205092187776,1.49412361906249,"future",2.82820069064938,1.49129915973265,0.00385023122838168,0.00258179668596603,1.00189395890919
0.1,"without_ssp370",159,4,2.74647845051922,1.45686239467163,"future",2.82820069064938,1.49129915973265,0.0817222401301594,0.0547993604078809,0.976908211316105
