"tol","archive","draw","n_stitched","mean_gen","var_gen","time_period","mean_target","var_target","bias","E1","E2"
0.1,"with_ssp245",120,8,0.393710717349767,1.47695256264149,"hist+future",0.420943195605871,1.47346351077296,0.0272324782561042,0.0184819495406563,1.00236792553261
0.1,"without_ssp245",120,4,0.443923715373268,1.46779930812511,"hist+future",0.420943195605871,1.47346351077296,0.0229805197673975,0.0155962598322792,0.996155858216754
0.1,"with_ssp245",120,8,-0.584497770224788,0.286450223476417,"hist",-0.551096103714508,0.281994538910597,0.03340166651028,0.118447919733898,1.01580060586646
0.1,"without_ssp245",120,4,-0.522810897881642,0.268916607511693,"hist",-0.551096103714508,0.281994538910597,0.0282852058328659,0.100304090788912,0.953623458633535
0.1,"with_ssp245",120,8,2.27050607141723,0.921470511214512,"future",2.28590231639497,0.943813935103928,0.0153962449777434,0.0163127968396102,0.976326452642431
0.1,"without_ssp245",120,4,2.2987052408042,0.955249344295633,"future",2.28590231639497,0.943813935103928,0.0128029244092316,0.0135650936408581,1.01211616905237
