"tol","archive","draw","n_stitched","mean_gen","var_gen","time_period","mean_target","var_target","bias","E1","E2"
0.1,"with_ssp245",10,7,0.41189446923752,1.47308549907822,"hist+future",0.420943195605871,1.47346351077296,0.00904872636835086,0.0061411268770436,0.999743453643762
0.1,"without_ssp245",10,5,0.418215442227924,1.45870175434269,"hist+future",0.420943195605871,1.47346351077296,0.00272775337794634,0.00185125275108808,0.989981593488848
0.1,"with_ssp245",10,7,-0.56313216023241,0.281904417167833,"hist",-0.551096103714508,0.281994538910597,0.012036056517902,0.0426818780406164,0.99968041316292
0.1,"without_ssp245",10,5,-0.546827426445551,0.279984812122147,"hist",-0.551096103714508,0.281994538910597,0.00426867726895708,0.0151374465812276,0.992873171245746
0.1,"with_ssp245",10,7,2.28258509554611,0.924843893142159,"future",2.28590231639497,0.943813935103928,0.00331722084886277,0.0035146978927552,0.979900654931864
0.1,"without_ssp245",10,5,2.26975117863634,0.917623243062488,"future",2.28590231639497,0.943813935103928,0.0161511377586327,0.0171126290446795,0.972250153269293
