"tol","archive","draw","n_stitched","mean_gen","var_gen","time_period","mean_target","var_target","bias","E1","E2"
0.1,"with_ssp370",21,13,0.581786698847373,1.85499640366477,"hist+future",0.584255629839366,1.85512575391266,0.00246893099199308,0.00133086988134677,0.999930274134989
0.1,"without_ssp370",21,4,0.584171214563973,1.8606056387339,"hist+future",0.584255629839366,1.85512575391266,8.44152753934901e-05,4.55038022168843e-05,1.00295391555515
0.1,"with_ssp370",21,13,-0.586448157433081,0.287847874055322,"hist",-0.585315735188881,0.288438924046753,0.00113242224419952,0.00392603823475628,0.997950866051161
0.1,"without_ssp370",21,4,-0.592505129148673,0.294419850874578,"hist",-0.585315735188881,0.288438924046753,0.00718939395979157,0.024925186444761,1.02073550526369
0.1,"with_ssp370",21,13,2.82316752775755,1.49690923128235,"future",2.82820069064938,1.49129915973265,0.00503316289182942,0.00337501892828246,1.00376186864526
0.1,"without_ssp370",21,4,2.84174792052428,1.47679023290833,"future",2.82820069064938,1.49129915973265,0.0135472298749053,0.0090841799155402,0.990270948166481
