"tol","archive","draw","n_stitched","mean_gen","var_gen","time_period","mean_target","var_target","bias","E1","E2"
0.1,"with_ssp245",168,8,0.395551209383803,1.47206808027725,"hist+future",0.420943195605871,1.47346351077296,0.0253919862220682,0.0172328571670891,0.99905295890566
0.1,"without_ssp245",168,5,0.431725471633224,1.46563882860425,"hist+future",0.420943195605871,1.47346351077296,0.0107822760273535,0.00731764034095238,0.994689598954093
0.1,"with_ssp245",168,8,-0.578723986836504,0.286981904298081,"hist",-0.551096103714508,0.281994538910597,0.0276278831219956,0.0979731140493988,1.01768603536349
0.1,"without_ssp245",168,5,-0.534320144602839,0.265079247236768,"hist",-0.551096103714508,0.281994538910597,0.0167759591116693,0.0594903687726658,0.940015534559015
0.1,"with_ssp245",168,8,2.26480013236462,0.921687365155082,"future",2.28590231639497,0.943813935103928,0.0211021840303465,0.022358415409519,0.976556216086797
0.1,"without_ssp245",168,5,2.28518508417916,0.95187588676847,"future",2.28590231639497,0.943813935103928,0.000717232215809993,0.000759929673777295,1.00854188666292
