"tol","archive","draw","n_stitched","mean_gen","var_gen","time_period","mean_target","var_target","bias","E1","E2"
0.1,"with_ssp245",192,6,0.419804122228232,1.47444669765216,"hist+future",0.420943195605871,1.47346351077296,0.00113907337763869,0.00077305842276416,1.00066726245476
0.1,"without_ssp245",192,5,0.432541033985181,1.46102511601911,"hist+future",0.420943195605871,1.47346351077296,0.0115978383793098,0.00787114054370151,0.991558396483585
0.1,"with_ssp245",192,6,-0.553295855909199,0.278529951320606,"hist",-0.551096103714508,0.281994538910597,0.00219975219469071,0.00780069076227079,0.987713990478768
0.1,"without_ssp245",192,5,-0.53246802209394,0.266019589970648,"hist",-0.551096103714508,0.281994538910597,0.0186280816205683,0.0660583062797328,0.943350147837389
0.1,"with_ssp245",192,6,2.28679826632912,0.944144368547948,"future",2.28590231639497,0.943813935103928,0.000895949934147655,0.000949286613413901,1.0003501044345
0.1,"without_ssp245",192,5,2.28401189739279,0.936415217438737,"future",2.28590231639497,0.943813935103928,0.00189041900217424,0.00200295729048128,0.992160830233582
