"tol","archive","draw","n_stitched","mean_gen","var_gen","time_period","mean_target","var_target","bias","E1","E2"
0.1,"with_ssp370",127,11,0.57996937539473,1.85227865795592,"hist+future",0.584255629839366,1.85512575391266,0.00428625444463682,0.00231049266368958,0.998465281423245
0.1,"without_ssp370",127,4,0.539614787129061,1.85196351299542,"hist+future",0.584255629839366,1.85512575391266,0.0446408427103054,0.0240635130077587,0.998295403473011
0.1,"with_ssp370",127,11,-0.587031657053625,0.285599927855812,"hist",-0.585315735188881,0.288438924046753,0.0017159218647439,0.00594899551235936,0.990157374909356
0.1,"without_ssp370",127,4,-0.633118724800397,0.306151170477709,"hist",-0.585315735188881,0.288438924046753,0.047802989611516,0.165730023329887,1.06140726841737
0.1,"with_ssp370",127,11,2.81898298416192,1.49323619486915,"future",2.82820069064938,1.49129915973265,0.00921770648745435,0.00618099086779264,1.00129889105338
0.1,"without_ssp370",127,4,2.78962675769139,1.45793491360573,"future",2.82820069064938,1.49129915973265,0.0385739329579828,0.0258659925516877,0.977627395610619
