"tol","archive","draw","n_stitched","mean_gen","var_gen","time_period","mean_target","var_target","bias","E1","E2"
0.1,"with_ssp245",67,8,0.396172245505288,1.47683567185553,"hist+future",0.420943195605871,1.47346351077296,0.0247709501005823,0.0168113766777894,1.00228859490439
0.1,"without_ssp245",67,6,0.413863536487742,1.46544586219914,"hist+future",0.420943195605871,1.47346351077296,0.00707965911812908,0.00480477396716473,0.994558637852104
0.1,"with_ssp245",67,8,-0.581420713408909,0.288278251299722,"hist",-0.551096103714508,0.281994538910597,0.030324609694401,0.107536159429013,1.02228309957136
0.1,"without_ssp245",67,6,-0.551644901663415,0.27654630086324,"hist",-0.551096103714508,0.281994538910597,0.000548797948906943,0.00194612970530231,0.980679632774431
0.1,"with_ssp245",67,8,2.27178664342206,0.923489610852191,"future",2.28590231639497,0.943813935103928,0.0141156729729066,0.0149559912689277,0.978465751038632
0.1,"without_ssp245",67,6,2.26629251666147,0.948031674035412,"future",2.28590231639497,0.943813935103928,0.0196097997334967,0.0207771881767537,1.0044688246005
