"tol","archive","draw","n_stitched","mean_gen","var_gen","time_period","mean_target","var_target","bias","E1","E2"
0.1,"with_ssp370",157,11,0.577431329732162,1.85485463171194,"hist+future",0.584255629839366,1.85512575391266,0.00682430010720458,0.00367861860189876,0.999853852387014
0.1,"without_ssp370",157,3,0.519801625132627,1.84915800351996,"hist+future",0.584255629839366,1.85512575391266,0.064454004706739,0.0347437388386197,0.996783101964857
0.1,"with_ssp370",157,11,-0.592317266247239,0.287953677729772,"hist",-0.585315735188881,0.288438924046753,0.00700153105835744,0.0242738773260108,0.998317680879635
0.1,"without_ssp370",157,3,-0.645665476774262,0.304871138700702,"hist",-0.585315735188881,0.288438924046753,0.0603497415853808,0.209228840333625,1.05696947701582
0.1,"with_ssp370",157,11,2.82171642666938,1.48965217166283,"future",2.82820069064938,1.49129915973265,0.00648426397999247,0.00434806385940358,0.998895601825381
0.1,"without_ssp370",157,3,2.7558722276284,1.48021187784906,"future",2.82820069064938,1.49129915973265,0.0723284630209728,0.0485003042809596,0.992565353630605
