"tol","archive","draw","n_stitched","mean_gen","var_gen","time_period","mean_target","var_target","bias","E1","E2"
0.1,"with_ssp370",5,11,0.596120543450587,1.85641563844817,"hist+future",0.584255629839366,1.85512575391266,0.0118649136112204,0.00639574626474569,1.00069530840849
0.1,"without_ssp370",5,3,0.559035820442636,1.87462547116311,"hist+future",0.584255629839366,1.85512575391266,0.02521980939673,0.0135946629728678,1.01051126437618
0.1,"with_ssp370",5,11,-0.573583196740268,0.28818871664216,"hist",-0.585315735188881,0.288438924046753,0.0117325384486133,0.0406759888159602,0.999132546325291
0.1,"without_ssp370",5,3,-0.621205217321742,0.300993744787253,"hist",-0.585315735188881,0.288438924046753,0.0358894821328606,0.124426626023065,1.04352679092114
0.1,"with_ssp370",5,11,2.84031957986327,1.49543039139782,"future",2.82820069064938,1.49129915973265,0.0121188892138968,0.00812639713152484,1.00277022329035
0.1,"without_ssp370",5,3,2.82345176499057,1.50937893050582,"future",2.82820069064938,1.49129915973265,0.00474892565880491,0.00318442186989247,1.01212350362781
