"tol","archive","draw","n_stitched","mean_gen","var_gen","time_period","mean_target","var_target","bias","E1","E2"
0.1,"with_ssp245",17,8,0.391101712588791,1.47338164586668,"hist+future",0.420943195605871,1.47346351077296,0.0298414830170795,0.0202526108036601,0.999944440492971
0.1,"without_ssp245",17,5,0.410969782944357,1.47141496471055,"hist+future",0.420943195605871,1.47346351077296,0.00997341266151386,0.00676868655965693,0.998609706960885
0.1,"with_ssp245",17,8,-0.583257908388859,0.293313600533882,"hist",-0.551096103714508,0.281994538910597,0.0321618046743514,0.114051161411136,1.04013929371474
0.1,"without_ssp245",17,5,-0.56139826295021,0.283663251498244,"hist",-0.551096103714508,0.281994538910597,0.0103021592357019,0.0365331870450443,1.00591753511998
0.1,"with_ssp245",17,8,2.26051261330173,0.923489953974509,"future",2.28590231639497,0.943813935103928,0.0253897030932437,0.0269011742133771,0.978466114587319
0.1,"without_ssp245",17,5,2.27655963843975,0.931280499255051,"future",2.28590231639497,0.943813935103928,0.00934267795522281,0.00989885570421679,0.986720437808013
