"tol","archive","draw","n_stitched","mean_gen","var_gen","time_period","mean_target","var_target","bias","E1","E2"
0.1,"with_ssp245",57,8,0.406514443652173,1.46969248732377,"hist+future",0.420943195605871,1.47346351077296,0.0144287519536979,0.00979240534170321,0.997440707949925
0.1,"without_ssp245",57,6,0.409794133652926,1.45938009319286,"hist+future",0.420943195605871,1.47346351077296,0.0111490619529451,0.00756656807001376,0.990441963796775
0.1,"with_ssp245",57,8,-0.564443657067007,0.281554836539373,"hist",-0.551096103714508,0.281994538910597,0.0133475533524995,0.0473326661007827,0.998440741537325
0.1,"without_ssp245",57,6,-0.554310023508148,0.280141119133708,"hist",-0.551096103714508,0.281994538910597,0.00321391979363983,0.0113970994121229,0.993427462162744
0.1,"with_ssp245",57,8,2.26939917177618,0.933380977974805,"future",2.28590231639497,0.943813935103928,0.0165031446187878,0.017485591179548,0.988945959853862
0.1,"without_ssp245",57,6,2.25952885378754,0.926432909758955,"future",2.28590231639497,0.943813935103928,0.0263734626074257,0.0279434977875396,0.981584267090675
