"tol","archive","draw","n_stitched","mean_gen","var_gen","time_period","mean_target","var_target","bias","E1","E2"
0.1,"with_ssp370",69,13,0.584423979294922,1.85308217354394,"hist+future",0.584255629839366,1.85512575391266,0.000168349455555106,9.07482714851208e-05,0.998898414102435
0.1,"without_ssp370",69,4,0.531576916793583,1.84243861791613,"hist+future",0.584255629839366,1.85512575391266,0.052678713045783,0.0283963030186379,0.993161037212829
0.1,"with_ssp370",69,13,-0.582372214104759,0.287304998205586,"hist",-0.585315735188881,0.288438924046753,0.00294352108412277,0.0102050064631556,0.996068748887083
0.1,"without_ssp370",69,4,-0.633928455089854,0.301112916785776,"hist",-0.585315735188881,0.288438924046753,0.0486127199009727,0.16853730841505,1.04393995290652
0.1,"with_ssp370",69,13,2.82304458291059,1.49647440414743,"future",2.82820069064938,1.49129915973265,0.00515610773878983,0.0034574603661107,1.00347029258416
0.1,"without_ssp370",69,4,2.76772094424436,1.45721299315314,"future",2.82820069064938,1.49129915973265,0.060479746405012,0.0405550730785997,0.977143307325662
