"tol","archive","draw","n_stitched","mean_gen","var_gen","time_period","mean_target","var_target","bias","E1","E2"
0.1,"with_ssp370",35,11,0.585641901947929,1.85307594500403,"hist+future",0.584255629839366,1.85512575391266,0.00138627210856257,0.000747265842026488,0.998895056626587
0.1,"without_ssp370",35,3,0.524342440259036,1.8687177318328,"hist+future",0.584255629839366,1.85512575391266,0.0599131895803304,0.0322960259992979,1.00732671512509
0.1,"with_ssp370",35,11,-0.580640629330709,0.286041077723519,"hist",-0.585315735188881,0.288438924046753,0.00467510585817199,0.0162083043182279,0.99168681435365
0.1,"without_ssp370",35,3,-0.661376533455442,0.294019276999663,"hist",-0.585315735188881,0.288438924046753,0.0760607982665604,0.263698107035761,1.01934674028948
0.1,"with_ssp370",35,11,2.82327699102904,1.49909841125712,"future",2.82820069064938,1.49129915973265,0.00492369962033878,0.00330161764539683,1.00522983700056
0.1,"without_ssp370",35,3,2.7992683781996,1.46582242676084,"future",2.82820069064938,1.49129915973265,0.0289323124497729,0.0194007434799063,0.982916417000881
