"tol","archive","draw","n_stitched","mean_gen","var_gen","time_period","mean_target","var_target","bias","E1","E2"
0.1,"with_ssp370",3,12,0.587688423479722,1.85665910641559,"hist+future",0.584255629839366,1.85512575391266,0.00343279364035509,0.0018504371647663,1.00082654908957
0.1,"without_ssp370",3,4,0.546716418597121,1.87407187126742,"hist+future",0.584255629839366,1.85512575391266,0.0375392112422459,0.0202353997636395,1.01021284800494
0.1,"with_ssp370",3,12,-0.582295804982564,0.287071735625273,"hist",-0.585315735188881,0.288438924046753,0.00301993020631697,0.0104699121878137,0.995260041875424
0.1,"without_ssp370",3,4,-0.636028939664863,0.295179428762505,"hist",-0.585315735188881,0.288438924046753,0.050713204475982,0.175819559179059,1.02336891505898
0.1,"with_ssp370",3,12,2.83242560599457,1.49552886485754,"future",2.82820069064938,1.49129915973265,0.00422491534519587,0.00283304346926158,1.00283625528606
0.1,"without_ssp370",3,4,2.81593716409976,1.49889814736605,"future",2.82820069064938,1.49129915973265,0.0122635265496127,0.00822338460367083,1.00509554879302
