"tol","archive","draw","n_stitched","mean_gen","var_gen","time_period","mean_target","var_target","bias","E1","E2"
0.1,"with_ssp370",9,11,0.570343240110236,1.85517571635963,"hist+future",0.584255629839366,1.85512575391266,0.0139123897291306,0.0074994321542827,1.0000269321079
0.1,"without_ssp370",9,4,0.543943198123919,1.85337284649926,"hist+future",0.584255629839366,1.85512575391266,0.0403124317154474,0.0217302959815118,0.999055100491324
0.1,"with_ssp370",9,11,-0.602016244691825,0.289277286848341,"hist",-0.585315735188881,0.288438924046753,0.0167005095029433,0.0578996387472183,1.00290655224276
0.1,"without_ssp370",9,4,-0.636011518016552,0.301187249914371,"hist",-0.585315735188881,0.288438924046753,0.0506957828276704,0.175759159396438,1.04419766128913
0.1,"with_ssp370",9,11,2.81963760048628,1.4787826569589,"future",2.82820069064938,1.49129915973265,0.00856309016309442,0.00574203378792861,0.991606980603413
0.1,"without_ssp370",9,4,2.8078098046725,1.4322100538168,"future",2.82820069064938,1.49129915973265,0.0203908859768802,0.0136732364152446,0.960377429618852
