"tol","archive","draw","n_stitched","mean_gen","var_gen","time_period","mean_target","var_target","bias","E1","E2"
0.1,"with_ssp370",77,11,0.587807939885409,1.85126098943459,"hist+future",0.584255629839366,1.85512575391266,0.00355231004604306,0.00191486212648973,0.997916710244618
0.1,"without_ssp370",77,3,0.536046818847312,1.87164086405998,"hist+future",0.584255629839366,1.85512575391266,0.0482088109920547,0.0259868156594651,1.00890242082645
0.1,"with_ssp370",77,11,-0.577782561307008,0.28336868647451,"hist",-0.585315735188881,0.288438924046753,0.00753317388187302,0.0261170502794275,0.982421798344314
0.1,"without_ssp370",77,3,-0.648907314817185,0.298059734387678,"hist",-0.585315735188881,0.288438924046753,0.0635915796283033,0.220468093335405,1.03335475741605
0.1,"with_ssp370",77,11,2.82411529682435,1.49653829493643,"future",2.82820069064938,1.49129915973265,0.00408539382502626,0.00273948643929945,1.00351313495323
0.1,"without_ssp370",77,3,2.80950533111059,1.47858787205018,"future",2.82820069064938,1.49129915973265,0.0186953595387869,0.0125362905335094,0.991476366361829
