"tol","archive","draw","n_stitched","mean_gen","var_gen","time_period","mean_target","var_target","bias","E1","E2"
0.1,"with_ssp370",81,11,0.595744066311541,1.85535353613286,"hist+future",0.584255629839366,1.85512575391266,0.011488436472175,0.00619280738674704,1.00012278532586
0.1,"without_ssp370",81,3,0.517836562977238,1.84477133629702,"hist+future",0.584255629839366,1.85512575391266,0.0664190668621288,0.0358029997276701,0.994418482092762
0.1,"with_ssp370",81,11,-0.573390852226366,0.285527810970592,"hist",-0.585315735188881,0.288438924046753,0.0119248829625154,0.0413428354093516,0.989907350106156
0.1,"without_ssp370",81,3,-0.638226765435893,0.287309180723788,"hist",-0.585315735188881,0.288438924046753,0.0529110302470114,0.183439285879582,0.996083249420311
0.1,"with_ssp370",81,11,2.8388517588552,1.49505387546273,"future",2.82820069064938,1.49129915973265,0.0106510682058243,0.00714214055329699,1.00251774816982
0.1,"without_ssp370",81,3,2.73586504190941,1.51206012756937,"future",2.82820069064938,1.49129915973265,0.0923356487399705,0.0619162480829962,1.01392139712627
