"tol","archive","draw","n_stitched","mean_gen","var_gen","time_period","mean_target","var_target","bias","E1","E2"
0.1,"with_ssp245",18,8,0.396788592996041,1.47672590981951,"hist+future",0.420943195605871,1.47346351077296,0.0241546026098299,0.0163930782358897,1.00221410236677
0.1,"without_ssp245",18,5,0.41801444114042,1.4705262717255,"hist+future",0.420943195605871,1.47346351077296,0.00292875446545043,0.00198766677561906,0.998006574967087
0.1,"with_ssp245",18,8,-0.581213124997408,0.287008308470499,"hist",-0.551096103714508,0.281994538910597,0.0301170212829002,0.106800016054383,1.01777966899384
0.1,"without_ssp245",18,5,-0.555632101746447,0.28455217963175,"hist",-0.551096103714508,0.281994538910597,0.0045359980319386,0.0160854109071122,1.00906982358961
0.1,"with_ssp245",18,8,2.27318723798347,0.921306658796285,"future",2.28590231639497,0.943813935103928,0.0127150784114969,0.0134720180944317,0.976152845947157
0.1,"without_ssp245",18,5,2.28605722691173,0.919079217012159,"future",2.28590231639497,0.943813935103928,0.000154910516765749,0.000164132474637272,0.973792802615226
