"tol","archive","draw","n_stitched","mean_gen","var_gen","time_period","mean_target","var_target","bias","E1","E2"
0.1,"with_ssp245",173,8,0.39238407540952,1.4794649452853,"hist+future",0.420943195605871,1.47346351077296,0.0285591201963512,0.0193823056950826,1.00407301196701
0.1,"without_ssp245",173,6,0.410993269557987,1.4686845343014,"hist+future",0.420943195605871,1.47346351077296,0.00994992604788375,0.00675274682755064,0.996756637380822
0.1,"with_ssp245",173,8,-0.588245717828925,0.289219655111553,"hist",-0.551096103714508,0.281994538910597,0.0371496141144173,0.131738771459667,1.02562147561037
0.1,"without_ssp245",173,6,-0.559810081778755,0.280526524443364,"hist",-0.551096103714508,0.281994538910597,0.00871397806424679,0.0309012298532825,0.99479417412513
0.1,"with_ssp245",173,8,2.27382495778561,0.917141545195926,"future",2.28590231639497,0.943813935103928,0.0120773586093632,0.0127963342775113,0.971739779509545
0.1,"without_ssp245",173,6,2.27358109479708,0.929921267578015,"future",2.28590231639497,0.943813935103928,0.012321221597885,0.0130547146419577,0.985280289886392
