"tol","archive","draw","n_stitched","mean_gen","var_gen","time_period","mean_target","var_target","bias","E1","E2"
0.1,"with_ssp245",53,8,0.405574899430298,1.47149829722937,"hist+future",0.420943195605871,1.47346351077296,0.0153682961755727,0.0104300487003649,0.998666262497017
0.1,"without_ssp245",53,6,0.405923159012221,1.46047353291963,"hist+future",0.420943195605871,1.47346351077296,0.0150200365936498,0.0101936943017818,0.991184051889741
0.1,"with_ssp245",53,8,-0.565950514361538,0.285545652262125,"hist",-0.551096103714508,0.281994538910597,0.0148544106470305,0.0526762351654615,1.01259284440488
0.1,"without_ssp245",53,6,-0.559538474780025,0.275228564566515,"hist",-0.551096103714508,0.281994538910597,0.00844237106551671,0.0299380658154988,0.976006718533556
0.1,"with_ssp245",53,8,2.26954807705417,0.936050903420901,"future",2.28590231639497,0.943813935103928,0.0163542393407985,0.0173278214407776,0.991774828285225
0.1,"without_ssp245",53,6,2.25826234012525,0.926364674991225,"future",2.28590231639497,0.943813935103928,0.027639976269719,0.029285408110313,0.981511970247842
