"tol","archive","draw","n_stitched","mean_gen","var_gen","time_period","mean_target","var_target","bias","E1","E2"
0.1,"with_ssp245",4,8,0.390962468748767,1.4784666883669,"hist+future",-0.150867585118092,1.11043647421389,0.541830053866859,0.487943314587571,1.33142842719892
0.1,"without_ssp245",4,5,0.437312349780524,1.46220461863977,"hist+future",-0.150867585118092,1.11043647421389,0.588179934898616,0.529683551069419,1.31678367254184
0.1,"with_ssp245",4,8,-0.588027485461834,0.290965557143905,"hist",-0.57422558820925,0.285641288092528,0.0138018972525843,0.048318985482636,1.01863970396903
0.1,"without_ssp245",4,5,-0.526702087243069,0.266210482193317,"hist",-0.57422558820925,0.285641288092528,0.0475235009661806,0.166374760748125,0.931974799480262
0.1,"with_ssp245",4,8,2.26925714833887,0.921193806108851,"future",2.28590231639497,0.943813935103928,0.0166451680560944,0.0176360693956712,0.976033275041033
0.1,"without_ssp245",4,5,2.28687493244207,0.94737834640174,"future",2.28590231639497,0.943813935103928,0.000972616047099528,0.00103051672678729,1.00377660380424
