"tol","archive","draw","n_stitched","mean_gen","var_gen","time_period","mean_target","var_target","bias","E1","E2"
0.1,"with_ssp245",96,7,0.411689553290802,1.47563932983173,"hist+future",0.420943195605871,1.47346351077296,0.00925364231506864,0.0062801978110841,1.00147666979389
0.1,"without_ssp245",96,5,0.415020926891139,1.46017262234469,"hist+future",0.420943195605871,1.47346351077296,0.00592226871473156,0.00401928427235012,0.990979831986947
0.1,"with_ssp245",96,7,-0.563594415341812,0.287675158953081,"hist",-0.551096103714508,0.281994538910597,0.0124983116273036,0.0443211123009232,1.02014443281217
0.1,"without_ssp245",96,5,-0.550854152417443,0.281296568166816,"hist",-0.551096103714508,0.281994538910597,0.000241951297065057,0.000857999938579536,0.997524878508364
0.1,"with_ssp245",96,7,2.28287391171384,0.931779253828545,"future",2.28590231639497,0.943813935103928,0.00302840468112908,0.00320868824721857,0.9872488836753
0.1,"without_ssp245",96,5,2.26815334649481,0.918775600269205,"future",2.28590231639497,0.943813935103928,0.017748969900155,0.018805581524075,0.973471111303346
