"tol","archive","draw","n_stitched","mean_gen","var_gen","time_period","mean_target","var_target","bias","E1","E2"
0.1,"with_ssp370",185,12,0.587570392143813,1.85512132412551,"hist+future",0.584255629839366,1.85512575391266,0.00331476230444649,0.00178681272547443,0.999997612136456
0.1,"without_ssp370",185,4,0.542125751774272,1.84266728612416,"hist+future",0.584255629839366,1.85512575391266,0.0421298780650947,0.0227099850111176,0.993284300127782
0.1,"with_ssp370",185,12,-0.581549399452862,0.289775940295198,"hist",-0.585315735188881,0.288438924046753,0.00376633573601981,0.013057654227726,1.00463535305737
0.1,"without_ssp370",185,4,-0.628228221074175,0.301576949827004,"hist",-0.585315735188881,0.288438924046753,0.0429124858852937,0.148774947858071,1.04554872690525
0.1,"with_ssp370",185,12,2.83064906206766,1.49274113515559,"future",2.82820069064938,1.49129915973265,0.00244837141828835,0.00164177080253118,1.0009669256591
0.1,"without_ssp370",185,4,2.78757232758815,1.43589413096824,"future",2.82820069064938,1.49129915973265,0.0406283630612245,0.0272436035359318,0.962847810646962
