"tol","archive","draw","n_stitched","mean_gen","var_gen","time_period","mean_target","var_target","bias","E1","E2"
0.1,"with_ssp370",74,12,0.589411003712767,1.85270470204153,"hist+future",0.584255629839366,1.85512575391266,0.00515537387340081,0.00277898889739823,0.99869493921583
0.1,"without_ssp370",74,3,0.52965697818076,1.88234726302049,"hist+future",0.584255629839366,1.85512575391266,0.0545986516586063,0.0294312401967639,1.01467367322696
0.1,"with_ssp370",74,12,-0.578754534859436,0.286939369416015,"hist",-0.585315735188881,0.288438924046753,0.00656120032944529,0.0227472777855106,0.994801136373345
0.1,"without_ssp370",74,3,-0.665675776400594,0.310965989583379,"hist",-0.585315735188881,0.288438924046753,0.0803600412117127,0.278603317764031,1.07809994996714
0.1,"with_ssp370",74,12,2.83065883934548,1.48921085175017,"future",2.82820069064938,1.49129915973265,0.00245814869610639,0.00164832701746246,0.998599671991464
0.1,"without_ssp370",74,3,2.82302796080778,1.46623480492003,"future",2.82820069064938,1.49129915973265,0.0051727298416,0.0034686064213483,0.983192939760585
