"tol","archive","draw","n_stitched","mean_gen","var_gen","time_period","mean_target","var_target","bias","E1","E2"
0.1,"with_ssp370",79,12,0.588351093762003,1.85294752721244,"hist+future",0.584255629839366,1.85512575391266,0.00409546392263627,0.00220764760232479,0.998825833399362
0.1,"without_ssp370",79,4,0.526910636422131,1.84297523299849,"hist+future",0.584255629839366,1.85512575391266,0.0573449934172353,0.0309116475237802,0.993450297971149
0.1,"with_ssp370",79,12,-0.579706397120664,0.286413126220519,"hist",-0.585315735188881,0.288438924046753,0.00560933806821784,0.0194472299005963,0.992976683597995
0.1,"without_ssp370",79,4,-0.639062863893665,0.304320073425702,"hist",-0.585315735188881,0.288438924046753,0.0537471287047832,0.186337987781674,1.05505896761831
0.1,"with_ssp370",79,12,2.82939162859503,1.49076184560033,"future",2.82820069064938,1.49129915973265,0.00119093794564851,0.000798590905034782,0.999639700640335
0.1,"without_ssp370",79,4,2.76395281726058,1.45581341619163,"future",2.82820069064938,1.49129915973265,0.0642478733888003,0.0430818142486704,0.976204812220657
