"tol","archive","draw","n_stitched","mean_gen","var_gen","time_period","mean_target","var_target","bias","E1","E2"
0.1,"with_ssp245",159,8,0.393146175179382,1.47243326684304,"hist+future",0.420943195605871,1.47346351077296,0.0277970204264885,0.0188650891068938,0.999300801192299
0.1,"without_ssp245",159,5,0.405239165979625,1.46388541229481,"hist+future",0.420943195605871,1.47346351077296,0.0157040296262455,0.0106579019510346,0.993499602529599
0.1,"with_ssp245",159,8,-0.580932947075139,0.291739192374909,"hist",-0.551096103714508,0.281994538910597,0.0298368433606313,0.105806458082122,1.03455617793861
0.1,"without_ssp245",159,5,-0.565087679875106,0.275573636251831,"hist",-0.551096103714508,0.281994538910597,0.0139915761605979,0.0496164791511573,0.977230400689418
0.1,"with_ssp245",159,8,2.26201890973748,0.921686162055392,"future",2.28590231639497,0.943813935103928,0.0238834066574931,0.0253052066399753,0.976554941365536
0.1,"without_ssp245",159,5,2.26691276558463,0.913030795347377,"future",2.28590231639497,0.943813935103928,0.0189895508103364,0.0201200152954357,0.967384313145196
