"tol","archive","draw","n_stitched","mean_gen","var_gen","time_period","mean_target","var_target","bias","E1","E2"
0.1,"with_ssp370",71,12,0.577321890468863,1.85444586749079,"hist+future",0.584255629839366,1.85512575391266,0.00693373937050301,0.0037376115100979,0.999633509253783
0.1,"without_ssp370",71,3,0.539103805909525,1.87576295124888,"hist+future",0.584255629839366,1.85512575391266,0.0451518239298412,0.0243389559088439,1.01112441962098
0.1,"with_ssp370",71,12,-0.591485410302354,0.286204598992235,"hist",-0.585315735188881,0.288438924046753,0.00616967511347222,0.0213898839550247,0.992253732529678
0.1,"without_ssp370",71,3,-0.650719932131529,0.288820598802435,"hist",-0.585315735188881,0.288438924046753,0.0654041969426478,0.22675232602118,1.00132324289082
0.1,"with_ssp370",71,12,2.81980101404155,1.49298420526096,"future",2.82820069064938,1.49129915973265,0.00839967660782959,0.00563245580406243,1.00112991784198
0.1,"without_ssp370",71,3,2.82190516377899,1.47541060404643,"future",2.82820069064938,1.49129915973265,0.00629552687038659,0.00422150500742937,0.98934582938472
