"tol","archive","draw","n_stitched","mean_gen","var_gen","time_period","mean_target","var_target","bias","E1","E2"
0.1,"with_ssp370",62,12,0.582740058443479,1.85535130022415,"hist+future",0.584255629839366,1.85512575391266,0.00151557139588709,0.000816964236893692,1.00012158006594
0.1,"without_ssp370",62,4,0.563149668486954,1.85326753901346,"hist+future",0.584255629839366,1.85512575391266,0.0211059613524122,0.0113771054646281,0.998998334805455
0.1,"with_ssp370",62,12,-0.587439289544148,0.291307707406661,"hist",-0.585315735188881,0.288438924046753,0.00212355435526645,0.00736223227251482,1.00994589537244
0.1,"without_ssp370",62,4,-0.607010183196571,0.296034833264717,"hist",-0.585315735188881,0.288438924046753,0.0216944480076897,0.0752133162311106,1.02633454982911
0.1,"with_ssp370",62,12,2.82785159818718,1.48834364824546,"future",2.82820069064938,1.49129915973265,0.000349092462194278,0.000234086138864895,0.998018163245183
0.1,"without_ssp370",62,4,2.80822380253093,1.47826610321706,"future",2.82820069064938,1.49129915973265,0.0199768881184492,0.0133956275560636,0.991260602253727
