"tol","archive","draw","n_stitched","mean_gen","var_gen","time_period","mean_target","var_target","bias","E1","E2"
0.1,"with_ssp245",114,8,0.395122553425581,1.47341744263734,"hist+future",0.420943195605871,1.47346351077296,0.0258206421802895,0.0175237744209521,0.999968734797103
0.1,"without_ssp245",114,5,0.404047169362106,1.46651213386639,"hist+future",0.420943195605871,1.47346351077296,0.0168960262437644,0.011466877951325,0.995282287714797
0.1,"with_ssp245",114,8,-0.580110832162147,0.290208021668694,"hist",-0.551096103714508,0.281994538910597,0.0290147284476391,0.102891100514673,1.02912638943232
0.1,"without_ssp245",114,5,-0.565126938723377,0.285087852424485,"hist",-0.551096103714508,0.281994538910597,0.0140308350088689,0.0497556976212125,1.01096940928657
0.1,"with_ssp245",114,8,2.26620986298343,0.920363147183122,"future",2.28590231639497,0.943813935103928,0.0196924534115372,0.0208647623001761,0.975153166266587
0.1,"without_ssp245",114,5,2.26350912092146,0.926513851021145,"future",2.28590231639497,0.943813935103928,0.022393195473505,0.0237262818873714,0.981670026856641
