"tol","archive","draw","n_stitched","mean_gen","var_gen","time_period","mean_target","var_target","bias","E1","E2"
0.1,"with_ssp245",131,8,0.391542553301327,1.47546615381798,"hist+future",0.420943195605871,1.47346351077296,0.0294006423045438,0.0199534240852157,1.00135913989751
0.1,"without_ssp245",131,6,0.407668272803232,1.4723247080584,"hist+future",0.420943195605871,1.47346351077296,0.0132749228026384,0.00900933257293528,0.999227125268974
0.1,"with_ssp245",131,8,-0.584939592815304,0.285712753860156,"hist",-0.551096103714508,0.281994538910597,0.0338434891007964,0.120014696850303,1.01318541473861
0.1,"without_ssp245",131,6,-0.56407087458306,0.28352782865497,"hist",-0.551096103714508,0.281994538910597,0.0129747708685526,0.0460107167985479,1.00543730297153
0.1,"with_ssp245",131,8,2.26502574061812,0.925213913591042,"future",2.28590231639497,0.943813935103928,0.0208765757768496,0.0221193765003595,0.980292703020074
0.1,"without_ssp245",131,6,2.27205152069554,0.939462313875675,"future",2.28590231639497,0.943813935103928,0.0138507956994305,0.0146753456208562,0.995389322973099
