"tol","archive","draw","n_stitched","mean_gen","var_gen","time_period","mean_target","var_target","bias","E1","E2"
0.1,"with_ssp370",108,12,0.572485809276537,1.8521223325242,"hist+future",0.584255629839366,1.85512575391266,0.0117698205628296,0.00634448664086829,0.99838101466592
0.1,"without_ssp370",108,4,0.545649051693807,1.87381392899401,"hist+future",0.584255629839366,1.85512575391266,0.0386065781455596,0.0208107607067252,1.01007380499243
0.1,"with_ssp370",108,12,-0.59546184276347,0.288906129170649,"hist",-0.585315735188881,0.288438924046753,0.010146107574589,0.0351759305999367,1.00161977141414
0.1,"without_ssp370",108,4,-0.637716380848771,0.303402002697208,"hist",-0.585315735188881,0.288438924046753,0.0524006456598897,0.181669813923575,1.05187607289795
0.1,"with_ssp370",108,12,2.81331560679516,1.48732206721817,"future",2.82820069064938,1.49129915973265,0.0148850838542214,0.00998128628791683,0.997333135683393
0.1,"without_ssp370",108,4,2.81605947459526,1.49203647449075,"future",2.82820069064938,1.49129915973265,0.0121412160541121,0.00814136853419049,1.00049441103302
