"tol","archive","draw","n_stitched","mean_gen","var_gen","time_period","mean_target","var_target","bias","E1","E2"
0.1,"with_ssp370",89,11,0.584922177788835,1.85447583290431,"hist+future",0.584255629839366,1.85512575391266,0.000666547949468854,0.000359300682480976,0.999649662020495
0.1,"without_ssp370",89,3,0.521548265766801,1.87304413154635,"hist+future",0.584255629839366,1.85512575391266,0.0627073640725658,0.0338022174185815,1.00965884797615
0.1,"with_ssp370",89,11,-0.582317195215144,0.285441819634168,"hist",-0.585315735188881,0.288438924046753,0.00299853997373689,0.0103957535677496,0.989609223434422
0.1,"without_ssp370",89,3,-0.667585780581457,0.30296003559155,"hist",-0.585315735188881,0.288438924046753,0.0822700453925752,0.285225184723127,1.05034380013997
0.1,"with_ssp370",89,11,2.82439306785461,1.50019858728907,"future",2.82820069064938,1.49129915973265,0.00380762279476654,0.00255322533370779,1.00596756693541
0.1,"without_ssp370",89,3,2.8030263779466,1.46292604357156,"future",2.82820069064938,1.49129915973265,0.0251743127027804,0.0168807931919531,0.980974229096877
