"tol","archive","draw","n_stitched","mean_gen","var_gen","time_period","mean_target","var_target","bias","E1","E2"
0.1,"with_ssp370",165,12,0.591536598487261,1.85060588595178,"hist+future",0.584255629839366,1.85512575391266,0.00728096864789496,0.00392478441557862,0.997563578667724
0.1,"without_ssp370",165,4,0.517910017359259,1.83098634443046,"hist+future",0.584255629839366,1.85512575391266,0.0663456124801077,0.0357634043623068,0.986987723376008
0.1,"with_ssp370",165,12,-0.574376747421805,0.286867840209731,"hist",-0.585315735188881,0.288438924046753,0.0109389877670764,0.0379247974358109,0.994553149016852
0.1,"without_ssp370",165,4,-0.63735278693374,0.295958677356114,"hist",-0.585315735188881,0.288438924046753,0.0520370517448591,0.180409256194647,1.02607052198039
0.1,"with_ssp370",165,12,2.82846336680117,1.49150695102925,"future",2.82820069064938,1.49129915973265,0.000262676151791208,0.000176139140210002,1.00013933575651
0.1,"without_ssp370",165,4,2.73440260699118,1.46282578479467,"future",2.82820069064938,1.49129915973265,0.0937980836582009,0.0628968929849168,0.980906999945548
