"tol","archive","draw","n_stitched","mean_gen","var_gen","time_period","mean_target","var_target","bias","E1","E2"
0.1,"with_ssp370",198,12,0.585151427420901,1.85499696203956,"hist+future",0.584255629839366,1.85512575391266,0.000895797581534574,0.000482877012323957,0.999930575125255
0.1,"without_ssp370",198,3,0.501264795030762,1.86504576732299,"hist+future",0.584255629839366,1.85512575391266,0.0829908348086045,0.0447359617716307,1.00534735361708
0.1,"with_ssp370",198,12,-0.583261580821291,0.288765741913368,"hist",-0.585315735188881,0.288438924046753,0.00205415436758993,0.00712162678590833,1.00113305743216
0.1,"without_ssp370",198,3,-0.674429885979972,0.315430267104507,"hist",-0.585315735188881,0.288438924046753,0.0891141507910902,0.308953276973969,1.09357732541458
0.1,"with_ssp370",198,12,2.82687405951348,1.49576426933037,"future",2.82820069064938,1.49129915973265,0.00132663113589748,0.00088958082437015,1.00299410723099
0.1,"without_ssp370",198,3,2.75695807836531,1.48879271292808,"future",2.82820069064938,1.49129915973265,0.0712426122840681,0.0477721802625035,0.998319286383141
