"tol","archive","draw","n_stitched","mean_gen","var_gen","time_period","mean_target","var_target","bias","E1","E2"
0.1,"with_ssp370",80,12,0.589590634338108,1.85101141142343,"hist+future",0.584255629839366,1.85512575391266,0.00533500449874125,0.00287581824978126,0.997782175962703
0.1,"without_ssp370",80,4,0.541745659227475,1.85688470409821,"hist+future",0.584255629839366,1.85512575391266,0.0425099706118911,0.0229148727638722,1.00094815684696
0.1,"with_ssp370",80,12,-0.575959250626512,0.283115413131815,"hist",-0.585315735188881,0.288438924046753,0.00935648456236893,0.032438356207612,0.981543715250875
0.1,"without_ssp370",80,4,-0.628359938076177,0.295512991490505,"hist",-0.585315735188881,0.288438924046753,0.0430442028872954,0.14923160259854,1.0245253565105
0.1,"with_ssp370",80,12,2.82582006479348,1.49593852617804,"future",2.82820069064938,1.49129915973265,0.00238062585589338,0.00159634359099362,1.00311095625255
0.1,"without_ssp370",80,4,2.78671570056588,1.49191830931163,"future",2.82820069064938,1.49129915973265,0.0414849900834993,0.0278180201556182,1.00041517463142
