"tol","archive","draw","n_stitched","mean_gen","var_gen","time_period","mean_target","var_target","bias","E1","E2"
0.1,"with_ssp370",110,12,0.593386763403046,1.85370792441066,"hist+future",0.584255629839366,1.85512575391266,0.00913113356367989,0.00492211029059423,0.999235723239241
0.1,"without_ssp370",110,3,0.532651913503859,1.87235867793773,"hist+future",0.584255629839366,1.85512575391266,0.0516037163355078,0.027816829250885,1.00928935625454
0.1,"with_ssp370",110,12,-0.57542768048801,0.285037109667313,"hist",-0.585315735188881,0.288438924046753,0.00988805470087095,0.0342812771665595,0.988206118883979
0.1,"without_ssp370",110,3,-0.644697788183633,0.304272304266803,"hist",-0.585315735188881,0.288438924046753,0.0593820529947516,0.20587392353858,1.05489335488397
0.1,"with_ssp370",110,12,2.83587959179868,1.49070346166005,"future",2.82820069064938,1.49129915973265,0.0076789011493017,0.00514913530205323,0.999600550923191
0.1,"without_ssp370",110,3,2.7915205272066,1.51257278073864,"future",2.82820069064938,1.49129915973265,0.0366801634427723,0.0245961135318738,1.01426515992257
