"tol","archive","draw","n_stitched","mean_gen","var_gen","time_period","mean_target","var_target","bias","E1","E2"
0.1,"with_ssp245",193,7,0.407002476898163,1.47261367304713,"hist+future",0.420943195605871,1.47346351077296,0.0139407187077077,0.00946119032183878,0.99942323802414
0.1,"without_ssp245",193,5,0.433649973133944,1.45481987951997,"hist+future",0.420943195605871,1.47346351077296,0.012706777528073,0.00862374767693243,0.987347069597118
0.1,"with_ssp245",193,7,-0.565796763067726,0.285764319719684,"hist",-0.551096103714508,0.281994538910597,0.014700659353218,0.0521310072528696,1.01336827593772
0.1,"without_ssp245",193,5,-0.524705034240896,0.270088167639811,"hist",-0.551096103714508,0.281994538910597,0.0263910694736124,0.0935871651116595,0.957778007628152
0.1,"with_ssp245",193,7,2.27341962334435,0.933489649581151,"future",2.28590231639497,0.943813935103928,0.0124826930506239,0.0132257986307962,0.989061100775504
0.1,"without_ssp245",193,5,2.27235434774846,0.944260270925248,"future",2.28590231639497,0.943813935103928,0.0135479686465083,0.0143544910099431,1.00047290658118
