"tol","archive","draw","n_stitched","mean_gen","var_gen","time_period","mean_target","var_target","bias","E1","E2"
0.1,"with_ssp245",68,8,0.389030809897888,1.47910952030462,"hist+future",0.420943195605871,1.47346351077296,0.0319123857079829,0.0216580766843979,1.00383179460528
0.1,"without_ssp245",68,5,0.408472146577037,1.46455762469033,"hist+future",0.420943195605871,1.47346351077296,0.0124710490288342,0.0084637650933697,0.993955814977761
0.1,"with_ssp245",68,8,-0.591113535457775,0.290403988120162,"hist",-0.551096103714508,0.281994538910597,0.0400174317432672,0.141908534462627,1.0298213193846
0.1,"without_ssp245",68,5,-0.55864672322038,0.288021967033407,"hist",-0.551096103714508,0.281994538910597,0.00755061950587255,0.0267757650025498,1.02137427251639
0.1,"with_ssp245",68,8,2.26954030970817,0.91765812894144,"future",2.28590231639497,0.943813935103928,0.0163620066867978,0.0173360511836436,0.972287115934977
0.1,"without_ssp245",68,5,2.26399090839766,0.927786777835952,"future",2.28590231639497,0.943813935103928,0.0219114079973068,0.0232158131834471,0.983018732112478
