"tol","archive","draw","n_stitched","mean_gen","var_gen","time_period","mean_target","var_target","bias","E1","E2"
0.1,"with_ssp245",28,8,0.390960765347313,1.47963108809242,"hist+future",0.420943195605871,1.47346351077296,0.0299824302585573,0.0203482679003221,1.00418576861548
0.1,"without_ssp245",28,5,0.411385281986658,1.45803437304739,"hist+future",0.420943195605871,1.47346351077296,0.00955791361921271,0.00648669855027407,0.989528659778297
0.1,"with_ssp245",28,8,-0.587880315259818,0.291383284050686,"hist",-0.551096103714508,0.281994538910597,0.0367842115453099,0.130442992575015,1.03329406724101
0.1,"without_ssp245",28,5,-0.553616257576095,0.287309410035187,"hist",-0.551096103714508,0.281994538910597,0.00252015386158733,0.00893688888913664,1.01884742571655
0.1,"with_ssp245",28,8,2.26896981534937,0.927269089818034,"future",2.28590231639497,0.943813935103928,0.0169325010456016,0.0179405075680908,0.982470225676344
0.1,"without_ssp245",28,5,2.26284172417101,0.910389503654385,"future",2.28590231639497,0.943813935103928,0.0230605922239588,0.0244334093471713,0.964585783059177
