"tol","archive","draw","n_stitched","mean_gen","var_gen","time_period","mean_target","var_target","bias","E1","E2"
0.1,"with_ssp245",29,8,0.408648908288256,1.46585525251261,"hist+future",0.420943195605871,1.47346351077296,0.0122942873176152,0.00834380168068484,0.99483648003176
0.1,"without_ssp245",29,5,0.411455208791236,1.47020988681943,"hist+future",0.420943195605871,1.47346351077296,0.00948798681463503,0.00643924111134434,0.997791853052521
0.1,"with_ssp245",29,8,-0.558735327648255,0.283145547718038,"hist",-0.551096103714508,0.281994538910597,0.0076392239337475,0.0270899711861775,1.0040816705596
0.1,"without_ssp245",29,5,-0.55989828029935,0.280821164454293,"hist",-0.551096103714508,0.281994538910597,0.00880217658484173,0.0312139966215173,0.995839017092892
0.1,"with_ssp245",29,8,2.26467680281761,0.935636139876255,"future",2.28590231639497,0.943813935103928,0.0212255135773609,0.0224890868717929,0.991335373505825
0.1,"without_ssp245",29,5,2.27509853088364,0.933311955418958,"future",2.28590231639497,0.943813935103928,0.0108037855113312,0.0114469442646464,0.9888728283252
