"tol","archive","draw","n_stitched","mean_gen","var_gen","time_period","mean_target","var_target","bias","E1","E2"
0.1,"with_ssp245",20,7,0.409891488320894,1.47307191931999,"hist+future",0.420943195605871,1.47346351077296,0.0110517072849772,0.0075004960789152,0.99973423742759
0.1,"without_ssp245",20,6,0.410665597824494,1.46610556611429,"hist+future",0.420943195605871,1.47346351077296,0.0102775977813766,0.00697512880789636,0.995006361131526
0.1,"with_ssp245",20,7,-0.563586000876814,0.285264037385498,"hist",-0.551096103714508,0.281994538910597,0.0124898971623064,0.0442912731947131,1.01159419075111
0.1,"without_ssp245",20,6,-0.558789140357985,0.275939932578491,"hist",-0.551096103714508,0.281994538910597,0.0076930366434772,0.0272808000934946,0.978529348988471
0.1,"with_ssp245",20,7,2.27760992689789,0.931928791052163,"future",2.28590231639497,0.943813935103928,0.00829238949707811,0.00878604266016161,0.987407322979973
0.1,"without_ssp245",20,6,2.2706659675932,0.92855663628016,"future",2.28590231639497,0.943813935103928,0.0152363488017646,0.0161433819051282,0.983834420899827
