"tol","archive","draw","n_stitched","mean_gen","var_gen","time_period","mean_target","var_target","bias","E1","E2"
0.1,"with_ssp245",176,7,0.406554908999446,1.47363371904685,"hist+future",0.420943195605871,1.47346351077296,0.014388286606425,0.00976494260036146,1.00011551577127
0.1,"without_ssp245",176,4,0.414836220857501,1.46331869738878,"hist+future",0.420943195605871,1.47346351077296,0.00610697474837019,0.00414463928269695,0.993114988386198
0.1,"with_ssp245",176,7,-0.567643430884464,0.290338817805305,"hist",-0.551096103714508,0.281994538910597,0.016547327169956,0.0586796015053402,1.02959021450182
0.1,"without_ssp245",176,4,-0.553523561512136,0.283337638159122,"hist",-0.551096103714508,0.281994538910597,0.00242745779762832,0.00860817307670597,1.00476285552803
0.1,"with_ssp245",176,7,2.27565637505578,0.927277989413106,"future",2.28590231639497,0.943813935103928,0.0102459413391851,0.0108558911434772,0.982479655072055
0.1,"without_ssp245",176,4,2.27273580331087,0.91713388569942,"future",2.28590231639497,0.943813935103928,0.0131665130840957,0.0139503270659442,0.971731664036545
