"tol","archive","draw","n_stitched","mean_gen","var_gen","time_period","mean_target","var_target","bias","E1","E2"
0.1,"with_ssp245",56,7,0.406332083898214,1.47300213036337,"hist+future",0.420943195605871,1.47346351077296,0.0146111117076565,0.0099161679952235,0.999686873542361
0.1,"without_ssp245",56,5,0.412073732626148,1.46294012007941,"hist+future",0.420943195605871,1.47346351077296,0.00886946297972302,0.00601946564327894,0.992858058162548
0.1,"with_ssp245",56,7,-0.567841616454852,0.289801503729821,"hist",-0.551096103714508,0.281994538910597,0.0167455127403444,0.0593824008260435,1.02768480854056
0.1,"without_ssp245",56,5,-0.556371037070889,0.286033173318516,"hist",-0.551096103714508,0.281994538910597,0.00527493335638096,0.0187057996823595,1.01432167595699
0.1,"with_ssp245",56,7,2.27538627643607,0.924810593237179,"future",2.28590231639497,0.943813935103928,0.0105160399588948,0.0111420689690674,0.979865372654562
0.1,"without_ssp245",56,5,2.27013637216116,0.913638588656247,"future",2.28590231639497,0.943813935103928,0.0157659442338094,0.0167045046141148,0.968028288918664
