"tol","archive","draw","n_stitched","mean_gen","var_gen","time_period","mean_target","var_target","bias","E1","E2"
0.1,"with_ssp245",93,7,0.407171058955737,1.47218688356321,"hist+future",0.420943195605871,1.47346351077296,0.0137721366501338,0.00934677821978036,0.999133587496116
0.1,"without_ssp245",93,5,0.40172432911413,1.45788173329248,"hist+future",0.420943195605871,1.47346351077296,0.0192188664917406,0.0130433270666191,0.989425067287677
0.1,"with_ssp245",93,7,-0.56556068586814,0.286149566299076,"hist",-0.551096103714508,0.281994538910597,0.0144645821536322,0.0512938378505905,1.01473442501593
0.1,"without_ssp245",93,5,-0.564419976677367,0.278508683501203,"hist",-0.551096103714508,0.281994538910597,0.0133238729628593,0.0472486914616579,0.98763857121893
0.1,"with_ssp245",93,7,2.27345870890852,0.931688928082823,"future",2.28590231639497,0.943813935103928,0.0124436074864449,0.013184386268968,0.987153180759331
0.1,"without_ssp245",93,5,2.25537328790014,0.90812235833919,"future",2.28590231639497,0.943813935103928,0.0305290284948265,0.0323464481285338,0.96218367261042
