"tol","archive","draw","n_stitched","mean_gen","var_gen","time_period","mean_target","var_target","bias","E1","E2"
0.1,"with_ssp370",112,12,0.592465555770792,1.85335351378329,"hist+future",0.584255629839366,1.85512575391266,0.00820992593142589,0.00442553606628028,0.999044679248492
0.1,"without_ssp370",112,3,0.521498428271264,1.86712084218649,"hist+future",0.584255629839366,1.85512575391266,0.0627572015681019,0.0338290821717828,1.00646591652805
0.1,"with_ssp370",112,12,-0.574746021041213,0.288318628796179,"hist",-0.585315735188881,0.288438924046753,0.0105697141476681,0.0366445485213182,0.99958294376887
0.1,"without_ssp370",112,3,-0.660729345601268,0.315789454772317,"hist",-0.585315735188881,0.288438924046753,0.0754136104123867,0.261454346571349,1.09482260695554
0.1,"with_ssp370",112,12,2.83188311593336,1.4952376634217,"future",2.82820069064938,1.49129915973265,0.00368242528398444,0.00246927335803274,1.00264098833782
0.1,"without_ssp370",112,3,2.78972613395694,1.46701512682523,"future",2.82820069064938,1.49129915973265,0.0384745566924392,0.0257993551738718,0.983716189505685
