"tol","archive","draw","n_stitched","mean_gen","var_gen","time_period","mean_target","var_target","bias","E1","E2"
0.1,"with_ssp245",54,8,0.400391319767051,1.47000583054901,"hist+future",0.420943195605871,1.47346351077296,0.0205518758388195,0.013948004608569,0.997653365557631
0.1,"without_ssp245",54,6,0.407951427834051,1.46089067210914,"hist+future",0.420943195605871,1.47346351077296,0.0129917677718193,0.00881716287972678,0.99146715302286
0.1,"with_ssp245",54,8,-0.569732946759427,0.286591630314027,"hist",-0.551096103714508,0.281994538910597,0.0186368430449187,0.0660893757620863,1.01630205826393
0.1,"without_ssp245",54,6,-0.55759012162918,0.281285891654278,"hist",-0.551096103714508,0.281994538910597,0.00649401791467208,0.0230288782887775,0.997487017801631
0.1,"with_ssp245",54,8,2.26167624973064,0.936735462533274,"future",2.28590231639497,0.943813935103928,0.0242260666643266,0.0256682654952101,0.992500139797285
0.1,"without_ssp245",54,6,2.26044393552514,0.924323155900522,"future",2.28590231639497,0.943813935103928,0.0254583808698339,0.0269739404377734,0.979348917749069
