"tol","archive","draw","n_stitched","mean_gen","var_gen","time_period","mean_target","var_target","bias","E1","E2"
0.1,"with_ssp370",1,13,0.588554839346456,1.8505447100121,"hist+future",NA,NA,NA,NA,NA
0.1,"without_ssp370",1,3,0.510525455663313,1.86714595692693,"hist+future",NA,NA,NA,NA,NA
0.1,"with_ssp370",1,13,-0.577868273127755,0.283959173140496,"hist",-0.57422558820925,0.285641288092528,0.00364268491850528,0.0127526554120751,0.994111093101195
0.1,"without_ssp370",1,3,-0.672447996566463,0.307393962190253,"hist",-0.57422558820925,0.285641288092528,0.0982224083572129,0.343866284223574,1.07615381600813
0.1,"with_ssp370",1,13,2.82645964816326,1.49014711519425,"future",NA,NA,NA,NA,NA
0.1,"without_ssp370",1,3,2.78018382331346,1.46715714942921,"future",NA,NA,NA,NA,NA
