"tol","archive","draw","n_stitched","mean_gen","var_gen","time_period","mean_target","var_target","bias","E1","E2"
0.1,"with_ssp245",162,8,0.391231469283419,1.47123460148887,"hist+future",0.420943195605871,1.47346351077296,0.0297117263224514,0.0201645484297504,0.998487299300054
0.1,"without_ssp245",162,5,0.411161194416328,1.46291305778986,"hist+future",0.420943195605871,1.47346351077296,0.00978200118954309,0.0066387807489115,0.992839691715498
0.1,"with_ssp245",162,8,-0.582102214576155,0.284505171514609,"hist",-0.551096103714508,0.281994538910597,0.031006110861647,0.109952877035952,1.00890312491054
0.1,"without_ssp245",162,5,-0.556079459225377,0.279781222499014,"hist",-0.551096103714508,0.281994538910597,0.00498335551086893,0.0176718156674971,0.992151208246324
0.1,"with_ssp245",162,8,2.25867400226981,0.924846700483938,"future",2.28590231639497,0.943813935103928,0.027228314125157,0.0288492393600427,0.979903629397143
0.1,"without_ssp245",162,5,2.26691361128704,0.924327095073487,"future",2.28590231639497,0.943813935103928,0.0189887051079292,0.0201191192476282,0.979353091424429
