"tol","archive","draw","n_stitched","mean_gen","var_gen","time_period","mean_target","var_target","bias","E1","E2"
0.1,"with_ssp370",52,12,0.590939615802754,1.85429440218233,"hist+future",0.584255629839366,1.85512575391266,0.00668398596338804,0.00360298268151945,0.999551862331392
0.1,"without_ssp370",52,3,0.529894669779824,1.87754736939132,"hist+future",0.584255629839366,1.85512575391266,0.0543609600595426,0.0293031132498104,1.01208630489408
0.1,"with_ssp370",52,12,-0.579660868189754,0.284900925517591,"hist",-0.585315735188881,0.288438924046753,0.00565486699912776,0.0196050759023465,0.98773397681726
0.1,"without_ssp370",52,3,-0.661394081203795,0.291904397329635,"hist",-0.585315735188881,0.288438924046753,0.0760783460149131,0.263758943999464,1.01201458261688
0.1,"with_ssp370",52,12,2.83685914904419,1.48501756733034,"future",2.82820069064938,1.49129915973265,0.00865845839481771,0.00580598355354129,0.995787838837492
0.1,"without_ssp370",52,3,2.81550680829491,1.47423940367186,"future",2.82820069064938,1.49129915973265,0.0126938823544713,0.00851196238637123,0.988560473631699
