"tol","archive","draw","n_stitched","mean_gen","var_gen","time_period","mean_target","var_target","bias","E1","E2"
0.1,"with_ssp370",186,12,0.588439839125218,1.8536757821839,"hist+future",0.584255629839366,1.85512575391266,0.00418420928585173,0.00225548552545657,0.999218397067849
0.1,"without_ssp370",186,3,0.520928388369271,1.87135727501533,"hist+future",0.584255629839366,1.85512575391266,0.0633272414700953,0.0341363604793536,1.00874955299846
0.1,"with_ssp370",186,12,-0.579276098524468,0.287142301314783,"hist",-0.585315735188881,0.288438924046753,0.00603963666441365,0.0209390486543165,0.995504688778551
0.1,"without_ssp370",186,3,-0.66114695452577,0.293414430903742,"hist",-0.585315735188881,0.288438924046753,0.0758312193368887,0.262902171014191,1.01724977609535
0.1,"with_ssp370",186,12,2.82882506833682,1.49463145767767,"future",2.82820069064938,1.49129915973265,0.000624377687448163,0.000418680372327238,1.00223449327606
0.1,"without_ssp370",186,3,2.78886363927255,1.49221412106065,"future",2.82820069064938,1.49129915973265,0.0393370513768287,0.0263777063911716,1.00061353305407
