"tol","archive","draw","n_stitched","mean_gen","var_gen","time_period","mean_target","var_target","bias","E1","E2"
0.1,"with_ssp370",200,11,0.596561365965969,1.85112542691378,"hist+future",0.584255629839366,1.85512575391266,0.0123057361266024,0.00663337032578423,0.997843635672435
0.1,"without_ssp370",200,3,0.507820035979475,1.85492755607555,"hist+future",0.584255629839366,1.85512575391266,0.0764355938598917,0.0412023787059614,0.999893162047537
0.1,"with_ssp370",200,11,-0.56992914613803,0.283994539961366,"hist",-0.585315735188881,0.288438924046753,0.0153865890508513,0.0533443573945565,0.98459159387009
0.1,"without_ssp370",200,3,-0.668025384911003,0.30542066376014,"hist",-0.585315735188881,0.288438924046753,0.0827096497221217,0.286749265881727,1.05887464658076
0.1,"with_ssp370",200,11,2.83459548802597,1.49188265021796,"future",2.82820069064938,1.49129915973265,0.00639479737658988,0.00428807146765663,1.00039126320263
0.1,"without_ssp370",200,3,2.76380252954841,1.45475794903228,"future",2.82820069064938,1.49129915973265,0.0643981611009625,0.0431825906161628,0.975497062100589
