"tol","archive","draw","n_stitched","mean_gen","var_gen","time_period","mean_target","var_target","bias","E1","E2"
0.1,"with_ssp370",20,12,0.584600235985377,1.85633707689608,"hist+future",0.584255629839366,1.85512575391266,0.000344606146010951,0.000185758914339979,1.00065296003835
0.1,"without_ssp370",20,3,0.519560944767748,1.86490542298473,"hist+future",0.584255629839366,1.85512575391266,0.0646946850716189,0.0348734768708648,1.00527170142048
0.1,"with_ssp370",20,12,-0.586400055906602,0.287637010596413,"hist",-0.585315735188881,0.288438924046753,0.00108432071772102,0.00375927320247965,0.997219815415031
0.1,"without_ssp370",20,3,-0.660681561870153,0.291102797740477,"hist",-0.585315735188881,0.288438924046753,0.0753658266812715,0.26128868331604,1.00923548616931
0.1,"with_ssp370",20,12,2.83128684252232,1.48968414037655,"future",2.82820069064938,1.49129915973265,0.00308615187293881,0.00206943848442326,0.998917038646768
0.1,"without_ssp370",20,3,2.78397970750325,1.47753317435908,"future",2.82820069064938,1.49129915973265,0.0442209831461229,0.0296526574547595,0.990769132213529
