"tol","archive","draw","n_stitched","mean_gen","var_gen","time_period","mean_target","var_target","bias","E1","E2"
0.1,"with_ssp245",169,8,0.403305646195326,1.47278384618176,"hist+future",0.420943195605871,1.47346351077296,0.0176375494105447,0.011970129753191,0.999538729947343
0.1,"without_ssp245",169,5,0.421314217714895,1.47567463270744,"hist+future",0.420943195605871,1.47346351077296,0.000371022109024399,0.000251802712664235,1.00150062890483
0.1,"with_ssp245",169,8,-0.570823590535724,0.284021302554009,"hist",-0.551096103714508,0.281994538910597,0.0197274868212161,0.0699569817820848,1.00718724430353
0.1,"without_ssp245",169,5,-0.55367343278803,0.281776678576966,"hist",-0.551096103714508,0.281994538910597,0.00257732907352237,0.00913964179405432,0.999227430664178
0.1,"with_ssp245",169,8,2.27227453062118,0.927634556573004,"future",2.28590231639497,0.943813935103928,0.0136277857737914,0.0144390597202729,0.982857448985279
0.1,"without_ssp245",169,5,2.29193005879609,0.936693885081351,"future",2.28590231639497,0.943813935103928,0.00602774240112014,0.0063865791518075,0.992456087203467
