"tol","archive","draw","n_stitched","mean_gen","var_gen","time_period","mean_target","var_target","bias","E1","E2"
0.1,"with_ssp245",113,8,0.389440179074436,1.47721495881075,"hist+future",0.420943195605871,1.47346351077296,0.0315030165314349,0.0213802488498061,1.00254600674558
0.1,"without_ssp245",113,5,0.40659948125756,1.46287572581175,"hist+future",0.420943195605871,1.47346351077296,0.0143437143483109,0.0097346926092431,0.992814355507415
0.1,"with_ssp245",113,8,-0.587124035308531,0.28946172003911,"hist",-0.551096103714508,0.281994538910597,0.0360279315940234,0.1277610968397,1.02647987850176
0.1,"without_ssp245",113,5,-0.562696828545437,0.282519366455972,"hist",-0.551096103714508,0.281994538910597,0.0116007248309291,0.0411381187584167,1.0018611266282
0.1,"with_ssp245",113,8,2.26308082294873,0.930627247741617,"future",2.28590231639497,0.943813935103928,0.0228214934462359,0.0241800768111385,0.986028297663502
0.1,"without_ssp245",113,5,2.26629588960052,0.910362929601526,"future",2.28590231639497,0.943813935103928,0.01960642679445,0.0207736144437103,0.964557627029825
