"tol","archive","draw","n_stitched","mean_gen","var_gen","time_period","mean_target","var_target","bias","E1","E2"
0.1,"with_ssp245",7,8,0.391597913916707,1.47662620784005,"hist+future",0.420943195605871,1.47346351077296,0.0293452816891636,0.0199158523265835,1.00214643731858
0.1,"without_ssp245",7,6,0.404396587182418,1.45871189899252,"hist+future",0.420943195605871,1.47346351077296,0.0165466084234532,0.0112297374875425,0.989988478389465
0.1,"with_ssp245",7,8,-0.586523294768223,0.286201939701423,"hist",-0.551096103714508,0.281994538910597,0.0354271910537153,0.125630769980787,1.01492014989751
0.1,"without_ssp245",7,6,-0.557717259327621,0.280735886849741,"hist",-0.551096103714508,0.281994538910597,0.00662115561311338,0.0234797299220484,0.995536608383557
0.1,"with_ssp245",7,8,2.26822581430059,0.920609805559066,"future",2.28590231639497,0.943813935103928,0.0176765020943837,0.0187287996467622,0.975414508430302
0.1,"without_ssp245",7,6,2.2503126880447,0.934584753256896,"future",2.28590231639497,0.943813935103928,0.0355896283502677,0.0377083098972773,0.990221396926063
