"tol","archive","draw","n_stitched","mean_gen","var_gen","time_period","mean_target","var_target","bias","E1","E2"
0.1,"with_ssp245",139,7,0.405600990308906,1.47428780803341,"hist+future",0.420943195605871,1.47346351077296,0.0153422052969648,0.0104123415237589,1.00055942834989
0.1,"without_ssp245",139,5,0.428213052416037,1.45489387449224,"hist+future",0.420943195605871,1.47346351077296,0.00726985681016623,0.00493385601815992,0.987397287991892
0.1,"with_ssp245",139,7,-0.569630415756113,0.286694162734673,"hist",-0.551096103714508,0.281994538910597,0.0185343120416053,0.0657257836027858,1.01666565544933
0.1,"without_ssp245",139,5,-0.532211742362521,0.26855744034855,"hist",-0.551096103714508,0.281994538910597,0.0188843613519873,0.0669671172531975,0.952349791545758
0.1,"with_ssp245",139,7,2.27668450194528,0.926401993333207,"future",2.28590231639497,0.943813935103928,0.0092178144496895,0.00976655896553856,0.981551510183198
0.1,"without_ssp245",139,5,2.27088853077025,0.933568341795364,"future",2.28590231639497,0.943813935103928,0.0150137856247228,0.015907569348475,0.98914447760571
