"tol","archive","draw","n_stitched","mean_gen","var_gen","time_period","mean_target","var_target","bias","E1","E2"
0.1,"with_ssp370",196,11,0.585176823334686,1.84940823465272,"hist+future",0.584255629839366,1.85512575391266,0.000921193495319161,0.000496566603841418,0.996917988310018
0.1,"without_ssp370",196,3,0.498566335184304,1.86059467023182,"hist+future",0.584255629839366,1.85512575391266,0.0856892946550619,0.046190558496821,1.00294800301684
0.1,"with_ssp370",196,11,-0.579775791706487,0.284233761454283,"hist",-0.585315735188881,0.288438924046753,0.00553994348239406,0.0192066431418809,0.985420960065057
0.1,"without_ssp370",196,3,-0.673340272366242,0.302333366728174,"hist",-0.585315735188881,0.288438924046753,0.0880245371773604,0.305175653626736,1.04817117775397
0.1,"with_ssp370",196,11,2.82026032893694,1.49231114341209,"future",2.82820069064938,1.49129915973265,0.00794036171244095,0.00532445932167255,1.00067859200002
0.1,"without_ssp370",196,3,2.74699180315919,1.49449754687646,"future",2.82820069064938,1.49129915973265,0.0812088874901868,0.0544551285771162,1.00214469854887
