"tol","archive","draw","n_stitched","mean_gen","var_gen","time_period","mean_target","var_target","bias","E1","E2"
0.1,"with_ssp245",198,8,0.39184637224538,1.47432209024607,"hist+future",0.420943195605871,1.47346351077296,0.0290968233604904,0.0197472303506359,1.00058269476429
0.1,"without_ssp245",198,5,0.41732221052874,1.47512143477206,"hist+future",0.420943195605871,1.47346351077296,0.00362098507713038,0.0024574650479338,1.00112518836536
0.1,"with_ssp245",198,8,-0.583962574967952,0.288540973292758,"hist",-0.551096103714508,0.281994538910597,0.0328664712534439,0.116550027459446,1.02321475588659
0.1,"without_ssp245",198,5,-0.55937428218374,0.283836304613132,"hist",-0.551096103714508,0.281994538910597,0.00827817846923173,0.0293558112905733,1.00653121053213
0.1,"with_ssp245",198,8,2.26403795701515,0.9221788472731,"future",2.28590231639497,0.943813935103928,0.0218643593798236,0.0231659637208217,0.977076956563006
0.1,"without_ssp245",198,5,2.29121664422129,0.922858206790795,"future",2.28590231639497,0.943813935103928,0.00531432782632013,0.00563069438653175,0.977796758943991
