"tol","archive","draw","n_stitched","mean_gen","var_gen","time_period","mean_target","var_target","bias","E1","E2"
0.1,"with_ssp245",174,8,0.398397862393176,1.47598467820384,"hist+future",0.420943195605871,1.47346351077296,0.022545333212695,0.0153009104384729,1.00171104843278
0.1,"without_ssp245",174,5,0.41619893559077,1.46715004560448,"hist+future",0.420943195605871,1.47346351077296,0.00474426001510031,0.00321980149519381,0.995715221230575
0.1,"with_ssp245",174,8,-0.578201212984648,0.291789509343846,"hist",-0.551096103714508,0.281994538910597,0.0271051092701396,0.0961192701633593,1.03473461036192
0.1,"without_ssp245",174,5,-0.552924492008501,0.278144501487889,"hist",-0.551096103714508,0.281994538910597,0.00182838829399345,0.00648377199451058,0.986347120630129
0.1,"with_ssp245",174,8,2.27210539073435,0.923294804147978,"future",2.28590231639497,0.943813935103928,0.0137969256606207,0.0146182686517566,0.978259347321789
0.1,"without_ssp245",174,5,2.27556365133356,0.933788557520256,"future",2.28590231639497,0.943813935103928,0.0103386650614095,0.0109541347895769,0.989377802964343
