"tol","archive","draw","n_stitched","mean_gen","var_gen","time_period","mean_target","var_target","bias","E1","E2"
0.1,"with_ssp245",101,8,0.391966663580507,1.47476503951569,"hist+future",0.420943195605871,1.47346351077296,0.0289765320253642,0.0196655918612898,1.00088331250364
0.1,"without_ssp245",101,5,0.43283574150125,1.45341406019704,"hist+future",0.420943195605871,1.47346351077296,0.011892545895379,0.00807115059750637,0.986392977885547
0.1,"with_ssp245",101,8,-0.584487361141214,0.288048457825562,"hist",-0.551096103714508,0.281994538910597,0.0333912574267065,0.118411007375191,1.02146821331488
0.1,"without_ssp245",101,5,-0.52583632067314,0.271970401405419,"hist",-0.551096103714508,0.281994538910597,0.0252597830413683,0.0895754334071576,0.964452724709124
0.1,"with_ssp245",101,8,2.26539589705823,0.920713319223724,"future",2.28590231639497,0.943813935103928,0.0205064193367424,0.0217271843252498,0.975524184353497
0.1,"without_ssp245",101,5,2.27214841892886,0.935043039679459,"future",2.28590231639497,0.943813935103928,0.0137538974661116,0.0145726789513836,0.990706965538177
