"tol","archive","draw","n_stitched","mean_gen","var_gen","time_period","mean_target","var_target","bias","E1","E2"
0.1,"with_ssp370",4,12,0.575196579464685,1.85450790401078,"hist+future",NA,NA,NA,NA,NA
0.1,"without_ssp370",4,4,0.546977807674224,1.85768150551524,"hist+future",NA,NA,NA,NA,NA
0.1,"with_ssp370",4,12,-0.593108400776003,0.289246094111365,"hist",-0.57422558820925,0.285641288092528,0.0188828125667535,0.0661067337038363,1.01262004538248
0.1,"without_ssp370",4,4,-0.62604969343657,0.303553433834235,"hist",-0.57422558820925,0.285641288092528,0.0518241052273197,0.181430722334974,1.06270853160383
0.1,"with_ssp370",4,12,2.81671194853112,1.49428728751645,"future",NA,NA,NA,NA,NA
0.1,"without_ssp370",4,4,2.79755382724726,1.47877367663835,"future",NA,NA,NA,NA,NA
