"tol","archive","draw","n_stitched","mean_gen","var_gen","time_period","mean_target","var_target","bias","E1","E2"
0.1,"with_ssp370",13,10,0.595452204956066,1.85627729386441,"hist+future",0.584255629839366,1.85512575391266,0.0111965751166999,0.00603548039429948,1.00062073417358
0.1,"without_ssp370",13,3,0.526398832794138,1.87486101840854,"hist+future",0.584255629839366,1.85512575391266,0.0578567970452284,0.0311875337416895,1.01063823541571
0.1,"with_ssp370",13,10,-0.57605182331854,0.287512519260797,"hist",-0.585315735188881,0.288438924046753,0.00926391187034092,0.032117412380998,0.996788211615276
0.1,"without_ssp370",13,3,-0.660065802821919,0.313675703972142,"hist",-0.585315735188881,0.288438924046753,0.0747500676330373,0.259153884587786,1.08749436300525
0.1,"with_ssp370",13,10,2.84310528245967,1.4872157610336,"future",2.82820069064938,1.49129915973265,0.0149045918102955,0.00999436747015097,0.997261851404933
0.1,"without_ssp370",13,3,2.80275540112727,1.47750623719759,"future",2.82820069064938,1.49129915973265,0.0254452895221067,0.0170624983968128,0.990751069331034
