"tol","archive","draw","n_stitched","mean_gen","var_gen","time_period","mean_target","var_target","bias","E1","E2"
0.1,"with_ssp370",48,12,0.590094836523739,1.85363076887387,"hist+future",0.584255629839366,1.85512575391266,0.00583920668437277,0.00314760693287624,0.999194132777447
0.1,"without_ssp370",48,4,0.585597863325214,1.87853507035166,"hist+future",0.584255629839366,1.85512575391266,0.00134223348584717,0.000723526953909324,1.01261872214842
0.1,"with_ssp370",48,12,-0.578604826624669,0.282268705746409,"hist",-0.585315735188881,0.288438924046753,0.00671090856421253,0.0232663070228509,0.978608232849516
0.1,"without_ssp370",48,4,-0.602906837140091,0.292294398275564,"hist",-0.585315735188881,0.288438924046753,0.0175911019512099,0.0609872679609587,1.01336669189692
0.1,"with_ssp370",48,12,2.83236744605266,1.49193830843474,"future",2.82820069064938,1.49129915973265,0.00416675540328493,0.00279404395562854,1.00042858516879
0.1,"without_ssp370",48,4,2.86586850956679,1.49071521723128,"future",2.82820069064938,1.49129915973265,0.0376678189174102,0.0252583921016646,0.99960843369517
