"tol","archive","draw","n_stitched","mean_gen","var_gen","time_period","mean_target","var_target","bias","E1","E2"
0.1,"with_ssp245",81,6,0.42075709143834,1.47556603404868,"hist+future",0.420943195605871,1.47346351077296,0.000186104167530676,0.000126303886163457,1.00142692592002
0.1,"without_ssp245",81,5,0.42063814158898,1.45168789170031,"hist+future",0.420943195605871,1.47346351077296,0.00030505401689096,0.000207031945250502,0.985221473817679
0.1,"with_ssp245",81,6,-0.552610036926222,0.282909293306667,"hist",-0.551096103714508,0.281994538910597,0.00151393321171411,0.00536866145551168,1.00324387273457
0.1,"without_ssp245",81,5,-0.537527165873174,0.276347689661094,"hist",-0.551096103714508,0.281994538910597,0.0135689378413343,0.0481177326828876,0.979975324092025
0.1,"with_ssp245",81,6,2.28826379120756,0.945208493810712,"future",2.28590231639497,0.943813935103928,0.00236147481258886,0.00250205546321885,1.00147757800019
0.1,"without_ssp245",81,5,2.25897855706869,0.927625497384434,"future",2.28590231639497,0.943813935103928,0.0269237593262761,0.0285265541489503,0.982847850495329
