"tol","archive","draw","n_stitched","mean_gen","var_gen","time_period","mean_target","var_target","bias","E1","E2"
0.1,"with_ssp370",24,12,0.591384765606736,1.85321003137557,"hist+future",0.584255629839366,1.85512575391266,0.00712913576736929,0.00384293935456028,0.998967335484911
0.1,"without_ssp370",24,4,0.541375809218039,1.84876043077345,"hist+future",0.584255629839366,1.85512575391266,0.0428798206213274,0.0231142393074374,0.99656879156263
0.1,"with_ssp370",24,12,-0.57654052479811,0.28290523198294,"hist",-0.585315735188881,0.288438924046753,0.008775210390771,0.0304231144245589,0.980815030141648
0.1,"without_ssp370",24,4,-0.631528496276444,0.299190203077056,"hist",-0.585315735188881,0.288438924046753,0.0462127610875623,0.160216798895255,1.03727402279645
0.1,"with_ssp370",24,12,2.83217165998813,1.49357843416998,"future",2.82820069064938,1.49129915973265,0.00397096933874996,0.00266275838273915,1.00152838176194
0.1,"without_ssp370",24,4,2.79171546510862,1.44801848504616,"future",2.82820069064938,1.49129915973265,0.0364852255407606,0.0244653966996813,0.970977872277318
