"tol","archive","draw","n_stitched","mean_gen","var_gen","time_period","mean_target","var_target","bias","E1","E2"
0.1,"with_ssp245",21,8,0.393869255736212,1.4762759105477,"hist+future",0.420943195605871,1.47346351077296,0.0270739398696589,0.0183743538076869,1.00190869998081
0.1,"without_ssp245",21,5,0.412455701915958,1.46179923919655,"hist+future",0.420943195605871,1.47346351077296,0.00848749368991236,0.00576023337385526,0.99208377303467
0.1,"with_ssp245",21,8,-0.583130680726987,0.289656381088209,"hist",-0.551096103714508,0.281994538910597,0.0320345770124787,0.113599990752427,1.02717017927798
0.1,"without_ssp245",21,5,-0.554689259420222,0.287858884401576,"hist",-0.551096103714508,0.281994538910597,0.00359315570571406,0.0127419336544429,1.02079595411185
0.1,"with_ssp245",21,8,2.26834587802026,0.923566351609656,"future",2.28590231639497,0.943813935103928,0.0175564383747138,0.0186015884293768,0.97854706024017
0.1,"without_ssp245",21,5,2.26802452308421,0.914926388586991,"future",2.28590231639497,0.943813935103928,0.0178777933107575,0.0189420739044172,0.969392752699974
