"tol","archive","draw","n_stitched","mean_gen","var_gen","time_period","mean_target","var_target","bias","E1","E2"
0.1,"with_ssp245",184,8,0.395307484054252,1.47660393172942,"hist+future",0.420943195605871,1.47346351077296,0.0256357115516186,0.0173982669840059,1.00213131912226
0.1,"without_ssp245",184,5,0.433451805899139,1.4650755962816,"hist+future",0.420943195605871,1.47346351077296,0.0125086102932687,0.00848925691190469,0.994307348346234
0.1,"with_ssp245",184,8,-0.581724351330798,0.289709341521372,"hist",-0.551096103714508,0.281994538910597,0.0306282476162898,0.10861291050037,1.02735798586944
0.1,"without_ssp245",184,5,-0.533610354644694,0.262480903211342,"hist",-0.551096103714508,0.281994538910597,0.0174857490698143,0.0620074031836407,0.930801370215749
0.1,"with_ssp245",184,8,2.26984530775813,0.924876229089604,"future",2.28590231639497,0.943813935103928,0.0160570086368423,0.0170128963343545,0.9799349158664
0.1,"without_ssp245",184,5,2.28886176508207,0.944905351520904,"future",2.28590231639497,0.943813935103928,0.00295944868710585,0.00313562724286325,1.00115638938607
