"tol","archive","draw","n_stitched","mean_gen","var_gen","time_period","mean_target","var_target","bias","E1","E2"
0.1,"with_ssp370",4,12,0.575196579464685,1.85450790401078,"hist+future",0.584255629839366,1.85512575391266,0.00905905037468124,0.00488325406273657,0.999666949854706
0.1,"without_ssp370",4,4,0.546977807674224,1.85768150551524,"hist+future",0.584255629839366,1.85512575391266,0.0372778221651422,0.0200944987618867,1.00137767027232
0.1,"with_ssp370",4,12,-0.593108400776003,0.289246094111365,"hist",-0.585315735188881,0.288438924046753,0.00779266558712199,0.027016692053181,1.00279840894318
0.1,"without_ssp370",4,4,-0.62604969343657,0.303553433834235,"hist",-0.585315735188881,0.288438924046753,0.0407339582476882,0.141222126598578,1.0524010753314
0.1,"with_ssp370",4,12,2.81671194853112,1.49428728751645,"future",2.82820069064938,1.49129915973265,0.0114887421182543,0.00770384804636648,1.00200370781698
0.1,"without_ssp370",4,4,2.79755382724726,1.47877367663835,"future",2.82820069064938,1.49129915973265,0.0306468634021178,0.020550446368931,0.991600958793177
