"tol","archive","draw","n_stitched","mean_gen","var_gen","time_period","mean_target","var_target","bias","E1","E2"
0.1,"with_ssp370",197,11,0.591169654540115,1.85724487935665,"hist+future",0.584255629839366,1.85512575391266,0.00691402470074898,0.0037269843762163,1.00114230824488
0.1,"without_ssp370",197,4,0.510653673640694,1.83837832985738,"hist+future",0.584255629839366,1.85512575391266,0.0736019561986724,0.0396749147832366,0.99097235105493
0.1,"with_ssp370",197,11,-0.577775046300648,0.289247302601341,"hist",-0.585315735188881,0.288438924046753,0.00754068888823356,0.0261431043440285,1.00280259870356
0.1,"without_ssp370",197,4,-0.649831265209701,0.304419926375647,"hist",-0.585315735188881,0.288438924046753,0.0645155300208194,0.22367137248911,1.05540515165111
0.1,"with_ssp370",197,11,2.8339123945253,1.50136052859194,"future",2.82820069064938,1.49129915973265,0.00571170387592357,0.00383001883870673,1.00674671395985
0.1,"without_ssp370",197,4,2.73716547492343,1.46338651353745,"future",2.82820069064938,1.49129915973265,0.0910352157259484,0.0610442345734766,0.981283000119037
