"tol","archive","draw","n_stitched","mean_gen","var_gen","time_period","mean_target","var_target","bias","E1","E2"
0.1,"with_ssp245",77,8,0.392597724518461,1.47698263206141,"hist+future",0.420943195605871,1.47346351077296,0.0283454710874093,0.0192373077990507,1.00238833283805
0.1,"without_ssp245",77,5,0.411141445779689,1.47220892424586,"hist+future",0.420943195605871,1.47346351077296,0.00980174982618176,0.00665218361670855,0.999148545913811
0.1,"with_ssp245",77,8,-0.583966357821759,0.291036527364313,"hist",-0.551096103714508,0.281994538910597,0.0328702541072513,0.116563442094431,1.03206440978838
0.1,"without_ssp245",77,5,-0.562521594334403,0.28322921348756,"hist",-0.551096103714508,0.281994538910597,0.0114254906198955,0.0405167088129952,1.00437836343119
0.1,"with_ssp245",77,8,2.26623811505493,0.928605563427268,"future",2.28590231639497,0.943813935103928,0.0196642013400377,0.0208348283582742,0.98388626072258
0.1,"without_ssp245",77,5,2.27921588320789,0.92760066135014,"future",2.28590231639497,0.943813935103928,0.00668643318707973,0.00708448237347063,0.982821535950301
