"tol","archive","draw","n_stitched","mean_gen","var_gen","time_period","mean_target","var_target","bias","E1","E2"
0.1,"with_ssp245",166,8,0.400316311379551,1.47477255640796,"hist+future",0.420943195605871,1.47346351077296,0.0206268842263194,0.0139989107809659,1.00088841401597
0.1,"without_ssp245",166,5,0.408787409979381,1.46320964096057,"hist+future",0.420943195605871,1.47346351077296,0.0121557856264893,0.00824980431318078,0.993040974725589
0.1,"with_ssp245",166,8,-0.576356415479042,0.285478100869497,"hist",-0.551096103714508,0.281994538910597,0.0252603117645337,0.0895773083483086,1.0123532958204
0.1,"without_ssp245",166,5,-0.557654221606834,0.290617662953006,"hist",-0.551096103714508,0.281994538910597,0.00655811789232619,0.0232561875760486,1.03057904623161
0.1,"with_ssp245",166,8,2.27416514779429,0.920984644797474,"future",2.28590231639497,0.943813935103928,0.0117371686006758,0.0124358924615616,0.975811662174769
0.1,"without_ssp245",166,5,2.26300681941805,0.923968050771386,"future",2.28590231639497,0.943813935103928,0.022895496976918,0.0242584858364025,0.978972672902571
