"tol","archive","draw","n_stitched","mean_gen","var_gen","mean_target","var_target","bias","E1","E2"
0.1,"with_ssp245",60,10,0.0159454344909484,0.16579960939651,0.0098882021145422,0.126401839364759,0.00605723237640619,0.047920444883138,1.31168668296084
0.1,"without_ssp245",60,9,-0.00765015775888232,0.174430294750143,0.0098882021145422,0.126401839364759,0.0175383598734245,0.138750828006655,1.37996642791556
