"tol","archive","draw","n_stitched","mean_gen","var_gen","mean_target","var_target","bias","E1","E2"
0.1,"with_ssp245",44,10,0.00967836303414945,0.133447332459359,0.0098882021145422,0.126401839364759,0.000209839080392741,0.00166009514930559,1.05573884945035
0.1,"without_ssp245",44,9,0.00968821214972882,0.137656275449499,0.0098882021145422,0.126401839364759,0.000199989964813374,0.00158217606498796,1.08903696450384
