"tol","archive","draw","n_stitched","mean_gen","var_gen","mean_target","var_target","bias","E1","E2"
0.1,"with_ssp245",19,10,0.00980984622738586,0.132275905335182,0.0098882021145422,0.126401839364759,7.83558871563384e-05,0.000619895149865866,1.0464713646569
0.1,"without_ssp245",19,10,0.0099626511133012,0.137115648508865,0.0098882021145422,0.126401839364759,7.44489987590004e-05,0.000588986672449933,1.08475991487109
