"tol","archive","draw","n_stitched","mean_gen","var_gen","mean_target","var_target","bias","E1","E2"
0.1,"with_ssp245",30,10,0.00981062281356503,0.134585659077014,0.0098882021145422,0.126401839364759,7.75793009771663e-05,0.000613751361270107,1.06474446695857
0.1,"without_ssp245",30,9,0.00994288800927244,0.13140389765482,0.0098882021145422,0.126401839364759,5.46858947302453e-05,0.000432635276551931,1.0395726701067
