"tol","archive","draw","n_stitched","mean_gen","var_gen","mean_target","var_target","bias","E1","E2"
0.1,"with_ssp245",59,10,0.0208449746211737,0.165057851701037,0.0098882021145422,0.126401839364759,0.0109567725066315,0.086682065401069,1.3058184321569
0.1,"without_ssp245",59,9,-0.000160661721590075,0.181001457247245,0.0098882021145422,0.126401839364759,0.0100488638361323,0.0794993481632349,1.43195271648641
