"tol","archive","draw","n_stitched","mean_gen","var_gen","mean_target","var_target","bias","E1","E2"
0.1,"with_ssp245",88,10,0.0148332370935922,0.145661212559093,0.0098882021145422,0.126401839364759,0.00494503497905005,0.0391215428818256,1.15236624159208
0.1,"without_ssp245",88,10,-0.0142038077501905,0.17373971720351,0.0098882021145422,0.126401839364759,0.0240920098647327,0.190598570288286,1.37450307746035
