"tol","archive","draw","n_stitched","mean_gen","var_gen","mean_target","var_target","bias","E1","E2"
0.1,"with_ssp245",88,10,0.00987286168112985,0.128625325110927,0.0098882021145422,0.126401839364759,1.53404334123468e-05,0.00012136242233057,1.01759061226753
0.1,"without_ssp245",88,10,0.00995993797397787,0.134205925689278,0.0098882021145422,0.126401839364759,7.17358594356735e-05,0.000567522274962033,1.06174029083548
