"tol","archive","draw","n_stitched","mean_gen","var_gen","mean_target","var_target","bias","E1","E2"
0.1,"with_ssp245",78,10,0.0177413753484869,0.167191882546421,0.0098882021145422,0.126401839364759,0.0078531732339447,0.0621286309867907,1.32270134190021
0.1,"without_ssp245",78,10,-0.00499998090375984,0.185877254983227,0.0098882021145422,0.126401839364759,0.014888183018302,0.117784544062995,1.47052650434017
