"tol","archive","draw","n_stitched","mean_gen","var_gen","mean_target","var_target","bias","E1","E2"
0.1,"with_ssp245",85,10,0.0136463034539786,0.164836727857779,0.0098882021145422,0.126401839364759,0.00375810133943642,0.0297313817450997,1.30406906011952
0.1,"without_ssp245",85,10,-4.09779824357007e-05,0.175631868900961,0.0098882021145422,0.126401839364759,0.0099291800969779,0.0785524969167985,1.38947241419595
