"tol","archive","draw","n_stitched","mean_gen","var_gen","mean_target","var_target","bias","E1","E2"
0.1,"with_ssp245",68,10,0.00943063754024772,0.167698169291009,0.0098882021145422,0.126401839364759,0.000457564574294475,0.00361992022105056,1.32670671672016
0.1,"without_ssp245",68,10,-0.00947935327398087,0.175336965990743,0.0098882021145422,0.126401839364759,0.0193675553885231,0.153222100927139,1.38713935550235
