"tol","archive","draw","n_stitched","mean_gen","var_gen","mean_target","var_target","bias","E1","E2"
0.1,"with_ssp245",4,10,0.00970895323065193,0.130981994360937,0.0098882021145422,0.126401839364759,0.000179248883890265,0.00141808762270464,1.03623487616316
0.1,"without_ssp245",4,10,0.0100261669158912,0.134862397616162,0.0098882021145422,0.126401839364759,0.000137964801348998,0.00109147779844304,1.06693382227602
