"tol","archive","draw","n_stitched","mean_gen","var_gen","mean_target","var_target","bias","E1","E2"
0.1,"with_ssp245",61,10,0.00981580893315834,0.136064645301712,0.0098882021145422,0.126401839364759,7.23931813838546e-05,0.000572722531156757,1.07644513707644
0.1,"without_ssp245",61,10,0.00975475343987423,0.135062172002167,0.0098882021145422,0.126401839364759,0.000133448674667967,0.00105574946803482,1.06851429283728
