"tol","archive","draw","n_stitched","mean_gen","var_gen","mean_target","var_target","bias","E1","E2"
0.1,"with_ssp245",28,10,0.00957498171422448,0.132874985345818,0.0098882021145422,0.126401839364759,0.000313220400317711,0.0024779734368726,1.05121085273435
0.1,"without_ssp245",28,10,0.0101311156817348,0.136236558913629,0.0098882021145422,0.126401839364759,0.000242913567192639,0.0019217565852951,1.07780519332864
