"tol","archive","draw","n_stitched","mean_gen","var_gen","mean_target","var_target","bias","E1","E2"
0.1,"with_ssp245",16,10,0.0201146559338452,0.153880838016558,0.0098882021145422,0.126401839364759,0.010226453819303,0.0809043117623659,1.21739397772925
0.1,"without_ssp245",16,9,-0.018429658333763,0.161949594575053,0.0098882021145422,0.126401839364759,0.0283178604483052,0.224030446001565,1.28122814817365
