"tol","archive","draw","n_stitched","mean_gen","var_gen","mean_target","var_target","bias","E1","E2"
0.1,"with_ssp245",90,10,0.0256534343780578,0.164228752971392,0.0098882021145422,0.126401839364759,0.0157652322635156,0.124723123830672,1.29925920221363
0.1,"without_ssp245",90,10,-0.0127760800518867,0.174489997612582,0.0098882021145422,0.126401839364759,0.0226642821664289,0.179303420585727,1.38043875381476
