"tol","archive","draw","n_stitched","mean_gen","var_gen","mean_target","var_target","bias","E1","E2"
0.1,"with_ssp245",83,10,0.00954407617300187,0.13113454642002,0.0098882021145422,0.126401839364759,0.000344125941540326,0.00272247574299356,1.03744175780231
0.1,"without_ssp245",83,10,0.00981720840614328,0.136575457407411,0.0098882021145422,0.126401839364759,7.09937083989125e-05,0.000561650912326088,1.08048631328294
