"tol","archive","draw","n_stitched","mean_gen","var_gen","mean_target","var_target","bias","E1","E2"
0.1,"with_ssp245",96,10,0.00976208546523872,0.129381281986517,0.0098882021145422,0.126401839364759,0.000126116649303478,0.000997743782347518,1.02357119672254
0.1,"without_ssp245",96,10,0.00998378656481118,0.136215916271082,0.0098882021145422,0.126401839364759,9.55844502689845e-05,0.000756195089797353,1.07764188365964
