"tol","archive","draw","n_stitched","mean_gen","var_gen","mean_target","var_target","bias","E1","E2"
0.1,"with_ssp245",23,10,-0.00633917054245569,0.155197553193407,0.0098882021145422,0.126401839364759,0.0162273726569979,0.128379244626104,1.22781087659296
0.1,"without_ssp245",23,10,-0.0176697625661277,0.178955120473893,0.0098882021145422,0.126401839364759,0.0275579646806699,0.218018699879403,1.41576357886281
