"tol","archive","draw","n_stitched","mean_gen","var_gen","mean_target","var_target","bias","E1","E2"
0.1,"with_ssp245",16,10,0.00983352165875515,0.129426322226245,0.0098882021145422,0.126401839364759,5.46804557870449e-05,0.000432592247564159,1.02392752254782
0.1,"without_ssp245",16,9,0.0100611298704083,0.132076928038367,0.0098882021145422,0.126401839364759,0.000172927755866128,0.00136807942617915,1.04489720008924
