"tol","archive","draw","n_stitched","mean_gen","var_gen","mean_target","var_target","bias","E1","E2"
0.1,"with_ssp245",43,10,0.00962565112519511,0.133304403801186,0.0098882021145422,0.126401839364759,0.000262550989347089,0.00207711367703632,1.0546081012042
0.1,"without_ssp245",43,10,0.00994394359862782,0.133325294823302,0.0098882021145422,0.126401839364759,5.57414840856203e-05,0.000440986336636816,1.05477337587283
