"tol","archive","draw","n_stitched","mean_gen","var_gen","mean_target","var_target","bias","E1","E2"
0.1,"with_ssp245",6,10,0.00326197459279129,0.162459557739943,0.0098882021145422,0.126401839364759,0.0066262275217509,0.0524219232493092,1.28526260817401
0.1,"without_ssp245",6,10,-0.00865785005158019,0.178095225248746,0.0098882021145422,0.126401839364759,0.0185460521661224,0.146722961147771,1.40896070930435
