"tol","archive","draw","n_stitched","mean_gen","var_gen","mean_target","var_target","bias","E1","E2"
0.1,"with_ssp245",38,10,0.00959171256647976,0.131506151579282,0.0098882021145422,0.126401839364759,0.000296489548062431,0.00234561102553934,1.04038162925615
0.1,"without_ssp245",38,10,0.0097757249190794,0.136600792631791,0.0098882021145422,0.126401839364759,0.000112477195462793,0.000889838281057103,1.08068674726798
