"tol","archive","draw","n_stitched","mean_gen","var_gen","mean_target","var_target","bias","E1","E2"
0.1,"with_ssp245",82,10,0.0257289590146262,0.159820143335142,0.0098882021145422,0.126401839364759,0.015840756900084,0.125320620172086,1.26438146895907
0.1,"without_ssp245",82,10,-0.0160492020566884,0.17533767040853,0.0098882021145422,0.126401839364759,0.0259374041712305,0.205197996339141,1.38714492834678
