"tol","archive","draw","n_stitched","mean_gen","var_gen","mean_target","var_target","bias","E1","E2"
0.1,"with_ssp245",84,10,0.00987356997760283,0.133650033436008,0.0098882021145422,0.126401839364759,1.46321369393684e-05,0.000115758892535925,1.05734247308168
0.1,"without_ssp245",84,10,0.00997929822532253,0.13051981566176,0.0098882021145422,0.126401839364759,9.10961107803317e-05,0.000720686591572886,1.03257845232076
