"tol","archive","draw","n_stitched","mean_gen","var_gen","mean_target","var_target","bias","E1","E2"
0.1,"with_ssp245",44,10,0.00783212076683603,0.160816735833281,0.0098882021145422,0.126401839364759,0.00205608134770617,0.0162662296532957,1.27226578854767
0.1,"without_ssp245",44,9,-0.0118650032541117,0.177574775641182,0.0098882021145422,0.126401839364759,0.0217532053686539,0.172095639414554,1.40484328814831
