"tol","archive","draw","n_stitched","mean_gen","var_gen","mean_target","var_target","bias","E1","E2"
0.1,"with_ssp245",15,9,0.00959517436339282,0.13449164836082,0.0098882021145422,0.126401839364759,0.000293027751149375,0.00231822379027082,1.06400072211541
0.1,"without_ssp245",15,10,0.00980316004230203,0.13595591819939,0.0098882021145422,0.126401839364759,8.50420722401622e-05,0.000672791414013806,1.07558496682204
