"tol","archive","draw","n_stitched","mean_gen","var_gen","mean_target","var_target","bias","E1","E2"
0.1,"with_ssp245",45,10,0.00984597719905092,0.139341923622038,0.0098882021145422,0.126401839364759,4.2224915491277e-05,0.00033405301460391,1.10237259459443
0.1,"without_ssp245",45,10,0.010047865098266,0.138169790918798,0.0098882021145422,0.126401839364759,0.000159662983723819,0.00126313813569657,1.09309952776937
