"tol","archive","draw","n_stitched","mean_gen","var_gen","mean_target","var_target","bias","E1","E2"
0.1,"with_ssp245",25,10,0.0236976152871848,0.161008183064899,0.0098882021145422,0.126401839364759,0.0138094131726426,0.109250096691969,1.27378038068161
0.1,"without_ssp245",25,10,-0.0101454560698471,0.17987416552612,0.0098882021145422,0.126401839364759,0.0200336581843892,0.158491824842659,1.42303439910439
