"tol","archive","draw","n_stitched","mean_gen","var_gen","mean_target","var_target","bias","E1","E2"
0.1,"with_ssp245",32,10,0.0121364814829071,0.166257645440394,0.0098882021145422,0.126401839364759,0.00224827936836493,0.0177867614875212,1.31531033310854
0.1,"without_ssp245",32,10,-0.0164013374353556,0.177856534111196,0.0098882021145422,0.126401839364759,0.0262895395498978,0.207983836960108,1.40707235753076
