"tol","archive","draw","n_stitched","mean_gen","var_gen","mean_target","var_target","bias","E1","E2"
0.1,"with_ssp245",29,10,0.0140669055066266,0.16609020098185,0.0098882021145422,0.126401839364759,0.00417870339208445,0.0330588812084128,1.3139856335679
0.1,"without_ssp245",29,10,-0.0135592966132815,0.170430152079407,0.0098882021145422,0.126401839364759,0.0234474987278237,0.185499663973726,1.34832019008517
