"tol","archive","draw","n_stitched","mean_gen","var_gen","mean_target","var_target","bias","E1","E2"
0.1,"with_ssp245",69,10,0.0095658722007905,0.131773803889913,0.0098882021145422,0.126401839364759,0.000322329913751692,0.00255004132354072,1.04249910090036
0.1,"without_ssp245",69,10,0.010264571312408,0.134690856384571,0.0098882021145422,0.126401839364759,0.000376369197865779,0.00297756108421561,1.06557671202784
