"tol","archive","draw","n_stitched","mean_gen","var_gen","mean_target","var_target","bias","E1","E2"
0.1,"with_ssp245",83,10,0.0146319925778342,0.152597322732554,0.0098882021145422,0.126401839364759,0.00474379046329197,0.0375294417164513,1.20723973242353
0.1,"without_ssp245",83,10,-0.00919773697057447,0.183066685329373,0.0098882021145422,0.126401839364759,0.0190859390851167,0.150994156264136,1.44829130849193
