"tol","archive","draw","n_stitched","mean_gen","var_gen","mean_target","var_target","bias","E1","E2"
0.1,"with_ssp245",6,10,0.0100315294538242,0.132759756492587,0.0098882021145422,0.126401839364759,0.000143327339282023,0.00113390232295926,1.0502992453257
0.1,"without_ssp245",6,10,0.0101251005385719,0.137424831821725,0.0098882021145422,0.126401839364759,0.000236898424029691,0.00187416911985015,1.08720594978967
