"tol","archive","draw","n_stitched","mean_gen","var_gen","mean_target","var_target","bias","E1","E2"
0.1,"with_ssp245",26,10,0.0287602091818974,0.147896539909012,0.0098882021145422,0.126401839364759,0.0188720070673552,0.149301680752414,1.17005053607033
0.1,"without_ssp245",26,10,-0.00646505675126553,0.183015435729827,0.0098882021145422,0.126401839364759,0.0163532588658077,0.12937516532981,1.4478858586994
