"tol","archive","draw","n_stitched","mean_gen","var_gen","mean_target","var_target","bias","E1","E2"
0.1,"with_ssp245",11,10,0.0140771755795745,0.171469605815997,0.0098882021145422,0.126401839364759,0.00418897346503232,0.0331401306031961,1.35654359681575
0.1,"without_ssp245",11,10,-0.0120749647855227,0.185277262554072,0.0098882021145422,0.126401839364759,0.0219631669000649,0.173756703307818,1.46577979786683
