"tol","archive","draw","n_stitched","mean_gen","var_gen","mean_target","var_target","bias","E1","E2"
0.1,"with_ssp245",95,10,0.0203075574708853,0.162256150407293,0.0098882021145422,0.126401839364759,0.0104193553563431,0.0824304093097561,1.2836533963645
0.1,"without_ssp245",95,10,-0.00690984218563587,0.174377176735424,0.0098882021145422,0.126401839364759,0.0167980443001781,0.132893986231512,1.37954619657252
