"tol","archive","draw","n_stitched","mean_gen","var_gen","mean_target","var_target","bias","E1","E2"
0.1,"with_ssp245",37,10,0.0142463353589949,0.163900400892285,0.0098882021145422,0.126401839364759,0.00435813324445274,0.0344784005229262,1.29666151787013
0.1,"without_ssp245",37,10,-0.00654401032415552,0.182494339806156,0.0098882021145422,0.126401839364759,0.0164322124386977,0.129999788937241,1.44376332435741
