"tol","archive","draw","n_stitched","mean_gen","var_gen","time_period","mean_target","var_target","bias","E1","E2"
0.1,"with_ssp245",14,10,-0.107988295953634,0.855681252293284,"hist+future",-0.10207901746688,0.855514629199893,0.00590927848675341,0.00690727929723419,1.00019476358171
0.1,"without_ssp245",14,10,-0.114227427652162,0.851000080253751,"hist+future",-0.10207901746688,0.855514629199893,0.0121484101852816,0.0142001197532335,0.994723002048061
0.1,"with_ssp245",14,10,-0.662321936368158,0.327180919751908,"hist",-0.657389059898724,0.324704316188475,0.00493287646943352,0.0151919029821896,1.00762725790807
0.1,"without_ssp245",14,10,-0.66516262964718,0.323889797599124,"hist",-0.657389059898724,0.324704316188475,0.00777356974845611,0.0239404570894091,0.997491506737846
0.1,"with_ssp245",14,10,0.955558804841674,0.458713594039923,"future",0.963341412780262,0.454544331085072,0.00778260793858798,0.0171217797833043,1.0091724011713
0.1,"without_ssp245",14,10,0.942799413384792,0.46071032778606,"future",0.963341412780262,0.454544331085072,0.02054199939547,0.0451925103684229,1.01356522627016
