"tol","archive","draw","n_stitched","mean_gen","var_gen","time_period","mean_target","var_target","bias","E1","E2"
0.1,"with_ssp245",86,10,-0.10546975535558,0.856270179142801,"hist+future",-0.10207901746688,0.855514629199893,0.00339073788869923,0.00396338972235971,1.00088315256937
0.1,"without_ssp245",86,9,-0.114098221456507,0.852134678623784,"hist+future",-0.10207901746688,0.855514629199893,0.012019203989627,0.014049092299997,0.996049219427996
0.1,"with_ssp245",86,10,-0.658030572370123,0.328755802286102,"hist",-0.657389059898724,0.324704316188475,0.000641512471399208,0.00197568199563704,1.01247746301985
0.1,"without_ssp245",86,9,-0.665204431072533,0.325530664392224,"hist",-0.657389059898724,0.324704316188475,0.00781537117380882,0.0240691939840811,1.00254492522135
0.1,"with_ssp245",86,10,0.954675998218836,0.471572968897737,"future",0.963341412780262,0.454544331085072,0.00866541456142589,0.0190639591538632,1.03746309578213
0.1,"without_ssp245",86,9,0.943256715597495,0.463404320356568,"future",0.963341412780262,0.454544331085072,0.0200846971827666,0.0441864430138665,1.01949202457403
