"tol","archive","draw","n_stitched","mean_gen","var_gen","time_period","mean_target","var_target","bias","E1","E2"
0.1,"with_ssp245",36,10,-0.104702863905828,0.860069718065408,"hist+future",-0.10207901746688,0.855514629199893,0.00262384643894788,0.00306698021213476,1.00532438454007
0.1,"without_ssp245",36,10,-0.113393482574741,0.857953658836356,"hist+future",-0.10207901746688,0.855514629199893,0.011314465107861,0.0132253321237098,1.00285095023886
0.1,"with_ssp245",36,10,-0.66030294382024,0.33124588241993,"hist",-0.657389059898724,0.324704316188475,0.00291388392151604,0.00897396115863353,1.02014622505867
0.1,"without_ssp245",36,10,-0.667626252357104,0.329254665719892,"hist",-0.657389059898724,0.324704316188475,0.0102371924583805,0.0315277375384142,1.01401382520821
0.1,"with_ssp245",36,10,0.961274033604381,0.468393315169144,"future",0.963341412780262,0.454544331085072,0.00206737917588107,0.00454824542844015,1.03046784028966
0.1,"without_ssp245",36,10,0.949960087356537,0.468834513883933,"future",0.963341412780262,0.454544331085072,0.0133813254237248,0.0294389886939771,1.03143847986124
