"tol","archive","draw","n_stitched","mean_gen","var_gen","time_period","mean_target","var_target","bias","E1","E2"
0.1,"with_ssp245",28,10,-0.108369395871698,0.853361904976708,"hist+future",-0.10207901746688,0.855514629199893,0.00629037840481757,0.0073527420690638,0.997483708460722
0.1,"without_ssp245",28,10,-0.115297926117349,0.849345016043084,"hist+future",-0.10207901746688,0.855514629199893,0.0132189086504689,0.0154514115823264,0.992788418869495
0.1,"with_ssp245",28,10,-0.660670502391403,0.323776348597072,"hist",-0.657389059898724,0.324704316188475,0.0032814424926787,0.010105940479011,0.997142115010063
0.1,"without_ssp245",28,10,-0.663065246767656,0.32629545311103,"hist",-0.657389059898724,0.324704316188475,0.0056761868689319,0.0174810946018874,1.00490026415797
0.1,"with_ssp245",28,10,0.951278075939364,0.464440084975865,"future",0.963341412780262,0.454544331085072,0.0120633368408979,0.0265394066451136,1.02177071236852
0.1,"without_ssp245",28,10,0.935651003037309,0.469621373119328,"future",0.963341412780262,0.454544331085072,0.0276904097429526,0.0609190520028068,1.03316957445771
