"tol","archive","draw","n_stitched","mean_gen","var_gen","time_period","mean_target","var_target","bias","E1","E2"
0.1,"with_ssp245",24,10,-0.102428466463244,0.85701112214449,"hist+future",-0.10207901746688,0.855514629199893,0.000349448996363924,0.00040846641826656,1.00174923127381
0.1,"without_ssp245",24,10,-0.115428323606129,0.847195587945576,"hist+future",-0.10207901746688,0.855514629199893,0.0133493061392485,0.0156038315227096,0.990275980128947
0.1,"with_ssp245",24,10,-0.657873326516644,0.327689541433504,"hist",-0.657389059898724,0.324704316188475,0.000484266617919671,0.00149140800961382,1.00919367281615
0.1,"without_ssp245",24,10,-0.662607300908587,0.329017884379697,"hist",-0.657389059898724,0.324704316188475,0.00521824100986334,0.0160707472913123,1.01328460379541
0.1,"with_ssp245",24,10,0.963250625499673,0.457731204629768,"future",0.963341412780262,0.454544331085072,9.07872805882004e-05,0.00019973251095548,1.00701113912715
0.1,"without_ssp245",24,10,0.934391807264867,0.45834469604123,"future",0.963341412780262,0.454544331085072,0.0289496055153943,0.0636892895491333,1.00836082356827
