"tol","archive","draw","n_stitched","mean_gen","var_gen","time_period","mean_target","var_target","bias","E1","E2"
0.1,"with_ssp245",53,9,-0.102221206051923,0.859978114883455,"hist+future",-0.10207901746688,0.855514629199893,0.000142188585042363,0.000166202400507567,1.00521731076386
0.1,"without_ssp245",53,10,-0.118362627203764,0.856379699904168,"hist+future",-0.10207901746688,0.855514629199893,0.0162836097368838,0.0190337010976805,1.00101116997273
0.1,"with_ssp245",53,9,-0.660430416956524,0.327311001059596,"hist",-0.657389059898724,0.324704316188475,0.00304135705780029,0.00936654336320841,1.00802787256332
0.1,"without_ssp245",53,10,-0.671125892155244,0.331215399060522,"hist",-0.657389059898724,0.324704316188475,0.0137368322565201,0.0423056657138692,1.02005234469463
0.1,"with_ssp245",53,9,0.968761582311557,0.455587229633696,"future",0.963341412780262,0.454544331085072,0.00542016953129543,0.0119244024413561,1.0022943824778
0.1,"without_ssp245",53,10,0.942171543924076,0.467502189834236,"future",0.963341412780262,0.454544331085072,0.021169868856186,0.046573826596077,1.02850735970732
