"tol","archive","draw","n_stitched","mean_gen","var_gen","time_period","mean_target","var_target","bias","E1","E2"
0.1,"with_ssp245",95,10,-0.11346052254952,0.854903828741401,"hist+future",-0.10207901746688,0.855514629199893,0.01138150508264,0.0133036942843214,0.999286043233342
0.1,"without_ssp245",95,10,-0.108060342405816,0.851198077862586,"hist+future",-0.10207901746688,0.855514629199893,0.00598132493893588,0.0069914934646177,0.994954438895635
0.1,"with_ssp245",95,10,-0.666285955235453,0.330949480609394,"hist",-0.657389059898724,0.324704316188475,0.00889689533672866,0.0273999909861514,1.01923338899288
0.1,"without_ssp245",95,10,-0.659891249519649,0.325125255081854,"hist",-0.657389059898724,0.324704316188475,0.00250218962092474,0.00770605592896506,1.00129637603319
0.1,"with_ssp245",95,10,0.947192923882792,0.459493227630008,"future",0.963341412780262,0.454544331085072,0.0161484888974697,0.0355267633828378,1.01088759930879
0.1,"without_ssp245",95,10,0.950685002638165,0.454050279706501,"future",0.963341412780262,0.454544331085072,0.0126564101420966,0.0278441711326235,0.998913084280708
