"tol","archive","draw","n_stitched","mean_gen","var_gen","time_period","mean_target","var_target","bias","E1","E2"
0.1,"with_ssp245",68,10,-0.106436874250446,0.859316934265221,"hist+future",-0.10207901746688,0.855514629199893,0.00435785678356554,0.00509384250698455,1.0044444652792
0.1,"without_ssp245",68,10,-0.115117813722459,0.850592822387559,"hist+future",-0.10207901746688,0.855514629199893,0.0130387962555787,0.0152408805303225,0.994246963588529
0.1,"with_ssp245",68,10,-0.662392308933553,0.330928121602419,"hist",-0.657389059898724,0.324704316188475,0.00500324903482885,0.0154086311311141,1.01916760912513
0.1,"without_ssp245",68,10,-0.665255489657111,0.323522194347825,"hist",-0.657389059898724,0.324704316188475,0.00786642975838714,0.0242264403834443,0.996359389814937
0.1,"with_ssp245",68,10,0.960221808571794,0.462386512792743,"future",0.963341412780262,0.454544331085072,0.00311960420846724,0.00686314622166826,1.01725284239922
0.1,"without_ssp245",68,10,0.940378890105652,0.464337953945334,"future",0.963341412780262,0.454544331085072,0.0229625226746092,0.0505176747442738,1.021546023546
