"tol","archive","draw","n_stitched","mean_gen","var_gen","time_period","mean_target","var_target","bias","E1","E2"
0.1,"with_ssp245",74,10,-0.110384113592131,0.850707177045025,"hist+future",-0.10207901746688,0.855514629199893,0.00830509612525111,0.00970771958980799,0.994380631270603
0.1,"without_ssp245",74,10,-0.116343837677165,0.851206774287715,"hist+future",-0.10207901746688,0.855514629199893,0.0142648202102845,0.0166739640953019,0.994964604034642
0.1,"with_ssp245",74,10,-0.660990317306109,0.326507744592179,"hist",-0.657389059898724,0.324704316188475,0.00360125740738537,0.0110908824670351,1.00555406353963
0.1,"without_ssp245",74,10,-0.664761072882786,0.331859428610778,"hist",-0.657389059898724,0.324704316188475,0.00737201298406165,0.022703772683399,1.02203577860095
0.1,"with_ssp245",74,10,0.946011509812594,0.457778570827056,"future",0.963341412780262,0.454544331085072,0.0173299029676678,0.0381258807612856,1.00711534501874
0.1,"without_ssp245",74,10,0.935852020566177,0.4677263189531,"future",0.963341412780262,0.454544331085072,0.0274893922140842,0.0604768123462512,1.02900044498753
