"tol","archive","draw","n_stitched","mean_gen","var_gen","time_period","mean_target","var_target","bias","E1","E2"
0.1,"with_ssp245",44,10,-0.10346928730272,0.858826675252463,"hist+future",-0.10207901746688,0.855514629199893,0.00139026983584006,0.00162506845399043,1.00387140785152
0.1,"without_ssp245",44,9,-0.1086806450769,0.846957717115058,"hist+future",-0.10207901746688,0.855514629199893,0.00660162761002013,0.00771655724484128,0.989997935987562
0.1,"with_ssp245",44,10,-0.659491326353255,0.328818828352772,"hist",-0.657389059898724,0.324704316188475,0.00210226645453138,0.006474402555558,1.01267156597299
0.1,"without_ssp245",44,9,-0.657237369283374,0.322176162852632,"hist",-0.657389059898724,0.324704316188475,0.000151690615349809,0.000467165380277113,0.992213982969122
0.1,"with_ssp245",44,10,0.963317182968655,0.462165741646062,"future",0.963341412780262,0.454544331085072,2.42298116066575e-05,5.33057172857418e-05,1.01676714467607
0.1,"without_ssp245",44,9,0.943782837412264,0.457099364243178,"future",0.963341412780262,0.454544331085072,0.0195585753679973,0.0430289721605542,1.00562108684098
