"tol","archive","draw","n_stitched","mean_gen","var_gen","mean_target","var_target","bias","E1","E2"
0.1,"with_ssp370",53,24,0.0338512402896572,0.154455470259956,0.0268035895793399,0.120028163913759,0.00704765071031732,0.0587166418323379,1.286826901484
0.1,"without_ssp370",53,15,0.0195529799117813,0.182113014629915,0.0268035895793399,0.120028163913759,0.00725060966755859,0.0604075696164794,1.51725235721146
