"tol","archive","draw","n_stitched","mean_gen","var_gen","mean_target","var_target","bias","E1","E2"
0.1,"with_ssp126",181,25,0.0116392238733187,0.119807948813467,0.0115665949585149,0.115265037971512,7.26289148038142e-05,0.000630103595001329,1.03941273886604
0.1,"without_ssp126",181,22,0.0112396598279944,0.126832259304529,0.0115665949585149,0.115265037971512,0.000326935130520517,0.00283637724217226,1.10035325139854
