"tol","archive","draw","n_stitched","mean_gen","var_gen","mean_target","var_target","bias","E1","E2"
0.1,"withoutSSP245",43,9,0.0182738491851147,0.126999958400229,0.0177774354872768,0.117674122551793,0.000496413697837931,0.00421854599017246,1.07925137359176
0.1,"withSSP245",43,16,0.0174999663834381,0.123480316264091,0.0177774354872768,0.117674122551793,0.000277469103838739,0.00235794495698587,1.0493412959994
0.25,"withoutSSP245",43,7,0.0172217023420036,0.13746778909355,0.0177774354872768,0.117674122551793,0.000555733145273195,0.00472264532950814,1.16820747087402
0.25,"withSSP245",43,10,0.017132127447497,0.131872711300448,0.0177774354872768,0.117674122551793,0.000645308039779809,0.00548385682243588,1.12066024747629
0.5,"withoutSSP245",43,43,0.0175693414065825,0.171058387586074,0.0177774354872768,0.117674122551793,0.000208094080694318,0.00176839288181416,1.45366189164303
0.5,"withSSP245",43,33,0.0171039877977732,0.168118984800085,0.0177774354872768,0.117674122551793,0.000673447689503601,0.00572298883475581,1.42868271421432
