"tol","archive","draw","n_stitched","mean_gen","var_gen","mean_target","var_target","bias","E1","E2"
0.1,"with_ssp245",198,25,0.0199893282261294,0.15775038251714,0.0177774354872768,0.117674122551793,0.00221189273885259,0.01879676424083,1.34056986443819
0.1,"without_ssp245",198,10,0.00681883641358221,0.174765775954478,0.0177774354872768,0.117674122551793,0.0109585990736946,0.0931266691100352,1.48516744518368
