"tol","archive","draw","n_stitched","mean_gen","var_gen","mean_target","var_target","bias","E1","E2"
0.1,"with_ssp245",132,25,0.0174928655842432,0.124262574898059,0.0177774354872768,0.117674122551793,0.00028456990303365,0.0024182878687572,1.05598896514708
0.1,"without_ssp245",132,11,0.0176653462616567,0.126810680636712,0.0177774354872768,0.117674122551793,0.000112089225620081,0.000952539294021467,1.07764288262185
