"tol","archive","draw","n_stitched","mean_gen","var_gen","mean_target","var_target","bias","E1","E2"
0.1,"with_ssp126",163,25,0.0160407099593642,0.154220290104022,0.0115665949585149,0.115265037971512,0.00447411500084931,0.0388158897059064,1.33796242831359
0.1,"without_ssp126",163,20,-0.00460248769618724,0.194084768474133,0.0115665949585149,0.115265037971512,0.0161690826547022,0.140277424440691,1.6838129921243
