"tol","archive","draw","n_stitched","mean_gen","var_gen","mean_target","var_target","bias","E1","E2"
0.1,"with_ssp126",74,25,0.01172846841423,0.119597699094645,0.0115665949585149,0.115265037971512,0.000161873455715111,0.00140435867253277,1.03758868429995
0.1,"without_ssp126",74,21,0.0114530593467467,0.125307674108781,0.0115665949585149,0.115265037971512,0.000113535611768203,0.000984996090456018,1.08712647229381
