"tol","archive","draw","n_stitched","mean_gen","var_gen","mean_target","var_target","bias","E1","E2"
0.1,"with_ssp126",149,25,0.00990168429476763,0.149554300165562,0.0115665949585149,0.115265037971512,0.00166491066374729,0.0144441948143788,1.29748189735143
0.1,"without_ssp126",149,21,-0.00950037024100229,0.190796352526049,0.0115665949585149,0.115265037971512,0.0210669651995172,0.182769776250141,1.65528382138915
