"tol","archive","draw","n_stitched","mean_gen","var_gen","mean_target","var_target","bias","E1","E2"
0.1,"with_ssp370",22,25,0.0304642034441492,0.157346257926773,0.0268035895793399,0.120028163913759,0.00366061386480932,0.0304979576913257,1.31091114615256
0.1,"without_ssp370",22,14,0.0252061659631656,0.17409326297514,0.0268035895793399,0.120028163913759,0.00159742361617422,0.0133087399164248,1.4504367749908
