"tol","archive","draw","n_stitched","mean_gen","var_gen","mean_target","var_target","bias","E1","E2"
0.1,"with_ssp245",7,25,0.0173799371110769,0.123087208947649,0.0177774354872768,0.117674122551793,0.000397498376199897,0.00337795912627214,1.04600065229696
0.1,"without_ssp245",7,11,0.0178191282672908,0.125094635889681,0.0177774354872768,0.117674122551793,4.16927800139591e-05,0.000354307124708819,1.06305985697596
