"tol","archive","draw","n_stitched","mean_gen","var_gen","mean_target","var_target","bias","E1","E2"
0.1,"with_ssp126",114,25,0.0119464199128804,0.118911121687822,0.0115665949585149,0.115265037971512,0.000379824954365454,0.00329523124314009,1.0316321738185
0.1,"without_ssp126",114,20,0.0113227541604134,0.12586173983992,0.0115665949585149,0.115265037971512,0.000243840798101528,0.00211547926754507,1.09193335685212
