"tol","archive","draw","n_stitched","mean_gen","var_gen","mean_target","var_target","bias","E1","E2"
0.1,"with_ssp370",136,25,0.0254705911797383,0.159733854983213,0.0268035895793399,0.120028163913759,0.00133299839960153,0.0111057134937039,1.33080311965767
0.1,"without_ssp370",136,15,0.0247712538694331,0.178737615227804,0.0268035895793399,0.120028163913759,0.00203233570990678,0.0169321569508222,1.48913062900994
