"tol","archive","draw","n_stitched","mean_gen","var_gen","mean_target","var_target","bias","E1","E2"
0.1,"with_ssp370",97,25,0.0268347267597008,0.12421911641803,0.0268035895793399,0.120028163913759,3.11371803609073e-05,0.00025941561834837,1.03491640934608
0.1,"without_ssp370",97,14,0.026523689314828,0.12983413052548,0.0268035895793399,0.120028163913759,0.000279900264511888,0.00233195489612753,1.08169721415356
