"tol","archive","draw","n_stitched","mean_gen","var_gen","mean_target","var_target","bias","E1","E2"
0.1,"with_ssp370",174,24,0.0337572796999993,0.15885392892239,0.0268035895793399,0.120028163913759,0.00695369012065944,0.057933820646092,1.32347212306378
0.1,"without_ssp370",174,15,0.016482083355488,0.177787285269025,0.0268035895793399,0.120028163913759,0.0103215062238519,0.0859923695181071,1.48121307093197
