"tol","archive","draw","n_stitched","mean_gen","var_gen","mean_target","var_target","bias","E1","E2"
0.1,"with_ssp245",90,25,0.01762810522599,0.15355515501123,0.0177774354872768,0.117674122551793,0.00014933026128678,0.00126901529451433,1.30491863190774
0.1,"without_ssp245",90,10,0.0284608022321713,0.160155583737031,0.0177774354872768,0.117674122551793,0.0106833667448944,0.0907877323681954,1.36100937286819
