"tol","archive","draw","n_stitched","mean_gen","var_gen","mean_target","var_target","bias","E1","E2"
0.1,"with_ssp245",193,25,0.0182016809882834,0.160001645209794,0.0177774354872768,0.117674122551793,0.000424245501006552,0.00360525739904985,1.35970119632182
0.1,"without_ssp245",193,10,0.0107752969200346,0.172177696615792,0.0177774354872768,0.117674122551793,0.00700213856724224,0.0595044893082614,1.4631738302532
