"tol","archive","draw","n_stitched","mean_gen","var_gen","mean_target","var_target","bias","E1","E2"
0.1,"with_ssp126",83,25,0.011443238877839,0.120864804096754,0.0115665949585149,0.115265037971512,0.000123356080675902,0.00107019511594131,1.04858165341191
0.1,"without_ssp126",83,19,0.011516158421167,0.125859276774338,0.0115665949585149,0.115265037971512,5.04365373478911e-05,0.000437570127382049,1.09191198813854
