"tol","archive","draw","n_stitched","mean_gen","var_gen","mean_target","var_target","bias","E1","E2"
0.1,"with_ssp245",186,25,0.0177717567840416,0.123838205462351,0.0177774354872768,0.117674122551793,5.67870323517003e-06,4.82578761755422e-05,1.05238265454535
0.1,"without_ssp245",186,11,0.0179174215657771,0.128952024124505,0.0177774354872768,0.117674122551793,0.000139986078500291,0.00118960800781563,1.09584011614573
