"tol","archive","draw","n_stitched","mean_gen","var_gen","mean_target","var_target","bias","E1","E2"
0.1,"with_ssp245",181,25,0.0176984240777285,0.12438608596998,0.0177774354872768,0.117674122551793,7.90114095482707e-05,0.000671442521387779,1.05703856780603
0.1,"without_ssp245",181,10,0.0180853335884806,0.125386865379295,0.0177774354872768,0.117674122551793,0.000307898101203821,0.00261653194880039,1.06554323635689
