"tol","archive","draw","n_stitched","mean_gen","var_gen","mean_target","var_target","bias","E1","E2"
0.1,"with_ssp126",121,25,0.0067919570745662,0.153819851582472,0.0115665949585149,0.115265037971512,0.00477463788394872,0.0414231233336234,1.33448836082012
0.1,"without_ssp126",121,17,-1.64816687279749e-05,0.1776764206724,0.0115665949585149,0.115265037971512,0.0115830766272429,0.100490806502018,1.54145978519795
