"tol","archive","draw","n_stitched","mean_gen","var_gen","mean_target","var_target","bias","E1","E2"
0.1,"with_ssp245",44,24,0.0174914735560111,0.123958599559702,0.0177774354872768,0.117674122551793,0.000285961931265753,0.0024301173874476,1.05340576901385
0.1,"without_ssp245",44,10,0.0175743621780387,0.126166067133016,0.0177774354872768,0.117674122551793,0.00020307330923813,0.00172572613956606,1.07216492799838
