"tol","archive","draw","n_stitched","mean_gen","var_gen","mean_target","var_target","bias","E1","E2"
0.1,"with_ssp370",168,25,0.0267233684979768,0.12512186426108,0.0268035895793399,0.120028163913759,8.02210813630813e-05,0.000668352149589831,1.04243754283354
0.1,"without_ssp370",168,14,0.0259970525071885,0.128681654888424,0.0268035895793399,0.120028163913759,0.000806537072151364,0.00671956519080694,1.0720955040259
