"tol","archive","draw","n_stitched","mean_gen","var_gen","mean_target","var_target","bias","E1","E2"
0.1,"with_ssp370",103,25,0.0267997134628213,0.124316538972663,0.0268035895793399,0.120028163913759,3.87611651854122e-06,3.22933917520078e-05,1.03572807347104
0.1,"without_ssp370",103,15,0.0266063768935377,0.126708074889103,0.0268035895793399,0.120028163913759,0.000197212685802185,0.00164305342489354,1.05565286310756
