"tol","archive","draw","n_stitched","mean_gen","var_gen","mean_target","var_target","bias","E1","E2"
0.1,"with_ssp126",136,25,0.0120315875498676,0.149899219781657,0.0115665949585149,0.115265037971512,0.000464992591352645,0.00403411649825309,1.30047430183214
0.1,"without_ssp126",136,19,-0.00420985149838621,0.186004986888958,0.0115665949585149,0.115265037971512,0.0157764464569011,0.136871047236373,1.61371557379724
