"tol","archive","draw","n_stitched","mean_gen","var_gen","mean_target","var_target","bias","E1","E2"
0.1,"with_ssp370",194,25,0.0268495530745145,0.124601991726724,0.0268035895793399,0.120028163913759,4.59634951746335e-05,0.000382939250888305,1.03810628825624
0.1,"without_ssp370",194,16,0.0266831224423105,0.128270868574837,0.0268035895793399,0.120028163913759,0.000120467137029311,0.0010036572509421,1.06867308798459
