"tol","archive","draw","n_stitched","mean_gen","var_gen","mean_target","var_target","bias","E1","E2"
0.1,"with_ssp245",179,25,0.0160060130236645,0.160092829807963,0.0177774354872768,0.117674122551793,0.0017714224636123,0.01505362797868,1.36047608714906
0.1,"without_ssp245",179,12,0.0063242805902296,0.182895108164021,0.0177774354872768,0.117674122551793,0.0114531548970472,0.0973294267990499,1.55425087689539
