"tol","archive","draw","n_stitched","mean_gen","var_gen","mean_target","var_target","bias","E1","E2"
0.1,"with_ssp245",127,25,0.0252269887988609,0.156177599905399,0.0177774354872768,0.117674122551793,0.00744955331158405,0.0633066399819993,1.32720428687844
0.1,"without_ssp245",127,11,0.0122277101631003,0.179342601642193,0.0177774354872768,0.117674122551793,0.00554972532417649,0.047161816071616,1.5240615162714
