"tol","archive","draw","n_stitched","mean_gen","var_gen","mean_target","var_target","bias","E1","E2"
0.1,"with_ssp126",100,25,0.00718292388477002,0.154671596360723,0.0115665949585149,0.115265037971512,0.0043836710737449,0.0380312291644613,1.34187780685893
0.1,"without_ssp126",100,18,-0.00893339820351035,0.187877306246801,0.0115665949585149,0.115265037971512,0.0204999931620253,0.177850920997327,1.62995917542
