"tol","archive","draw","n_stitched","mean_gen","var_gen","mean_target","var_target","bias","E1","E2"
0.1,"with_ssp126",134,25,0.0117233963630977,0.118853631705669,0.0115665949585149,0.115265037971512,0.000156801404582766,0.0013603552936973,1.03113341041925
0.1,"without_ssp126",134,18,0.0116869148300519,0.125125617034264,0.0115665949585149,0.115265037971512,0.00012031987153697,0.00104385400512086,1.08554700745589
