"tol","archive","draw","n_stitched","mean_gen","var_gen","mean_target","var_target","bias","E1","E2"
0.1,"with_ssp126",129,25,0.0073751108248755,0.152004921628275,0.0115665949585149,0.115265037971512,0.00419148413363941,0.0363638810814027,1.31874265001191
0.1,"without_ssp126",129,20,0.00357167935370034,0.180818874206361,0.0115665949585149,0.115265037971512,0.00799491560481458,0.0693611501415595,1.56872263600912
