"tol","archive","draw","n_stitched","mean_gen","var_gen","mean_target","var_target","bias","E1","E2"
0.1,"with_ssp126",200,25,0.0116393838730971,0.119004986524938,0.0115665949585149,0.115265037971512,7.27889145821503e-05,0.000631491698290512,1.0324465130038
0.1,"without_ssp126",200,19,0.0115604423415514,0.125663939287083,0.0115665949585149,0.115265037971512,6.15261696356589e-06,5.33779979761647e-05,1.09021730698723
