"tol","archive","draw","n_stitched","mean_gen","var_gen","mean_target","var_target","bias","E1","E2"
0.1,"with_ssp245",64,25,0.0175294049506127,0.124498638183628,0.0177774354872768,0.117674122551793,0.000248030536664126,0.00210777468559374,1.0579950415932
0.1,"without_ssp245",64,10,0.0177951359227884,0.126640570347426,0.0177774354872768,0.117674122551793,1.77004355115876e-05,0.000150419099184673,1.07619727771232
