"tol","archive","draw","n_stitched","mean_gen","var_gen","mean_target","var_target","bias","E1","E2"
0.1,"with_ssp370",184,24,0.0372178825731076,0.161500191802359,0.0268035895793399,0.120028163913759,0.0104142929937677,0.0867654111684194,1.34551913931132
0.1,"without_ssp370",184,14,0.0262064362675727,0.181383942703655,0.0268035895793399,0.120028163913759,0.000597153311767143,0.00497510994333132,1.51117818343018
