"tol","archive","draw","n_stitched","mean_gen","var_gen","mean_target","var_target","bias","E1","E2"
0.1,"with_ssp370",149,24,0.0268947811175991,0.124600827607672,0.0268035895793399,0.120028163913759,9.11915382592367e-05,0.000759751172439482,1.03809658954042
0.1,"without_ssp370",149,14,0.0262931801078218,0.13256910672711,0.0268035895793399,0.120028163913759,0.000510409471518057,0.00425241422408819,1.10448333461438
