"tol","archive","draw","n_stitched","mean_gen","var_gen","mean_target","var_target","bias","E1","E2"
0.1,"with_ssp245",185,25,0.0254691933812676,0.158119308001303,0.0177774354872768,0.117674122551793,0.00769175789399075,0.06536490544559,1.34370500983942
0.1,"without_ssp245",185,11,0.0189425494562849,0.173802386947476,0.0177774354872768,0.117674122551793,0.00116511396900813,0.00990119104984459,1.47698052195782
