"tol","archive","draw","n_stitched","mean_gen","var_gen","mean_target","var_target","bias","E1","E2"
0.1,"with_ssp245",27,25,0.0214395972521272,0.160458319256743,0.0177774354872768,0.117674122551793,0.00366216176485044,0.0311212158241381,1.36358203296667
0.1,"without_ssp245",27,11,0.00643139563167863,0.173888036272241,0.0177774354872768,0.117674122551793,0.0113460398555982,0.0964191583464265,1.47770837378205
