"tol","archive","draw","n_stitched","mean_gen","var_gen","mean_target","var_target","bias","E1","E2"
0.1,"with_ssp245",147,25,0.0173769074090898,0.122989793680682,0.0177774354872768,0.117674122551793,0.000400528078186968,0.00340370567038372,1.04517281296531
0.1,"without_ssp245",147,10,0.0180344217520298,0.12399269541071,0.0177774354872768,0.117674122551793,0.000256986264752977,0.00218388086675443,1.05369551709328
