"tol","archive","draw","n_stitched","mean_gen","var_gen","mean_target","var_target","bias","E1","E2"
0.1,"with_ssp370",161,25,0.033605398970994,0.160825125625807,0.0268035895793399,0.120028163913759,0.00680180939165414,0.0566684448871624,1.33989490784314
0.1,"without_ssp370",161,16,0.0209022580829973,0.177193148830079,0.0268035895793399,0.120028163913759,0.00590133149634255,0.0491662231922726,1.47626309569638
