"tol","archive","draw","n_stitched","mean_gen","var_gen","mean_target","var_target","bias","E1","E2"
0.1,"with_ssp126",31,25,0.0115969608313913,0.120996483694604,0.0115665949585149,0.115265037971512,3.03658728763919e-05,0.000263443915091556,1.04972406051269
0.1,"without_ssp126",31,23,0.0116015674320535,0.125247527333917,0.0115665949585149,0.115265037971512,3.49724735385897e-05,0.000303409205029138,1.08660465947074
