"tol","archive","draw","n_stitched","mean_gen","var_gen","mean_target","var_target","bias","E1","E2"
0.1,"with_ssp370",29,24,0.0338496392504286,0.163062176683115,0.0268035895793399,0.120028163913759,0.00704604967108876,0.0587033029693881,1.35853262572838
0.1,"without_ssp370",29,15,0.0232094739432011,0.179477006032163,0.0268035895793399,0.120028163913759,0.00359411563613876,0.029943935814274,1.49529077326483
