"tol","archive","draw","n_stitched","mean_gen","var_gen","mean_target","var_target","bias","E1","E2"
0.1,"withoutSSP245",21,10,0.0179023075834117,0.126529531887246,0.0177774354872768,0.117674122551793,0.0001248720961349,0.00106116870410433,1.0752536678704
0.1,"withSSP245",21,18,0.0175033721519775,0.121101444391024,0.0177774354872768,0.117674122551793,0.000274063335299352,0.00232900258235387,1.02912553554604
0.25,"withoutSSP245",21,15,0.017362424143368,0.138039691245999,0.0177774354872768,0.117674122551793,0.000415011343908762,0.00352678511561536,1.17306752115565
0.25,"withSSP245",21,16,0.0171846913409054,0.133859292015454,0.0177774354872768,0.117674122551793,0.000592744146371393,0.00503716648586439,1.13754229997794
0.5,"withoutSSP245",21,50,0.0171872758328768,0.173830326353421,0.0177774354872768,0.117674122551793,0.000590159654400006,0.00501520335654299,1.47721795228947
0.5,"withSSP245",21,47,0.0166411897990313,0.168886884118694,0.0177774354872768,0.117674122551793,0.00113624568824546,0.0096558670980984,1.43520835725254
