"tol","archive","draw","n_stitched","mean_gen","var_gen","mean_target","var_target","bias","E1","E2"
0.1,"with_ssp370",160,25,0.0268926365462783,0.126174338074763,0.0268035895793399,0.120028163913759,8.90469669384414e-05,0.000741883938193225,1.0512060999735
0.1,"without_ssp370",160,16,0.0264690044564303,0.127886345125727,0.0268035895793399,0.120028163913759,0.000334585122909591,0.00278755512039651,1.06546947779368
