"tol","archive","draw","n_stitched","mean_gen","var_gen","mean_target","var_target","bias","E1","E2"
0.1,"with_ssp126",150,25,0.0116918121359996,0.121115492544889,0.0115665949585149,0.115265037971512,0.000125217177484732,0.00108634135457171,1.05075654054635
0.1,"without_ssp126",150,19,0.0112832068833028,0.12593592640764,0.0115665949585149,0.115265037971512,0.000283388075212127,0.00245857790184538,1.09257697411045
