"tol","archive","draw","n_stitched","mean_gen","var_gen","mean_target","var_target","bias","E1","E2"
0.1,"with_ssp126",109,25,0.00829628698647164,0.148261279173175,0.0115665949585149,0.115265037971512,0.00327030797204328,0.0283720721356249,1.28626408998207
0.1,"without_ssp126",109,20,-0.0052439718522158,0.184548289252391,0.0115665949585149,0.115265037971512,0.0168105668107307,0.145842721319239,1.60107776390967
