"tol","archive","draw","n_stitched","mean_gen","var_gen","mean_target","var_target","bias","E1","E2"
0.1,"with_ssp126",184,25,0.0116711685802183,0.120502338056608,0.0115665949585149,0.115265037971512,0.000104573621703347,0.000907244933448014,1.04543702216444
0.1,"without_ssp126",184,19,0.0114477026662769,0.126124086070207,0.0115665949585149,0.115265037971512,0.000118892292238009,0.00103146881595956,1.09420938291262
