"tol","archive","draw","n_stitched","mean_gen","var_gen","mean_target","var_target","bias","E1","E2"
0.1,"with_ssp370",74,25,0.0268193458474989,0.123914140151768,0.0268035895793399,0.120028163913759,1.57562681590874e-05,0.000131271425349874,1.03237553680153
0.1,"without_ssp370",74,16,0.026151957179807,0.126321004781594,0.0268035895793399,0.120028163913759,0.000651632399532861,0.00542899581469115,1.05242803574298
