"tol","archive","draw","n_stitched","mean_gen","var_gen","mean_target","var_target","bias","E1","E2"
0.1,"with_ssp370",187,24,0.0267643895066616,0.125969601579027,0.0268035895793399,0.120028163913759,3.92000726782658e-05,0.000326590621734674,1.04950036284432
0.1,"without_ssp370",187,15,0.0267575347441682,0.126610411328413,0.0268035895793399,0.120028163913759,4.60548351716196e-05,0.00038370023892651,1.05483919107005
