"tol","archive","draw","n_stitched","mean_gen","var_gen","mean_target","var_target","bias","E1","E2"
0.1,"with_ssp126",87,25,0.0115759454313849,0.120645743342463,0.0115665949585149,0.115265037971512,9.3504728700157e-06,8.11215007999799e-05,1.04668115731919
0.1,"without_ssp126",87,18,0.0115724473121534,0.127549916039475,0.0115665949585149,0.115265037971512,5.85235363846116e-06,5.07730161847307e-05,1.10657939548851
