"tol","archive","draw","n_stitched","mean_gen","var_gen","mean_target","var_target","bias","E1","E2"
0.1,"with_ssp126",85,25,0.011552513587733,0.120275391070739,0.0115665949585149,0.115265037971512,1.40813707819112e-05,0.000122165151113658,1.04346810782699
0.1,"without_ssp126",85,19,0.0113664503854914,0.125473049255442,0.0115665949585149,0.115265037971512,0.000200144573023553,0.00173638578137648,1.08856121043793
