"tol","archive","draw","n_stitched","mean_gen","var_gen","mean_target","var_target","bias","E1","E2"
0.1,"with_ssp245",58,25,0.0176689427716342,0.123125034774943,0.0177774354872768,0.117674122551793,0.000108492715642637,0.0009219759900473,1.04632209788307
0.1,"without_ssp245",58,11,0.0178761911042033,0.125808882776031,0.0177774354872768,0.117674122551793,9.87556169265019e-05,0.000839229686059782,1.06912955922537
