"tol","archive","draw","n_stitched","mean_gen","var_gen","mean_target","var_target","bias","E1","E2"
0.1,"with_ssp370",76,25,0.0333562133720951,0.154669552732894,0.0268035895793399,0.120028163913759,0.00655262379275523,0.0545923854793225,1.28861050348171
0.1,"without_ssp370",76,16,0.0258805978353392,0.180162501088356,0.0268035895793399,0.120028163913759,0.000922991744000633,0.00768979307776306,1.50100189167106
