"tol","archive","draw","n_stitched","mean_gen","var_gen","mean_target","var_target","bias","E1","E2"
0.1,"with_ssp245",168,25,0.0176674456287384,0.122580956894358,0.0177774354872768,0.117674122551793,0.000109989858538436,0.000934698777889971,1.04169849951849
0.1,"without_ssp245",168,10,0.0182951121194537,0.127458762437934,0.0177774354872768,0.117674122551793,0.000517676632176917,0.00439923936504447,1.08315031099411
