"tol","archive","draw","n_stitched","mean_gen","var_gen","mean_target","var_target","bias","E1","E2"
0.1,"with_ssp126",178,25,0.0117242217963917,0.151061214274166,0.0115665949585149,0.115265037971512,0.000157626837876828,0.00136751647030894,1.3105553681551
0.1,"without_ssp126",178,21,-0.00877103622259985,0.183475666125008,0.0115665949585149,0.115265037971512,0.0203376311811148,0.176442324047482,1.5917720529477
