"tol","archive","draw","n_stitched","mean_gen","var_gen","mean_target","var_target","bias","E1","E2"
0.1,"with_ssp245",88,25,0.0246028711207036,0.160627129122519,0.0177774354872768,0.117674122551793,0.00682543563342681,0.0580028598082186,1.36501658681856
0.1,"without_ssp245",88,10,0.00622909530909647,0.173875349486495,0.0177774354872768,0.117674122551793,0.0115483401781803,0.0981383156105321,1.47760056090467
