"tol","archive","draw","n_stitched","mean_gen","var_gen","mean_target","var_target","bias","E1","E2"
0.1,"with_ssp126",72,25,0.0114064336318622,0.120382885374924,0.0115665949585149,0.115265037971512,0.000160161326652716,0.0013895048270604,1.04440069160153
0.1,"without_ssp126",72,18,0.0113650381501679,0.124137184242728,0.0115665949585149,0.115265037971512,0.00020155680834702,0.00174863785146052,1.07697170301899
