"tol","archive","draw","n_stitched","mean_gen","var_gen","mean_target","var_target","bias","E1","E2"
0.1,"with_ssp370",45,25,0.0266377347184519,0.124543363041672,0.0268035895793399,0.120028163913759,0.000165854860887958,0.00138179953337557,1.03761783052149
0.1,"without_ssp370",45,14,0.0264218276226077,0.126969864380792,0.0268035895793399,0.120028163913759,0.000381761956732167,0.00318060315416027,1.05783393031006
