"tol","archive","draw","n_stitched","mean_gen","var_gen","mean_target","var_target","bias","E1","E2"
0.1,"with_ssp245",128,25,0.0175092292085373,0.122572687198921,0.0177774354872768,0.117674122551793,0.000268206278739521,0.00227922905158245,1.04162822327374
0.1,"without_ssp245",128,9,0.0180213207650696,0.123779589336845,0.0177774354872768,0.117674122551793,0.000243885277792819,0.00207254808877351,1.05188453206748
