"tol","archive","draw","n_stitched","mean_gen","var_gen","mean_target","var_target","bias","E1","E2"
0.1,"with_ssp126",1,25,0.0116285581564245,0.120584163953465,0.0115665949585149,0.115265037971512,6.19631979095966e-05,0.000537571487417643,1.04614691562647
0.1,"without_ssp126",1,18,0.0114428004671109,0.125050998399121,0.0115665949585149,0.115265037971512,0.000123794491404003,0.00107399861729624,1.08489964172855
