"tol","archive","draw","n_stitched","mean_gen","var_gen","mean_target","var_target","bias","E1","E2"
0.1,"with_ssp245",39,25,0.0173659828577873,0.122695539371763,0.0177774354872768,0.117674122551793,0.00041145262948953,0.00349654299999927,1.04267222657861
0.1,"without_ssp245",39,8,0.0181999698149104,0.126743401568088,0.0177774354872768,0.117674122551793,0.000422534327633603,0.00359071577056058,1.07707114206271
