"tol","archive","draw","n_stitched","mean_gen","var_gen","mean_target","var_target","bias","E1","E2"
0.1,"with_ssp245",161,25,0.0208276701375792,0.163057102644541,0.0177774354872768,0.117674122551793,0.00305023465030237,0.0259210316096458,1.38566661138919
0.1,"without_ssp245",161,10,0.0102595057317469,0.172579506479673,0.0177774354872768,0.117674122551793,0.00751792975552995,0.0638877060861107,1.46658842859621
