"tol","archive","draw","n_stitched","mean_gen","var_gen","mean_target","var_target","bias","E1","E2"
0.1,"with_ssp245",59,25,0.0175343472969209,0.121931748414114,0.0177774354872768,0.117674122551793,0.000243088190355956,0.00206577440379011,1.03618149657709
0.1,"without_ssp245",59,10,0.017976712029721,0.123744828808661,0.0177774354872768,0.117674122551793,0.000199276542444206,0.00169346104413479,1.05158913553144
