"tol","archive","draw","n_stitched","mean_gen","var_gen","mean_target","var_target","bias","E1","E2"
0.1,"with_ssp245",140,24,0.0282314635140073,0.158558065825308,0.0177774354872768,0.117674122551793,0.0104540280267305,0.0888388015991298,1.34743359361375
0.1,"without_ssp245",140,10,-0.00668275300529972,0.180535971771222,0.0177774354872768,0.117674122551793,0.0244601884925765,0.207863784850493,1.53420282944332
