"tol","archive","draw","n_stitched","mean_gen","var_gen","mean_target","var_target","bias","E1","E2"
0.1,"with_ssp245",161,25,0.0173872878375299,0.124241083488084,0.0177774354872768,0.117674122551793,0.000390147649746906,0.0033154923213911,1.05580633017595
0.1,"without_ssp245",161,10,0.0179057988237103,0.124468997474623,0.0177774354872768,0.117674122551793,0.00012836333643354,0.00109083742160084,1.05774315351141
