"tol","archive","draw","n_stitched","mean_gen","var_gen","mean_target","var_target","bias","E1","E2"
0.1,"with_ssp245",193,25,0.0174832557743808,0.123801151326374,0.0177774354872768,0.117674122551793,0.000294179712896019,0.00249995246632527,1.05206776682684
0.1,"without_ssp245",193,10,0.0177318324593881,0.124756323200712,0.0177774354872768,0.117674122551793,4.56030278886792e-05,0.000387536587482157,1.06018486048878
