"tol","archive","draw","n_stitched","mean_gen","var_gen","mean_target","var_target","bias","E1","E2"
0.1,"with_ssp245",171,25,0.0255832548256268,0.164508407720356,0.0177774354872768,0.117674122551793,0.00780581933835,0.0663342047433948,1.39799986737057
0.1,"without_ssp245",171,10,0.000984762492689281,0.176983872631289,0.0177774354872768,0.117674122551793,0.0167926729945875,0.142704892379345,1.50401693076905
