"tol","archive","draw","n_stitched","mean_gen","var_gen","mean_target","var_target","bias","E1","E2"
0.1,"with_ssp126",191,25,0.0141534305418097,0.156248412277118,0.0115665949585149,0.115265037971512,0.00258683558329479,0.0224424997277504,1.35555772181097
0.1,"without_ssp126",191,20,-0.00278189313062617,0.183529195242721,0.0115665949585149,0.115265037971512,0.0143484880891411,0.12448256940398,1.59223645324336
