"tol","archive","draw","n_stitched","mean_gen","var_gen","mean_target","var_target","bias","E1","E2"
0.1,"with_ssp126",48,25,0.0115330742784354,0.120138933247499,0.0115665949585149,0.115265037971512,3.35206800795521e-05,0.000290813942106512,1.0422842464789
0.1,"without_ssp126",48,23,0.0114276391647104,0.127169963527119,0.0115665949585149,0.115265037971512,0.000138955793804556,0.00120553288533944,1.10328305759592
