"tol","archive","draw","n_stitched","mean_gen","var_gen","mean_target","var_target","bias","E1","E2"
0.1,"with_ssp126",80,25,0.0115502534227675,0.118727445923258,0.0115665949585149,0.115265037971512,1.63415357474425e-05,0.00014177356842134,1.03003866578001
0.1,"without_ssp126",80,20,0.0113555649963812,0.123682195468699,0.0115665949585149,0.115265037971512,0.000211029962133678,0.00183082368988448,1.0730243762143
