"tol","archive","draw","n_stitched","mean_gen","var_gen","mean_target","var_target","bias","E1","E2"
0.1,"with_ssp126",63,25,0.00929156506884016,0.146518472514026,0.0115665949585149,0.115265037971512,0.00227502988967476,0.0197373802994542,1.271144096185
0.1,"without_ssp126",63,19,-0.00347774986599199,0.195036307076482,0.0115665949585149,0.115265037971512,0.0150443448245069,0.130519584162417,1.69206821520925
