"tol","archive","draw","n_stitched","mean_gen","var_gen","mean_target","var_target","bias","E1","E2"
0.1,"with_ssp245",102,25,0.0175904260230671,0.124499578307132,0.0177774354872768,0.117674122551793,0.000187009464209745,0.00158921486011025,1.05800303080513
0.1,"without_ssp245",102,11,0.0178746899004639,0.127085923978717,0.0177774354872768,0.117674122551793,9.7254413187052e-05,0.00082647238898464,1.0799819129544
