"tol","archive","draw","n_stitched","mean_gen","var_gen","mean_target","var_target","bias","E1","E2"
0.1,"with_ssp370",156,24,0.0268180676948439,0.123929013362878,0.0268035895793399,0.120028163913759,1.44781155040699e-05,0.000120622652484066,1.03249945114483
0.1,"without_ssp370",156,14,0.0266091145437983,0.127471883174052,0.0268035895793399,0.120028163913759,0.000194475035541566,0.00162024502583658,1.0620164386222
