"tol","archive","draw","n_stitched","mean_gen","var_gen","mean_target","var_target","bias","E1","E2"
0.1,"withoutSSP245",46,8,0.0180207984879834,0.127552565667532,0.0177774354872768,0.117674122551793,0.000243363000706567,0.00206810975454227,1.08394745506932
0.1,"withSSP245",46,16,0.0175292235960714,0.121058930928056,0.0177774354872768,0.117674122551793,0.000248211891205375,0.00210931584466352,1.02876425422057
0.25,"withoutSSP245",46,8,0.0175183055512225,0.138605231443147,0.0177774354872768,0.117674122551793,0.000259129936054262,0.00220209788214234,1.17787350725425
0.25,"withSSP245",46,9,0.0174342050615222,0.133966885369404,0.0177774354872768,0.117674122551793,0.000343230425754588,0.00291678763615609,1.13845663315177
0.5,"withoutSSP245",46,41,0.0174106048999138,0.173794516744589,0.0177774354872768,0.117674122551793,0.000366830587363056,0.00311734287376222,1.47691364061878
0.5,"withSSP245",46,37,0.0167335837704964,0.165422895135389,0.0177774354872768,0.117674122551793,0.0010438517167804,0.00887069896205053,1.40577122266265
