"tol","archive","draw","n_stitched","mean_gen","var_gen","mean_target","var_target","bias","E1","E2"
0.1,"with_ssp126",24,25,0.00839811256095346,0.152734854861792,0.0115665949585149,0.115265037971512,0.00316848239756146,0.0274886683188754,1.32507530079972
0.1,"without_ssp126",24,20,-0.00215622580407281,0.181843255140517,0.0115665949585149,0.115265037971512,0.0137228207625877,0.119054493921907,1.5776098142219
