"tol","archive","draw","n_stitched","mean_gen","var_gen","mean_target","var_target","bias","E1","E2"
0.1,"with_ssp245",88,25,0.0175166641641781,0.122249687645221,0.0177774354872768,0.117674122551793,0.000260771323098753,0.00221604646326533,1.03888335850062
0.1,"without_ssp245",88,10,0.0175973657065298,0.126729636295572,0.0177774354872768,0.117674122551793,0.000180069780747028,0.00153024111709668,1.07695416415613
