"tol","archive","draw","n_stitched","mean_gen","var_gen","mean_target","var_target","bias","E1","E2"
0.1,"with_ssp370",41,25,0.0267850774100539,0.162292693719517,0.0268035895793399,0.120028163913759,1.85121692859377e-05,0.000154231879271592,1.35212177232108
0.1,"without_ssp370",41,15,0.0154152997760524,0.170450799453063,0.0268035895793399,0.120028163913759,0.0113882898032874,0.094880146725147,1.42009003466497
