"tol","archive","draw","n_stitched","mean_gen","var_gen","mean_target","var_target","bias","E1","E2"
0.1,"with_ssp126",95,25,0.0116387262709254,0.119082109609571,0.0115665949585149,0.115265037971512,7.21313124104356e-05,0.000625786567027057,1.03311560647733
0.1,"without_ssp126",95,18,0.0116427787355009,0.123855804546342,0.0115665949585149,0.115265037971512,7.61837769860194e-05,0.000660944362026312,1.07453054912413
