"tol","archive","draw","n_stitched","mean_gen","var_gen","mean_target","var_target","bias","E1","E2"
0.1,"with_ssp370",111,24,0.0339897101224918,0.158640822969334,0.0268035895793399,0.120028163913759,0.00718612054315195,0.0598702863464214,1.3216966568223
0.1,"without_ssp370",111,15,0.0202712937923531,0.166612056479192,0.0268035895793399,0.120028163913759,0.00653229578698675,0.0544230251799923,1.3881080160395
