"tol","archive","draw","n_stitched","mean_gen","var_gen","mean_target","var_target","bias","E1","E2"
0.1,"with_ssp370",67,25,0.0266227874512262,0.122849391249248,0.0268035895793399,0.120028163913759,0.000180802128113614,0.00150633086617506,1.0235047112569
0.1,"without_ssp370",67,13,0.0264410246813496,0.130981547865114,0.0268035895793399,0.120028163913759,0.000362564897990213,0.00302066520196642,1.09125678169355
