"tol","archive","draw","n_stitched","mean_gen","var_gen","mean_target","var_target","bias","E1","E2"
0.1,"with_ssp245",6,25,0.0243351411843844,0.16059012479738,0.0177774354872768,0.117674122551793,0.0065577056971076,0.0557276787360048,1.36470212239482
0.1,"without_ssp245",6,11,0.0147415223427456,0.179936413870683,0.0177774354872768,0.117674122551793,0.00303591314453122,0.0257993268077693,1.52910775936728
