"tol","archive","draw","n_stitched","mean_gen","var_gen","mean_target","var_target","bias","E1","E2"
0.1,"with_ssp370",102,24,0.0316223645528674,0.156758693762368,0.0268035895793399,0.120028163913759,0.00481877497352759,0.0401470356323197,1.30601592702026
0.1,"without_ssp370",102,14,0.0194224369440252,0.177488181123466,0.0268035895793399,0.120028163913759,0.00738115263531469,0.0614951724215168,1.47872112124445
