"tol","archive","draw","n_stitched","mean_gen","var_gen","mean_target","var_target","bias","E1","E2"
0.1,"with_ssp245",38,25,0.0175257539553554,0.123070276259403,0.0177774354872768,0.117674122551793,0.000251681531921382,0.00213880100793279,1.04585675754866
0.1,"without_ssp245",38,11,0.0178344301976694,0.12196502023176,0.0177774354872768,0.117674122551793,5.69947103925689e-05,0.000484343619112036,1.03646424198385
