"tol","archive","draw","n_stitched","mean_gen","var_gen","mean_target","var_target","bias","E1","E2"
0.1,"with_ssp126",141,25,0.0117728187907548,0.120559987609782,0.0115665949585149,0.115265037971512,0.000206223832239925,0.00178912735265739,1.04593716994722
0.1,"without_ssp126",141,20,0.011581382409118,0.127592269464599,0.0115665949585149,0.115265037971512,1.47874506030571e-05,0.000128290857863699,1.10694683930208
