"tol","archive","draw","n_stitched","mean_gen","var_gen","mean_target","var_target","bias","E1","E2"
0.1,"with_ssp370",27,25,0.0243112846182945,0.151782763801353,0.0268035895793399,0.120028163913759,0.00249230496104534,0.0207643346342954,1.26455957378812
0.1,"without_ssp370",27,14,0.0200350080477214,0.185151698761451,0.0268035895793399,0.120028163913759,0.00676858153161844,0.0563916110262397,1.54256878322728
