"tol","archive","draw","n_stitched","mean_gen","var_gen","mean_target","var_target","bias","E1","E2"
0.1,"with_ssp126",47,25,0.0114824410028716,0.11963001185993,0.0115665949585149,0.115265037971512,8.41539556432954e-05,0.000730090902881535,1.03786901878692
0.1,"without_ssp126",47,19,0.0115671239987509,0.123955770025836,0.0115665949585149,0.115265037971512,5.29040236028899e-07,4.58977193205501e-06,1.07539781539371
