"tol","archive","draw","n_stitched","mean_gen","var_gen","mean_target","var_target","bias","E1","E2"
0.1,"with_ssp126",35,25,0.00851482301079511,0.15746754492512,0.0115665949585149,0.115265037971512,0.00305177194771981,0.0264761284204328,1.36613449920555
0.1,"without_ssp126",35,19,0.000373992255303243,0.182216810019156,0.0115665949585149,0.115265037971512,0.0111926027032117,0.0971031884445132,1.58085064843506
