"tol","archive","draw","n_stitched","mean_gen","var_gen","mean_target","var_target","bias","E1","E2"
0.1,"with_ssp126",82,25,0.0116737067385616,0.119500366317186,0.0115665949585149,0.115265037971512,0.00010711178004668,0.00092926512611008,1.03674425845174
0.1,"without_ssp126",82,23,0.0117066258518346,0.127406715424498,0.0115665949585149,0.115265037971512,0.000140030893319706,0.00121486008059369,1.1053370359882
