"tol","archive","draw","n_stitched","mean_gen","var_gen","mean_target","var_target","bias","E1","E2"
0.1,"with_ssp126",195,25,0.0137171660689201,0.160264474856053,0.0115665949585149,0.115265037971512,0.00215057111040517,0.0186576185481038,1.3903997055522
0.1,"without_ssp126",195,20,0.0034162700284291,0.180472918124893,0.0115665949585149,0.115265037971512,0.00815032493008581,0.0707094282318304,1.56572123950975
