"tol","archive","draw","n_stitched","mean_gen","var_gen","mean_target","var_target","bias","E1","E2"
0.1,"with_ssp126",117,25,0.0117020556676609,0.119841641484498,0.0115665949585149,0.115265037971512,0.000135460709146006,0.00117521072764047,1.03970504494275
0.1,"without_ssp126",117,20,0.0113776326676669,0.126986711391292,0.0115665949585149,0.115265037971512,0.000188962290847968,0.00163937213029567,1.10169322481529
