"tol","archive","draw","n_stitched","mean_gen","var_gen","mean_target","var_target","bias","E1","E2"
0.1,"withoutSSP245",19,9,0.0181786071078744,0.125733877158297,0.0177774354872768,0.117674122551793,0.000401171620597583,0.00340917452280989,1.06849215810346
0.1,"withSSP245",19,16,0.0177232073476085,0.121213413698824,0.0177774354872768,0.117674122551793,5.42281396682699e-05,0.000460833176337489,1.03007705577301
0.25,"withoutSSP245",19,16,0.0173615099071591,0.134452488049715,0.0177774354872768,0.117674122551793,0.000415925580117733,0.00353455433614698,1.14258330662748
0.25,"withSSP245",19,15,0.0172265032544607,0.135312814810943,0.0177774354872768,0.117674122551793,0.000550932232816145,0.00468184695894933,1.14989440224112
0.5,"withoutSSP245",19,54,0.0171748595493212,0.174792472455615,0.0177774354872768,0.117674122551793,0.00060257593795561,0.00512071749411507,1.48539431325423
0.5,"withSSP245",19,31,0.016352236465129,0.166338920290381,0.0177774354872768,0.117674122551793,0.00142519902214784,0.0121114055600504,1.41355564573824
