"tol","archive","draw","n_stitched","mean_gen","var_gen","mean_target","var_target","bias","E1","E2"
0.1,"with_ssp245",191,25,0.0175445112915727,0.122807770646234,0.0177774354872768,0.117674122551793,0.00023292419570415,0.00197940031889024,1.04362597301017
0.1,"without_ssp245",191,11,0.0180840196384007,0.124363124908922,0.0177774354872768,0.117674122551793,0.000306584151123921,0.00260536594176838,1.05684344367373
