"tol","archive","draw","n_stitched","mean_gen","var_gen","mean_target","var_target","bias","E1","E2"
0.1,"with_ssp126",151,25,0.0115626138588541,0.121993171781185,0.0115665949585149,0.115265037971512,3.9810996607919e-06,3.45386574355343e-05,1.05837098506259
0.1,"without_ssp126",151,20,0.0116039984595295,0.127514429255563,0.0115665949585149,0.115265037971512,3.74035010145962e-05,0.000324499966970389,1.10627152430279
