"tol","archive","draw","n_stitched","mean_gen","var_gen","mean_target","var_target","bias","E1","E2"
0.1,"with_ssp370",88,25,0.026754695044252,0.12360561011096,0.0268035895793399,0.120028163913759,4.88945350878636e-05,0.000407358852235669,1.02980505641802
0.1,"without_ssp370",88,16,0.0265684380251216,0.127796179446958,0.0268035895793399,0.120028163913759,0.000235151554218264,0.00195913647722898,1.0647182734444
