"tol","archive","draw","n_stitched","mean_gen","var_gen","mean_target","var_target","bias","E1","E2"
0.1,"with_ssp370",185,25,0.0267990808604679,0.124950953711912,0.0268035895793399,0.120028163913759,4.50871887191368e-06,3.75638410594469e-05,1.04101362245023
0.1,"without_ssp370",185,16,0.02667493925383,0.125696073085282,0.0268035895793399,0.120028163913759,0.000128650325509898,0.00107183448713199,1.04722149357875
