"tol","archive","draw","n_stitched","mean_gen","var_gen","mean_target","var_target","bias","E1","E2"
0.1,"withoutSSP245",2,8,0.00206203846627896,0.176617692923523,0.0177774354872768,0.117674122551793,0.0157153970209978,0.133550152575651,1.50090511909945
0.1,"withSSP245",2,15,0.00924365531062321,0.160592655973132,0.0177774354872768,0.117674122551793,0.0085337801766536,0.0725204487749421,1.3647236324405
0.25,"withoutSSP245",2,19,-0.00413066002222413,0.246913004575926,0.0177774354872768,0.117674122551793,0.0219080955095009,0.186175983592809,2.09827784751273
0.25,"withSSP245",2,20,0.00963245175935642,0.215169761722411,0.0177774354872768,0.117674122551793,0.00814498372792038,0.0692164390206982,1.82852233827115
0.5,"withoutSSP245",2,54,0.000788993219733153,0.399054407917841,0.0177774354872768,0.117674122551793,0.0169884422675437,0.144368548489208,3.39118235398101
0.5,"withSSP245",2,48,0.0171267860769033,0.374964436185708,0.0177774354872768,0.117674122551793,0.000650649410373488,0.00552924803061191,3.18646468785582
