"tol","archive","draw","n_stitched","mean_gen","var_gen","mean_target","var_target","bias","E1","E2"
0.1,"with_ssp245",65,25,0.0256408035553587,0.158962271472005,0.0177774354872768,0.117674122551793,0.0078633680680819,0.0668232564438362,1.35086855142718
0.1,"without_ssp245",65,10,0.000598308770057918,0.160724150519444,0.0177774354872768,0.117674122551793,0.0171791267172189,0.145988993541529,1.36584107902485
