"tol","archive","draw","n_stitched","mean_gen","var_gen","mean_target","var_target","bias","E1","E2"
0.1,"with_ssp370",124,24,0.0265332749704296,0.158129008115621,0.0268035895793399,0.120028163913759,0.000270314608910239,0.00225209317626871,1.31743253382796
0.1,"without_ssp370",124,15,0.0100707920106873,0.179683663611144,0.0268035895793399,0.120028163913759,0.0167327975686525,0.139407260954813,1.49701251566464
