"tol","archive","draw","n_stitched","mean_gen","var_gen","mean_target","var_target","bias","E1","E2"
0.1,"with_ssp370",185,25,0.0352768613684051,0.152563403753399,0.0268035895793399,0.120028163913759,0.00847327178906521,0.0705940298741328,1.27106338028312
0.1,"without_ssp370",185,16,0.0198890590578794,0.170688648817396,0.0268035895793399,0.120028163913759,0.00691453052146049,0.0576075672242111,1.42207164761795
