"tol","archive","draw","n_stitched","mean_gen","var_gen","mean_target","var_target","bias","E1","E2"
0.1,"with_ssp245",152,25,0.0174352447042573,0.124509869042569,0.0177774354872768,0.117674122551793,0.000342190783019499,0.00290795270531026,1.05809048193894
0.1,"without_ssp245",152,11,0.0179005590291743,0.124935772966486,0.0177774354872768,0.117674122551793,0.000123123541897464,0.00104630941134294,1.06170983269067
