"tol","archive","draw","n_stitched","mean_gen","var_gen","mean_target","var_target","bias","E1","E2"
0.1,"with_ssp245",47,24,0.0224561941462935,0.160636444224009,0.0177774354872768,0.117674122551793,0.00467875865901671,0.0397603020745482,1.36509574697109
0.1,"without_ssp245",47,11,0.00716603971263591,0.159625020979012,0.0177774354872768,0.117674122551793,0.0106113957746409,0.0901761198174251,1.35650062662464
