"tol","archive","draw","n_stitched","mean_gen","var_gen","mean_target","var_target","bias","E1","E2"
0.1,"with_ssp245",29,25,0.017459109360516,0.120849423806564,0.0177774354872768,0.117674122551793,0.000318326126760842,0.00270514978023935,1.02698385325434
0.1,"without_ssp245",29,10,0.0178672279197947,0.125929286296988,0.0177774354872768,0.117674122551793,8.97924325178774e-05,0.00076306014075742,1.0701527537761
