"tol","archive","draw","n_stitched","mean_gen","var_gen","mean_target","var_target","bias","E1","E2"
0.1,"with_ssp370",67,25,0.0291154996336632,0.149206967730211,0.0268035895793399,0.120028163913759,0.00231191005432336,0.0192613964834494,1.2430996431589
0.1,"without_ssp370",67,13,0.023574200848819,0.184440709387985,0.0268035895793399,0.120028163913759,0.00322938873052083,0.0269052581095981,1.53664526202789
