"tol","archive","draw","n_stitched","mean_gen","var_gen","mean_target","var_target","bias","E1","E2"
0.1,"with_ssp126",2,25,0.00849525904135015,0.157551287364523,0.0115665949585149,0.115265037971512,0.00307133591716477,0.0266458587201772,1.36686101993445
0.1,"without_ssp126",2,20,-0.000396511027973716,0.175987406806263,0.0115665949585149,0.115265037971512,0.0119631059864886,0.103787811091906,1.52680647925314
