"tol","archive","draw","n_stitched","mean_gen","var_gen","mean_target","var_target","bias","E1","E2"
0.1,"withoutSSP245",32,7,0.0182381996926863,0.121023634867847,0.0177774354872768,0.117674122551793,0.000460764205409449,0.00391559499588915,1.02846430670923
0.1,"withSSP245",32,14,0.017516751017109,0.121366528426294,0.0177774354872768,0.117674122551793,0.000260684470167853,0.00221530838314188,1.03137823163181
0.25,"withoutSSP245",32,9,0.0171425182370918,0.13759290757172,0.0177774354872768,0.117674122551793,0.000634917250184972,0.00539555542388275,1.16927073334377
0.25,"withSSP245",32,13,0.0173231776779657,0.130715544870818,0.0177774354872768,0.117674122551793,0.000454257809311128,0.00386030334843746,1.11082659497448
0.5,"withoutSSP245",32,36,0.017203404505059,0.174066704950117,0.0177774354872768,0.117674122551793,0.000574030982217821,0.00487814117301078,1.47922670826377
0.5,"withSSP245",32,39,0.0169907147822669,0.163634330469783,0.0177774354872768,0.117674122551793,0.000786720705009909,0.00668558802861385,1.3905719194784
