"tol","archive","draw","n_stitched","mean_gen","var_gen","mean_target","var_target","bias","E1","E2"
0.1,"with_ssp126",15,25,0.0109578351096827,0.155103315232386,0.0115665949585149,0.115265037971512,0.000608759848832177,0.00528139199487909,1.34562325195885
0.1,"without_ssp126",15,19,-0.00386093162961744,0.186652824220736,0.0115665949585149,0.115265037971512,0.0154275265881324,0.133843937933247,1.61933598865311
