"tol","archive","draw","n_stitched","mean_gen","var_gen","mean_target","var_target","bias","E1","E2"
0.1,"with_ssp370",58,24,0.0305856828307638,0.158132013053782,0.0268035895793399,0.120028163913759,0.00378209325142398,0.0315100483761581,1.31745756910354
0.1,"without_ssp370",58,17,0.0220674726343998,0.184711822054378,0.0268035895793399,0.120028163913759,0.00473611694494005,0.0394583803543224,1.53890400412269
