"tol","archive","draw","n_stitched","mean_gen","var_gen","mean_target","var_target","bias","E1","E2"
0.1,"with_ssp126",51,25,0.0115432113194922,0.120695024405519,0.0115665949585149,0.115265037971512,2.33836390226994e-05,0.000202868445056851,1.04710870294728
0.1,"without_ssp126",51,19,0.0114137090490198,0.12547478156579,0.0115665949585149,0.115265037971512,0.000152885909495165,0.00132638579907423,1.08857623936932
