"tol","archive","draw","n_stitched","mean_gen","var_gen","mean_target","var_target","bias","E1","E2"
0.1,"with_ssp126",192,25,0.0116576575183056,0.121135460602315,0.0115665949585149,0.115265037971512,9.10625597907253e-05,0.000790027586797237,1.05092977657505
0.1,"without_ssp126",192,20,0.011271555012791,0.125012200087278,0.0115665949585149,0.115265037971512,0.000295039945723883,0.0025596655405328,1.08456304086045
