"tol","archive","draw","n_stitched","mean_gen","var_gen","mean_target","var_target","bias","E1","E2"
0.1,"with_ssp245",111,24,0.0176575344010133,0.122351769079936,0.0177774354872768,0.117674122551793,0.000119901086263471,0.00101892483804752,1.03975085113623
0.1,"without_ssp245",111,10,0.0177799699611434,0.124884539528793,0.0177774354872768,0.117674122551793,2.53447386662844e-06,2.15380732115756e-05,1.06127444862677
