"tol","archive","draw","n_stitched","mean_gen","var_gen","mean_target","var_target","bias","E1","E2"
0.1,"withoutSSP245",40,6,0.00553673798010076,0.168269496536246,0.0177774354872768,0.117674122551793,0.012240697507176,0.104021999414428,1.42996176973559
0.1,"withSSP245",40,15,0.0204472277824853,0.172004003569857,0.0177774354872768,0.117674122551793,0.00266979229520847,0.0226880153198795,1.4616977789161
0.25,"withoutSSP245",40,7,-0.0121721085809804,0.231579405171281,0.0177774354872768,0.117674122551793,0.0299495440682572,0.254512576076997,1.96797222829814
0.25,"withSSP245",40,8,0.0124191523596701,0.212040066499849,0.0177774354872768,0.117674122551793,0.00535828312760666,0.0455349316520142,1.80192604713513
0.5,"withoutSSP245",40,37,0.00133585157985745,0.408495720178055,0.0177774354872768,0.117674122551793,0.0164415839074194,0.139721321484107,3.47141505132752
0.5,"withSSP245",40,36,0.0237512352263826,0.382955382365524,0.0177774354872768,0.117674122551793,0.00597379973910582,0.0507656195734665,3.25437210884635
