"tol","archive","draw","n_stitched","mean_gen","var_gen","mean_target","var_target","bias","E1","E2"
0.1,"with_ssp245",92,25,0.0144296308590411,0.157617665428599,0.0177774354872768,0.117674122551793,0.00334780462823574,0.0284497947011436,1.33944202863484
0.1,"without_ssp245",92,10,0.0213439122561462,0.1713135377601,0.0177774354872768,0.117674122551793,0.00356647676886942,0.0303080804133437,1.45583016932799
