"tol","archive","draw","n_stitched","mean_gen","var_gen","mean_target","var_target","bias","E1","E2"
0.1,"with_ssp370",36,23,0.0268376525891813,0.123879003938922,0.0268035895793399,0.120028163913759,3.40630098414063e-05,0.000283791809611291,1.03208280373205
0.1,"without_ssp370",36,13,0.0263979856432592,0.128639696383203,0.0268035895793399,0.120028163913759,0.00040560393608069,0.00337923969554445,1.07174593186006
