"tol","archive","draw","n_stitched","mean_gen","var_gen","mean_target","var_target","bias","E1","E2"
0.1,"with_ssp370",96,25,0.0268469608731836,0.124178352035621,0.0268035895793399,0.120028163913759,4.33712938437553e-05,0.000361342641839609,1.03457678586872
0.1,"without_ssp370",96,15,0.0267166750577575,0.12741613984091,0.0268035895793399,0.120028163913759,8.69145215823472e-05,0.000724117729942082,1.06155201984477
