"tol","archive","draw","n_stitched","mean_gen","var_gen","mean_target","var_target","bias","E1","E2"
0.1,"with_ssp245",95,25,0.019477224892615,0.157329031423608,0.0177774354872768,0.117674122551793,0.00169978940533819,0.0144448870191493,1.33698920384438
0.1,"without_ssp245",95,11,-0.00278605350952307,0.170392041880377,0.0177774354872768,0.117674122551793,0.0205634889967999,0.174749456812385,1.44799925578693
