"tol","archive","draw","n_stitched","mean_gen","var_gen","mean_target","var_target","bias","E1","E2"
0.1,"with_ssp126",182,25,0.0117114052524611,0.119240231204469,0.0115665949585149,0.115265037971512,0.000144810293946225,0.00125632452385099,1.03448741529014
0.1,"without_ssp126",182,17,0.0113260956476111,0.126397359362728,0.0115665949585149,0.115265037971512,0.000240499310903792,0.00208648966882076,1.09658020842337
