"tol","archive","draw","n_stitched","mean_gen","var_gen","mean_target","var_target","bias","E1","E2"
0.1,"with_ssp126",59,25,0.00672358041787772,0.155709483869837,0.0115665949585149,0.115265037971512,0.00484301454063719,0.0420163357932886,1.35088216349108
0.1,"without_ssp126",59,22,-0.00781025238120587,0.180944714117436,0.0115665949585149,0.115265037971512,0.0193768473397208,0.168106892434373,1.56981437998708
