"tol","archive","draw","n_stitched","mean_gen","var_gen","mean_target","var_target","bias","E1","E2"
0.1,"with_ssp370",155,24,0.0268317231528122,0.124526459830049,0.0268035895793399,0.120028163913759,2.81335734723456e-05,0.000234391434101748,1.03747700347664
0.1,"without_ssp370",155,15,0.0265536160808421,0.127652264669322,0.0268035895793399,0.120028163913759,0.000249973498497778,0.00208262369719649,1.06351926503717
