"tol","archive","draw","n_stitched","mean_gen","var_gen","mean_target","var_target","bias","E1","E2"
0.1,"with_ssp370",160,25,0.0259030327053184,0.163361747321198,0.0268035895793399,0.120028163913759,0.000900556874021432,0.00750287969637266,1.36102846194144
0.1,"without_ssp370",160,16,0.0247879849608751,0.171437733968007,0.0268035895793399,0.120028163913759,0.00201560461846473,0.016792763904253,1.42831255913559
