"tol","archive","draw","n_stitched","mean_gen","var_gen","mean_target","var_target","bias","E1","E2"
0.1,"with_ssp126",164,25,0.0115769415027328,0.121193598882668,0.0115665949585149,0.115265037971512,1.03465442178943e-05,8.97630747360837e-05,1.05143416438748
0.1,"without_ssp126",164,20,0.0115716941595969,0.125258665117466,0.0115665949585149,0.115265037971512,5.0992010819581e-06,4.42389225015342e-05,1.08670128706698
