"tol","archive","draw","n_stitched","mean_gen","var_gen","mean_target","var_target","bias","E1","E2"
0.1,"with_ssp126",26,25,0.0155955585391375,0.151601000441397,0.0115665949585149,0.115265037971512,0.0040289635806226,0.0349539084142616,1.31523836810661
0.1,"without_ssp126",26,19,-0.000137801780092614,0.187771389574919,0.0115665949585149,0.115265037971512,0.0117043967386075,0.101543338245378,1.6290402786431
