"tol","archive","draw","n_stitched","mean_gen","var_gen","mean_target","var_target","bias","E1","E2"
0.1,"withoutSSP245",23,8,0.0107746155258111,0.180553176569625,0.0177774354872768,0.117674122551793,0.00700281996146567,0.0595102798270998,1.53434903659601
0.1,"withSSP245",23,17,0.011871662856985,0.165518459234503,0.0177774354872768,0.117674122551793,0.00590577263029182,0.0501875221350593,1.40658333068641
0.25,"withoutSSP245",23,18,-0.00995797154842165,0.245130979297622,0.0177774354872768,0.117674122551793,0.0277354070356985,0.235696739727045,2.08313411633666
0.25,"withSSP245",23,14,0.0074115191655083,0.218559193211085,0.0177774354872768,0.117674122551793,0.0103659163217685,0.0880900243569355,1.85732587990948
0.5,"withoutSSP245",23,56,-0.0106199655577559,0.401918440748106,0.0177774354872768,0.117674122551793,0.0283974010450327,0.241322394671214,3.41552103412715
0.5,"withSSP245",23,40,0.0170712039818713,0.374853812022347,0.0177774354872768,0.117674122551793,0.000706231505405462,0.00600158718068723,3.18552459872694
