"tol","archive","draw","n_stitched","mean_gen","var_gen","mean_target","var_target","bias","E1","E2"
0.1,"with_ssp370",25,25,0.0288328850924701,0.158900656709589,0.0268035895793399,0.120028163913759,0.00202929551313021,0.0169068279223889,1.3238614299204
0.1,"without_ssp370",25,15,0.0210209157313051,0.181096785122267,0.0268035895793399,0.120028163913759,0.0057826738480348,0.0481776414757931,1.50878576508415
