"tol","archive","draw","n_stitched","mean_gen","var_gen","mean_target","var_target","bias","E1","E2"
0.1,"with_ssp370",131,25,0.0268476661062984,0.124719617199858,0.0268035895793399,0.120028163913759,4.40765269585572e-05,0.000367218205472396,1.03908627053123
0.1,"without_ssp370",131,14,0.0263297154654229,0.127535443091039,0.0268035895793399,0.120028163913759,0.000473874113916948,0.00394802435083011,1.06254598031404
