"tol","archive","draw","n_stitched","mean_gen","var_gen","mean_target","var_target","bias","E1","E2"
0.1,"with_ssp126",112,25,0.0127106468315354,0.147905576412739,0.0115665949585149,0.115265037971512,0.00114405187302047,0.00992540230024677,1.28317813463346
0.1,"without_ssp126",112,19,0.00200772423970837,0.179275624940117,0.0115665949585149,0.115265037971512,0.00955887071880655,0.0829294891757991,1.55533393381978
