"tol","archive","draw","n_stitched","mean_gen","var_gen","mean_target","var_target","bias","E1","E2"
0.1,"with_ssp370",72,25,0.0268794724124477,0.123162403646339,0.0268035895793399,0.120028163913759,7.58828331078668e-05,0.000632208563670016,1.02611253584477
0.1,"without_ssp370",72,13,0.0264082614439256,0.128923872488539,0.0268035895793399,0.120028163913759,0.000395328135414291,0.00329362811630058,1.0741135104022
