"tol","archive","draw","n_stitched","mean_gen","var_gen","mean_target","var_target","bias","E1","E2"
0.1,"with_ssp126",130,25,0.0117782672546012,0.120157465888928,0.0115665949585149,0.115265037971512,0.000211672296086244,0.0018363963593068,1.04244502932993
0.1,"without_ssp126",130,19,0.0117461557604514,0.126364448428287,0.0115665949585149,0.115265037971512,0.000179560801936486,0.00155780803178901,1.09629468442564
