"tol","archive","draw","n_stitched","mean_gen","var_gen","mean_target","var_target","bias","E1","E2"
0.1,"with_ssp370",58,24,0.0267028223871092,0.123919634640148,0.0268035895793399,0.120028163913759,0.000100767192230618,0.000839529564936279,1.03242131346094
0.1,"without_ssp370",58,17,0.0261564042671227,0.129289966150092,0.0268035895793399,0.120028163913759,0.000647185312217122,0.00539194544942076,1.07716357506716
