"tol","archive","draw","n_stitched","mean_gen","var_gen","mean_target","var_target","bias","E1","E2"
0.1,"with_ssp370",25,25,0.0266277880621959,0.123714157109046,0.0268035895793399,0.120028163913759,0.000175801517143942,0.00146466888613123,1.03070940248603
0.1,"without_ssp370",25,15,0.0264363652159813,0.127787358591925,0.0268035895793399,0.120028163913759,0.000367224363358527,0.00305948496906426,1.06464478356714
