"tol","archive","draw","n_stitched","mean_gen","var_gen","mean_target","var_target","bias","E1","E2"
0.1,"with_ssp370",127,24,0.0266828774062511,0.122611010747776,0.0268035895793399,0.120028163913759,0.000120712173088788,0.00100569873896864,1.02151867319968
0.1,"without_ssp370",127,15,0.0265398252686479,0.128004242439516,0.0268035895793399,0.120028163913759,0.000263764310691934,0.00219752016602912,1.06645172487591
