"tol","archive","draw","n_stitched","mean_gen","var_gen","mean_target","var_target","bias","E1","E2"
0.1,"with_ssp126",37,25,0.01251226481535,0.147734458173391,0.0115665949585149,0.115265037971512,0.000945669856835063,0.00820430785845739,1.28169357138375
0.1,"without_ssp126",37,19,0.0122362868798183,0.181998098135205,0.0115665949585149,0.115265037971512,0.000669691921303379,0.00581001779107466,1.57895317902195
