"tol","archive","draw","n_stitched","mean_gen","var_gen","mean_target","var_target","bias","E1","E2"
0.1,"with_ssp370",12,24,0.0268562001549356,0.123175332532898,0.0268035895793399,0.120028163913759,5.26105755956977e-05,0.00043831859023936,1.02622025128536
0.1,"without_ssp370",12,15,0.0262813896428933,0.129998189701384,0.0268035895793399,0.120028163913759,0.000522199936446522,0.00435064504378928,1.08306405315663
