"tol","archive","draw","n_stitched","mean_gen","var_gen","mean_target","var_target","bias","E1","E2"
0.1,"with_ssp126",94,25,0.0116363576565108,0.120792668717109,0.0115665949585149,0.115265037971512,6.97626979958565e-05,0.000605237279435059,1.04795583155895
0.1,"without_ssp126",94,19,0.0113682813470576,0.125559358196452,0.0115665949585149,0.115265037971512,0.000198313611457324,0.00172050098579188,1.08930999725593
