"tol","archive","draw","n_stitched","mean_gen","var_gen","mean_target","var_target","bias","E1","E2"
0.1,"with_ssp126",160,25,0.0145122021146065,0.154570942661741,0.0115665949585149,0.115265037971512,0.00294560715609153,0.0255550790415699,1.34100456983274
0.1,"without_ssp126",160,20,-0.0086493807799143,0.189201477971626,0.0115665949585149,0.115265037971512,0.0202159757384292,0.175386883084407,1.64144723587726
