"tol","archive","draw","n_stitched","mean_gen","var_gen","mean_target","var_target","bias","E1","E2"
0.1,"with_ssp245",10,24,0.022095209982027,0.158273915540094,0.0177774354872768,0.117674122551793,0.0043177744947502,0.0366926423679068,1.34501887167614
0.1,"without_ssp245",10,11,0.0070538376701742,0.178530341558851,0.0177774354872768,0.117674122551793,0.0107235978171026,0.0911296178340543,1.51715889345401
