"tol","archive","draw","n_stitched","mean_gen","var_gen","mean_target","var_target","bias","E1","E2"
0.1,"with_ssp245",173,25,0.0175595175750191,0.122819853944814,0.0177774354872768,0.117674122551793,0.000217917912257705,0.00185187624544886,1.04372865742641
0.1,"without_ssp245",173,11,0.0181132223661267,0.126197909738623,0.0177774354872768,0.117674122551793,0.000335786878849904,0.00285353203889079,1.07243552789678
