"tol","archive","draw","n_stitched","mean_gen","var_gen","mean_target","var_target","bias","E1","E2"
0.1,"with_ssp126",110,25,0.0116263372719807,0.119322958428038,0.0115665949585149,0.115265037971512,5.97423134657583e-05,0.000518303854465601,1.0352051283541
0.1,"without_ssp126",110,22,0.0113569910577543,0.124216645439454,0.0115665949585149,0.115265037971512,0.000209603900760651,0.00181845166972882,1.07766108115242
