"tol","archive","draw","n_stitched","mean_gen","var_gen","mean_target","var_target","bias","E1","E2"
0.1,"with_ssp370",154,25,0.0267720823313704,0.126717641290341,0.0268035895793399,0.120028163913759,3.15072479694124e-05,0.000262498791467398,1.05573256441204
0.1,"without_ssp370",154,13,0.0264667154728466,0.129674861042128,0.0268035895793399,0.120028163913759,0.00033687410649326,0.00280662550778754,1.08037027988948
