"tol","archive","draw","n_stitched","mean_gen","var_gen","mean_target","var_target","bias","E1","E2"
0.1,"with_ssp245",35,25,0.0267642874347181,0.161344213590898,0.0177774354872768,0.117674122551793,0.00898685194744131,0.0763706731145228,1.37111040296802
0.1,"without_ssp245",35,11,0.00713615287077686,0.190399634192469,0.0177774354872768,0.117674122551793,0.0106412826165,0.0904300995473007,1.61802467750431
