"tol","archive","draw","n_stitched","mean_gen","var_gen","mean_target","var_target","bias","E1","E2"
0.1,"with_ssp370",57,25,0.0266932661821046,0.12387921844346,0.0268035895793399,0.120028163913759,0.000110323397235251,0.000919145920740059,1.03208459085043
0.1,"without_ssp370",57,16,0.0266394926694398,0.128498752146711,0.0268035895793399,0.120028163913759,0.000164096909900015,0.00136715337925122,1.07057167215386
