"tol","archive","draw","n_stitched","mean_gen","var_gen","mean_target","var_target","bias","E1","E2"
0.1,"with_ssp370",75,25,0.0267997839195402,0.124892985843618,0.0268035895793399,0.120028163913759,3.80565979963068e-06,3.17063901965965e-05,1.04053067022965
0.1,"without_ssp370",75,15,0.0261925825750671,0.129753150760264,0.0268035895793399,0.120028163913759,0.000611007004272735,0.00509053029180508,1.08102254112204
