"tol","archive","draw","n_stitched","mean_gen","var_gen","mean_target","var_target","bias","E1","E2"
0.1,"with_ssp370",40,25,0.0267042291855492,0.123939048445509,0.0268035895793399,0.120028163913759,9.93603937906526e-05,0.000827808995412474,1.03258305721114
0.1,"without_ssp370",40,14,0.0264536377964244,0.129323747010679,0.0268035895793399,0.120028163913759,0.000349951782915501,0.00291558057296406,1.07744501618469
