"tol","archive","draw","n_stitched","mean_gen","var_gen","mean_target","var_target","bias","E1","E2"
0.1,"with_ssp370",138,25,0.0267343012562082,0.124929028531513,0.0268035895793399,0.120028163913759,6.92883231316749e-05,0.000577267208564975,1.04083095548537
0.1,"without_ssp370",138,16,0.0265888118373079,0.128597009382658,0.0268035895793399,0.120028163913759,0.000214777742032001,0.00178939454731908,1.07139029032432
