"tol","archive","draw","n_stitched","mean_gen","var_gen","mean_target","var_target","bias","E1","E2"
0.1,"with_ssp370",198,24,0.0377946369858726,0.158069706160247,0.0268035895793399,0.120028163913759,0.0109910474065328,0.0915705701740961,1.31693846682368
0.1,"without_ssp370",198,15,0.0229116827530784,0.179789948234988,0.0268035895793399,0.120028163913759,0.00389190682626143,0.0324249467738071,1.49789801303775
