"tol","archive","draw","n_stitched","mean_gen","var_gen","mean_target","var_target","bias","E1","E2"
0.1,"with_ssp245",184,24,0.0238750112824043,0.155462865471373,0.0177774354872768,0.117674122551793,0.00609757579512745,0.0518174740792619,1.32113044142689
0.1,"without_ssp245",184,11,0.0075135276723454,0.171736066258989,0.0177774354872768,0.117674122551793,0.0102639078149314,0.0872231514657253,1.45942083556561
