"tol","archive","draw","n_stitched","mean_gen","var_gen","mean_target","var_target","bias","E1","E2"
0.1,"with_ssp126",125,25,0.011594752700636,0.119073840538374,0.0115665949585149,0.115265037971512,2.81577421211276e-05,0.000244286928774421,1.03304386684715
0.1,"without_ssp126",125,19,0.0114536648262464,0.127225002097137,0.0115665949585149,0.115265037971512,0.000112930132268515,0.000979743157647037,1.1037605533829
