"tol","archive","draw","n_stitched","mean_gen","var_gen","mean_target","var_target","bias","E1","E2"
0.1,"with_ssp370",73,25,0.0362000128465496,0.151165393745313,0.0268035895793399,0.120028163913759,0.00939642326720972,0.0782851537574224,1.25941603050702
0.1,"without_ssp370",73,15,0.0321570336280765,0.17203519824165,0.0268035895793399,0.120028163913759,0.00535344404873667,0.0446015657840368,1.43329025981984
