"tol","archive","draw","n_stitched","mean_gen","var_gen","mean_target","var_target","bias","E1","E2"
0.1,"with_ssp370",93,25,0.0270999071349461,0.15865537545962,0.0268035895793399,0.120028163913759,0.000296317555606242,0.00246873355339459,1.3218178991192
0.1,"without_ssp370",93,14,0.0198082790273038,0.183439938987641,0.0268035895793399,0.120028163913759,0.00699531055203609,0.0582805761909535,1.52830746556653
