"tol","archive","draw","n_stitched","mean_gen","var_gen","mean_target","var_target","bias","E1","E2"
0.1,"with_ssp370",190,25,0.0268148106950625,0.123451087062699,0.0268035895793399,0.120028163913759,1.12211157226698e-05,9.34873562735846e-05,1.02851766649867
0.1,"without_ssp370",190,16,0.0264270264297362,0.129294581081721,0.0268035895793399,0.120028163913759,0.000376563149603618,0.00313728992700564,1.07720202380685
