"tol","archive","draw","n_stitched","mean_gen","var_gen","mean_target","var_target","bias","E1","E2"
0.1,"with_ssp370",6,25,0.0271094259355114,0.155700749271433,0.0268035895793399,0.120028163913759,0.000305836356171568,0.00254803827867694,1.29720179160039
0.1,"without_ssp370",6,15,0.0219868285052078,0.187985366147359,0.0268035895793399,0.120028163913759,0.00481676107413204,0.040130257075272,1.56617713724612
