"tol","archive","draw","n_stitched","mean_gen","var_gen","mean_target","var_target","bias","E1","E2"
0.1,"with_ssp370",100,24,0.0267439873836355,0.124286109605858,0.0268035895793399,0.120028163913759,5.9602195704396e-05,0.000496568419952009,1.03547455491494
0.1,"without_ssp370",100,15,0.0263743409872068,0.13033517523854,0.0268035895793399,0.120028163913759,0.0004292485921331,0.00357623226196743,1.08587160703538
