"tol","archive","draw","n_stitched","mean_gen","var_gen","mean_target","var_target","bias","E1","E2"
0.1,"with_ssp126",122,25,0.0115962241109076,0.121208387007698,0.0115665949585149,0.115265037971512,2.96291523926746e-05,0.000257052380445124,1.05156246109644
0.1,"without_ssp126",122,18,0.0113871659190258,0.12561500322068,0.0115665949585149,0.115265037971512,0.000179429039489091,0.00155666490591395,1.08979275443198
