"tol","archive","draw","n_stitched","mean_gen","var_gen","mean_target","var_target","bias","E1","E2"
0.1,"with_ssp126",197,25,0.0122282253998443,0.151955646471601,0.0115665949585149,0.115265037971512,0.000661630441329421,0.0057400791512596,1.31831515562557
0.1,"without_ssp126",197,20,-0.00783915945669579,0.188091063653821,0.0115665949585149,0.115265037971512,0.0194057544152107,0.168357680322865,1.63181366148778
