"tol","archive","draw","n_stitched","mean_gen","var_gen","mean_target","var_target","bias","E1","E2"
0.1,"with_ssp126",165,25,0.013449592069579,0.156161381459716,0.0115665949585149,0.115265037971512,0.0018829971110641,0.0163362381534068,1.35480267224058
0.1,"without_ssp126",165,21,0.00202116076964486,0.193976711892177,0.0115665949585149,0.115265037971512,0.00954543418887006,0.0828129184430517,1.68287553022036
