"tol","archive","draw","n_stitched","mean_gen","var_gen","mean_target","var_target","bias","E1","E2"
0.1,"with_ssp245",91,24,0.017431142572995,0.12306978159751,0.0177774354872768,0.117674122551793,0.00034629291428185,0.00294281280176473,1.0458525538896
0.1,"without_ssp245",91,10,0.0178677490308612,0.121927304089817,0.0177774354872768,0.117674122551793,9.03135435843978e-05,0.000767488566100392,1.0361437285088
