"tol","archive","draw","n_stitched","mean_gen","var_gen","mean_target","var_target","bias","E1","E2"
0.1,"with_ssp245",107,25,0.0174482477608532,0.123209293210225,0.0177774354872768,0.117674122551793,0.000329187726423631,0.00279745214398129,1.04703812986577
0.1,"without_ssp245",107,11,0.0176514180180338,0.127455438206043,0.0177774354872768,0.117674122551793,0.000126017469243039,0.00107090213642828,1.08312206152159
