"tol","archive","draw","n_stitched","mean_gen","var_gen","mean_target","var_target","bias","E1","E2"
0.1,"with_ssp245",15,25,0.0175030700141052,0.12371950754945,0.0177774354872768,0.117674122551793,0.000274365473171563,0.00233157016361692,1.05137395432879
0.1,"without_ssp245",15,11,0.0179575817958906,0.123923495353707,0.0177774354872768,0.117674122551793,0.000180146308613807,0.00153089145435962,1.05310745188827
