"tol","archive","draw","n_stitched","mean_gen","var_gen","mean_target","var_target","bias","E1","E2"
0.1,"with_ssp370",174,24,0.026873346264144,0.124148121603969,0.0268035895793399,0.120028163913759,6.97566848041203e-05,0.000581169306682397,1.03432492471659
0.1,"without_ssp370",174,15,0.0263587655368222,0.129491535036505,0.0268035895793399,0.120028163913759,0.000444824042517621,0.00370599722609462,1.07884292164584
