"tol","archive","draw","n_stitched","mean_gen","var_gen","mean_target","var_target","bias","E1","E2"
0.1,"with_ssp245",24,24,0.0176220739431644,0.123907350510806,0.0177774354872768,0.117674122551793,0.000155361544112369,0.00132026940794896,1.05297025228524
0.1,"without_ssp245",24,11,0.0179335268521798,0.124529313573014,0.0177774354872768,0.117674122551793,0.000156091364902949,0.00132647145793882,1.05825572243552
