"tol","archive","draw","n_stitched","mean_gen","var_gen","mean_target","var_target","bias","E1","E2"
0.1,"with_ssp370",51,24,0.0352116983489016,0.159684765780591,0.0268035895793399,0.120028163913759,0.00840810876956169,0.0700511321293141,1.33039413895664
0.1,"without_ssp370",51,14,0.0231421104643991,0.187523852373856,0.0268035895793399,0.120028163913759,0.00366147911494074,0.0305051664172047,1.56233209156305
