"tol","archive","draw","n_stitched","mean_gen","var_gen","mean_target","var_target","bias","E1","E2"
0.1,"withoutSSP245",16,8,0.0143091874279738,0.167048476867971,0.0177774354872768,0.117674122551793,0.00346824805930305,0.0294733284097914,1.41958548953229
0.1,"withSSP245",16,15,0.0174733031894666,0.143750408218748,0.0177774354872768,0.117674122551793,0.000304132297810192,0.00258452998174114,1.22159745151681
0.25,"withoutSSP245",16,17,0.00677403690310796,0.239473792664393,0.0177774354872768,0.117674122551793,0.0110033985841688,0.0935073773702946,2.03505908921471
0.25,"withSSP245",16,18,0.00680919528465228,0.21353120568027,0.0177774354872768,0.117674122551793,0.0109682402026245,0.0932085998584517,1.81459781513379
0.5,"withoutSSP245",16,57,-0.00623297031442465,0.399104098068742,0.0177774354872768,0.117674122551793,0.0240104058017015,0.204041511260332,3.39160462312417
0.5,"withSSP245",16,43,0.00294650202358432,0.387327115477642,0.0177774354872768,0.117674122551793,0.0148309334636925,0.126033941380483,3.29152329397793
