"tol","archive","draw","n_stitched","mean_gen","var_gen","mean_target","var_target","bias","E1","E2"
0.1,"with_ssp370",110,25,0.0305747778122745,0.157637912915191,0.0268035895793399,0.120028163913759,0.00377118823293466,0.0314191945454093,1.31334103409642
0.1,"without_ssp370",110,16,0.0237799683622739,0.184513210955976,0.0268035895793399,0.120028163913759,0.00302362121706594,0.0251909311821052,1.53724929999387
