"tol","archive","draw","n_stitched","mean_gen","var_gen","mean_target","var_target","bias","E1","E2"
0.1,"with_ssp245",49,25,0.0174189286939288,0.124731361154666,0.0177774354872768,0.117674122551793,0.000358506793348052,0.00304660689685838,1.0599727318958
0.1,"without_ssp245",49,10,0.0176526359553058,0.126725373951651,0.0177774354872768,0.117674122551793,0.000124799531970962,0.00106055205056687,1.07691794256527
