"tol","archive","draw","n_stitched","mean_gen","var_gen","mean_target","var_target","bias","E1","E2"
0.1,"with_ssp245",74,25,0.0177612080979755,0.156036204058463,0.0177774354872768,0.117674122551793,1.62273893012724e-05,0.000137901086061891,1.32600269859488
0.1,"without_ssp245",74,12,0.0272891530003077,0.171877364136217,0.0177774354872768,0.117674122551793,0.0095117175130309,0.0808310043598956,1.46062159129817
