"tol","archive","draw","n_stitched","mean_gen","var_gen","mean_target","var_target","bias","E1","E2"
0.1,"with_ssp370",2,25,0.0269308856982206,0.12500362665167,0.0268035895793399,0.120028163913759,0.000127296118880751,0.00106055207986198,1.04145246061988
0.1,"without_ssp370",2,17,0.0266736794417568,0.127977155198639,0.0268035895793399,0.120028163913759,0.000129910137583057,0.00108233045767823,1.06622605083413
