"tol","archive","draw","n_stitched","mean_gen","var_gen","mean_target","var_target","bias","E1","E2"
0.1,"with_ssp126",108,25,0.0152706393361779,0.154640427246552,0.0115665949585149,0.115265037971512,0.00370404437766295,0.0321350206693067,1.34160739429741
0.1,"without_ssp126",108,21,0.00495216603152676,0.183835445254653,0.0115665949585149,0.115265037971512,0.00661442892698816,0.057384520435615,1.59489337347973
