"tol","archive","draw","n_stitched","mean_gen","var_gen","mean_target","var_target","bias","E1","E2"
0.1,"with_ssp370",175,24,0.0303346125225538,0.155429215056403,0.0268035895793399,0.120028163913759,0.00353102294321395,0.0294182867426933,1.29493953742456
0.1,"without_ssp370",175,14,0.0261525152965905,0.175790292198497,0.0268035895793399,0.120028163913759,0.000651074282749315,0.00542434593281887,1.46457536686809
