"tol","archive","draw","n_stitched","mean_gen","var_gen","mean_target","var_target","bias","E1","E2"
0.1,"with_ssp126",129,25,0.0115171097144589,0.11925489149553,0.0115665949585149,0.115265037971512,4.94852440560273e-05,0.000429317032526878,1.03461460295536
0.1,"without_ssp126",129,20,0.0114782342219252,0.125957079992248,0.0115665949585149,0.115265037971512,8.83607365897415e-05,0.000766587493872862,1.09276049536703
