"tol","archive","draw","n_stitched","mean_gen","var_gen","mean_target","var_target","bias","E1","E2"
0.1,"with_ssp245",137,25,0.0174690824399616,0.120964479620275,0.0177774354872768,0.117674122551793,0.000308353047315243,0.00262039810137121,1.02796160274773
0.1,"without_ssp245",137,11,0.0180944619625906,0.124857997010299,0.0177774354872768,0.117674122551793,0.000317026475313748,0.00269410528363372,1.06104888910766
