"tol","archive","draw","n_stitched","mean_gen","var_gen","mean_target","var_target","bias","E1","E2"
0.1,"with_ssp370",131,25,0.0280630787258928,0.15939189593194,0.0268035895793399,0.120028163913759,0.00125948914655294,0.0104932801226376,1.327954129553
0.1,"without_ssp370",131,14,0.0255321487013321,0.178962352011537,0.0268035895793399,0.120028163913759,0.00127144087800779,0.0105928545147231,1.49100299609784
