"tol","archive","draw","n_stitched","mean_gen","var_gen","mean_target","var_target","bias","E1","E2"
0.1,"with_ssp126",156,25,0.0142703848628375,0.156021195733832,0.0115665949585149,0.115265037971512,0.00270378990432257,0.0234571553690966,1.35358646888568
0.1,"without_ssp126",156,18,-0.00302506100492931,0.181106217796587,0.0115665949585149,0.115265037971512,0.0145916559634442,0.126592210615075,1.57121553060476
