"tol","archive","draw","n_stitched","mean_gen","var_gen","mean_target","var_target","bias","E1","E2"
0.1,"with_ssp370",137,24,0.0342230933028595,0.154714749540836,0.0268035895793399,0.120028163913759,0.0074195037235196,0.0618146898327176,1.28898705517148
0.1,"without_ssp370",137,15,0.0116959726980169,0.181401230231022,0.0268035895793399,0.120028163913759,0.015107616881323,0.125867266387395,1.51132221235476
