"tol","archive","draw","n_stitched","mean_gen","var_gen","mean_target","var_target","bias","E1","E2"
0.1,"with_ssp126",34,25,0.0140838292556996,0.14785324103136,0.0115665949585149,0.115265037971512,0.00251723429718464,0.0218386628025645,1.28272409078547
0.1,"without_ssp126",34,18,-0.00211112433237369,0.192560862233251,0.0115665949585149,0.115265037971512,0.0136777192908886,0.118663208997243,1.6705921033995
