"tol","archive","draw","n_stitched","mean_gen","var_gen","mean_target","var_target","bias","E1","E2"
0.1,"with_ssp245",69,25,0.0175366582544844,0.12311226693492,0.0177774354872768,0.117674122551793,0.000240777232792439,0.00204613578220193,1.0462135962028
0.1,"without_ssp245",69,12,0.0178865350607063,0.126514099134509,0.0177774354872768,0.117674122551793,0.000109099573429538,0.000927133094886843,1.07512251964169
