"tol","archive","draw","n_stitched","mean_gen","var_gen","mean_target","var_target","bias","E1","E2"
0.1,"with_ssp370",22,25,0.0267606520281535,0.123659202540761,0.0268035895793399,0.120028163913759,4.29375511864019e-05,0.000357728967821693,1.03025155520675
0.1,"without_ssp370",22,14,0.0267581196542585,0.127556252082837,0.0268035895793399,0.120028163913759,4.54699250814032e-05,0.000378827131889426,1.06271934788977
