"tol","archive","draw","n_stitched","mean_gen","var_gen","mean_target","var_target","bias","E1","E2"
0.1,"with_ssp126",55,25,0.0108344683776875,0.149587091468179,0.0115665949585149,0.115265037971512,0.000732126580827438,0.00635167951801991,1.29776638346443
0.1,"without_ssp126",55,17,-0.00784342929426816,0.185551005443785,0.0115665949585149,0.115265037971512,0.0194100242527831,0.168394723971551,1.60977698623276
