"tol","archive","draw","n_stitched","mean_gen","var_gen","mean_target","var_target","bias","E1","E2"
0.1,"with_ssp245",72,25,0.019316524788851,0.157224712072764,0.0177774354872768,0.117674122551793,0.00153908930157415,0.0130792502905363,1.33610269329659
0.1,"without_ssp245",72,10,-0.000349369757801349,0.176955182948328,0.0177774354872768,0.117674122551793,0.0181268052450782,0.154042408407165,1.50377312454947
