"tol","archive","draw","n_stitched","mean_gen","var_gen","mean_target","var_target","bias","E1","E2"
0.1,"with_ssp126",84,25,0.0113581344288462,0.155756479115242,0.0115665949585149,0.115265037971512,0.000208460529668672,0.00180853217365177,1.35128987814794
0.1,"without_ssp126",84,19,-0.00489228682704136,0.187836166647204,0.0115665949585149,0.115265037971512,0.0164588817855563,0.142791622465992,1.62960226234106
