"tol","archive","draw","n_stitched","mean_gen","var_gen","mean_target","var_target","bias","E1","E2"
0.1,"with_ssp245",83,25,0.0106554295349708,0.155218865988848,0.0177774354872768,0.117674122551793,0.00712200595230598,0.0605231277519939,1.31905692282115
0.1,"without_ssp245",83,11,0.0176055651919291,0.171119209782184,0.0177774354872768,0.117674122551793,0.000171870295347709,0.00146056152041467,1.45417876140837
