"tol","archive","draw","n_stitched","mean_gen","var_gen","mean_target","var_target","bias","E1","E2"
0.1,"with_ssp126",159,25,0.011595514747877,0.121654286414732,0.0115665949585149,0.115265037971512,2.89197893621213e-05,0.000250898189694511,1.0554309316655
0.1,"without_ssp126",159,18,0.0112716220173105,0.125589499502998,0.0115665949585149,0.115265037971512,0.000294972941204459,0.00255908423226619,1.08957149291043
