"tol","archive","draw","n_stitched","mean_gen","var_gen","mean_target","var_target","bias","E1","E2"
0.1,"with_ssp126",99,25,0.0116453288316349,0.120737561191257,0.0115665949585149,0.115265037971512,7.87338731199575e-05,0.000683068122871889,1.04747773753475
0.1,"without_ssp126",99,16,0.0114844120557546,0.124285821901723,0.0115665949585149,0.115265037971512,8.21829027603232e-05,0.000712990723003406,1.07826123245143
