"tol","archive","draw","n_stitched","mean_gen","var_gen","mean_target","var_target","bias","E1","E2"
0.1,"with_ssp245",169,25,0.0186802988571641,0.154929790640862,0.0177774354872768,0.117674122551793,0.000902863369887298,0.00767257363223515,1.31660034747802
0.1,"without_ssp245",169,11,0.00834679818508434,0.179229837000073,0.0177774354872768,0.117674122551793,0.00943063730219246,0.0801419810718506,1.52310323725751
