"tol","archive","draw","n_stitched","mean_gen","var_gen","mean_target","var_target","bias","E1","E2"
0.1,"with_ssp245",75,25,0.0177658914904342,0.1222222688489,0.0177774354872768,0.117674122551793,1.15439968426528e-05,9.81014057493552e-05,1.03865035233303
0.1,"without_ssp245",75,11,0.0177510549503161,0.127693915026613,0.0177774354872768,0.117674122551793,2.63805369607115e-05,0.000224182992731475,1.08514864829699
