"tol","archive","draw","n_stitched","mean_gen","var_gen","mean_target","var_target","bias","E1","E2"
0.1,"with_ssp370",129,25,0.024502991578541,0.155455226010346,0.0268035895793399,0.120028163913759,0.00230059800079889,0.0191671514899777,1.29515624451309
0.1,"without_ssp370",129,15,0.0259944935027665,0.184535482396912,0.0268035895793399,0.120028163913759,0.00080909607657341,0.00674088522386088,1.53743485178613
