"tol","archive","draw","n_stitched","mean_gen","var_gen","mean_target","var_target","bias","E1","E2"
0.1,"with_ssp370",190,25,0.0299498421670326,0.152830365071996,0.0268035895793399,0.120028163913759,0.00314625258769277,0.0262126194811525,1.27328753593037
0.1,"without_ssp370",190,16,0.0181135400079697,0.177853280698944,0.0268035895793399,0.120028163913759,0.00869004957137013,0.0724000875129106,1.48176290380259
