"tol","archive","draw","n_stitched","mean_gen","var_gen","mean_target","var_target","bias","E1","E2"
0.1,"with_ssp370",68,25,0.0268529997909846,0.124182684440464,0.0268035895793399,0.120028163913759,4.94102116447778e-05,0.000411655148538966,1.03461288077097
0.1,"without_ssp370",68,16,0.0265227909247057,0.127993312454033,0.0268035895793399,0.120028163913759,0.000280798654634179,0.00233943972379628,1.06636066303569
