"tol","archive","draw","n_stitched","mean_gen","var_gen","mean_target","var_target","bias","E1","E2"
0.1,"with_ssp370",158,24,0.037743449451972,0.155018277680089,0.0268035895793399,0.120028163913759,0.0109398598726322,0.0911441074820783,1.29151586282259
0.1,"without_ssp370",158,17,0.018694373766853,0.181288920694779,0.0268035895793399,0.120028163913759,0.0081092158124869,0.0675609419328736,1.51038651915926
