"tol","archive","draw","n_stitched","mean_gen","var_gen","mean_target","var_target","bias","E1","E2"
0.1,"with_ssp370",195,25,0.0268287910594533,0.124756934639336,0.0268035895793399,0.120028163913759,2.52014801134237e-05,0.00020996305610016,1.03939717622419
0.1,"without_ssp370",195,15,0.0267868937518608,0.13276002818647,0.0268035895793399,0.120028163913759,1.66958274790616e-05,0.000139099249165035,1.10607397345392
