"tol","archive","draw","n_stitched","mean_gen","var_gen","mean_target","var_target","bias","E1","E2"
0.1,"with_ssp126",140,25,0.0117125700788307,0.119981906627945,0.0115665949585149,0.115265037971512,0.000145975120315745,0.00126643015856919,1.04092193729723
0.1,"without_ssp126",140,20,0.0114046369028549,0.124713154006811,0.0115665949585149,0.115265037971512,0.000161958055660029,0.00140509263268588,1.08196861946668
