"tol","archive","draw","n_stitched","mean_gen","var_gen","mean_target","var_target","bias","E1","E2"
0.1,"with_ssp126",46,25,0.0167214880461706,0.153530050538293,0.0115665949585149,0.115265037971512,0.00515489308765566,0.0447220872727229,1.33197414619547
0.1,"without_ssp126",46,17,-0.000584285823596045,0.177785157588399,0.0115665949585149,0.115265037971512,0.012150880782111,0.10541688092025,1.5424031494471
