"tol","archive","draw","n_stitched","mean_gen","var_gen","mean_target","var_target","bias","E1","E2"
0.1,"with_ssp370",63,25,0.0268944291307737,0.123950171574503,0.0268035895793399,0.120028163913759,9.0839551433821e-05,0.000756818637158275,1.03267572820294
0.1,"without_ssp370",63,15,0.0264126136941022,0.129287812696115,0.0268035895793399,0.120028163913759,0.000390975885237642,0.00325736787508106,1.07714563382815
