"tol","archive","draw","n_stitched","mean_gen","var_gen","mean_target","var_target","bias","E1","E2"
0.1,"with_ssp370",165,24,0.0345367206234966,0.155542314288546,0.0268035895793399,0.120028163913759,0.0077331310441567,0.0644276375810681,1.29588180987509
0.1,"without_ssp370",165,16,0.0206233377310612,0.174197445873444,0.0268035895793399,0.120028163913759,0.0061802518482787,0.051490014066359,1.45130476209405
