"tol","archive","draw","n_stitched","mean_gen","var_gen","mean_target","var_target","bias","E1","E2"
0.1,"with_ssp126",38,25,0.0106572333752851,0.152504697663147,0.0115665949585149,0.115265037971512,0.000909361583229839,0.00788930970945927,1.32307853575548
0.1,"without_ssp126",38,21,0.000172304053020179,0.184242295891155,0.0115665949585149,0.115265037971512,0.0113942909054947,0.0988529662247705,1.59842307028686
