"tol","archive","draw","n_stitched","mean_gen","var_gen","mean_target","var_target","bias","E1","E2"
0.1,"with_ssp245",141,25,0.0179585951704486,0.156372995713623,0.0177774354872768,0.117674122551793,0.000181159683171752,0.00153950315705151,1.32886476926817
0.1,"without_ssp245",141,10,0.0134912107244354,0.174383006627539,0.0177774354872768,0.117674122551793,0.00428622476284139,0.0364245313233998,1.48191465418224
