"tol","archive","draw","n_stitched","mean_gen","var_gen","mean_target","var_target","bias","E1","E2"
0.1,"with_ssp245",53,25,0.0174726878500775,0.12494800035251,0.0177774354872768,0.117674122551793,0.00030474763719928,0.00258975916361856,1.0618137415685
0.1,"without_ssp245",53,10,0.0180050057436037,0.124662662904382,0.0177774354872768,0.117674122551793,0.000227570256326932,0.00193390230062492,1.05938893106692
