"tol","archive","draw","n_stitched","mean_gen","var_gen","mean_target","var_target","bias","E1","E2"
0.1,"with_ssp245",138,25,0.0255481593571103,0.161980381679302,0.0177774354872768,0.117674122551793,0.00777072386983349,0.0660359618692993,1.3765165880715
0.1,"without_ssp245",138,9,0.00889863883099746,0.193114083684721,0.0177774354872768,0.117674122551793,0.00887879665627935,0.075452414377438,1.6410921916985
