"tol","archive","draw","n_stitched","mean_gen","var_gen","mean_target","var_target","bias","E1","E2"
0.1,"with_ssp126",70,25,0.0116197201123903,0.120758026809619,0.0115665949585149,0.115265037971512,5.31251538753406e-05,0.000460895643729114,1.04765529023176
0.1,"without_ssp126",70,19,0.0114410420565128,0.125916160314936,0.0115665949585149,0.115265037971512,0.000125552902002101,0.00108925398552449,1.09240549025852
