"tol","archive","draw","n_stitched","mean_gen","var_gen","mean_target","var_target","bias","E1","E2"
0.1,"with_ssp370",82,25,0.0267868288331034,0.125469330405343,0.0268035895793399,0.120028163913759,1.67607462364279e-05,0.000139640111869666,1.04533241461141
0.1,"without_ssp370",82,17,0.0267058361609743,0.129281497437765,0.0268035895793399,0.120028163913759,9.77534183655461e-05,0.000814420675765586,1.07709301902389
