"tol","archive","draw","n_stitched","mean_gen","var_gen","mean_target","var_target","bias","E1","E2"
0.1,"with_ssp245",101,25,0.01525181095842,0.157988076194173,0.0177774354872768,0.117674122551793,0.00252562452885676,0.0214628711401279,1.34258979602449
0.1,"without_ssp245",101,11,0.00626250278991698,0.172410559274588,0.0177774354872768,0.117674122551793,0.0115149326973598,0.0978544173319976,1.46515270762867
