"tol","archive","draw","n_stitched","mean_gen","var_gen","mean_target","var_target","bias","E1","E2"
0.1,"with_ssp245",140,24,0.0178353465441943,0.124927648199962,0.0177774354872768,0.117674122551793,5.7911056917527e-05,0.00049213077320409,1.06164078805836
0.1,"without_ssp245",140,10,0.0178447604571806,0.126929809886325,0.0177774354872768,0.117674122551793,6.73249699037724e-05,0.000572130630284834,1.07865524835724
