"tol","archive","draw","n_stitched","mean_gen","var_gen","mean_target","var_target","bias","E1","E2"
0.1,"with_ssp370",114,25,0.0267133096492608,0.126073974526006,0.0268035895793399,0.120028163913759,9.02799300790368e-05,0.00075215622013433,1.05036993331491
0.1,"without_ssp370",114,15,0.0261325549745755,0.129508817850597,0.0268035895793399,0.120028163913759,0.000671034604764323,0.00559064291982727,1.07898691130233
