"tol","archive","draw","n_stitched","mean_gen","var_gen","mean_target","var_target","bias","E1","E2"
0.1,"with_ssp126",137,25,0.0117584860708759,0.11941656014405,0.0115665949585149,0.115265037971512,0.000191891112361026,0.00166478158284608,1.0360171847908
0.1,"without_ssp126",137,19,0.0114080438492017,0.125737018646388,0.0115665949585149,0.115265037971512,0.000158551109313171,0.00137553513279853,1.09085131848449
