"tol","archive","draw","n_stitched","mean_gen","var_gen","mean_target","var_target","bias","E1","E2"
0.1,"with_ssp245",139,25,0.0172382343205968,0.123664743924599,0.0177774354872768,0.117674122551793,0.000539201166680017,0.00458215582990807,1.05090857057523
0.1,"without_ssp245",139,9,0.0181181551539128,0.124083842387228,0.0177774354872768,0.117674122551793,0.000340719666635986,0.00289545109194267,1.05447008821004
