"tol","archive","draw","n_stitched","mean_gen","var_gen","mean_target","var_target","bias","E1","E2"
0.1,"with_ssp126",91,25,0.0116446760736993,0.120135457018311,0.0115665949585149,0.115265037971512,7.80811151844113e-05,0.000677405018542651,1.0422540879048
0.1,"without_ssp126",91,20,0.0113929248805702,0.125573867581298,0.0115665949585149,0.115265037971512,0.000173670077944686,0.00150670212755762,1.0894358757105
