"tol","archive","draw","n_stitched","mean_gen","var_gen","mean_target","var_target","bias","E1","E2"
0.1,"with_ssp245",152,25,0.0255777128221707,0.165509973329423,0.0177774354872768,0.117674122551793,0.00780027733489385,0.0662871085481059,1.40651121708237
0.1,"without_ssp245",152,11,0.0166831066460158,0.1792194339959,0.0177774354872768,0.117674122551793,0.00109432884126103,0.00929965584217014,1.52301483205891
