"tol","archive","draw","n_stitched","mean_gen","var_gen","mean_target","var_target","bias","E1","E2"
0.1,"with_ssp370",181,24,0.0267026793930857,0.124775304538512,0.0268035895793399,0.120028163913759,0.000100910186254174,0.000840720902193248,1.03955022279741
0.1,"without_ssp370",181,14,0.0265347810858323,0.129238735031123,0.0268035895793399,0.120028163913759,0.000268808493507564,0.00223954515959025,1.07673674925146
