"tol","archive","draw","n_stitched","mean_gen","var_gen","mean_target","var_target","bias","E1","E2"
0.1,"with_ssp245",7,25,0.01884098255636,0.157001031534105,0.0177774354872768,0.117674122551793,0.00106354706908323,0.0090380709540886,1.33420184599211
0.1,"without_ssp245",7,11,0.0178020798098829,0.173476205861172,0.0177774354872768,0.117674122551793,2.46443226061405e-05,0.00020942856485115,1.47420862037716
