"tol","archive","draw","n_stitched","mean_gen","var_gen","mean_target","var_target","bias","E1","E2"
0.1,"with_ssp370",24,24,0.026881105344192,0.124243078756548,0.0268035895793399,0.120028163913759,7.75157648521436e-05,0.000645813135222491,1.0351160486452
0.1,"without_ssp370",24,15,0.0266033731957205,0.128427690771319,0.0268035895793399,0.120028163913759,0.00020021638361933,0.00166807836670056,1.06997963297676
