"tol","archive","draw","n_stitched","mean_gen","var_gen","mean_target","var_target","bias","E1","E2"
0.1,"with_ssp245",58,25,0.0239362799092262,0.154116850656292,0.0177774354872768,0.117674122551793,0.00615884442194942,0.0523381376329247,1.30969194682933
0.1,"without_ssp245",58,11,0.0264105547107925,0.177479233991054,0.0177774354872768,0.117674122551793,0.00863311922351572,0.0733646364749047,1.50822653394282
