"tol","archive","draw","n_stitched","mean_gen","var_gen","mean_target","var_target","bias","E1","E2"
0.1,"with_ssp245",81,25,0.017642159130021,0.124386624388674,0.0177774354872768,0.117674122551793,0.00013527635725576,0.00114958458429311,1.05704314331238
0.1,"without_ssp245",81,10,0.01789392895316,0.122335292566017,0.0177774354872768,0.117674122551793,0.000116493465883195,0.000989966726388136,1.03961083297793
