"tol","archive","draw","n_stitched","mean_gen","var_gen","mean_target","var_target","bias","E1","E2"
0.1,"with_ssp126",65,25,0.011584211042769,0.120146792640497,0.0115665949585149,0.115265037971512,1.76160842541e-05,0.000152831114829927,1.04235243188131
0.1,"without_ssp126",65,18,0.0113127130017181,0.125546589130898,0.0115665949585149,0.115265037971512,0.000253881956796794,0.00220259292205796,1.0891992172156
