"tol","archive","draw","n_stitched","mean_gen","var_gen","mean_target","var_target","bias","E1","E2"
0.1,"with_ssp245",86,25,0.0206592459269966,0.156668826994455,0.0177774354872768,0.117674122551793,0.00288181043971979,0.0244897550729676,1.33137875683329
0.1,"without_ssp245",86,11,0.00341798040842966,0.171226626058426,0.0177774354872768,0.117674122551793,0.0143594550788471,0.122027296804588,1.45509158976785
