"tol","archive","draw","n_stitched","mean_gen","var_gen","mean_target","var_target","bias","E1","E2"
0.1,"with_ssp245",19,25,0.0159105640427029,0.164244155320664,0.0177774354872768,0.117674122551793,0.00186687144457389,0.0158647577231961,1.39575423856144
0.1,"without_ssp245",19,11,0.0146371982944892,0.176006187455786,0.0177774354872768,0.117674122551793,0.0031402371927876,0.0266858772743808,1.49570851805857
