"tol","archive","draw","n_stitched","mean_gen","var_gen","mean_target","var_target","bias","E1","E2"
0.1,"with_ssp245",48,25,0.0223821097431174,0.15408070884141,0.0177774354872768,0.117674122551793,0.00460467425584063,0.0391307294754963,1.30938481205664
0.1,"without_ssp245",48,10,0.0041134764277458,0.179879517866864,0.0177774354872768,0.117674122551793,0.013663959059531,0.116116940268808,1.52862425456107
