"tol","archive","draw","n_stitched","mean_gen","var_gen","mean_target","var_target","bias","E1","E2"
0.1,"with_ssp370",177,25,0.0301377599252333,0.157514461721167,0.0268035895793399,0.120028163913759,0.00333417034589345,0.0277782333510414,1.31231251553879
0.1,"without_ssp370",177,15,0.0166243868464181,0.178996392345779,0.0268035895793399,0.120028163913759,0.0101792027329218,0.0848067853494417,1.49128659898846
