"tol","archive","draw","n_stitched","mean_gen","var_gen","mean_target","var_target","bias","E1","E2"
0.1,"with_ssp370",98,25,0.0268977348950584,0.12514331786981,0.0268035895793399,0.120028163913759,9.41453157185176e-05,0.000784360208876991,1.04261628095658
0.1,"without_ssp370",98,16,0.0264257167357573,0.129124536842939,0.0268035895793399,0.120028163913759,0.000377872843582597,0.00314820148256289,1.07578532098279
