"tol","archive","draw","n_stitched","mean_gen","var_gen","mean_target","var_target","bias","E1","E2"
0.1,"with_ssp370",30,25,0.0266758344063197,0.12460313230022,0.0268035895793399,0.120028163913759,0.000127755173020206,0.00106437663340413,1.03811579080513
0.1,"without_ssp370",30,14,0.0265428656078064,0.126690884541798,0.0268035895793399,0.120028163913759,0.000260723971533431,0.00217218995135811,1.05550964382681
