"tol","archive","draw","n_stitched","mean_gen","var_gen","mean_target","var_target","bias","E1","E2"
0.1,"with_ssp126",62,25,0.0128123151433023,0.15459097070216,0.0115665949585149,0.115265037971512,0.00124572018478735,0.0108074417595319,1.34117832625334
0.1,"without_ssp126",62,20,-0.00621040205501589,0.181011569426411,0.0115665949585149,0.115265037971512,0.0177769970135308,0.154227138830462,1.57039439375492
