"tol","archive","draw","n_stitched","mean_gen","var_gen","mean_target","var_target","bias","E1","E2"
0.1,"with_ssp245",52,24,0.0175247065583341,0.123729473998361,0.0177774354872768,0.117674122551793,0.000252728928942694,0.00214770183505262,1.05145864966108
0.1,"without_ssp245",52,11,0.0177378468501157,0.126589391987622,0.0177774354872768,0.117674122551793,3.95886371611504e-05,0.000336426023858607,1.0757623617028
