"tol","archive","draw","n_stitched","mean_gen","var_gen","mean_target","var_target","bias","E1","E2"
0.1,"with_ssp370",86,25,0.0254947436127199,0.157901866301086,0.0268035895793399,0.120028163913759,0.00130884596661994,0.010904490445762,1.31554012951943
0.1,"without_ssp370",86,14,0.0116911734329919,0.174499118553972,0.0268035895793399,0.120028163913759,0.0151124161463479,0.125907250878272,1.45381811121722
