"tol","archive","draw","n_stitched","mean_gen","var_gen","mean_target","var_target","bias","E1","E2"
0.1,"withoutSSP245",2,8,0.0182054453077156,0.12761368234459,0.0177774354872768,0.117674122551793,0.000428009820438807,0.00363724675533843,1.08446682734704
0.1,"withSSP245",2,15,0.0177427505463143,0.123301422723815,0.0177774354872768,0.117674122551793,3.46849409625441e-05,0.000294754192428992,1.04782105062687
0.25,"withoutSSP245",2,19,0.0172943435040857,0.137186578773074,0.0177774354872768,0.117674122551793,0.000483091983191124,0.00410533745835661,1.16581773288934
0.25,"withSSP245",2,20,0.017203862946363,0.131131116811915,0.0177774354872768,0.117674122551793,0.000573572540913787,0.00487424531813554,1.11435814407028
0.5,"withoutSSP245",2,54,0.0172262090310063,0.172626783944338,0.0177774354872768,0.117674122551793,0.000551226456270509,0.00468434728313263,1.46699019462293
0.5,"withSSP245",2,48,0.0165875323601531,0.166202891662862,0.0177774354872768,0.117674122551793,0.00118990312712368,0.010111850433386,1.41239966832733
