"tol","archive","draw","n_stitched","mean_gen","var_gen","mean_target","var_target","bias","E1","E2"
0.1,"with_ssp126",199,25,0.0126856891702389,0.155825538434237,0.0115665949585149,0.115265037971512,0.00111909421172399,0.00970887817692452,1.35188901315202
0.1,"without_ssp126",199,19,0.000686988044966654,0.183600319992344,0.0115665949585149,0.115265037971512,0.0108796069135483,0.0943877441504614,1.59285350721631
