"tol","archive","draw","n_stitched","mean_gen","var_gen","mean_target","var_target","bias","E1","E2"
0.1,"with_ssp245",87,25,0.0234432886433442,0.161231429928912,0.0177774354872768,0.117674122551793,0.00566585315606744,0.0481486756238497,1.37015196232245
0.1,"without_ssp245",87,10,0.00475949675956406,0.176149292204486,0.0177774354872768,0.117674122551793,0.0130179387277127,0.110627030356508,1.49692462866639
