"tol","archive","draw","n_stitched","mean_gen","var_gen","mean_target","var_target","bias","E1","E2"
0.1,"with_ssp126",45,25,0.0116969903617551,0.146074893631696,0.0115665949585149,0.115265037971512,0.000130395403240176,0.00113126586808052,1.26729575769366
0.1,"without_ssp126",45,21,0.00393683909686356,0.184954061480245,0.0115665949585149,0.115265037971512,0.00762975586165136,0.0661931492490992,1.60459810481264
