"tol","archive","draw","n_stitched","mean_gen","var_gen","mean_target","var_target","bias","E1","E2"
0.1,"with_ssp126",147,25,0.00958140216051088,0.149629778718106,0.0115665949585149,0.115265037971512,0.00198519279800404,0.0172228529391079,1.29813672342768
0.1,"without_ssp126",147,20,-0.00619545299750949,0.192924688122836,0.0115665949585149,0.115265037971512,0.0177620479560244,0.154097445926443,1.67374853223506
