"tol","archive","draw","n_stitched","mean_gen","var_gen","mean_target","var_target","bias","E1","E2"
0.1,"with_ssp126",92,25,0.0116005778205045,0.119439831691469,0.0115665949585149,0.115265037971512,3.39828619895857e-05,0.000294823674096084,1.03621908076749
0.1,"without_ssp126",92,20,0.0114325323934376,0.124351628130516,0.0115665949585149,0.115265037971512,0.000134062565077303,0.00116308090845758,1.07883214475885
