"tol","archive","draw","n_stitched","mean_gen","var_gen","mean_target","var_target","bias","E1","E2"
0.1,"with_ssp126",88,25,0.0118228238433094,0.119774707658451,0.0115665949585149,0.115265037971512,0.000256228884794499,0.00222295406572309,1.03912434998767
0.1,"without_ssp126",88,19,0.0114541144922505,0.127604245663693,0.0115665949585149,0.115265037971512,0.000112480466264431,0.000975842009371753,1.10705074070449
