"tol","archive","draw","n_stitched","mean_gen","var_gen","mean_target","var_target","bias","E1","E2"
0.1,"with_ssp370",170,25,0.0267953974687906,0.123627387048893,0.0268035895793399,0.120028163913759,8.1921105492197e-06,6.82515693158965e-05,1.02998648831886
0.1,"without_ssp370",170,15,0.0265219876631891,0.12897210821887,0.0268035895793399,0.120028163913759,0.000281601916150752,0.00234613199909552,1.07451538050301
