"tol","archive","draw","n_stitched","mean_gen","var_gen","mean_target","var_target","bias","E1","E2"
0.1,"with_ssp370",94,25,0.0267776498852334,0.123189455514409,0.0268035895793399,0.120028163913759,2.5939694106504e-05,0.000216113395895499,1.02633791518232
0.1,"without_ssp370",94,16,0.0263178059418481,0.129540616144681,0.0268035895793399,0.120028163913759,0.00048578363749175,0.00404724709311382,1.07925183490899
