"tol","archive","draw","n_stitched","mean_gen","var_gen","mean_target","var_target","bias","E1","E2"
0.1,"with_ssp126",23,25,0.0137231858896573,0.158906115048569,0.0115665949585149,0.115265037971512,0.00215659093114238,0.0187098444514927,1.37861504099659
0.1,"without_ssp126",23,17,-0.00924670317448933,0.191474490591746,0.0115665949585149,0.115265037971512,0.0208132981330043,0.180569047642602,1.66116711503682
