"tol","archive","draw","n_stitched","mean_gen","var_gen","mean_target","var_target","bias","E1","E2"
0.1,"with_ssp126",39,25,0.0117482720975655,0.12003280802765,0.0115665949585149,0.115265037971512,0.000181677139050561,0.00157616864790747,1.04136354041124
0.1,"without_ssp126",39,19,0.0115306187589432,0.126718109462625,0.0115665949585149,0.115265037971512,3.59761995716926e-05,0.000312117188393104,1.09936292645776
