"tol","archive","draw","n_stitched","mean_gen","var_gen","mean_target","var_target","bias","E1","E2"
0.1,"with_ssp245",43,25,0.0242845075206052,0.157924048030227,0.0177774354872768,0.117674122551793,0.00650707203332835,0.0552973915778663,1.3420456817999
0.1,"without_ssp245",43,10,0.00812474799588987,0.175178348374359,0.0177774354872768,0.117674122551793,0.00965268749138693,0.0820289735930546,1.48867350421292
