"tol","archive","draw","n_stitched","mean_gen","var_gen","mean_target","var_target","bias","E1","E2"
0.1,"with_ssp126",180,25,0.0141573217926054,0.153559308233792,0.0115665949585149,0.115265037971512,0.00259072683409048,0.0224762588871986,1.3322279759431
0.1,"without_ssp126",180,20,0.00326946781978513,0.185493272652331,0.0115665949585149,0.115265037971512,0.00829712713872979,0.071983033925521,1.60927611630317
