"tol","archive","draw","n_stitched","mean_gen","var_gen","mean_target","var_target","bias","E1","E2"
0.1,"with_ssp126",36,25,0.0107956185617906,0.150776900901369,0.0115665949585149,0.115265037971512,0.000770976396724344,0.00668872721765723,1.30808876268825
0.1,"without_ssp126",36,18,-0.000737047911448814,0.189530324501633,0.0115665949585149,0.115265037971512,0.0123036428699637,0.106742192485154,1.64430019576688
