"tol","archive","draw","n_stitched","mean_gen","var_gen","mean_target","var_target","bias","E1","E2"
0.1,"with_ssp245",16,25,0.0185699243204557,0.158855755033273,0.0177774354872768,0.117674122551793,0.000792488833178933,0.00673460584190993,1.34996336992744
0.1,"without_ssp245",16,10,0.0184485472468249,0.177381103873863,0.0177774354872768,0.117674122551793,0.000671111759548045,0.00570313799665393,1.50739261978172
