"tol","archive","draw","n_stitched","mean_gen","var_gen","mean_target","var_target","bias","E1","E2"
0.1,"with_ssp126",24,25,0.0114968246375834,0.119487179675088,0.0115665949585149,0.115265037971512,6.97703209314761e-05,0.000605303413414223,1.03662985566031
0.1,"without_ssp126",24,20,0.011500056837276,0.125312776729625,0.0115665949585149,0.115265037971512,6.65381212389439e-05,0.000577261955662472,1.08717074088499
