"tol","archive","draw","n_stitched","mean_gen","var_gen","mean_target","var_target","bias","E1","E2"
0.1,"with_ssp126",138,25,0.0102720810110646,0.153864764042171,0.0115665949585149,0.115265037971512,0.00129451394745032,0.011230759736272,1.3348780059414
0.1,"without_ssp126",138,19,-0.00848706984237443,0.18791615522584,0.0115665949585149,0.115265037971512,0.0200536648008893,0.173978728969366,1.63029621585935
