"tol","archive","draw","n_stitched","mean_gen","var_gen","mean_target","var_target","bias","E1","E2"
0.1,"withoutSSP245",4,8,0.0180501937472516,0.126036393042103,0.0177774354872768,0.117674122551793,0.000272758259974783,0.00231791199339285,1.0710629517261
0.1,"withSSP245",4,17,0.0177235788635069,0.122800403783882,0.0177774354872768,0.117674122551793,5.3856623769933e-05,0.000457676017479785,1.0435633690817
0.25,"withoutSSP245",4,18,0.0168103172622036,0.138119141079998,0.0177774354872768,0.117674122551793,0.000967118225073185,0.00821861428919952,1.1737426894278
0.25,"withSSP245",4,18,0.0174717826490477,0.132200064531929,0.0177774354872768,0.117674122551793,0.000305652838229097,0.00259745160279029,1.12344210999952
0.5,"withoutSSP245",4,57,0.0174986554395923,0.170052285739539,0.0177774354872768,0.117674122551793,0.000278780047684484,0.00236908541690448,1.44511199278067
0.5,"withSSP245",4,42,0.0168936327781684,0.169490571356672,0.0177774354872768,0.117674122551793,0.000883802709108365,0.00751059527738875,1.44033851862437
