"tol","archive","draw","n_stitched","mean_gen","var_gen","mean_target","var_target","bias","E1","E2"
0.1,"with_ssp370",146,25,0.0269845658589283,0.123077317747464,0.0268035895793399,0.120028163913759,0.000180976279588418,0.00150778178793479,1.02540365306176
0.1,"without_ssp370",146,16,0.0265094164623502,0.128942566148429,0.0268035895793399,0.120028163913759,0.000294173116989708,0.00245086742475769,1.07426925434829
