"tol","archive","draw","n_stitched","mean_gen","var_gen","mean_target","var_target","bias","E1","E2"
0.1,"with_ssp370",1,24,0.0302916132439199,0.160208952652588,0.0268035895793399,0.120028163913759,0.00348802366458008,0.0290600435001759,1.33476133791149
0.1,"without_ssp370",1,14,0.0268420661385992,0.169962248193225,0.0268035895793399,0.120028163913759,3.84765592593879e-05,0.000320562757979315,1.41601972946403
