"tol","archive","draw","n_stitched","mean_gen","var_gen","mean_target","var_target","bias","E1","E2"
0.1,"with_ssp370",140,25,0.0267569575426396,0.125114937257463,0.0268035895793399,0.120028163913759,4.66320367002171e-05,0.000388509123023181,1.04237983134824
0.1,"without_ssp370",140,15,0.0265683115135735,0.128026021712221,0.0268035895793399,0.120028163913759,0.000235278065766387,0.00196019049275332,1.06663317622861
