"tol","archive","draw","n_stitched","mean_gen","var_gen","mean_target","var_target","bias","E1","E2"
0.1,"with_ssp370",35,25,0.0267454280964374,0.122444662674871,0.0268035895793399,0.120028163913759,5.81614829024864e-05,0.000484565297060412,1.02013276453057
0.1,"without_ssp370",35,14,0.0264156160007191,0.130690084076899,0.0268035895793399,0.120028163913759,0.000387973578620776,0.00323235452388939,1.08882848671084
