"tol","archive","draw","n_stitched","mean_gen","var_gen","mean_target","var_target","bias","E1","E2"
0.1,"with_ssp126",73,25,0.0114323851976507,0.119394263818896,0.0115665949585149,0.115265037971512,0.000134209760864167,0.00116435792870113,1.03582374950855
0.1,"without_ssp126",73,20,0.0114851259383144,0.127250565821976,0.0115665949585149,0.115265037971512,8.14690202005173e-05,0.00070679732236459,1.10398233550599
