"tol","archive","draw","n_stitched","mean_gen","var_gen","mean_target","var_target","bias","E1","E2"
0.1,"with_ssp370",53,24,0.0267757631617567,0.123723366526689,0.0268035895793399,0.120028163913759,2.78264175831329e-05,0.000231832402294568,1.03078612962525
0.1,"without_ssp370",53,15,0.0265027914226529,0.130831550864441,0.0268035895793399,0.120028163913759,0.000300798156686995,0.00250606313450833,1.09000709998734
