"tol","archive","draw","n_stitched","mean_gen","var_gen","mean_target","var_target","bias","E1","E2"
0.1,"with_ssp370",109,24,0.0291400167110579,0.163985638703317,0.0268035895793399,0.120028163913759,0.00233642713171802,0.0194656575218193,1.36622633685492
0.1,"without_ssp370",109,15,0.0240642280319606,0.178438220291457,0.0268035895793399,0.120028163913759,0.0027393615473793,0.0228226564337646,1.48663625663445
