"tol","archive","draw","n_stitched","mean_gen","var_gen","mean_target","var_target","bias","E1","E2"
0.1,"with_ssp126",12,25,0.0115665227562019,0.121257728962417,0.0115665949585149,0.115265037971512,7.22023130589333e-08,6.26402544341142e-07,1.05199053499975
0.1,"without_ssp126",12,21,0.0114094312702147,0.1274873975962,0.0115665949585149,0.115265037971512,0.000157163688300255,0.00136349834317583,1.10603700688243
