"tol","archive","draw","n_stitched","mean_gen","var_gen","mean_target","var_target","bias","E1","E2"
0.1,"with_ssp370",171,25,0.0266747625845787,0.124764147445365,0.0268035895793399,0.120028163913759,0.000128826994761171,0.00107330638543912,1.03945726883741
0.1,"without_ssp370",171,15,0.026684330386685,0.129872798817029,0.0268035895793399,0.120028163913759,0.000119259192654833,0.000993593409797734,1.08201937430571
