"tol","archive","draw","n_stitched","mean_gen","var_gen","mean_target","var_target","bias","E1","E2"
0.1,"with_ssp370",120,24,0.0274239830766143,0.156300740795454,0.0268035895793399,0.120028163913759,0.000620393497274458,0.00516873271276744,1.30220054776275
0.1,"without_ssp370",120,16,0.0235611966965332,0.178779584081173,0.0268035895793399,0.120028163913759,0.00324239288280663,0.0270136006174043,1.48948028739011
