"tol","archive","draw","n_stitched","mean_gen","var_gen","mean_target","var_target","bias","E1","E2"
0.1,"with_ssp370",113,25,0.030340096409461,0.154349023805887,0.0268035895793399,0.120028163913759,0.00353650683012112,0.0294639750772337,1.28594005584213
0.1,"without_ssp370",113,15,0.0291877921846208,0.175909358684721,0.0268035895793399,0.120028163913759,0.00238420260528092,0.0198636930495245,1.46556735476778
