"tol","archive","draw","n_stitched","mean_gen","var_gen","mean_target","var_target","bias","E1","E2"
0.1,"with_ssp370",41,25,0.0268514096991086,0.124835970859991,0.0268035895793399,0.120028163913759,4.78201197687683e-05,0.000398407492120994,1.04005565685139
0.1,"without_ssp370",41,15,0.0263891695006932,0.126728628207345,0.0268035895793399,0.120028163913759,0.000414420078646682,0.00345269031145428,1.05582410057027
