"tol","archive","draw","n_stitched","mean_gen","var_gen","mean_target","var_target","bias","E1","E2"
0.1,"with_ssp370",119,25,0.0267054571858884,0.125436297632635,0.0268035895793399,0.120028163913759,9.81323934515013e-05,0.000817578060445964,1.04505720609675
0.1,"without_ssp370",119,15,0.0263936953476332,0.126318881750964,0.0268035895793399,0.120028163913759,0.000409894231706662,0.00341498376998563,1.05241034797237
