"tol","archive","draw","n_stitched","mean_gen","var_gen","mean_target","var_target","bias","E1","E2"
0.1,"with_ssp370",180,25,0.0201311616974922,0.159963458662995,0.0268035895793399,0.120028163913759,0.00667242788184768,0.0555905186272937,1.33271603469608
0.1,"without_ssp370",180,15,0.0204750312476618,0.186557693580941,0.0268035895793399,0.120028163913759,0.0063285583316781,0.0527256114342065,1.55428265748515
