"tol","archive","draw","n_stitched","mean_gen","var_gen","mean_target","var_target","bias","E1","E2"
0.1,"with_ssp245",33,24,0.0131826800750599,0.1492391487726,0.0177774354872768,0.117674122551793,0.00459475541221689,0.0390464386950881,1.26824101626009
0.1,"without_ssp245",33,10,0.0154797019844139,0.172884500543446,0.0177774354872768,0.117674122551793,0.00229773350286295,0.0195262429244086,1.46918028190397
