"tol","archive","draw","n_stitched","mean_gen","var_gen","mean_target","var_target","bias","E1","E2"
0.1,"with_ssp370",142,25,0.0267913005547036,0.123405124203701,0.0268035895793399,0.120028163913759,1.22890246362674e-05,0.000102384509064865,1.02813473254801
0.1,"without_ssp370",142,14,0.0266658238949258,0.127648611754699,0.0268035895793399,0.120028163913759,0.000137765684414082,0.00114777798744858,1.06348883122478
