"tol","archive","draw","n_stitched","mean_gen","var_gen","mean_target","var_target","bias","E1","E2"
0.1,"with_ssp370",50,25,0.0267305856052838,0.124557171498241,0.0268035895793399,0.120028163913759,7.3003974056015e-05,0.000608223700801329,1.03773287399228
0.1,"without_ssp370",50,15,0.0265997080456868,0.124786384611564,0.0268035895793399,0.120028163913759,0.000203881533653093,0.00169861411692995,1.03964253507388
