"tol","archive","draw","n_stitched","mean_gen","var_gen","mean_target","var_target","bias","E1","E2"
0.1,"with_ssp126",113,25,0.0121990825709523,0.15483481695481,0.0115665949585149,0.115265037971512,0.000632487612437345,0.00548724594697715,1.34329385284268
0.1,"without_ssp126",113,19,-0.00420468569760207,0.175513965820045,0.0115665949585149,0.115265037971512,0.015771280656117,0.136826230517661,1.52269906737396
