"tol","archive","draw","n_stitched","mean_gen","var_gen","mean_target","var_target","bias","E1","E2"
0.1,"with_ssp126",25,25,0.0115365753878746,0.120983997466018,0.0115665949585149,0.115265037971512,3.00195706403363e-05,0.00026043951547351,1.04961573426905
0.1,"without_ssp126",25,20,0.0112694779723875,0.12792908379603,0.0115665949585149,0.115265037971512,0.000297116986127442,0.00257768523184694,1.10986892510848
