"tol","archive","draw","n_stitched","mean_gen","var_gen","mean_target","var_target","bias","E1","E2"
0.1,"with_ssp245",106,25,0.0168056818099938,0.159116596634712,0.0177774354872768,0.117674122551793,0.000971753677283051,0.00825800657111627,1.35218001361921
0.1,"without_ssp245",106,12,-0.000416554898689913,0.17106120997365,0.0177774354872768,0.117674122551793,0.0181939903859667,0.154613350764173,1.45368587641993
