"tol","archive","draw","n_stitched","mean_gen","var_gen","mean_target","var_target","bias","E1","E2"
0.1,"with_ssp370",108,25,0.0318438175799588,0.156735523137087,0.0268035895793399,0.120028163913759,0.00504022800061891,0.0419920445024915,1.30582288378336
0.1,"without_ssp370",108,14,0.0229568001319508,0.184946093648837,0.0268035895793399,0.120028163913759,0.00384678944738902,0.0320490568376349,1.54085580932257
