"tol","archive","draw","n_stitched","mean_gen","var_gen","mean_target","var_target","bias","E1","E2"
0.1,"with_ssp245",61,25,0.0175184680645946,0.124316047403356,0.0177774354872768,0.117674122551793,0.000258967422682183,0.00220071683617781,1.05644337690845
0.1,"without_ssp245",61,10,0.0179882790872682,0.127482612756049,0.0177774354872768,0.117674122551793,0.000210843599991403,0.00179175842079129,1.08335299207299
