"tol","archive","draw","n_stitched","mean_gen","var_gen","mean_target","var_target","bias","E1","E2"
0.1,"with_ssp370",6,25,0.0268291002054662,0.123884722222102,0.0268035895793399,0.120028163913759,2.55106261263655e-05,0.000212538668380323,1.03213044491053
0.1,"without_ssp370",6,15,0.0261862473731941,0.128595770042653,0.0268035895793399,0.120028163913759,0.000617342206145802,0.00514331125309362,1.07137996491431
