"tol","archive","draw","n_stitched","mean_gen","var_gen","mean_target","var_target","bias","E1","E2"
0.1,"with_ssp370",20,24,0.0266436198605467,0.125800658879443,0.0268035895793399,0.120028163913759,0.000159969718793208,0.00133276819020699,1.04809283735967
0.1,"without_ssp370",20,16,0.0262926800662762,0.129374310054994,0.0268035895793399,0.120028163913759,0.000510909513063661,0.00425658025920278,1.07786627601794
