"tol","archive","draw","n_stitched","mean_gen","var_gen","mean_target","var_target","bias","E1","E2"
0.1,"with_ssp126",145,25,0.011651896306698,0.15543850046052,0.0115665949585149,0.115265037971512,8.5301348183105e-05,0.000740045287662922,1.34853120422289
0.1,"without_ssp126",145,19,-0.00188477169883135,0.189546451313842,0.0115665949585149,0.115265037971512,0.0134513666573463,0.116699451057057,1.6444401064674
