"tol","archive","draw","n_stitched","mean_gen","var_gen","mean_target","var_target","bias","E1","E2"
0.1,"with_ssp245",126,25,0.0163363404096724,0.152373410019206,0.0177774354872768,0.117674122551793,0.00144109507760443,0.0122464909561585,1.29487610967433
0.1,"without_ssp245",126,10,0.0089829257419628,0.167617707601597,0.0177774354872768,0.117674122551793,0.008794509745314,0.0747361404071074,1.42442283797631
