"tol","archive","draw","n_stitched","mean_gen","var_gen","mean_target","var_target","bias","E1","E2"
0.1,"with_ssp245",45,24,0.0224637425377534,0.154054263004493,0.0177774354872768,0.117674122551793,0.00468630705047661,0.0398244486455717,1.30916007414194
0.1,"without_ssp245",45,11,0.0161896866745665,0.177757859447413,0.0177774354872768,0.117674122551793,0.0015877488127103,0.0134927610104886,1.51059430563567
