"tol","archive","draw","n_stitched","mean_gen","var_gen","mean_target","var_target","bias","E1","E2"
0.1,"with_ssp245",188,25,0.0175243436038241,0.123058685688779,0.0177774354872768,0.117674122551793,0.000253091883452721,0.00215078623884639,1.04575826035682
0.1,"without_ssp245",188,10,0.0179661843055341,0.124949963527406,0.0177774354872768,0.117674122551793,0.000188748818257273,0.00160399596924291,1.0618304247173
