"tol","archive","draw","n_stitched","mean_gen","var_gen","mean_target","var_target","bias","E1","E2"
0.1,"with_ssp370",162,24,0.0269094893408199,0.124519448628295,0.0268035895793399,0.120028163913759,0.000105899761480011,0.000882290939284052,1.03741859050484
0.1,"without_ssp370",162,14,0.0261297119758364,0.128414503391404,0.0268035895793399,0.120028163913759,0.000673877603503469,0.00561432901687686,1.06986976393033
