"tol","archive","draw","n_stitched","mean_gen","var_gen","mean_target","var_target","bias","E1","E2"
0.1,"with_ssp126",184,25,0.0154569938107138,0.151637417582081,0.0115665949585149,0.115265037971512,0.00389039885219891,0.0337517682782566,1.3155543107491
0.1,"without_ssp126",184,19,0.00220382636562088,0.187484637916988,0.0115665949585149,0.115265037971512,0.00936276859289403,0.0812281742813297,1.62655251944935
