"tol","archive","draw","n_stitched","mean_gen","var_gen","mean_target","var_target","bias","E1","E2"
0.1,"with_ssp370",173,25,0.0310892758218005,0.162080512544809,0.0268035895793399,0.120028163913759,0.00428568624246063,0.0357056719249652,1.35035401075755
0.1,"without_ssp370",173,15,0.024102529182515,0.183118644870851,0.0268035895793399,0.120028163913759,0.00270106039682488,0.0225035550720047,1.52563064284165
