"tol","archive","draw","n_stitched","mean_gen","var_gen","mean_target","var_target","bias","E1","E2"
0.1,"with_ssp245",34,25,0.0220168337589975,0.16424664537211,0.0177774354872768,0.117674122551793,0.00423939827172067,0.0360265976901993,1.39577539913092
0.1,"without_ssp245",34,10,0.00479355675173261,0.180050265660339,0.0177774354872768,0.117674122551793,0.0129838787355442,0.110337587007113,1.53007527700996
