"tol","archive","draw","n_stitched","mean_gen","var_gen","mean_target","var_target","bias","E1","E2"
0.1,"with_ssp126",187,25,0.0117158493853959,0.119494775012952,0.0115665949585149,0.115265037971512,0.000149254426880943,0.0012948802994177,1.0366957502108
0.1,"without_ssp126",187,21,0.0112800579727761,0.126108051287366,0.0115665949585149,0.115265037971512,0.000286536985738798,0.00248589677131428,1.09407027062737
