"tol","archive","draw","n_stitched","mean_gen","var_gen","mean_target","var_target","bias","E1","E2"
0.1,"with_ssp245",150,25,0.0184582868796764,0.155381450853099,0.0177774354872768,0.117674122551793,0.000680851392399547,0.00578590583583807,1.32043857632938
0.1,"without_ssp245",150,11,0.00768946412907743,0.183658505440714,0.0177774354872768,0.117674122551793,0.0100879713581994,0.0857280355225017,1.5607382613784
