"tol","archive","draw","n_stitched","mean_gen","var_gen","mean_target","var_target","bias","E1","E2"
0.1,"with_ssp245",183,25,0.0175652196639167,0.122930739791291,0.0177774354872768,0.117674122551793,0.000212215823360059,0.00180341963685902,1.04467097035021
0.1,"without_ssp245",183,11,0.0179645798926822,0.127448969127259,0.0177774354872768,0.117674122551793,0.000187144405405442,0.0015903615964765,1.08306708699836
