"tol","archive","draw","n_stitched","mean_gen","var_gen","mean_target","var_target","bias","E1","E2"
0.1,"with_ssp126",89,25,0.011626242724153,0.120206695637189,0.0115665949585149,0.115265037971512,5.96477656381236e-05,0.000517483589888426,1.04287212976843
0.1,"without_ssp126",89,18,0.0113330161168169,0.125007742421908,0.0115665949585149,0.115265037971512,0.00023357884169797,0.00202645004772132,1.08452436768211
