"tol","archive","draw","n_stitched","mean_gen","var_gen","mean_target","var_target","bias","E1","E2"
0.1,"with_ssp245",188,25,0.0195278843239219,0.154577034801039,0.0177774354872768,0.117674122551793,0.00175044883664511,0.0148753931508999,1.31360261244355
0.1,"without_ssp245",188,10,0.00823498519077921,0.16999294218099,0.0177774354872768,0.117674122551793,0.0095424502964976,0.0810921729397009,1.444607688544
