"tol","archive","draw","n_stitched","mean_gen","var_gen","mean_target","var_target","bias","E1","E2"
0.1,"with_ssp245",159,25,0.0200066018593391,0.1520207394929,0.0177774354872768,0.117674122551793,0.0022291663720623,0.0189435563548064,1.29187909963797
0.1,"without_ssp245",159,10,0.0175087620436874,0.163700157242306,0.0177774354872768,0.117674122551793,0.000268673443589398,0.00228319903954366,1.39113131835977
