"tol","archive","draw","n_stitched","mean_gen","var_gen","mean_target","var_target","bias","E1","E2"
0.1,"with_ssp245",78,25,0.0175100505512593,0.123580467157823,0.0177774354872768,0.117674122551793,0.000267384936017474,0.00227224924409176,1.05019238281067
0.1,"without_ssp245",78,10,0.0177742808064517,0.125689197091205,0.0177774354872768,0.117674122551793,3.15468082506126e-06,2.68086199127829e-05,1.06811246487845
