"tol","archive","draw","n_stitched","mean_gen","var_gen","mean_target","var_target","bias","E1","E2"
0.1,"with_ssp245",108,25,0.016742632201294,0.159932843058164,0.0177774354872768,0.117674122551793,0.0010348032859828,0.00879380498909041,1.35911651253461
0.1,"without_ssp245",108,10,0.00816055491983502,0.170930237633542,0.0177774354872768,0.117674122551793,0.00961688056744178,0.0817246847386432,1.45257286756745
