"tol","archive","draw","n_stitched","mean_gen","var_gen","mean_target","var_target","bias","E1","E2"
0.1,"with_ssp126",178,25,0.0116085708242379,0.120765962743684,0.0115665949585149,0.115265037971512,4.19758657230328e-05,0.000364168237496329,1.04772413967826
0.1,"without_ssp126",178,21,0.0114148000956959,0.124177354050528,0.0115665949585149,0.115265037971512,0.000151794862818973,0.00131692025171145,1.07732020251639
