"tol","archive","draw","n_stitched","mean_gen","var_gen","mean_target","var_target","bias","E1","E2"
0.1,"with_ssp126",97,25,0.0115673796120179,0.118768808180323,0.0115665949585149,0.115265037971512,7.84653502994975e-07,6.80738510830063e-06,1.0303975105589
0.1,"without_ssp126",97,19,0.0113506992016232,0.12637388628698,0.0115665949585149,0.115265037971512,0.000215895756891758,0.00187303765904383,1.09637656405591
