"tol","archive","draw","n_stitched","mean_gen","var_gen","mean_target","var_target","bias","E1","E2"
0.1,"with_ssp370",36,23,0.0304124944544028,0.151299177848278,0.0268035895793399,0.120028163913759,0.0036089048750629,0.0300671505535644,1.26053063643452
0.1,"without_ssp370",36,13,0.0150427253074696,0.180321363629005,0.0268035895793399,0.120028163913759,0.0117608642718703,0.097984205442987,1.50232543554167
