"tol","archive","draw","n_stitched","mean_gen","var_gen","mean_target","var_target","bias","E1","E2"
0.1,"with_ssp126",77,25,0.0115874879607162,0.118557215237469,0.0115665949585149,0.115265037971512,2.08930022013269e-05,0.000181260532846835,1.02856180264107
0.1,"without_ssp126",77,20,0.0114064211650317,0.127313099575397,0.0115665949585149,0.115265037971512,0.000160173793483234,0.00138961298501304,1.10452485693765
