"tol","archive","draw","n_stitched","mean_gen","var_gen","mean_target","var_target","bias","E1","E2"
0.1,"with_ssp126",193,25,0.0127604499641661,0.154017565344544,0.0115665949585149,0.115265037971512,0.0011938550056512,0.0103574772251953,1.33620365771805
0.1,"without_ssp126",193,20,-0.00330322209544002,0.188190767735101,0.0115665949585149,0.115265037971512,0.0148698170539549,0.129005440987493,1.63267865995596
