"tol","archive","draw","n_stitched","mean_gen","var_gen","mean_target","var_target","bias","E1","E2"
0.1,"with_ssp245",77,25,0.0134340449534764,0.15373812768976,0.0177774354872768,0.117674122551793,0.00434339053380045,0.03691032862292,1.3064735419811
0.1,"without_ssp245",77,10,0.0102234279385113,0.16940234071943,0.0177774354872768,0.117674122551793,0.00755400754876549,0.0641942967999668,1.43958873069029
