"tol","archive","draw","n_stitched","mean_gen","var_gen","mean_target","var_target","bias","E1","E2"
0.1,"with_ssp126",152,25,0.0130502440742308,0.161172012364625,0.0115665949585149,0.115265037971512,0.0014836491157159,0.0128716316918456,1.39827319021453
0.1,"without_ssp126",152,19,-0.00468821259233753,0.181524776209255,0.0115665949585149,0.115265037971512,0.0162548075508525,0.141021144285485,1.5748468000689
