"tol","archive","draw","n_stitched","mean_gen","var_gen","mean_target","var_target","bias","E1","E2"
0.1,"with_ssp245",79,25,0.0159822703562227,0.153239785071712,0.0177774354872768,0.117674122551793,0.00179516513105409,0.0152553942372841,1.30223860394
0.1,"without_ssp245",79,10,-0.00504095396867829,0.174161550790677,0.0177774354872768,0.117674122551793,0.0228183894559551,0.193911702599794,1.48003271249396
