"tol","archive","draw","n_stitched","mean_gen","var_gen","mean_target","var_target","bias","E1","E2"
0.1,"with_ssp245",164,25,0.0176224806225052,0.123004788970422,0.0177774354872768,0.117674122551793,0.000154954864771639,0.00131681342857208,1.04530024361374
0.1,"without_ssp245",164,10,0.0179285335602757,0.128679955611854,0.0177774354872768,0.117674122551793,0.00015109807299889,0.00128403823816392,1.0935280656562
