"tol","archive","draw","n_stitched","mean_gen","var_gen","mean_target","var_target","bias","E1","E2"
0.1,"with_ssp370",159,25,0.0268277755347499,0.125516944997247,0.0268035895793399,0.120028163913759,2.41859554100561e-05,0.000201502335963698,1.0457291097732
0.1,"without_ssp370",159,14,0.0259819056013279,0.130045528158741,0.0268035895793399,0.120028163913759,0.000821683978011932,0.00684575978853028,1.08345844773715
