"tol","archive","draw","n_stitched","mean_gen","var_gen","mean_target","var_target","bias","E1","E2"
0.1,"with_ssp370",197,25,0.022316057776428,0.156882330566016,0.0268035895793399,0.120028163913759,0.00448753180291188,0.0373873235796242,1.30704599196183
0.1,"without_ssp370",197,15,0.0346692318606978,0.175154800330535,0.0268035895793399,0.120028163913759,0.0078656422813579,0.0655316387827895,1.45928084392247
