"tol","archive","draw","n_stitched","mean_gen","var_gen","mean_target","var_target","bias","E1","E2"
0.1,"with_ssp245",195,25,0.0250496597327538,0.152973229867571,0.0177774354872768,0.117674122551793,0.00727222424547695,0.0617996895815061,1.29997340579481
0.1,"without_ssp245",195,11,0.0140086418864615,0.174346721906534,0.0177774354872768,0.117674122551793,0.00376879360081533,0.0320273779747669,1.48160630498686
