"tol","archive","draw","n_stitched","mean_gen","var_gen","mean_target","var_target","bias","E1","E2"
0.1,"with_ssp126",123,25,0.0129697437590267,0.159929072280958,0.0115665949585149,0.115265037971512,0.0014031488005118,0.0121732385223228,1.38748986766035
0.1,"without_ssp126",123,18,0.000238523103701507,0.179107255088772,0.0115665949585149,0.115265037971512,0.0113280718548134,0.0982784724160087,1.55387321464328
