"tol","archive","draw","n_stitched","mean_gen","var_gen","mean_target","var_target","bias","E1","E2"
0.1,"with_ssp245",82,25,0.0174862493102645,0.122533207718854,0.0177774354872768,0.117674122551793,0.000291186177012275,0.0024745132633907,1.04129272487179
0.1,"without_ssp245",82,10,0.0179984848555867,0.123078482794141,0.0177774354872768,0.117674122551793,0.000221049368309918,0.00187848750019466,1.04592649705094
