"tol","archive","draw","n_stitched","mean_gen","var_gen","mean_target","var_target","bias","E1","E2"
0.1,"with_ssp126",102,25,0.0115383955800778,0.120607956440917,0.0115665949585149,0.115265037971512,2.81993784371198e-05,0.000244648151194722,1.0463533311005
0.1,"without_ssp126",102,20,0.0114112141195978,0.127352455231165,0.0115665949585149,0.115265037971512,0.000155380838917127,0.00134803095241707,1.1048662931308
