"tol","archive","draw","n_stitched","mean_gen","var_gen","mean_target","var_target","bias","E1","E2"
0.1,"with_ssp245",12,24,0.0210389706531484,0.161979834576208,0.0177774354872768,0.117674122551793,0.00326153516587159,0.0277166729196222,1.37651193876473
0.1,"without_ssp245",12,11,0.0100437485760592,0.178486760919801,0.0177774354872768,0.117674122551793,0.00773368691121763,0.0657212201247874,1.51678854321808
