"tol","archive","draw","n_stitched","mean_gen","var_gen","mean_target","var_target","bias","E1","E2"
0.1,"with_ssp245",164,25,0.0230954969751453,0.15597411035081,0.0177774354872768,0.117674122551793,0.00531806148786848,0.0451931263437105,1.32547502346711
0.1,"without_ssp245",164,10,0.00680105345740294,0.183929206704105,0.0177774354872768,0.117674122551793,0.0109763820298739,0.0932777894735751,1.56303869292205
