"tol","archive","draw","n_stitched","mean_gen","var_gen","mean_target","var_target","bias","E1","E2"
0.1,"with_ssp245",197,25,0.0219923806556596,0.158609889191509,0.0177774354872768,0.117674122551793,0.00421494516838283,0.0358187941153132,1.34787399091672
0.1,"without_ssp245",197,11,0.0131130137069781,0.17644709361196,0.0177774354872768,0.117674122551793,0.00466442178029875,0.0396384666326765,1.49945535845655
