"tol","archive","draw","n_stitched","mean_gen","var_gen","mean_target","var_target","bias","E1","E2"
0.1,"with_ssp370",90,25,0.0268207231204019,0.123736788062741,0.0268035895793399,0.120028163913759,1.71335410620692e-05,0.000142746006465447,1.03089794951497
0.1,"without_ssp370",90,15,0.0266474985125062,0.125548520440721,0.0268035895793399,0.120028163913759,0.000156091066833661,0.00130045367473765,1.04599217672719
