"tol","archive","draw","n_stitched","mean_gen","var_gen","mean_target","var_target","bias","E1","E2"
0.1,"with_ssp126",98,25,0.00871882702103637,0.150233542768891,0.0115665949585149,0.115265037971512,0.00284776793747855,0.0247062594833169,1.30337477358939
0.1,"without_ssp126",98,20,-0.00553008676773571,0.186932803784094,0.0115665949585149,0.115265037971512,0.0170966817262506,0.148324956353861,1.62176499547326
