"tol","archive","draw","n_stitched","mean_gen","var_gen","mean_target","var_target","bias","E1","E2"
0.1,"with_ssp370",104,25,0.0268071143101053,0.123836482463834,0.0268035895793399,0.120028163913759,3.52473076545637e-06,2.93658642315725e-05,1.03172854125146
0.1,"without_ssp370",104,15,0.0265655401029619,0.128279997955919,0.0268035895793399,0.120028163913759,0.000238049476377976,0.00198328016205443,1.06874914830897
