"tol","archive","draw","n_stitched","mean_gen","var_gen","mean_target","var_target","bias","E1","E2"
0.1,"with_ssp126",104,25,0.0117143751611045,0.120091922672038,0.0115665949585149,0.115265037971512,0.000147780202589631,0.0012820904342751,1.04187639882372
0.1,"without_ssp126",104,19,0.0115214898307439,0.127235896143837,0.0115665949585149,0.115265037971512,4.51051277710023e-05,0.000391316643492107,1.10385506640169
