"tol","archive","draw","n_stitched","mean_gen","var_gen","mean_target","var_target","bias","E1","E2"
0.1,"with_ssp370",193,25,0.0347894212555931,0.153795491496223,0.0268035895793399,0.120028163913759,0.00798583167625324,0.0665329820590367,1.28132836895452
0.1,"without_ssp370",193,16,0.0212727399537646,0.178439199748413,0.0268035895793399,0.120028163913759,0.00553084962557526,0.0460795986977624,1.48664441686055
