"tol","archive","draw","n_stitched","mean_gen","var_gen","mean_target","var_target","bias","E1","E2"
0.1,"with_ssp245",25,25,0.0192705917728875,0.155459510838784,0.0177774354872768,0.117674122551793,0.00149315628561069,0.0126889094495137,1.32110193360787
0.1,"without_ssp245",25,9,0.00859435415502017,0.177811691920745,0.0177774354872768,0.117674122551793,0.00918308133225664,0.0780382392757147,1.51105177642164
