"tol","archive","draw","n_stitched","mean_gen","var_gen","mean_target","var_target","bias","E1","E2"
0.1,"with_ssp370",177,25,0.0268624406173972,0.124141649917397,0.0268035895793399,0.120028163913759,5.88510380572956e-05,0.000490310241682781,1.03427100664969
0.1,"without_ssp370",177,15,0.0264259932131595,0.127910728483996,0.0268035895793399,0.120028163913759,0.000377596366180358,0.00314589804482607,1.06567262476747
