"tol","archive","draw","n_stitched","mean_gen","var_gen","mean_target","var_target","bias","E1","E2"
0.1,"with_ssp245",30,25,0.0174149135732962,0.123832622588189,0.0177774354872768,0.117674122551793,0.000362521913980653,0.00308072757305746,1.05233521102895
0.1,"without_ssp245",30,11,0.0182102235214191,0.125815716676138,0.0177774354872768,0.117674122551793,0.000432788034142314,0.00367785223086601,1.06918763401666
