"tol","archive","draw","n_stitched","mean_gen","var_gen","mean_target","var_target","bias","E1","E2"
0.1,"with_ssp370",116,24,0.0329770973324035,0.157666339456344,0.0268035895793399,0.120028163913759,0.0061735077530636,0.0514338264600907,1.31357786635501
0.1,"without_ssp370",116,14,0.0238840971487184,0.189854869980138,0.0268035895793399,0.120028163913759,0.00291949243062146,0.0243233949052085,1.58175268028385
