"tol","archive","draw","n_stitched","mean_gen","var_gen","mean_target","var_target","bias","E1","E2"
0.1,"with_ssp126",136,25,0.0116907083611372,0.120815380029804,0.0115665949585149,0.115265037971512,0.000124113402622257,0.00107676538182317,1.048152867131
0.1,"without_ssp126",136,19,0.0115418729003491,0.12450665839306,0.0115665949585149,0.115265037971512,2.47220581657947e-05,0.000214480111236374,1.08017713423069
