"tol","archive","draw","n_stitched","mean_gen","var_gen","mean_target","var_target","bias","E1","E2"
0.1,"with_ssp370",33,24,0.0266957333599394,0.124837242278189,0.0268035895793399,0.120028163913759,0.000107856219400484,0.000898590929691962,1.04006624951695
0.1,"without_ssp370",33,15,0.0265078025075754,0.12990170679791,0.0268035895793399,0.120028163913759,0.000295787071764416,0.00246431389200406,1.08226021762063
