"tol","archive","draw","n_stitched","mean_gen","var_gen","mean_target","var_target","bias","E1","E2"
0.1,"with_ssp370",123,24,0.026775789561518,0.124706350783696,0.0268035895793399,0.120028163913759,2.78000178218982e-05,0.000231612455905538,1.03897574300394
0.1,"without_ssp370",123,14,0.0262804751430304,0.128743134612483,0.0268035895793399,0.120028163913759,0.000523114436309504,0.00435826408779664,1.07260771484421
