"tol","archive","draw","n_stitched","mean_gen","var_gen","mean_target","var_target","bias","E1","E2"
0.1,"with_ssp126",57,25,0.0115124033937184,0.119046401664545,0.0115665949585149,0.115265037971512,5.41915647965432e-05,0.000470147459717463,1.03280581657352
0.1,"without_ssp126",57,23,0.0112207479892547,0.125715991030121,0.0115665949585149,0.115265037971512,0.000345846969260221,0.00300044987922269,1.0906688900861
