"tol","archive","draw","n_stitched","mean_gen","var_gen","mean_target","var_target","bias","E1","E2"
0.1,"with_ssp126",19,25,0.00591715169046954,0.159383327426005,0.0115665949585149,0.115265037971512,0.00564944326804537,0.0490126352922528,1.38275517217456
0.1,"without_ssp126",19,18,-0.00238254949278369,0.182530954016534,0.0115665949585149,0.115265037971512,0.0139491444512986,0.121018000746646,1.58357605418607
