"tol","archive","draw","n_stitched","mean_gen","var_gen","mean_target","var_target","bias","E1","E2"
0.1,"with_ssp126",133,25,0.0115647635388554,0.122443180898858,0.0115665949585149,0.115265037971512,1.83141965955091e-06,1.58887698454024e-05,1.06227511007388
0.1,"without_ssp126",133,22,0.0112964631785813,0.125864678432451,0.0115665949585149,0.115265037971512,0.000270131779933638,0.00234357082327429,1.09195885107467
