"tol","archive","draw","n_stitched","mean_gen","var_gen","mean_target","var_target","bias","E1","E2"
0.1,"with_ssp370",172,25,0.031258970990296,0.164038924544746,0.0268035895793399,0.120028163913759,0.00445538141095614,0.0371194665125209,1.36667028134005
0.1,"without_ssp370",172,15,0.0141808224017955,0.173155081278701,0.0268035895793399,0.120028163913759,0.0126227671775444,0.105165044319214,1.44262042867801
