"tol","archive","draw","n_stitched","mean_gen","var_gen","mean_target","var_target","bias","E1","E2"
0.1,"with_ssp245",159,25,0.0174462544471981,0.121133761104052,0.0177774354872768,0.117674122551793,0.000331181040078739,0.00281439141331155,1.02940016443068
0.1,"without_ssp245",159,10,0.0177973330810951,0.12378643019302,0.0177774354872768,0.117674122551793,1.98975938182806e-05,0.000169090649556557,1.05194266597175
