"tol","archive","draw","n_stitched","mean_gen","var_gen","mean_target","var_target","bias","E1","E2"
0.1,"with_ssp126",60,25,0.0116383526955804,0.120312074117981,0.0115665949585149,0.115265037971512,7.17577370654403e-05,0.0006225455552548,1.04378635738372
0.1,"without_ssp126",60,21,0.011567060669114,0.124781543539215,0.0115665949585149,0.115265037971512,4.65710599046459e-07,4.04034568714203e-06,1.08256194363165
