"tol","archive","draw","n_stitched","mean_gen","var_gen","mean_target","var_target","bias","E1","E2"
0.1,"with_ssp126",109,25,0.0118054584093076,0.120012993008346,0.0115665949585149,0.115265037971512,0.000238863450792695,0.00207229750665359,1.04119163208889
0.1,"without_ssp126",109,20,0.0110769689660738,0.125690978165056,0.0115665949585149,0.115265037971512,0.000489625992441151,0.00424782745104516,1.09045188703378
