"tol","archive","draw","n_stitched","mean_gen","var_gen","mean_target","var_target","bias","E1","E2"
0.1,"with_ssp245",71,25,0.0169063573862023,0.156962308085825,0.0177774354872768,0.117674122551793,0.000871078101074538,0.00740246098449673,1.33387277238238
0.1,"without_ssp245",71,11,0.0100953391205678,0.172259147832644,0.0177774354872768,0.117674122551793,0.00768209636670901,0.0652828013510598,1.46386600636707
