"tol","archive","draw","n_stitched","mean_gen","var_gen","mean_target","var_target","bias","E1","E2"
0.1,"with_ssp245",13,25,0.0195613901388052,0.161136698703664,0.0177774354872768,0.117674122551793,0.00178395465152835,0.0151601270767339,1.36934693209836
0.1,"without_ssp245",13,10,0.00659962793270999,0.171394868080539,0.0177774354872768,0.117674122551793,0.0111778075545668,0.0949895126657688,1.4565213180587
