"tol","archive","draw","n_stitched","mean_gen","var_gen","mean_target","var_target","bias","E1","E2"
0.1,"with_ssp370",94,25,0.0253862229594543,0.1521967093636,0.0268035895793399,0.120028163913759,0.00141736661988552,0.0118086170251168,1.26800831072409
0.1,"without_ssp370",94,16,0.0213085152282711,0.177112311783726,0.0268035895793399,0.120028163913759,0.00549507435106881,0.0457815413640506,1.47558961170965
