"tol","archive","draw","n_stitched","mean_gen","var_gen","mean_target","var_target","bias","E1","E2"
0.1,"with_ssp126",9,25,0.0158744760492441,0.150946510280694,0.0115665949585149,0.115265037971512,0.00430788109072923,0.0373737012240775,1.30956023558506
0.1,"without_ssp126",9,17,0.0118083808218746,0.173610530933061,0.0115665949585149,0.115265037971512,0.000241785863359649,0.00209765135738217,1.50618551807504
