"tol","archive","draw","n_stitched","mean_gen","var_gen","mean_target","var_target","bias","E1","E2"
0.1,"with_ssp126",46,25,0.0117807189125051,0.12112038707117,0.0115665949585149,0.115265037971512,0.000214123953990201,0.00185766610377661,1.05079900378036
0.1,"without_ssp126",46,17,0.0113719278845196,0.124623738482693,0.0115665949585149,0.115265037971512,0.000194667073995271,0.00168886487543069,1.08119288099739
