"tol","archive","draw","n_stitched","mean_gen","var_gen","mean_target","var_target","bias","E1","E2"
0.1,"with_ssp370",180,25,0.0267608072460019,0.124390914335559,0.0268035895793399,0.120028163913759,4.27823333379596e-05,0.000356435789259419,1.0363477227306
0.1,"without_ssp370",180,15,0.0264174876580956,0.128245611752843,0.0268035895793399,0.120028163913759,0.000386101921244213,0.00321676103886443,1.06846266385437
