"tol","archive","draw","n_stitched","mean_gen","var_gen","mean_target","var_target","bias","E1","E2"
0.1,"with_ssp126",131,25,0.0117169946155658,0.119676909339991,0.0115665949585149,0.115265037971512,0.000150399657050885,0.00130481592421856,1.03827588526514
0.1,"without_ssp126",131,20,0.0115936448573852,0.125834357318732,0.0115665949585149,0.115265037971512,2.70498988702815e-05,0.000234675660081481,1.09169579547471
