"tol","archive","draw","n_stitched","mean_gen","var_gen","mean_target","var_target","bias","E1","E2"
0.1,"with_ssp126",196,25,0.0117735799734007,0.119941233820944,0.0115665949585149,0.115265037971512,0.000206985014885775,0.00179573111264607,1.04056907395101
0.1,"without_ssp126",196,21,0.0115093357840606,0.128179845636374,0.0115665949585149,0.115265037971512,5.7259174454323e-05,0.000496760990687175,1.1120444489686
