"tol","archive","draw","n_stitched","mean_gen","var_gen","mean_target","var_target","bias","E1","E2"
0.1,"with_ssp126",22,25,0.0131110736094226,0.157298370820074,0.0115665949585149,0.115265037971512,0.00154447865090773,0.0133993679097165,1.36466680259933
0.1,"without_ssp126",22,19,0.00347982393264192,0.187042019061607,0.0115665949585149,0.115265037971512,0.008086771025873,0.070158056321221,1.6227125098231
