"tol","archive","draw","n_stitched","mean_gen","var_gen","mean_target","var_target","bias","E1","E2"
0.1,"with_ssp245",56,25,0.022965875120642,0.163856824591962,0.0177774354872768,0.117674122551793,0.00518843963336516,0.0440915939787994,1.39246268456211
0.1,"without_ssp245",56,10,0.0225177581058728,0.169858219294544,0.0177774354872768,0.117674122551793,0.00474032261859599,0.0402834753793007,1.44346280737961
