"tol","archive","draw","n_stitched","mean_gen","var_gen","mean_target","var_target","bias","E1","E2"
0.1,"with_ssp126",107,25,0.0115836934092269,0.119052526214611,0.0115665949585149,0.115265037971512,1.7098450711954e-05,0.000148340303468082,1.03285895107271
0.1,"without_ssp126",107,20,0.0110952588690467,0.122124268662981,0.0115665949585149,0.115265037971512,0.000471336089468238,0.00408915051574208,1.05950833671841
