"tol","archive","draw","n_stitched","mean_gen","var_gen","mean_target","var_target","bias","E1","E2"
0.1,"with_ssp126",157,25,0.0141949768537843,0.156013398131353,0.0115665949585149,0.115265037971512,0.00262838189526934,0.0228029413040141,1.35351881955665
0.1,"without_ssp126",157,18,-0.00182747788323432,0.188422008428092,0.0115665949585149,0.115265037971512,0.0133940728417492,0.116202389531678,1.63468482502614
