"tol","archive","draw","n_stitched","mean_gen","var_gen","mean_target","var_target","bias","E1","E2"
0.1,"with_ssp126",59,25,0.0116844368020047,0.1215585039851,0.0115665949585149,0.115265037971512,0.000117841843489773,0.00102235548231805,1.05459995610415
0.1,"without_ssp126",59,22,0.0111552476027297,0.124622399183923,0.0115665949585149,0.115265037971512,0.00041134735578522,0.00356870880385158,1.08118126169988
