"tol","archive","draw","n_stitched","mean_gen","var_gen","mean_target","var_target","bias","E1","E2"
0.1,"with_ssp245",52,24,0.0188614205000816,0.163608451455516,0.0177774354872768,0.117674122551793,0.00108398501280475,0.00921175352149017,1.39035199844813
0.1,"without_ssp245",52,11,-0.000994813897996263,0.184582989269547,0.0177774354872768,0.117674122551793,0.0187722493852731,0.159527421817066,1.56859456664573
