"tol","archive","draw","n_stitched","mean_gen","var_gen","mean_target","var_target","bias","E1","E2"
0.1,"with_ssp245",97,24,0.0217335108080078,0.159021609745993,0.0177774354872768,0.117674122551793,0.00395607532073101,0.0336189064761436,1.3513728107554
0.1,"without_ssp245",97,11,0.00857609249676522,0.166925266323296,0.0177774354872768,0.117674122551793,0.00920134299051159,0.078193427671081,1.41853844076743
