"tol","archive","draw","n_stitched","mean_gen","var_gen","mean_target","var_target","bias","E1","E2"
0.1,"with_ssp245",18,25,0.0206423736506287,0.155953502150649,0.0177774354872768,0.117674122551793,0.00286493816335185,0.0243463737075317,1.32529989405281
0.1,"without_ssp245",18,11,0.00848399491769529,0.173583438781053,0.0177774354872768,0.117674122551793,0.00929344056958151,0.0789760770511891,1.47511989056601
