"tol","archive","draw","n_stitched","mean_gen","var_gen","mean_target","var_target","bias","E1","E2"
0.1,"with_ssp370",178,25,0.0267729915700172,0.124440694364585,0.0268035895793399,0.120028163913759,3.05980093226396e-05,0.000254923580640828,1.03676245896752
0.1,"without_ssp370",178,15,0.0261097719017886,0.130380638224711,0.0268035895793399,0.120028163913759,0.000693817677551289,0.00578045731041759,1.08625037635659
