"tol","archive","draw","n_stitched","mean_gen","var_gen","mean_target","var_target","bias","E1","E2"
0.1,"with_ssp245",142,25,0.0176299201381165,0.12226685667439,0.0177774354872768,0.117674122551793,0.000147515349160264,0.00125359208941912,1.03902926168474
0.1,"without_ssp245",142,11,0.0179812317258308,0.125471419330931,0.0177774354872768,0.117674122551793,0.00020379623855404,0.00173186962549341,1.06626177965088
