"tol","archive","draw","n_stitched","mean_gen","var_gen","mean_target","var_target","bias","E1","E2"
0.1,"with_ssp245",55,25,0.0205069804022407,0.160299774418501,0.0177774354872768,0.117674122551793,0.00272954491496392,0.0231957957771262,1.36223471178165
0.1,"without_ssp245",55,11,0.0160450772270911,0.185360198909187,0.0177774354872768,0.117674122551793,0.00173235826018568,0.014721658616347,1.57519932921193
