"tol","archive","draw","n_stitched","mean_gen","var_gen","mean_target","var_target","bias","E1","E2"
0.1,"with_ssp126",96,25,0.0147369761686028,0.155497150165048,0.0115665949585149,0.115265037971512,0.00317038121008789,0.0275051417661569,1.34904002897635
0.1,"without_ssp126",96,19,0.00374261390126307,0.189088318616073,0.0115665949585149,0.115265037971512,0.00782398105725185,0.0678781805388862,1.6404655040569
