"tol","archive","draw","n_stitched","mean_gen","var_gen","mean_target","var_target","bias","E1","E2"
0.1,"with_ssp370",169,25,0.0236855576384659,0.156245154617225,0.0268035895793399,0.120028163913759,0.00311803194087395,0.0259775026060907,1.3017374383023
0.1,"without_ssp370",169,14,0.0209702842498108,0.168892552311009,0.0268035895793399,0.120028163913759,0.00583330532952905,0.0485994714850451,1.40710768876178
