"tol","archive","draw","n_stitched","mean_gen","var_gen","mean_target","var_target","bias","E1","E2"
0.1,"with_ssp370",82,25,0.0247069268280949,0.160202304545608,0.0268035895793399,0.120028163913759,0.00209666275124498,0.0174680898455753,1.33470595001949
0.1,"without_ssp370",82,17,0.0259955885143841,0.179238238417003,0.0268035895793399,0.120028163913759,0.000808001064955793,0.00673176226819855,1.49330151001716
