"tol","archive","draw","n_stitched","mean_gen","var_gen","mean_target","var_target","bias","E1","E2"
0.1,"with_ssp245",184,24,0.0174349568115451,0.12134602137858,0.0177774354872768,0.117674122551793,0.000342478675731658,0.00291039923056081,1.03120396181557
0.1,"without_ssp245",184,11,0.0181704029402898,0.126498642562052,0.0177774354872768,0.117674122551793,0.000392967453013041,0.00333945513670671,1.07499116899193
