"tol","archive","draw","n_stitched","mean_gen","var_gen","mean_target","var_target","bias","E1","E2"
0.1,"with_ssp370",92,24,0.0287552712280533,0.153695363744089,0.0268035895793399,0.120028163913759,0.00195168164871343,0.0162601974826152,1.28049416680672
0.1,"without_ssp370",92,15,0.0179509773817972,0.182489584512557,0.0268035895793399,0.120028163913759,0.00885261219754269,0.0737544581945231,1.52038970323396
