"tol","archive","draw","n_stitched","mean_gen","var_gen","mean_target","var_target","bias","E1","E2"
0.1,"with_ssp245",124,24,0.017554231440552,0.12241621288529,0.0177774354872768,0.117674122551793,0.000223204046724854,0.00189679805453074,1.04029849750024
0.1,"without_ssp245",124,10,0.0179510435537435,0.126403818756931,0.0177774354872768,0.117674122551793,0.000173608066466682,0.00147532917774908,1.0741853520199
