"tol","archive","draw","n_stitched","mean_gen","var_gen","mean_target","var_target","bias","E1","E2"
0.1,"with_ssp126",56,25,0.00605595842802369,0.15664317846372,0.0115665949585149,0.115265037971512,0.00551063653049123,0.0478083955679016,1.35898257806877
0.1,"without_ssp126",56,19,-0.00254903924361959,0.184788716157105,0.0115665949585149,0.115265037971512,0.0141156342021345,0.12246240881492,1.60316362540718
