"tol","archive","draw","n_stitched","mean_gen","var_gen","mean_target","var_target","bias","E1","E2"
0.1,"with_ssp126",13,25,0.0114954263463493,0.121785644351631,0.0115665949585149,0.115265037971512,7.11686121655751e-05,0.000617434509353693,1.05657054814601
0.1,"without_ssp126",13,18,0.0115691350935897,0.125659664545051,0.0115665949585149,0.115265037971512,2.54013507475226e-06,2.20373421069801e-05,1.09018022078913
