"tol","archive","draw","n_stitched","mean_gen","var_gen","mean_target","var_target","bias","E1","E2"
0.1,"with_ssp370",79,25,0.0339519663203279,0.154371454728512,0.0268035895793399,0.120028163913759,0.00714837674098804,0.059555828464761,1.28612693633661
0.1,"without_ssp370",79,15,0.0290264397162199,0.178523712796008,0.0268035895793399,0.120028163913759,0.00222285013688,0.0185194046497048,1.48734852700303
