"tol","archive","draw","n_stitched","mean_gen","var_gen","mean_target","var_target","bias","E1","E2"
0.1,"with_ssp370",5,24,0.0266705221636632,0.123229420743527,0.0268035895793399,0.120028163913759,0.000133067415676692,0.00110863493481664,1.02667088061156
0.1,"without_ssp370",5,14,0.0266371170077978,0.130509383357957,0.0268035895793399,0.120028163913759,0.000166472571542099,0.00138694591430817,1.0873230007228
