"tol","archive","draw","n_stitched","mean_gen","var_gen","mean_target","var_target","bias","E1","E2"
0.1,"with_ssp126",99,25,0.0110089859854965,0.15196952361007,0.0115665949585149,0.115265037971512,0.000557608973018381,0.00483762451157302,1.31843554892707
0.1,"without_ssp126",99,16,-0.000751008193845364,0.185397636525584,0.0115665949585149,0.115265037971512,0.0123176031523603,0.1068633071149,1.60844641001555
