"tol","archive","draw","n_stitched","mean_gen","var_gen","mean_target","var_target","bias","E1","E2"
0.1,"with_ssp126",54,25,0.0141926050912474,0.164923240402872,0.0115665949585149,0.115265037971512,0.00262601013273253,0.0227823647043916,1.43081756016628
0.1,"without_ssp126",54,20,-0.00839186184873454,0.187187622235235,0.0115665949585149,0.115265037971512,0.0199584568072495,0.173152737017987,1.62397571309957
