"tol","archive","draw","n_stitched","mean_gen","var_gen","mean_target","var_target","bias","E1","E2"
0.1,"with_ssp370",48,25,0.026746845552037,0.124877768213032,0.0268035895793399,0.120028163913759,5.67440273028762e-05,0.000472755938711577,1.04040388639751
0.1,"without_ssp370",48,16,0.026467930120484,0.127908567556676,0.0268035895793399,0.120028163913759,0.000335659458855851,0.0027965058192261,1.06565462126521
