"tol","archive","draw","n_stitched","mean_gen","var_gen","mean_target","var_target","bias","E1","E2"
0.1,"with_ssp245",117,24,0.0174947820679476,0.123254109018881,0.0177774354872768,0.117674122551793,0.000282653419329246,0.00240200150381268,1.04741897662871
0.1,"without_ssp245",117,11,0.0178800220905454,0.127051544874654,0.0177774354872768,0.117674122551793,0.000102586603268569,0.000871785580754307,1.07968975777774
