"tol","archive","draw","n_stitched","mean_gen","var_gen","mean_target","var_target","bias","E1","E2"
0.1,"with_ssp370",21,25,0.0267376045995304,0.126487294897725,0.0268035895793399,0.120028163913759,6.59849798094608e-05,0.00054974580679974,1.0538134615523
0.1,"without_ssp370",21,15,0.0263132007884585,0.126727814650706,0.0268035895793399,0.120028163913759,0.0004903887908814,0.00408561436658939,1.05581732252241
