"tol","archive","draw","n_stitched","mean_gen","var_gen","mean_target","var_target","bias","E1","E2"
0.1,"with_ssp370",125,25,0.0257355627779073,0.153691903669179,0.0268035895793399,0.120028163913759,0.00106802680143255,0.00889813495939111,1.28046533961485
0.1,"without_ssp370",125,15,0.0227204922099429,0.177759767520958,0.0268035895793399,0.120028163913759,0.00408309736939697,0.0340178274519862,1.48098381017208
