"tol","archive","draw","n_stitched","mean_gen","var_gen","mean_target","var_target","bias","E1","E2"
0.1,"with_ssp245",87,25,0.0174241326618629,0.122986423218353,0.0177774354872768,0.117674122551793,0.000353302825413883,0.00300238334267909,1.04514417062444
0.1,"without_ssp245",87,10,0.0181305602327861,0.126335528728086,0.0177774354872768,0.117674122551793,0.000353124745509324,0.00300087001161958,1.07360502027521
