"tol","archive","draw","n_stitched","mean_gen","var_gen","mean_target","var_target","bias","E1","E2"
0.1,"with_ssp126",119,25,0.0138604485850892,0.151685715322711,0.0115665949585149,0.115265037971512,0.00229385362657431,0.0199006885951076,1.31597332540853
0.1,"without_ssp126",119,20,-0.00158997647667336,0.1781561616632,0.0115665949585149,0.115265037971512,0.0131565714351883,0.114141908654383,1.54562185375961
