"tol","archive","draw","n_stitched","mean_gen","var_gen","mean_target","var_target","bias","E1","E2"
0.1,"with_ssp370",60,25,0.0344630649120147,0.153689338845594,0.0268035895793399,0.120028163913759,0.00765947533267481,0.063813984009438,1.28044397110016
0.1,"without_ssp370",60,15,0.022383933416996,0.169794037173897,0.0268035895793399,0.120028163913759,0.00441965616234388,0.0368218259634417,1.41461829988414
