"tol","archive","draw","n_stitched","mean_gen","var_gen","mean_target","var_target","bias","E1","E2"
0.1,"with_ssp370",86,25,0.026751313455597,0.124122148036766,0.0268035895793399,0.120028163913759,5.22761237428809e-05,0.000435532145442479,1.03410852911112
0.1,"without_ssp370",86,14,0.0262511685531059,0.128307442222887,0.0268035895793399,0.120028163913759,0.000552421026233974,0.0046024283653201,1.06897779687004
