"tol","archive","draw","n_stitched","mean_gen","var_gen","mean_target","var_target","bias","E1","E2"
0.1,"with_ssp370",189,24,0.0287910612130163,0.162190226865485,0.0268035895793399,0.120028163913759,0.00198747163367646,0.0165583773747008,1.35126808223126
0.1,"without_ssp370",189,14,0.0208867471775797,0.174186867625377,0.0268035895793399,0.120028163913759,0.00591684240176014,0.0492954504078845,1.4512166307112
