"tol","archive","draw","n_stitched","mean_gen","var_gen","mean_target","var_target","bias","E1","E2"
0.1,"with_ssp126",18,25,0.0135864392040207,0.157254782912591,0.0115665949585149,0.115265037971512,0.00201984424550577,0.0175234770321681,1.36428864883953
0.1,"without_ssp126",18,20,-0.00725759095892897,0.190598139789753,0.0115665949585149,0.115265037971512,0.0188241859174439,0.163312191178876,1.65356419556171
