"tol","archive","draw","n_stitched","mean_gen","var_gen","mean_target","var_target","bias","E1","E2"
0.1,"with_ssp126",185,25,0.0138222410133795,0.152850851884647,0.0115665949585149,0.115265037971512,0.00225564605486459,0.019569212786119,1.32608165124992
0.1,"without_ssp126",185,20,-0.00584410033615991,0.180915078354998,0.0115665949585149,0.115265037971512,0.0174106952946748,0.15104923054793,1.56955727026014
