"tol","archive","draw","n_stitched","mean_gen","var_gen","mean_target","var_target","bias","E1","E2"
0.1,"with_ssp126",103,25,0.0118651177587854,0.157394153043505,0.0115665949585149,0.115265037971512,0.000298522800270512,0.00258988159396862,1.36549777637176
0.1,"without_ssp126",103,20,-0.00520477502657938,0.187851183861097,0.0115665949585149,0.115265037971512,0.0167713699850943,0.145502663081926,1.62973254654656
