"tol","archive","draw","n_stitched","mean_gen","var_gen","mean_target","var_target","bias","E1","E2"
0.1,"with_ssp245",194,25,0.0174638665498162,0.123200198333625,0.0177774354872768,0.117674122551793,0.000313568937460602,0.00266472297103883,1.04696084119428
0.1,"without_ssp245",194,12,0.0178748286391471,0.124231259859225,0.0177774354872768,0.117674122551793,9.7393151870271e-05,0.000827651396571103,1.05572284853491
