"tol","archive","draw","n_stitched","mean_gen","var_gen","mean_target","var_target","bias","E1","E2"
0.1,"with_ssp126",181,25,0.0125559014266118,0.15536435022826,0.0115665949585149,0.115265037971512,0.000989306468096932,0.0085828841555706,1.34788790219857
0.1,"without_ssp126",181,22,-0.00814326716715697,0.18812412657752,0.0115665949585149,0.115265037971512,0.0197098621256719,0.170996014685245,1.63210050409228
