"tol","archive","draw","n_stitched","mean_gen","var_gen","mean_target","var_target","bias","E1","E2"
0.1,"with_ssp370",61,25,0.0273473381078613,0.156241477127363,0.0268035895793399,0.120028163913759,0.000543748528521473,0.00453017450897741,1.3017067997443
0.1,"without_ssp370",61,16,0.016220853035712,0.174999164818123,0.0268035895793399,0.120028163913759,0.0105827365436278,0.0881687780480553,1.45798418564381
