"tol","archive","draw","n_stitched","mean_gen","var_gen","mean_target","var_target","bias","E1","E2"
0.1,"with_ssp126",43,25,0.0114776774735157,0.120787645755046,0.0115665949585149,0.115265037971512,8.8917484999217e-05,0.000771417652429815,1.04791225406006
0.1,"without_ssp126",43,21,0.0114816618345757,0.127547299527581,0.0115665949585149,0.115265037971512,8.49331239392206e-05,0.000736850700211561,1.10655669552727
