"tol","archive","draw","n_stitched","mean_gen","var_gen","mean_target","var_target","bias","E1","E2"
0.1,"with_ssp370",28,25,0.027616769063786,0.156249546161232,0.0268035895793399,0.120028163913759,0.000813179484446133,0.00677490563823344,1.30177402591527
0.1,"without_ssp370",28,16,0.0256331048062654,0.180416342308976,0.0268035895793399,0.120028163913759,0.00117048477307449,0.00975175104665841,1.50311673882312
