"tol","archive","draw","n_stitched","mean_gen","var_gen","mean_target","var_target","bias","E1","E2"
0.1,"with_ssp370",130,24,0.0320736375930048,0.156971619484422,0.0268035895793399,0.120028163913759,0.00527004801366491,0.0439067618950789,1.30778989168915
0.1,"without_ssp370",130,14,0.0327495202458056,0.178320737373721,0.0268035895793399,0.120028163913759,0.00594593066646576,0.0495377957354905,1.48565746204237
