"tol","archive","draw","n_stitched","mean_gen","var_gen","mean_target","var_target","bias","E1","E2"
0.1,"with_ssp126",144,25,0.0106485857102639,0.154003714812436,0.0115665949585149,0.115265037971512,0.000918009248251063,0.00796433389002096,1.33608349524422
0.1,"without_ssp126",144,19,0.00167935607911406,0.17279095008615,0.0115665949585149,0.115265037971512,0.00988723887940086,0.0857782988961886,1.49907511529086
