"tol","archive","draw","n_stitched","mean_gen","var_gen","mean_target","var_target","bias","E1","E2"
0.1,"with_ssp370",4,24,0.0266920944953634,0.125315697075077,0.0268035895793399,0.120028163913759,0.00011149508397643,0.000928907685837298,1.04405243726895
0.1,"without_ssp370",4,15,0.0264130064012686,0.128279378374508,0.0268035895793399,0.120028163913759,0.000390583178071269,0.00325409608324848,1.06874398634206
