"tol","archive","draw","n_stitched","mean_gen","var_gen","mean_target","var_target","bias","E1","E2"
0.1,"with_ssp370",19,25,0.026816554978168,0.123777966668573,0.0268035895793399,0.120028163913759,1.29653988281617e-05,0.000108019638103249,1.03124102404422
0.1,"without_ssp370",19,15,0.0266293119385027,0.128779190591206,0.0268035895793399,0.120028163913759,0.000174277640837169,0.00145197289664773,1.07290811083084
