"tol","archive","draw","n_stitched","mean_gen","var_gen","mean_target","var_target","bias","E1","E2"
0.1,"with_ssp370",141,25,0.0267630173065837,0.12357587406719,0.0268035895793399,0.120028163913759,4.05722727561189e-05,0.00033802293922675,1.02955731419819
0.1,"without_ssp370",141,15,0.0265925947274847,0.129997808941814,0.0268035895793399,0.120028163913759,0.000210994851855204,0.00175787785945643,1.08306088090474
