"tol","archive","draw","n_stitched","mean_gen","var_gen","mean_target","var_target","bias","E1","E2"
0.1,"with_ssp245",132,25,0.0113740781920459,0.166770998863826,0.0177774354872768,0.117674122551793,0.0064033572952309,0.0544160190564625,1.41722746894011
0.1,"without_ssp245",132,11,0.0133634233717105,0.177359773990559,0.0177774354872768,0.117674122551793,0.00441401211556627,0.0375104740094703,1.50721135747153
