"tol","archive","draw","n_stitched","mean_gen","var_gen","mean_target","var_target","bias","E1","E2"
0.1,"with_ssp370",21,25,0.0342732230712521,0.165081947932899,0.0268035895793399,0.120028163913759,0.00746963349191223,0.0622323398804902,1.37536010341299
0.1,"without_ssp370",21,15,0.0222512261901688,0.179841175297915,0.0268035895793399,0.120028163913759,0.00455236338917107,0.0379274600288144,1.49832480506102
