"tol","archive","draw","n_stitched","mean_gen","var_gen","mean_target","var_target","bias","E1","E2"
0.1,"with_ssp126",174,25,0.00357625868758055,0.155799656672852,0.0115665949585149,0.115265037971512,0.00799033627093436,0.0693214214088856,1.35166447185277
0.1,"without_ssp126",174,22,0.00122080313962603,0.182899670023173,0.0115665949585149,0.115265037971512,0.0103457918188889,0.0897565471799515,1.58677490800269
