"tol","archive","draw","n_stitched","mean_gen","var_gen","mean_target","var_target","bias","E1","E2"
0.1,"with_ssp245",37,25,0.0174428024082122,0.122706990212699,0.0177774354872768,0.117674122551793,0.000334633079064596,0.00284372699628425,1.04276953634126
0.1,"without_ssp245",37,11,0.0180003569709361,0.125468784208285,0.0177774354872768,0.117674122551793,0.000222921483659291,0.00189439682085731,1.0662393862598
