"tol","archive","draw","n_stitched","mean_gen","var_gen","mean_target","var_target","bias","E1","E2"
0.1,"with_ssp245",115,25,0.0166945220458335,0.154961706923082,0.0177774354872768,0.117674122551793,0.0010829134414433,0.00920264725973769,1.3168715734836
0.1,"without_ssp245",115,10,0.0169417997026534,0.171381876501551,0.0177774354872768,0.117674122551793,0.000835635784623451,0.00710127058101199,1.4564109150346
