"tol","archive","draw","n_stitched","mean_gen","var_gen","mean_target","var_target","bias","E1","E2"
0.1,"with_ssp370",151,24,0.0268593872639212,0.124713821947392,0.0268035895793399,0.120028163913759,5.57976845813046e-05,0.000464871599813821,1.03903798809253
0.1,"without_ssp370",151,16,0.0265215273006566,0.130047110187672,0.0268035895793399,0.120028163913759,0.000282062278683243,0.00234996745335458,1.08347162821812
