"tol","archive","draw","n_stitched","mean_gen","var_gen","mean_target","var_target","bias","E1","E2"
0.1,"with_ssp245",5,25,0.0174176698407215,0.121091075284495,0.0177774354872768,0.117674122551793,0.00035976564655529,0.0030573046881819,1.02903741841115
0.1,"without_ssp245",5,11,0.0178615050971112,0.125193786990499,0.0177774354872768,0.117674122551793,8.40696098344425e-05,0.000714427335520941,1.06390244750197
