"tol","archive","draw","n_stitched","mean_gen","var_gen","mean_target","var_target","bias","E1","E2"
0.1,"with_ssp370",175,24,0.026710993729978,0.125203837490496,0.0268035895793399,0.120028163913759,9.25958493618699e-05,0.000771451019015843,1.04312049279081
0.1,"without_ssp370",175,14,0.0266578562514723,0.130020855870758,0.0268035895793399,0.120028163913759,0.000145733327867513,0.00121415943654877,1.0832528935807
