"tol","archive","draw","n_stitched","mean_gen","var_gen","mean_target","var_target","bias","E1","E2"
0.1,"with_ssp370",2,25,0.0265653300692572,0.157068751687814,0.0268035895793399,0.120028163913759,0.000238259510082661,0.00198503003223354,1.30859913678817
0.1,"without_ssp370",2,17,0.0218595308054307,0.178610748455769,0.0268035895793399,0.120028163913759,0.00494405877390912,0.0411908223261789,1.48807365398093
