"tol","archive","draw","n_stitched","mean_gen","var_gen","mean_target","var_target","bias","E1","E2"
0.1,"with_ssp370",147,25,0.0221827029258574,0.158205536692372,0.0268035895793399,0.120028163913759,0.00462088665348244,0.038498353243182,1.31807012232599
0.1,"without_ssp370",147,15,0.0223462053663019,0.184117995246763,0.0268035895793399,0.120028163913759,0.00445738421303801,0.0371361526136538,1.53395660854275
