"tol","archive","draw","n_stitched","mean_gen","var_gen","mean_target","var_target","bias","E1","E2"
0.1,"with_ssp245",147,25,0.0170581142759024,0.160019010724625,0.0177774354872768,0.117674122551793,0.000719321211374444,0.00611282409229642,1.35984876924996
0.1,"without_ssp245",147,10,0.0107161191542964,0.175496490712065,0.0177774354872768,0.117674122551793,0.0070613163329804,0.0600073846301459,1.49137709214549
