"tol","archive","draw","n_stitched","mean_gen","var_gen","mean_target","var_target","bias","E1","E2"
0.1,"with_ssp126",112,25,0.0114331250860387,0.120710151749132,0.0115665949585149,0.115265037971512,0.000133469872476238,0.00115793891040252,1.04723994260052
0.1,"without_ssp126",112,19,0.011554005476972,0.124834572904892,0.0115665949585149,0.115265037971512,1.25894815429222e-05,0.000109222030933905,1.08302200824976
