"tol","archive","draw","n_stitched","mean_gen","var_gen","mean_target","var_target","bias","E1","E2"
0.1,"with_ssp245",109,25,0.0223101850262062,0.15644422428797,0.0177774354872768,0.117674122551793,0.00453274953892944,0.0385195099877153,1.32947007290505
0.1,"without_ssp245",109,10,-0.0041886023363835,0.165523949663885,0.0177774354872768,0.117674122551793,0.0219660378236603,0.186668379991464,1.4066299886029
