"tol","archive","draw","n_stitched","mean_gen","var_gen","mean_target","var_target","bias","E1","E2"
0.1,"with_ssp126",139,25,0.0115492824072911,0.121158106046347,0.0115665949585149,0.115265037971512,1.73125512238099e-05,0.000150197766195928,1.05112624069314
0.1,"without_ssp126",139,18,0.0113422906361717,0.125563969930997,0.0115665949585149,0.115265037971512,0.00022430432234324,0.00194598749361171,1.08935000708568
