"tol","archive","draw","n_stitched","mean_gen","var_gen","mean_target","var_target","bias","E1","E2"
0.1,"with_ssp126",66,25,0.0127902953025682,0.155049150945367,0.0115665949585149,0.115265037971512,0.00122370034405327,0.0106164051614308,1.34515334115179
0.1,"without_ssp126",66,18,-0.00115854088944035,0.19123978396312,0.0115665949585149,0.115265037971512,0.0127251358479553,0.11039892123317,1.65913088069589
