"tol","archive","draw","n_stitched","mean_gen","var_gen","mean_target","var_target","bias","E1","E2"
0.1,"with_ssp245",167,25,0.0156825523895773,0.157072582584471,0.0177774354872768,0.117674122551793,0.00209488309769955,0.0178024110337215,1.33480989004474
0.1,"without_ssp245",167,10,0.0166024902115891,0.178756776471651,0.0177774354872768,0.117674122551793,0.00117494527568766,0.00998473793735333,1.51908314755415
