"tol","archive","draw","n_stitched","mean_gen","var_gen","mean_target","var_target","bias","E1","E2"
0.1,"with_ssp245",98,24,0.0166789426042322,0.161434885844435,0.0177774354872768,0.117674122551793,0.00109849288304457,0.00933504205702552,1.37188093986748
0.1,"without_ssp245",98,11,0.0126135399229256,0.18359742563344,0.0177774354872768,0.117674122551793,0.00516389556435122,0.0438830173734957,1.56021920242177
