"tol","archive","draw","n_stitched","mean_gen","var_gen","mean_target","var_target","bias","E1","E2"
0.1,"with_ssp370",196,24,0.031241884080072,0.156636393633772,0.0268035895793399,0.120028163913759,0.00443829450073216,0.0369771090051924,1.30499699842378
0.1,"without_ssp370",196,16,0.025828717899052,0.182440423346804,0.0268035895793399,0.120028163913759,0.000974871680287887,0.00812202443576775,1.51998012298088
