"tol","archive","draw","n_stitched","mean_gen","var_gen","mean_target","var_target","bias","E1","E2"
0.1,"with_ssp370",49,25,0.0267920961381313,0.125545817762611,0.0268035895793399,0.120028163913759,1.14934412085189e-05,9.57562028256723e-05,1.04596965969434
0.1,"without_ssp370",49,15,0.0264528659285991,0.130748219332564,0.0268035895793399,0.120028163913759,0.000350723650740743,0.00292201129555511,1.08931283349888
