"tol","archive","draw","n_stitched","mean_gen","var_gen","mean_target","var_target","bias","E1","E2"
0.1,"with_ssp245",71,25,0.0175383888121959,0.122610538932333,0.0177774354872768,0.117674122551793,0.000239046675080908,0.00203142942472924,1.04194988901121
0.1,"without_ssp245",71,11,0.0177621137322456,0.12480354885312,0.0177774354872768,0.117674122551793,1.53217550312133e-05,0.000130204965195042,1.06058618621259
