"tol","archive","draw","n_stitched","mean_gen","var_gen","mean_target","var_target","bias","E1","E2"
0.1,"with_ssp370",52,24,0.0268484593268973,0.124463267488741,0.0268035895793399,0.120028163913759,4.48697475574286e-05,0.000373826826091148,1.03695052419671
0.1,"without_ssp370",52,16,0.0265208261402391,0.126903511011186,0.0268035895793399,0.120028163913759,0.00028276343910073,0.00235580908580671,1.05728111530863
