"tol","archive","draw","n_stitched","mean_gen","var_gen","mean_target","var_target","bias","E1","E2"
0.1,"with_ssp126",3,25,0.0117105877566445,0.119839484572015,0.0115665949585149,0.115265037971512,0.000143992798129594,0.00124923221007556,1.03968633230863
0.1,"without_ssp126",3,19,0.0115077451026205,0.126241288692117,0.0115665949585149,0.115265037971512,5.8849855894428e-05,0.000510561198175053,1.09522619272739
