"tol","archive","draw","n_stitched","mean_gen","var_gen","mean_target","var_target","bias","E1","E2"
0.1,"with_ssp370",5,24,0.0328447830469186,0.15613692676807,0.0268035895793399,0.120028163913759,0.00604119346757873,0.0503314661375589,1.30083575118466
0.1,"without_ssp370",5,14,0.0219831229504168,0.185438234640618,0.0268035895793399,0.120028163913759,0.00482046662892302,0.0401611294528054,1.54495602193713
