"tol","archive","draw","n_stitched","mean_gen","var_gen","mean_target","var_target","bias","E1","E2"
0.1,"with_ssp245",53,25,0.0208022465319386,0.165667860848004,0.0177774354872768,0.117674122551793,0.00302481104466183,0.0257049806624262,1.40785295233526
0.1,"without_ssp245",53,10,-0.00625396310562179,0.165901765874157,0.0177774354872768,0.117674122551793,0.0240313985928986,0.204219908946602,1.40984068779554
