"tol","archive","draw","n_stitched","mean_gen","var_gen","mean_target","var_target","bias","E1","E2"
0.1,"with_ssp245",129,24,0.0203989557685282,0.157000815178337,0.0177774354872768,0.117674122551793,0.00262152028125135,0.0222777975684289,1.33420000739104
0.1,"without_ssp245",129,10,0.00473521608651874,0.161521844066519,0.0177774354872768,0.117674122551793,0.0130422194007581,0.110833368610993,1.37261991476015
