"tol","archive","draw","n_stitched","mean_gen","var_gen","mean_target","var_target","bias","E1","E2"
0.1,"with_ssp126",62,25,0.0115770834647643,0.121074848017396,0.0115665949585149,0.115265037971512,1.04885062493718e-05,9.0994688710067e-05,1.05040392254345
0.1,"without_ssp126",62,20,0.0115236645795422,0.125292596252816,0.0115665949585149,0.115265037971512,4.29303789727543e-05,0.000372449267603284,1.08699566197846
