"tol","archive","draw","n_stitched","mean_gen","var_gen","mean_target","var_target","bias","E1","E2"
0.1,"with_ssp370",118,25,0.0322152983424942,0.152163152831973,0.0268035895793399,0.120028163913759,0.00541170876315433,0.045086991141868,1.26772873857592
0.1,"without_ssp370",118,15,0.0186525644645112,0.173346302984996,0.0268035895793399,0.120028163913759,0.00815102511482867,0.0679092710331322,1.44421356898825
