"tol","archive","draw","n_stitched","mean_gen","var_gen","mean_target","var_target","bias","E1","E2"
0.1,"with_ssp126",166,25,0.0115303339056259,0.118753860154936,0.0115665949585149,0.115265037971512,3.62610528890136e-05,0.000314588478233753,1.03026782660919
0.1,"without_ssp126",166,22,0.0116887103548312,0.126116176070114,0.0115665949585149,0.115265037971512,0.000122115396316251,0.00105943136327629,1.09414075846038
