"tol","archive","draw","n_stitched","mean_gen","var_gen","mean_target","var_target","bias","E1","E2"
0.1,"with_ssp126",61,25,0.0149778860134168,0.155037405647387,0.0115665949585149,0.115265037971512,0.00341129105490186,0.029595193086606,1.34505144296838
0.1,"without_ssp126",61,18,-0.00376292535933878,0.190769152346066,0.0115665949585149,0.115265037971512,0.0153295203178537,0.132993669091945,1.65504784194159
