"tol","archive","draw","n_stitched","mean_gen","var_gen","mean_target","var_target","bias","E1","E2"
0.1,"with_ssp245",33,24,0.0174831489519699,0.12277052665211,0.0177774354872768,0.117674122551793,0.000294286535306908,0.0025008602479902,1.04330947186858
0.1,"without_ssp245",33,10,0.0183134403259071,0.123897349455387,0.0177774354872768,0.117674122551793,0.000536004838630307,0.00455499329000213,1.05288526286529
