"tol","archive","draw","n_stitched","mean_gen","var_gen","mean_target","var_target","bias","E1","E2"
0.1,"with_ssp126",95,25,0.0132667104598405,0.156918543963923,0.0115665949585149,0.115265037971512,0.00170011550132555,0.0147496199302493,1.36137155485696
0.1,"without_ssp126",95,18,-0.000127113763611535,0.176326260107245,0.0115665949585149,0.115265037971512,0.0116937087221265,0.101450612674214,1.52974625446117
