"tol","archive","draw","n_stitched","mean_gen","var_gen","mean_target","var_target","bias","E1","E2"
0.1,"with_ssp126",133,25,0.00918496294200008,0.159243058304398,0.0115665949585149,0.115265037971512,0.00238163201651483,0.020662223848861,1.38153824530692
0.1,"without_ssp126",133,22,-0.00611705489608637,0.182617629167701,0.0115665949585149,0.115265037971512,0.0176836498546013,0.153417290843837,1.584328018118
