"tol","archive","draw","n_stitched","mean_gen","var_gen","mean_target","var_target","bias","E1","E2"
0.1,"with_ssp126",51,25,0.0108075543524405,0.156778189445562,0.0115665949585149,0.115265037971512,0.000759040606074379,0.00658517638507159,1.36015388711632
0.1,"without_ssp126",51,19,-0.00686582812065826,0.184149847815587,0.0115665949585149,0.115265037971512,0.0184324230791732,0.159913390942784,1.59762102243961
