"tol","archive","draw","n_stitched","mean_gen","var_gen","mean_target","var_target","bias","E1","E2"
0.1,"with_ssp126",14,25,0.0114950752742051,0.120615199607723,0.0115665949585149,0.115265037971512,7.15196843097884e-05,0.000620480291061587,1.04641617033548
0.1,"without_ssp126",14,19,0.0114660547058568,0.123671782414078,0.0115665949585149,0.115265037971512,0.000100540252658135,0.000872252804731513,1.07293403611808
