"tol","archive","draw","n_stitched","mean_gen","var_gen","mean_target","var_target","bias","E1","E2"
0.1,"with_ssp126",168,25,0.00864524516712634,0.152501486002476,0.0115665949585149,0.115265037971512,0.00292134979138858,0.0253446304516952,1.32305067248724
0.1,"without_ssp126",168,18,0.0026494878792379,0.19297106177234,0.0115665949585149,0.115265037971512,0.00891710707927702,0.0773617675940984,1.67415085413874
