"tol","archive","draw","n_stitched","mean_gen","var_gen","mean_target","var_target","bias","E1","E2"
0.1,"with_ssp370",9,24,0.0311133707736393,0.150598734158159,0.0268035895793399,0.120028163913759,0.00430978119429941,0.0359064160757805,1.25469497530901
0.1,"without_ssp370",9,15,0.0223452210907018,0.177285397778108,0.0268035895793399,0.120028163913759,0.00445836848863805,0.0371443529856994,1.47703165654928
