"tol","archive","draw","n_stitched","mean_gen","var_gen","mean_target","var_target","bias","E1","E2"
0.1,"with_ssp370",139,24,0.0276162621514709,0.156295328374602,0.0268035895793399,0.120028163913759,0.000812672572130992,0.00677068236014094,1.30215545483893
0.1,"without_ssp370",139,16,0.013279198922041,0.182647372170533,0.0268035895793399,0.120028163913759,0.0135243906572988,0.112676810311088,1.52170429185075
