"tol","archive","draw","n_stitched","mean_gen","var_gen","mean_target","var_target","bias","E1","E2"
0.1,"with_ssp370",16,25,0.0266087346011577,0.124646426872551,0.0268035895793399,0.120028163913759,0.000194854978182155,0.00162341047158031,1.03847649425105
0.1,"without_ssp370",16,15,0.0264406743283245,0.129561666907049,0.0268035895793399,0.120028163913759,0.000362915251015346,0.00302358412543995,1.07942721676672
