"tol","archive","draw","n_stitched","mean_gen","var_gen","mean_target","var_target","bias","E1","E2"
0.1,"with_ssp245",93,25,0.0253568317313272,0.155613143126696,0.0177774354872768,0.117674122551793,0.00757939624405044,0.0644100510774101,1.32240750771865
0.1,"without_ssp245",93,11,0.0109405860046939,0.17379280537076,0.0177774354872768,0.117674122551793,0.00683684948258286,0.0580998552130582,1.4768990972868
