"tol","archive","draw","n_stitched","mean_gen","var_gen","mean_target","var_target","bias","E1","E2"
0.1,"with_ssp245",176,25,0.0258103296812869,0.157505806618838,0.0177774354872768,0.117674122551793,0.00803289419401013,0.068263897106813,1.33849144742518
0.1,"without_ssp245",176,10,0.0066055973969812,0.171819061678293,0.0177774354872768,0.117674122551793,0.0111718380902956,0.094938783889197,1.46012613438157
