"tol","archive","draw","n_stitched","mean_gen","var_gen","mean_target","var_target","bias","E1","E2"
0.1,"with_ssp370",132,24,0.0271320558908354,0.166337727131953,0.0268035895793399,0.120028163913759,0.000328466311495555,0.00273657698981016,1.38582247456078
0.1,"without_ssp370",132,14,0.0213384739500894,0.176046557807732,0.0268035895793399,0.120028163913759,0.00546511562925046,0.0455319439292363,1.46671041251804
