"tol","archive","draw","n_stitched","mean_gen","var_gen","mean_target","var_target","bias","E1","E2"
0.1,"with_ssp126",142,25,0.0131821376359241,0.15250877877407,0.0115665949585149,0.115265037971512,0.00161554267740915,0.0140158950696605,1.32311394207637
0.1,"without_ssp126",142,19,0.000969698105464968,0.183060636444458,0.0115665949585149,0.115265037971512,0.0105968968530499,0.091935048472105,1.58817139755511
