"tol","archive","draw","n_stitched","mean_gen","var_gen","mean_target","var_target","bias","E1","E2"
0.1,"with_ssp245",166,24,0.0258948793695987,0.156464768090579,0.0177774354872768,0.117674122551793,0.0081174438823219,0.0689824041708836,1.32964465506605
0.1,"without_ssp245",166,10,0.00661250240254986,0.183747512308273,0.0177774354872768,0.117674122551793,0.0111649330847269,0.0948801048404909,1.5614946457527
