"tol","archive","draw","n_stitched","mean_gen","var_gen","mean_target","var_target","bias","E1","E2"
0.1,"with_ssp370",10,25,0.0259656815446367,0.155692486341475,0.0268035895793399,0.120028163913759,0.000837908034703166,0.00698092853694912,1.29713295000781
0.1,"without_ssp370",10,15,0.0237644825052238,0.181409842228075,0.0268035895793399,0.120028163913759,0.0030391070741161,0.0253199497103007,1.51139396215724
