"tol","archive","draw","n_stitched","mean_gen","var_gen","mean_target","var_target","bias","E1","E2"
0.1,"with_ssp126",82,25,0.0150373419913518,0.148985612910228,0.0115665949585149,0.115265037971512,0.00347074703283693,0.0301110127920553,1.29254816145595
0.1,"without_ssp126",82,23,0.00322442389866838,0.190571827626614,0.0115665949585149,0.115265037971512,0.00834217105984654,0.0723738195610393,1.65333592024422
