"tol","archive","draw","n_stitched","mean_gen","var_gen","mean_target","var_target","bias","E1","E2"
0.1,"with_ssp245",11,25,0.0175204792659288,0.123542526674604,0.0177774354872768,0.117674122551793,0.000256956221347967,0.00218362555654383,1.04986996287334
0.1,"without_ssp245",11,10,0.017802934838874,0.12508346524635,0.0177774354872768,0.117674122551793,2.54993515971975e-05,0.000216694639774978,1.06296492834519
