"tol","archive","draw","n_stitched","mean_gen","var_gen","mean_target","var_target","bias","E1","E2"
0.1,"with_ssp126",175,25,0.0117085784665702,0.120392609971762,0.0115665949585149,0.115265037971512,0.000141983508055244,0.00123180029741833,1.04448505887377
0.1,"without_ssp126",175,18,0.0113499738404301,0.125587293469501,0.0115665949585149,0.115265037971512,0.00021662111808482,0.00187933064437422,1.08955235411921
