"tol","archive","draw","n_stitched","mean_gen","var_gen","mean_target","var_target","bias","E1","E2"
0.1,"with_ssp370",197,25,0.0267357920541457,0.124654851772428,0.0268035895793399,0.120028163913759,6.77975251941951e-05,0.000564846807478519,1.03854668527624
0.1,"without_ssp370",197,15,0.02643479826673,0.128147456026414,0.0268035895793399,0.120028163913759,0.000368791312609827,0.00307253981552868,1.06764489139806
