"tol","archive","draw","n_stitched","mean_gen","var_gen","mean_target","var_target","bias","E1","E2"
0.1,"with_ssp245",76,25,0.017548385361099,0.122502918140555,0.0177774354872768,0.117674122551793,0.000229050126177854,0.00194647830135329,1.04103532266949
0.1,"without_ssp245",76,10,0.0179922077484237,0.125469752311928,0.0177774354872768,0.117674122551793,0.000214772261146912,0.00182514436045513,1.06624761324822
