"tol","archive","draw","n_stitched","mean_gen","var_gen","mean_target","var_target","bias","E1","E2"
0.1,"with_ssp245",2,25,0.0174159798185851,0.125110964850378,0.0177774354872768,0.117674122551793,0.000361455668691751,0.00307166657250968,1.06319862122032
0.1,"without_ssp245",2,11,0.0176536217109333,0.127483109536055,0.0177774354872768,0.117674122551793,0.000123813776343538,0.00105217505479204,1.08335721373188
