"tol","archive","draw","n_stitched","mean_gen","var_gen","mean_target","var_target","bias","E1","E2"
0.1,"with_ssp370",143,24,0.0267594900132609,0.125502327479943,0.0268035895793399,0.120028163913759,4.40995660789673e-05,0.000367410153092512,1.04560732571164
0.1,"without_ssp370",143,14,0.0264438057428235,0.129221411929995,0.0268035895793399,0.120028163913759,0.000359783836516355,0.00299749512768405,1.07659242394844
