"tol","archive","draw","n_stitched","mean_gen","var_gen","mean_target","var_target","bias","E1","E2"
0.1,"with_ssp370",104,25,0.0251389643992368,0.154578427400435,0.0268035895793399,0.120028163913759,0.0016646251801031,0.0138686215453495,1.28785130389481
0.1,"without_ssp370",104,15,0.0314411772351307,0.17611909945802,0.0268035895793399,0.120028163913759,0.00463758765579085,0.0386374956058063,1.46731478442479
