"tol","archive","draw","n_stitched","mean_gen","var_gen","mean_target","var_target","bias","E1","E2"
0.1,"with_ssp370",51,24,0.0267231651769747,0.12576407955634,0.0268035895793399,0.120028163913759,8.04244023651229e-05,0.000670046093706044,1.0477880811932
0.1,"without_ssp370",51,14,0.026293963198883,0.130591663404868,0.0268035895793399,0.120028163913759,0.000509626380456839,0.00424588999647623,1.08800850689259
