"tol","archive","draw","n_stitched","mean_gen","var_gen","mean_target","var_target","bias","E1","E2"
0.1,"with_ssp126",143,25,0.0113790741498047,0.118880062759871,0.0115665949585149,0.115265037971512,0.000187520808710189,0.00162686632486544,1.03136271719489
0.1,"without_ssp126",143,17,0.0114658151282076,0.126669475342581,0.0115665949585149,0.115265037971512,0.000100779830307311,0.00087433129837878,1.09894099348571
