"tol","archive","draw","n_stitched","mean_gen","var_gen","mean_target","var_target","bias","E1","E2"
0.1,"with_ssp245",120,25,0.0139744983979462,0.153104676069903,0.0177774354872768,0.117674122551793,0.00380293708933065,0.0323175308798824,1.30109044154984
0.1,"without_ssp245",120,11,0.021373840546442,0.191728471795234,0.0177774354872768,0.117674122551793,0.00359640505916518,0.0305624123739036,1.629317199377
