"tol","archive","draw","n_stitched","mean_gen","var_gen","mean_target","var_target","bias","E1","E2"
0.1,"with_ssp245",66,25,0.0182038481326737,0.157554482187341,0.0177774354872768,0.117674122551793,0.0004264126453969,0.00362367388980714,1.33890509460136
0.1,"without_ssp245",66,11,0.0125157921354647,0.157200454534401,0.0177774354872768,0.117674122551793,0.00526164335181215,0.0447136824793087,1.33589655164168
