"tol","archive","draw","n_stitched","mean_gen","var_gen","mean_target","var_target","bias","E1","E2"
0.1,"with_ssp126",104,25,0.0108686840935545,0.156733575348979,0.0115665949585149,0.115265037971512,0.000697910864960396,0.00605483568341762,1.35976683049127
0.1,"without_ssp126",104,19,0.00405203731112784,0.191382645382768,0.0115665949585149,0.115265037971512,0.00751455764738708,0.0651937289887011,1.66037029745367
