"tol","archive","draw","n_stitched","mean_gen","var_gen","mean_target","var_target","bias","E1","E2"
0.1,"with_ssp245",109,25,0.0176159075003146,0.123234647156333,0.0177774354872768,0.117674122551793,0.000161527986962243,0.00137267211736503,1.04725358884314
0.1,"without_ssp245",109,10,0.018091920433387,0.126595175338407,0.0177774354872768,0.117674122551793,0.000314484946110163,0.00267250725385052,1.07581150887857
