"tol","archive","draw","n_stitched","mean_gen","var_gen","mean_target","var_target","bias","E1","E2"
0.1,"with_ssp126",166,25,0.0110921096576555,0.144058267223883,0.0115665949585149,0.115265037971512,0.000474485300859388,0.00411647199540818,1.24980019751945
0.1,"without_ssp126",166,22,-0.00836283330660741,0.186330375972063,0.0115665949585149,0.115265037971512,0.0199294282651223,0.172900895326543,1.61653853806143
