"tol","archive","draw","n_stitched","mean_gen","var_gen","mean_target","var_target","bias","E1","E2"
0.1,"with_ssp245",66,25,0.0175954316221307,0.124204582055418,0.0177774354872768,0.117674122551793,0.000182003865146059,0.00154667705353784,1.05549613935511
0.1,"without_ssp245",66,11,0.0176774213640458,0.124354200924476,0.0177774354872768,0.117674122551793,0.000100014123230997,0.000849924529388156,1.05676760725148
