"tol","archive","draw","n_stitched","mean_gen","var_gen","mean_target","var_target","bias","E1","E2"
0.1,"with_ssp126",169,25,0.0116334303119368,0.121028030941713,0.0115665949585149,0.115265037971512,6.6835353421859e-05,0.000579840640302202,1.04999775362609
0.1,"without_ssp126",169,19,0.0114803898499431,0.125068846636852,0.0115665949585149,0.115265037971512,8.62051085718171e-05,0.000747886003326725,1.08505448692745
