"tol","archive","draw","n_stitched","mean_gen","var_gen","mean_target","var_target","bias","E1","E2"
0.1,"with_ssp370",188,25,0.0269067879338004,0.123752118018459,0.0268035895793399,0.120028163913759,0.000103198354460508,0.000859784496367512,1.03102566917024
0.1,"without_ssp370",188,14,0.0262721902200314,0.127956883267728,0.0268035895793399,0.120028163913759,0.000531399359308453,0.00442728891271108,1.06605715771564
