"tol","archive","draw","n_stitched","mean_gen","var_gen","mean_target","var_target","bias","E1","E2"
0.1,"with_ssp370",120,24,0.0266883269191009,0.123570155273022,0.0268035895793399,0.120028163913759,0.00011526266023892,0.000960296787691741,1.02950966876248
0.1,"without_ssp370",120,16,0.0267933040618533,0.12960284635446,0.0268035895793399,0.120028163913759,1.02855174865836e-05,8.56925337454451e-05,1.07977029830749
