"tol","archive","draw","n_stitched","mean_gen","var_gen","mean_target","var_target","bias","E1","E2"
0.1,"with_ssp370",40,25,0.0249625716747148,0.15805605115421,0.0268035895793399,0.120028163913759,0.00184101790462507,0.0153382160036027,1.31682470180727
0.1,"without_ssp370",40,14,0.0262457529137723,0.180894812616261,0.0268035895793399,0.120028163913759,0.000557836665567531,0.0046475481035296,1.5071030557981
