"tol","archive","draw","n_stitched","mean_gen","var_gen","mean_target","var_target","bias","E1","E2"
0.1,"with_ssp370",166,25,0.0266424459467592,0.125260549830508,0.0268035895793399,0.120028163913759,0.000161143632580636,0.00134254850966827,1.04359298473072
0.1,"without_ssp370",166,15,0.0265904720839903,0.128583903743926,0.0268035895793399,0.120028163913759,0.000213117495349555,0.00177556240469263,1.07128110229458
