"tol","archive","draw","n_stitched","mean_gen","var_gen","time_period","mean_target","var_target","bias","E1","E2"
0.1,"with_ssp126",167,25,-0.166531271006692,1.1851702757664,"hist+future",-0.175317978771263,1.1859228791983,0.00878670776457188,0.00740917298982531,0.999365385856788
0.1,"without_ssp126",167,19,-0.178331041820973,1.17018703166233,"hist+future",-0.175317978771263,1.1859228791983,0.00301306304970947,0.00254069054789326,0.986731137570595
0.1,"with_ssp126",167,25,-0.970135417842613,0.430524025896501,"hist",-0.978310318042455,0.436689326557671,0.00817490019984146,0.0187201740520714,0.985881723490313
0.1,"without_ssp126",167,19,-0.968715446136814,0.435807168121379,"hist",-0.978310318042455,0.436689326557671,0.00959487190564046,0.0219718489143639,0.997979894669636
0.1,"with_ssp126",167,25,1.37526738280641,0.356782236622614,"future",1.36530685820253,0.35742081895809,0.00996052460388008,0.0278677795907799,0.998213359990228
0.1,"without_ssp126",167,19,1.33810415250593,0.365207099699179,"future",1.36530685820253,0.35742081895809,0.027202705696602,0.076108341354877,1.02178463124724
