"tol","archive","draw","n_stitched","mean_gen","var_gen","time_period","mean_target","var_target","bias","E1","E2"
0.1,"with_ssp245",5,25,0.06174179581212,1.53311566843071,"hist+future",0.044077998932549,1.53464835261642,0.0176637968795711,0.0115099963124816,0.999001279880759
0.1,"without_ssp245",5,11,0.0278576205721443,1.52320029216272,"hist+future",0.044077998932549,1.53464835261642,0.0162203783604046,0.0105694430471648,0.992540271239215
0.1,"with_ssp245",5,25,-0.960718259545892,0.430024911950034,"hist",-0.978310318042455,0.436689326557671,0.0175920584965624,0.040285066354236,0.984738773763555
0.1,"without_ssp245",5,11,-0.985655823120159,0.436622016313049,"hist",-0.978310318042455,0.436689326557671,0.00734550507770437,0.0168208944688606,0.999845862400273
0.1,"with_ssp245",5,25,2.02343841365017,0.806541977604705,"future",2.00563697917529,0.808686836519222,0.0178014344748783,0.0220127664640862,0.997347726193061
0.1,"without_ssp245",5,11,1.97238922765621,0.807610493032833,"future",2.00563697917529,0.808686836519222,0.0332477515190739,0.0411132591970707,0.998669023115275
