"tol","archive","draw","n_stitched","mean_gen","var_gen","time_period","mean_target","var_target","bias","E1","E2"
0.1,"with_ssp126",27,25,-0.17164362851952,1.18596269535409,"hist+future",-0.175317978771263,1.1859228791983,0.00367435025174348,0.00309830454930375,1.00003357398402
0.1,"without_ssp126",27,18,-0.173615366998191,1.17407091871787,"hist+future",-0.175317978771263,1.1859228791983,0.00170261177307288,0.00143568507104262,0.990006128823118
0.1,"with_ssp126",27,25,-0.974971712742264,0.434640860974329,"hist",-0.978310318042455,0.436689326557671,0.00333860530019092,0.00764526425802168,0.995309100866994
0.1,"without_ssp126",27,18,-0.965948410624236,0.436141162408905,"hist",-0.978310318042455,0.436689326557671,0.0123619074182191,0.0283082426485331,0.998744727394446
0.1,"with_ssp126",27,25,1.36962537027993,0.358370261591578,"future",1.36530685820253,0.35742081895809,0.00431851207739653,0.0120824301449069,1.00265637193786
0.1,"without_ssp126",27,18,1.34655849577271,0.376941804650197,"future",1.36530685820253,0.35742081895809,0.0187483624298241,0.0524545897591447,1.05461625248639
