"tol","archive","draw","n_stitched","mean_gen","var_gen","time_period","mean_target","var_target","bias","E1","E2"
0.1,"with_ssp126",5,25,-0.168188692437567,1.18467233079166,"hist+future",-0.175317978771263,1.1859228791983,0.00712928633369597,0.0060115935519479,0.99894550612981
0.1,"without_ssp126",5,17,-0.172092044296948,1.1763429823805,"hist+future",-0.175317978771263,1.1859228791983,0.00322593447431532,0.00272018908725001,0.991921990050252
0.1,"with_ssp126",5,25,-0.970921502795225,0.433697299892484,"hist",-0.978310318042455,0.436689326557671,0.0073888152472299,0.0169200729165385,0.993148386087719
0.1,"without_ssp126",5,17,-0.966369335228319,0.434580654474453,"hist",-0.978310318042455,0.436689326557671,0.0119409828141357,0.0273443431930519,0.995171230540852
0.1,"with_ssp126",5,25,1.37193821115561,0.355565583216587,"future",1.36530685820253,0.35742081895809,0.00663135295307837,0.0185533483259573,0.99480937974763
0.1,"without_ssp126",5,17,1.35181206039696,0.378101752071571,"future",1.36530685820253,0.35742081895809,0.0134947978055726,0.037756048584162,1.05786157945071
