"tol","archive","draw","n_stitched","mean_gen","var_gen","time_period","mean_target","var_target","bias","E1","E2"
0.1,"with_ssp370",83,24,0.298616631959305,1.98594954030642,"hist+future",0.294952460101501,1.98779287230914,0.00366417185780482,0.00184333685307378,0.999072674005225
0.1,"without_ssp370",83,16,0.29088066961911,1.98029412576838,"hist+future",0.294952460101501,1.98779287230914,0.0040717904823902,0.00204839776775141,0.996227601655471
0.1,"with_ssp370",83,24,-0.972974303140745,0.434221169748415,"hist",-0.978310318042455,0.436689326557671,0.00533601490170932,0.0122192473623571,0.994348025795107
0.1,"without_ssp370",83,16,-0.975137146953223,0.437414563743223,"hist",-0.978310318042455,0.436689326557671,0.00317317108923154,0.00726642694531825,1.00166076233479
0.1,"with_ssp370",83,24,2.73829691441871,1.44709867888708,"future",2.73784034840095,1.44483616067424,0.000456566017755566,0.000315998471094817,1.00156593409994
0.1,"without_ssp370",83,16,2.71986834094975,1.44986268975336,"future",2.73784034840095,1.44483616067424,0.0179720074511995,0.0124387857532668,1.00347896129397
