"tol","archive","draw","n_stitched","mean_gen","var_gen","time_period","mean_target","var_target","bias","E1","E2"
0.1,"with_ssp126",33,25,-0.167692398648105,1.18363850687427,"hist+future",-0.175317978771263,1.1859228791983,0.00762558012315831,0.0064300809579737,0.998073759799988
0.1,"without_ssp126",33,19,-0.171262053714891,1.18009495080015,"hist+future",-0.175317978771263,1.1859228791983,0.00405592505637198,0.00342005802191273,0.995085744190984
0.1,"with_ssp126",33,25,-0.969967326098375,0.432192928052378,"hist",-0.978310318042455,0.436689326557671,0.00834299194408006,0.0191050970030481,0.989703438504584
0.1,"without_ssp126",33,19,-0.968037703008035,0.438827887759666,"hist",-0.978310318042455,0.436689326557671,0.0102726150344201,0.0235238518774822,1.00489721427096
0.1,"with_ssp126",33,25,1.37155600866927,0.354817753052116,"future",1.36530685820253,0.35742081895809,0.00624915046673857,0.0174840136200106,0.992717083706646
0.1,"without_ssp126",33,19,1.35743541295219,0.373443008131496,"future",1.36530685820253,0.35742081895809,0.00787144525034833,0.0220229064252447,1.04482724095399
