"tol","archive","draw","n_stitched","mean_gen","var_gen","time_period","mean_target","var_target","bias","E1","E2"
0.1,"with_ssp370",93,25,0.295121978848735,1.98320781067462,"hist+future",0.294952460101501,1.98779287230914,0.000169518747234365,8.52798848390284e-05,0.997693390645278
0.1,"without_ssp370",93,14,0.294369560911857,1.9758351648476,"hist+future",0.294952460101501,1.98779287230914,0.000582899189643382,0.000293239400222947,0.993984429852771
0.1,"with_ssp370",93,25,-0.974186868787166,0.432792398607672,"hist",-0.978310318042455,0.436689326557671,0.00412344925528874,0.00944252356198629,0.991076200600738
0.1,"without_ssp370",93,14,-0.969882251013005,0.438624807738351,"hist",-0.978310318042455,0.436689326557671,0.00842806702944987,0.019299915333142,1.00443216965236
0.1,"with_ssp370",93,25,2.73042383768506,1.44817747409258,"future",2.73784034840095,1.44483616067424,0.00741651071589322,0.00513311537858538,1.00231258983494
0.1,"without_ssp370",93,14,2.71996896751188,1.43994005428992,"future",2.73784034840095,1.44483616067424,0.0178713808890665,0.0123691400973289,0.996611306861226
