"tol","archive","draw","n_stitched","mean_gen","var_gen","time_period","mean_target","var_target","bias","E1","E2"
0.1,"with_ssp126",138,25,-0.167581293184366,1.18305305798245,"hist+future",-0.175317978771263,1.1859228791983,0.00773668558689722,0.0065237678795162,0.997580094569233
0.1,"without_ssp126",138,19,-0.175805956098812,1.17214366190332,"hist+future",-0.175317978771263,1.1859228791983,0.0004879773275491,0.00041147475616541,0.988381017402839
0.1,"with_ssp126",138,25,-0.969002322364884,0.432640898787466,"hist",-0.978310318042455,0.436689326557671,0.00930799567757057,0.0213149145433517,0.990729272450697
0.1,"without_ssp126",138,19,-0.966895884062716,0.434501504680382,"hist",-0.978310318042455,0.436689326557671,0.0114144339797388,0.0261385687388249,0.994989980876026
0.1,"with_ssp126",138,25,1.37002882094105,0.358857445768947,"future",1.36530685820253,0.35742081895809,0.00472196273851222,0.0132112134717757,1.00401942677834
0.1,"without_ssp126",138,19,1.34198285918077,0.377739156240752,"future",1.36530685820253,0.35742081895809,0.0233239990217644,0.0652564086494898,1.05684710068622
