"tol","archive","draw","n_stitched","mean_gen","var_gen","time_period","mean_target","var_target","bias","E1","E2"
0.1,"with_ssp126",101,25,-0.165067349029282,1.18507195532038,"hist+future",-0.175317978771263,1.1859228791983,0.0102506297419814,0.00864358882165342,0.999282479583755
0.1,"without_ssp126",101,17,-0.164713089629613,1.17554905273573,"hist+future",-0.175317978771263,1.1859228791983,0.0106048891416508,0.00894230925776549,0.991252528604916
0.1,"with_ssp126",101,25,-0.967779190359606,0.433450465432118,"hist",-0.978310318042455,0.436689326557671,0.0105311276828484,0.0241158348564711,0.99258314566311
0.1,"without_ssp126",101,17,-0.959716430651574,0.431253934317797,"hist",-0.978310318042455,0.436689326557671,0.018593887390881,0.0425792119478912,0.987553182756445
0.1,"with_ssp126",101,25,1.37501932329053,0.360265211099205,"future",1.36530685820253,0.35742081895809,0.00971246508799228,0.0271737531023092,1.00795810425763
0.1,"without_ssp126",101,17,1.36058401814508,0.369555211318701,"future",1.36530685820253,0.35742081895809,0.00472284005745371,0.0132136680544272,1.03394987565633
