"tol","archive","draw","n_stitched","mean_gen","var_gen","time_period","mean_target","var_target","bias","E1","E2"
0.1,"with_ssp245",86,25,0.0626857484668381,1.53357309419064,"hist+future",0.044077998932549,1.53464835261642,0.0186077495342892,0.012125090091528,0.999299345401213
0.1,"without_ssp245",86,11,0.0328839307261768,1.52204374002536,"hist+future",0.044077998932549,1.53464835261642,0.0111940682063721,0.00729422358372023,0.991786644432537
0.1,"with_ssp245",86,25,-0.96025413530629,0.430395826346788,"hist",-0.978310318042455,0.436689326557671,0.0180561827361646,0.0413478911392171,0.985588151969517
0.1,"without_ssp245",86,11,-0.980167523724682,0.435837906189601,"hist",-0.978310318042455,0.436689326557671,0.00185720568222714,0.00425292208735005,0.9980502835396
0.1,"with_ssp245",86,25,2.02530296733389,0.805291658222213,"future",2.00563697917529,0.808686836519222,0.0196659881585979,0.0243184224974465,0.995801615478716
0.1,"without_ssp245",86,11,1.97652916310282,0.805300997846171,"future",2.00563697917529,0.808686836519222,0.0291078160724645,0.0359939283762196,0.995813164601981
