"tol","archive","draw","n_stitched","mean_gen","var_gen","time_period","mean_target","var_target","bias","E1","E2"
0.1,"with_ssp370",113,25,0.298471974726789,1.98305825939736,"hist+future",0.294952460101501,1.98779287230914,0.0035195146252881,0.00177056406344773,0.997618155806002
0.1,"without_ssp370",113,15,0.286608001333056,1.97642343949149,"hist+future",0.294952460101501,1.98779287230914,0.00834445876844458,0.00419785123726254,0.994280373485569
0.1,"with_ssp370",113,25,-0.970794672153811,0.432840251017613,"hist",-0.978310318042455,0.436689326557671,0.0075156458886434,0.0172105096955028,0.991185780585939
0.1,"without_ssp370",113,15,-0.97745848561881,0.438546277111015,"hist",-0.978310318042455,0.436689326557671,0.000851832423644283,0.00195066005015304,1.00425233785305
0.1,"with_ssp370",113,25,2.73369286699771,1.44775928385209,"future",2.73784034840095,1.44483616067424,0.00414748140324273,0.00287055481869119,1.00202315200672
0.1,"without_ssp370",113,15,2.71185184257792,1.44328285905968,"future",2.73784034840095,1.44483616067424,0.025988505823034,0.0179871645868181,0.998924928890316
