"tol","archive","draw","n_stitched","mean_gen","var_gen","time_period","mean_target","var_target","bias","E1","E2"
0.1,"with_ssp245",151,25,0.0569760582966142,1.53022329050554,"hist+future",0.044077998932549,1.53464835261642,0.0128980593640652,0.00840456990819775,0.99711656282474
0.1,"without_ssp245",151,10,0.0408389171182771,1.52254260722229,"hist+future",0.044077998932549,1.53464835261642,0.0032390818142719,0.00211063453640672,0.992111713818028
0.1,"with_ssp245",151,25,-0.9624832446485,0.432042751285517,"hist",-0.978310318042455,0.436689326557671,0.0158270733939545,0.0362433254751518,0.989359540090475
0.1,"without_ssp245",151,10,-0.972947104565003,0.436579516516636,"hist",-0.978310318042455,0.436689326557671,0.00536321347745128,0.0122815309449588,0.999748539672585
0.1,"with_ssp245",151,25,2.01291541859829,0.809710267145405,"future",2.00563697917529,0.808686836519222,0.00727843942299833,0.0090003189050615,1.00126554629056
0.1,"without_ssp245",151,10,1.98589349360364,0.801998011422783,"future",2.00563697917529,0.808686836519222,0.0197434855716481,0.0244142536765266,0.991728782027381
