"tol","archive","draw","n_stitched","mean_gen","var_gen","time_period","mean_target","var_target","bias","E1","E2"
0.1,"with_ssp370",16,25,0.296138282926963,1.98476527814853,"hist+future",0.294952460101501,1.98779287230914,0.00118582282546231,0.000596552509057339,0.998476906622019
0.1,"without_ssp370",16,15,0.291991955939703,1.97489797635279,"hist+future",0.294952460101501,1.98779287230914,0.00296050416179716,0.00148934237718544,0.993512957946483
0.1,"with_ssp370",16,25,-0.974176538795755,0.432979542551979,"hist",-0.978310318042455,0.436689326557671,0.00413377924669955,0.00946617880332742,0.991504752280219
0.1,"without_ssp370",16,15,-0.971586578065694,0.43349606249625,"hist",-0.978310318042455,0.436689326557671,0.00672373997676046,0.0153970788106095,0.992687561002251
0.1,"with_ssp370",16,25,2.7333702083252,1.44935741454995,"future",2.73784034840095,1.44483616067424,0.00447014007574875,0.00309387333831867,1.00312925022142
0.1,"without_ssp370",16,15,2.71629960839192,1.44250780037986,"future",2.73784034840095,1.44483616067424,0.0215407400090299,0.0149087769224836,0.998388495278732
