"tol","archive","draw","n_stitched","mean_gen","var_gen","time_period","mean_target","var_target","bias","E1","E2"
0.1,"with_ssp370",31,24,0.295292925876476,1.98240640826082,"hist+future",0.294952460101501,1.98779287230914,0.000340465774975207,0.000171278295499521,0.997290228713787
0.1,"without_ssp370",31,16,0.295085797121242,1.97891589641437,"hist+future",0.294952460101501,1.98779287230914,0.000133337019741608,6.70779242641694e-05,0.995534255093459
0.1,"with_ssp370",31,24,-0.973010332665133,0.434083910332825,"hist",-0.978310318042455,0.436689326557671,0.00529998537732201,0.0121367412826429,0.994033707566467
0.1,"without_ssp370",31,16,-0.969793198163478,0.43618586973305,"hist",-0.978310318042455,0.436689326557671,0.00851711987897696,0.0195038425741147,0.998847105266828
0.1,"with_ssp370",31,24,2.72866545679933,1.44915670178053,"future",2.73784034840095,1.44483616067424,0.00917489160162033,0.00635012595292382,1.00299033289994
0.1,"without_ssp370",31,16,2.72188852063262,1.4506480083771,"future",2.73784034840095,1.44483616067424,0.0159518277683266,0.0110405789960867,1.00402249601792
