"tol","archive","draw","n_stitched","mean_gen","var_gen","time_period","mean_target","var_target","bias","E1","E2"
0.1,"with_ssp126",126,25,-0.171466408110237,1.18578851441154,"hist+future",-0.175317978771263,1.1859228791983,0.00385157066102615,0.00324774125584783,0.999886700232269
0.1,"without_ssp126",126,21,-0.16929330712861,1.171111002176,"hist+future",-0.175317978771263,1.1859228791983,0.00602467164265369,0.00508015466125965,0.987510252747372
0.1,"with_ssp126",126,25,-0.974484869727539,0.434534677354795,"hist",-0.978310318042455,0.436689326557671,0.00382544831491616,0.00876011407256356,0.995065944890706
0.1,"without_ssp126",126,21,-0.960677760270561,0.431164707558559,"hist",-0.978310318042455,0.436689326557671,0.0176325577718941,0.0403778079736635,0.987348857269625
0.1,"with_ssp126",126,25,1.36920854731831,0.360813823325909,"future",1.36530685820253,0.35742081895809,0.00390168911577193,0.0109162334951435,1.00949302387508
0.1,"without_ssp126",126,21,1.34906058552746,0.372310131767666,"future",1.36530685820253,0.35742081895809,0.0162462726750752,0.0454541868110379,1.04165765400286
