"tol","archive","draw","n_stitched","mean_gen","var_gen","time_period","mean_target","var_target","bias","E1","E2"
0.1,"with_ssp370",193,25,0.295751405917737,1.98512127325608,"hist+future",0.294952460101501,1.98779287230914,0.000798945816236241,0.00040192608966755,0.998655997266982
0.1,"without_ssp370",193,16,0.298444855356591,1.98279025410357,"hist+future",0.294952460101501,1.98779287230914,0.00349239525509049,0.00175692110769746,0.997483330242671
0.1,"with_ssp370",193,25,-0.975146182992581,0.434543516888414,"hist",-0.978310318042455,0.436689326557671,0.0031641350498739,0.0072457347991903,0.995086187047043
0.1,"without_ssp370",193,16,-0.970865988746186,0.438116405771836,"hist",-0.978310318042455,0.436689326557671,0.00744432929626848,0.0170471977296779,1.0032679507544
0.1,"with_ssp370",193,25,2.73410143115265,1.44701853391854,"future",2.73784034840095,1.44483616067424,0.00373891724830111,0.00258777939677002,1.00151046416452
0.1,"without_ssp370",193,16,2.73375054462355,1.44326824355595,"future",2.73784034840095,1.44483616067424,0.00408980377740242,0.00283063498043535,0.998914813207913
