"tol","archive","draw","n_stitched","mean_gen","var_gen","time_period","mean_target","var_target","bias","E1","E2"
0.1,"with_ssp245",67,25,0.0611971257945835,1.53168547084659,"hist+future",0.044077998932549,1.53464835261642,0.0171191268620345,0.0111550811186472,0.998069341576013
0.1,"without_ssp245",67,10,0.0303607069413964,1.51268936723015,"hist+future",0.044077998932549,1.53464835261642,0.0137172919911526,0.00893839423719834,0.985691194110471
0.1,"with_ssp245",67,25,-0.960494122701052,0.430493500598902,"hist",-0.978310318042455,0.436689326557671,0.0178161953414022,0.0407983302038625,0.985811821856032
0.1,"without_ssp245",67,10,-0.975422908006585,0.434260856443952,"hist",-0.978310318042455,0.436689326557671,0.00288741003586956,0.00661204627699606,0.994438906641336
0.1,"with_ssp245",67,25,2.02141870721063,0.803581649707314,"future",2.00563697917529,0.808686836519222,0.0157817280353405,0.0195152527810008,0.993687065769635
0.1,"without_ssp245",67,10,1.96006182864392,0.806428836607875,"future",2.00563697917529,0.808686836519222,0.0455751505313697,0.0563569832885322,0.997207819134208
