"tol","archive","draw","n_stitched","mean_gen","var_gen","time_period","mean_target","var_target","bias","E1","E2"
0.1,"with_ssp245",178,25,0.0611986207712242,1.53213476634749,"hist+future",0.044077998932549,1.53464835261642,0.0171206218386752,0.0111560552679617,0.998362109297121
0.1,"without_ssp245",178,11,0.0417849619827906,1.52330824500557,"hist+future",0.044077998932549,1.53464835261642,0.00229303694975831,0.00149417744191945,0.992610614938905
0.1,"with_ssp245",178,25,-0.960710023962398,0.430932229314829,"hist",-0.978310318042455,0.436689326557671,0.0176002940800565,0.040303925490453,0.986816491971023
0.1,"without_ssp245",178,11,-0.972865575698073,0.433366441938439,"hist",-0.978310318042455,0.436689326557671,0.00544474234438219,0.01246822858553,0.992390735433299
0.1,"with_ssp245",178,25,2.02183729962062,0.804082178849135,"future",2.00563697917529,0.808686836519222,0.0162003204453272,0.0200328726940297,0.994306006401802
0.1,"without_ssp245",178,11,1.98849820288212,0.803557363895729,"future",2.00563697917529,0.808686836519222,0.0171387762931676,0.0211933415003229,0.99365703459998
