"tol","archive","draw","n_stitched","mean_gen","var_gen","time_period","mean_target","var_target","bias","E1","E2"
0.1,"with_ssp245",11,25,0.0607318849527265,1.52905010518317,"hist+future",0.044077998932549,1.53464835261642,0.0166538860201776,0.0108519231730086,0.996352097583977
0.1,"without_ssp245",11,10,0.0394619595088813,1.52695139415773,"hist+future",0.044077998932549,1.53464835261642,0.00461603942366769,0.0030078808710789,0.99498454584363
0.1,"with_ssp245",11,25,-0.958628354352914,0.429687517121641,"hist",-0.978310318042455,0.436689326557671,0.0196819636895407,0.0450708604322652,0.983966153944673
0.1,"without_ssp245",11,10,-0.975270870112594,0.439025122421374,"hist",-0.978310318042455,0.436689326557671,0.00303944792986044,0.0069602065931397,1.00534887326447
0.1,"with_ssp245",11,25,2.01648118129494,0.806336586122771,"future",2.00563697917529,0.808686836519222,0.0108442021196553,0.0134096434243091,0.997093744710169
0.1,"without_ssp245",11,10,1.98633308610822,0.817063129970113,"future",2.00563697917529,0.808686836519222,0.0193038930670648,0.0238706656215072,1.01035789513645
