"tol","archive","draw","n_stitched","mean_gen","var_gen","time_period","mean_target","var_target","bias","E1","E2"
0.1,"with_ssp245",27,25,0.0532126708137822,1.53266411380269,"hist+future",0.044077998932549,1.53464835261642,0.00913467188123328,0.00595228989472381,0.998707040078369
0.1,"without_ssp245",27,11,0.034966623938958,1.52284362451609,"hist+future",0.044077998932549,1.53464835261642,0.00911137499359097,0.00593710929155658,0.99230786122423
0.1,"with_ssp245",27,25,-0.968575121649892,0.433204690309025,"hist",-0.978310318042455,0.436689326557671,0.00973519639256226,0.0222931860260995,0.992020331075836
0.1,"without_ssp245",27,11,-0.97933666889137,0.436430711913003,"hist",-0.978310318042455,0.436689326557671,0.00102635084891534,0.00235029982758187,0.999407783453957
0.1,"with_ssp245",27,25,2.01361948193595,0.80554318065667,"future",2.00563697917529,0.808686836519222,0.00798250276065993,0.00987094435099067,0.99611264123442
0.1,"without_ssp245",27,11,1.98101363925296,0.800252451657759,"future",2.00563697917529,0.808686836519222,0.0246233399223295,0.0304485479549959,0.989570270615797
