"tol","archive","draw","n_stitched","mean_gen","var_gen","time_period","mean_target","var_target","bias","E1","E2"
0.1,"with_ssp245",31,24,0.061852840575862,1.5320362842685,"hist+future",0.044077998932549,1.53464835261642,0.0177748416433131,0.0115823547544353,0.998297936889929
0.1,"without_ssp245",31,11,0.0425664896010059,1.51852227430417,"hist+future",0.044077998932549,1.53464835261642,0.0015115093315431,0.000984922265068819,0.989492004285697
0.1,"with_ssp245",31,24,-0.959843527731727,0.430159938079475,"hist",-0.978310318042455,0.436689326557671,0.0184667903107275,0.0422881650355352,0.985047977861823
0.1,"without_ssp245",31,11,-0.966899962296875,0.430640812870732,"hist",-0.978310318042455,0.436689326557671,0.0114103557455797,0.0261292297559116,0.986149160698251
0.1,"with_ssp245",31,24,2.02208424488693,0.80581902882016,"future",2.00563697917529,0.808686836519222,0.0164472657116455,0.0203382384489382,0.996453747520603
0.1,"without_ssp245",31,11,1.97933351940508,0.816410697904404,"future",2.00563697917529,0.808686836519222,0.0263034597702092,0.0325261381567993,1.00955111550774
