"tol","archive","draw","n_stitched","mean_gen","var_gen","time_period","mean_target","var_target","bias","E1","E2"
0.1,"with_ssp126",162,25,-0.168176499823298,1.18556558939171,"hist+future",-0.175317978771263,1.1859228791983,0.00714147894796544,0.00602187467096781,0.999698724248553
0.1,"without_ssp126",162,23,-0.185318906786064,1.16271603778764,"hist+future",-0.175317978771263,1.1859228791983,0.010000928014801,0.00843303404481226,0.980431407625477
0.1,"with_ssp126",162,25,-0.971563165956297,0.432219339273887,"hist",-0.978310318042455,0.436689326557671,0.00674715208615817,0.0154506915461949,0.989763919079451
0.1,"without_ssp126",162,23,-0.970683183986156,0.433310793042383,"hist",-0.978310318042455,0.436689326557671,0.00762713405629833,0.0174658128615632,0.992263301826219
0.1,"with_ssp126",162,25,1.37320489450164,0.359417284950732,"future",1.36530685820253,0.35742081895809,0.00789803629910724,0.0220973034590728,1.00558575742303
0.1,"without_ssp126",162,23,1.32148464830714,0.362055143446512,"future",1.36530685820253,0.35742081895809,0.0438222098953989,0.122606763711034,1.01296601720608
