"tol","archive","draw","n_stitched","mean_gen","var_gen","time_period","mean_target","var_target","bias","E1","E2"
0.1,"with_ssp370",128,25,0.301843789225611,1.98297954842978,"hist+future",0.294952460101501,1.98779287230914,0.00689132912411,0.00346682454701863,0.99757855863837
0.1,"without_ssp370",128,14,0.294682077419731,1.9732785285001,"hist+future",0.294952460101501,1.98779287230914,0.000270382681769876,0.000136021557143317,0.99269826146817
0.1,"with_ssp370",128,25,-0.967367124503201,0.431366705697705,"hist",-0.978310318042455,0.436689326557671,0.010943193539254,0.025059448156237,0.987811424424034
0.1,"without_ssp370",128,14,-0.968822528041005,0.435218795226291,"hist",-0.978310318042455,0.436689326557671,0.00948779000144939,0.0217266359043845,0.996632545743739
0.1,"with_ssp370",128,25,2.73695775161228,1.44856202574239,"future",2.73784034840095,1.44483616067424,0.000882596788666312,0.000610862887217912,1.00257874572187
0.1,"without_ssp370",128,14,2.71884789022231,1.43535415072564,"future",2.73784034840095,1.44483616067424,0.0189924581786438,0.0131450601082553,0.993437311297513
