"tol","archive","draw","n_stitched","mean_gen","var_gen","time_period","mean_target","var_target","bias","E1","E2"
0.1,"with_ssp126",166,25,-0.16516091463608,1.18532987272727,"hist+future",-0.175317978771263,1.1859228791983,0.0101570641351831,0.00856469194864461,0.999499962028368
0.1,"without_ssp126",166,22,-0.173457741755881,1.17227743429748,"hist+future",-0.175317978771263,1.1859228791983,0.00186023701538235,0.00156859863993846,0.988493817650232
0.1,"with_ssp126",166,25,-0.968347365342774,0.431936931737026,"hist",-0.978310318042455,0.436689326557671,0.00996295269968039,0.0228147382905285,0.989117217821403
0.1,"without_ssp126",166,22,-0.965443100749572,0.431913407281651,"hist",-0.978310318042455,0.436689326557671,0.0128672172928829,0.0294653807875553,0.989063347818304
0.1,"with_ssp126",166,25,1.37583634544072,0.360304800816198,"future",1.36530685820253,0.35742081895809,0.0105294872381823,0.0294596360359661,1.00806886925757
0.1,"without_ssp126",166,22,1.34604905166225,0.374233842983363,"future",1.36530685820253,0.35742081895809,0.0192578065402875,0.0538799239407082,1.04703985647586
