"tol","archive","draw","n_stitched","mean_gen","var_gen","time_period","mean_target","var_target","bias","E1","E2"
0.1,"with_ssp370",34,25,0.296206427032868,1.98300911277762,"hist+future",0.294952460101501,1.98779287230914,0.00125396693136709,0.000630833800058054,0.997593431590303
0.1,"without_ssp370",34,15,0.301908887469873,1.98715797358172,"hist+future",0.294952460101501,1.98779287230914,0.00695642736837199,0.00349957355480955,0.999680601165109
0.1,"with_ssp370",34,25,-0.97311196412515,0.433116962696846,"hist",-0.978310318042455,0.436689326557671,0.00519835391730472,0.0119040095581961,0.991819438572074
0.1,"without_ssp370",34,15,-0.968412747275076,0.437702719803698,"hist",-0.978310318042455,0.436689326557671,0.00989757076737896,0.0226650164440688,1.00232062746762
0.1,"with_ssp370",34,25,2.73152659611511,1.44714966155938,"future",2.73784034840095,1.44483616067424,0.00631375228583897,0.00436987421666731,1.00160122022697
0.1,"without_ssp370",34,15,2.73915388436425,1.45598281249821,"future",2.73784034840095,1.44483616067424,0.00131353596330053,0.000909124507714117,1.0077148206332
