"tol","archive","draw","n_stitched","mean_gen","var_gen","time_period","mean_target","var_target","bias","E1","E2"
0.1,"with_ssp370",28,25,0.300329851246941,1.98041292771756,"hist+future",0.294952460101501,1.98779287230914,0.00537739114544028,0.00270520697621457,0.996287367414187
0.1,"without_ssp370",28,16,0.291666824762323,1.97803135645076,"hist+future",0.294952460101501,1.98779287230914,0.00328563533917781,0.0016529062886522,0.9950892691113
0.1,"with_ssp370",28,25,-0.967317135287298,0.431187185171302,"hist",-0.978310318042455,0.436689326557671,0.0109931827551567,0.0251739213362818,0.987400330047585
0.1,"without_ssp370",28,16,-0.976202853011457,0.437672185941568,"hist",-0.978310318042455,0.436689326557671,0.00210746503099724,0.00482600536085902,1.00225070622093
0.1,"with_ssp370",28,25,2.73244325564403,1.44608338659498,"future",2.73784034840095,1.44483616067424,0.00539709275692246,0.00373543582575056,1.00086323000122
0.1,"without_ssp370",28,16,2.72420748560737,1.43150983236391,"future",2.73784034840095,1.44483616067424,0.0136328627935836,0.00943557696342655,0.990776581682369
