"tol","archive","draw","n_stitched","mean_gen","var_gen","time_period","mean_target","var_target","bias","E1","E2"
0.1,"with_ssp245",58,25,0.0577555608388761,1.533381790006,"hist+future",0.044077998932549,1.53464835261642,0.0136775619063271,0.00891250551503099,0.999174688710762
0.1,"without_ssp245",58,11,0.0392248515231147,1.52742464647781,"hist+future",0.044077998932549,1.53464835261642,0.0048531474094343,0.00316238400879274,0.995292924189244
0.1,"with_ssp245",58,25,-0.964200956886508,0.433368402818538,"hist",-0.978310318042455,0.436689326557671,0.0141093611559467,0.0323098374470652,0.992395225765395
0.1,"without_ssp245",58,11,-0.977455061394971,0.43525325251086,"hist",-0.978310318042455,0.436689326557671,0.000855256647483982,0.00195850137722803,0.996711451461085
0.1,"with_ssp245",58,25,2.01848608903293,0.808158324163332,"future",2.00563697917529,0.808686836519222,0.0128491098576382,0.0158888574382437,0.999346456091502
0.1,"without_ssp245",58,11,1.98983166119153,0.810017173539684,"future",2.00563697917529,0.808686836519222,0.0158053179837545,0.0195444234653111,1.00164505833456
