"tol","archive","draw","n_stitched","mean_gen","var_gen","time_period","mean_target","var_target","bias","E1","E2"
0.1,"with_ssp245",20,25,0.0596257171278672,1.53167394307872,"hist+future",0.044077998932549,1.53464835261642,0.0155477181953182,0.0101311275438513,0.998061829908702
0.1,"without_ssp245",20,11,0.0450863364380273,1.53223567636421,"hist+future",0.044077998932549,1.53464835261642,0.00100833750547837,0.000657047918345109,0.998427863785149
0.1,"with_ssp245",20,25,-0.961222402647742,0.432020383142323,"hist",-0.978310318042455,0.436689326557671,0.0170879153947128,0.0391306000753743,0.989308317993132
0.1,"without_ssp245",20,11,-0.974659287667106,0.437363552774658,"hist",-0.978310318042455,0.436689326557671,0.00365103037534842,0.00836070440312501,1.00154394938457
0.1,"with_ssp245",20,25,2.01822966786014,0.807936173281272,"future",2.00563697917529,0.808686836519222,0.0125926886848515,0.0155717740368489,0.99907175039329
0.1,"without_ssp245",20,11,2.00157503384904,0.812766217159459,"future",2.00563697917529,0.808686836519222,0.00406194532624937,0.00502289037340207,1.0050444504053
