"tol","archive","draw","n_stitched","mean_gen","var_gen","time_period","mean_target","var_target","bias","E1","E2"
0.1,"with_ssp370",69,24,0.299485377073182,1.98218574349612,"hist+future",0.294952460101501,1.98779287230914,0.0045329169716814,0.00228037691191421,0.997179218775191
0.1,"without_ssp370",69,16,0.292669457094721,1.97694344677492,"hist+future",0.294952460101501,1.98779287230914,0.00228300300677936,0.00114851151675943,0.994541973821642
0.1,"with_ssp370",69,24,-0.969138337680451,0.432899703422731,"hist",-0.978310318042455,0.436689326557671,0.00917198036200417,0.0210034452508948,0.991321924067133
0.1,"without_ssp370",69,16,-0.972330980238003,0.438150930204715,"hist",-0.978310318042455,0.436689326557671,0.00597933780445181,0.0136924294705933,1.00334701023853
0.1,"with_ssp370",69,24,2.73347273677492,1.44738270470486,"future",2.73784034840095,1.44483616067424,0.00436761162603094,0.00302291134795018,1.00176251404826
0.1,"without_ssp370",69,16,2.71970517988425,1.4410331227575,"future",2.73784034840095,1.44483616067424,0.0181351685166997,0.0125517127895227,0.997367841406346
