"tol","archive","draw","n_stitched","mean_gen","var_gen","time_period","mean_target","var_target","bias","E1","E2"
0.1,"with_ssp245",126,25,0.0642573252637114,1.53433355371837,"hist+future",0.044077998932549,1.53464835261642,0.0201793263311625,0.0131491532224687,0.999794872292718
0.1,"without_ssp245",126,10,0.0377507511882811,1.52420223471909,"hist+future",0.044077998932549,1.53464835261642,0.00632724774426788,0.00412293000769886,0.993193152112323
0.1,"with_ssp245",126,25,-0.959354989999199,0.428855870402511,"hist",-0.978310318042455,0.436689326557671,0.0189553280432558,0.0434068956818264,0.982061718300033
0.1,"without_ssp245",126,10,-0.977239488168777,0.437418905778312,"hist",-0.978310318042455,0.436689326557671,0.00107082987367757,0.00245215490407951,1.00167070541062
0.1,"with_ssp245",126,25,2.02816467431464,0.806309833032128,"future",2.00563697917529,0.808686836519222,0.0225276951393552,0.027857130995627,0.997060662570786
0.1,"without_ssp245",126,10,1.98511574530357,0.801788771621254,"future",2.00563697917529,0.808686836519222,0.0205212338717216,0.0253759959294623,0.991470041817846
