"tol","archive","draw","n_stitched","mean_gen","var_gen","time_period","mean_target","var_target","bias","E1","E2"
0.1,"with_ssp370",8,25,0.300742873921911,1.9849379820072,"hist+future",0.294952460101501,1.98779287230914,0.00579041382041046,0.00291298650934589,0.998563788842536
0.1,"without_ssp370",8,15,0.307150472560822,1.98388657238851,"hist+future",0.294952460101501,1.98779287230914,0.0121980124593215,0.00613646050815724,0.998034855655712
0.1,"with_ssp370",8,25,-0.970065158582382,0.431453827165013,"hist",-0.978310318042455,0.436689326557671,0.00824515946007287,0.0188810647722208,0.988010928881802
0.1,"without_ssp370",8,15,-0.962204752441611,0.429765508187426,"hist",-0.978310318042455,0.436689326557671,0.0161055656008438,0.0368810607939527,0.984144750170965
0.1,"with_ssp370",8,25,2.73892107581968,1.4484985634187,"future",2.73784034840095,1.44483616067424,0.00108072741873233,0.000747993058415703,1.00253482217855
0.1,"without_ssp370",8,15,2.74254131122828,1.45221233618767,"future",2.73784034840095,1.44483616067424,0.00470096282733135,0.00325363038058073,1.00510519857835
