"tol","archive","draw","n_stitched","mean_gen","var_gen","time_period","mean_target","var_target","bias","E1","E2"
0.1,"with_ssp126",161,25,-0.168367221151314,1.18458316586464,"hist+future",-0.175317978771263,1.1859228791983,0.0069507576199499,0.00586105365017388,0.998870320020675
0.1,"without_ssp126",161,21,-0.171111551303374,1.17683404987218,"hist+future",-0.175317978771263,1.1859228791983,0.00420642746788968,0.00354696544073195,0.992336070510539
0.1,"with_ssp126",161,25,-0.9708449708884,0.433609921761554,"hist",-0.978310318042455,0.436689326557671,0.00746534715405489,0.017095327730821,0.992948293881164
0.1,"without_ssp126",161,21,-0.966854465166618,0.430825371705641,"hist",-0.978310318042455,0.436689326557671,0.0114558528758368,0.0262334162507265,0.986571792587068
0.1,"with_ssp126",161,25,1.37127032194891,0.358119067989933,"future",1.36530685820253,0.35742081895809,0.00596346374637635,0.016684712893223,1.00195357683382
0.1,"without_ssp126",161,21,1.35560450436448,0.373700788870545,"future",1.36530685820253,0.35742081895809,0.00970235383805562,0.0271454636199949,1.04554846569909
