"tol","archive","draw","n_stitched","mean_gen","var_gen","time_period","mean_target","var_target","bias","E1","E2"
0.1,"with_ssp370",57,25,0.295812766079042,1.9836398268824,"hist+future",0.294952460101501,1.98779287230914,0.00086030597754172,0.000432794578110312,0.997910725264891
0.1,"without_ssp370",57,16,0.300001967357583,1.98187102819546,"hist+future",0.294952460101501,1.98779287230914,0.00504950725608294,0.00254025825649386,0.997020894784275
0.1,"with_ssp370",57,25,-0.973739906347406,0.434072304759469,"hist",-0.978310318042455,0.436689326557671,0.00457041169504868,0.010466048554647,0.994007131296678
0.1,"without_ssp370",57,16,-0.968006982562286,0.434750617049644,"hist",-0.978310318042455,0.436689326557671,0.0103033354801683,0.0235942003927306,0.995560437615205
0.1,"with_ssp370",57,25,2.73158242829258,1.44797240370535,"future",2.73784034840095,1.44483616067424,0.00625792010837278,0.00433123165013566,1.00217065651904
0.1,"without_ssp370",57,16,2.73280983638989,1.44794026696619,"future",2.73784034840095,1.44483616067424,0.00503051201105764,0.00348171796081717,1.0021484140392
