"tol","archive","draw","n_stitched","mean_gen","var_gen","time_period","mean_target","var_target","bias","E1","E2"
0.1,"with_ssp370",76,25,0.298692733123841,1.9852360127438,"hist+future",0.294952460101501,1.98779287230914,0.00374027302234076,0.00188162110572206,0.998713719321082
0.1,"without_ssp370",76,16,0.305107159252685,1.98397479228845,"hist+future",0.294952460101501,1.98779287230914,0.0101546991511843,0.00510852981346493,0.998079236486918
0.1,"with_ssp370",76,25,-0.972944119761461,0.432390298734545,"hist",-0.978310318042455,0.436689326557671,0.00536619828099327,0.012288366018226,0.990155408979161
0.1,"without_ssp370",76,16,-0.965968331091841,0.432435228417697,"hist",-0.978310318042455,0.436689326557671,0.0123419869506135,0.0282626256242688,0.99025829604422
0.1,"with_ssp370",76,25,2.7384611136596,1.44507607654539,"future",2.73784034840095,1.44483616067424,0.000620765258646738,0.000429644049299717,1.00016605057215
0.1,"without_ssp370",76,16,2.74379850700672,1.44260705203144,"future",2.73784034840095,1.44483616067424,0.00595815860576776,0.00412376071968419,0.99845718933158
