"tol","archive","draw","n_stitched","mean_gen","var_gen","time_period","mean_target","var_target","bias","E1","E2"
0.1,"with_ssp370",2,25,0.297126693131321,1.98423151858648,"hist+future",0.294952460101501,1.98779287230914,0.00217423302982045,0.0010937925475579,0.998208387919951
0.1,"without_ssp370",2,17,0.289201345186633,1.98061132313954,"hist+future",0.294952460101501,1.98779287230914,0.00575111491486718,0.0028932163883787,0.996387174302894
0.1,"with_ssp370",2,25,-0.973531982863702,0.432337977112371,"hist",-0.978310318042455,0.436689326557671,0.00477833517875281,0.0109421844962857,0.990035594687873
0.1,"without_ssp370",2,17,-0.978374719081087,0.435380463638154,"hist",-0.978310318042455,0.436689326557671,6.44010386324778e-05,0.000147475641642395,0.997002759536546
0.1,"with_ssp370",2,25,2.73501833893573,1.44589851906647,"future",2.73784034840095,1.44483616067424,0.00282200946522426,0.00195316918418442,1.00073527948783
0.1,"without_ssp370",2,17,2.72117867779331,1.44468854039402,"future",2.73784034840095,1.44483616067424,0.0166616706076432,0.0115318754203023,0.999897829052008
