"tol","archive","draw","n_stitched","mean_gen","var_gen","time_period","mean_target","var_target","bias","E1","E2"
0.1,"with_ssp126",55,25,-0.168727964292274,1.18467859373885,"hist+future",-0.175317978771263,1.1859228791983,0.00659001447898941,0.0055568659603265,0.998950787204406
0.1,"without_ssp126",55,17,-0.162329461275889,1.1754224965639,"hist+future",-0.175317978771263,1.1859228791983,0.0129885174953746,0.0109522446385005,0.991145813257689
0.1,"with_ssp126",55,25,-0.970875379527285,0.434905389637809,"hist",-0.978310318042455,0.436689326557671,0.00743493851517019,0.0170256932400391,0.995914860264791
0.1,"without_ssp126",55,17,-0.95718905874224,0.430837610354288,"hist",-0.978310318042455,0.436689326557671,0.0211212593002147,0.0483667862155209,0.986599818572368
0.1,"with_ssp126",55,25,1.37027579749583,0.360166248928551,"future",1.36530685820253,0.35742081895809,0.00496893929329367,0.0139022100273244,1.00768122567248
0.1,"without_ssp126",55,17,1.36269185944444,0.371041372190708,"future",1.36530685820253,0.35742081895809,0.0026149987580979,0.00731630229520716,1.03810788994419
