"tol","archive","draw","n_stitched","mean_gen","var_gen","time_period","mean_target","var_target","bias","E1","E2"
0.1,"with_ssp245",65,25,0.0606008467695015,1.53147397320992,"hist+future",0.044077998932549,1.53464835261642,0.0165228478369525,0.0107665367175371,0.997931526527824
0.1,"without_ssp245",65,10,0.0441290421910713,1.52610052319818,"hist+future",0.044077998932549,1.53464835261642,5.10432585222945e-05,3.32605566840578e-05,0.994430105500282
0.1,"with_ssp245",65,25,-0.960632262897001,0.427312242711213,"hist",-0.978310318042455,0.436689326557671,0.0176780551454536,0.0404819950256306,0.978526876485908
0.1,"without_ssp245",65,10,-0.970107625830217,0.440055588233302,"hist",-0.978310318042455,0.436689326557671,0.00820269221223779,0.0187838165793927,1.00770859618248
0.1,"with_ssp245",65,25,2.01994344089709,0.808908096178532,"future",2.00563697917529,0.808686836519222,0.0143064617218047,0.0176909788508282,1.00027360363656
0.1,"without_ssp245",65,10,1.99004823083657,0.814806290474624,"future",2.00563697917529,0.808686836519222,0.0155887483387227,0.0192766193719937,1.00756714920913
