"tol","archive","draw","n_stitched","mean_gen","var_gen","time_period","mean_target","var_target","bias","E1","E2"
0.1,"with_ssp370",78,24,0.298576017461976,1.98427476706798,"hist+future",0.294952460101501,1.98779287230914,0.00362355736047509,0.00182290489665845,0.99823014495616
0.1,"without_ssp370",78,15,0.295415760758394,1.98116973063155,"hist+future",0.294952460101501,1.98779287230914,0.000463300656893484,0.000233072903795699,0.996668092651981
0.1,"with_ssp370",78,24,-0.971438367800245,0.435086598978408,"hist",-0.978310318042455,0.436689326557671,0.0068719502422101,0.015736474020055,0.996329821953981
0.1,"without_ssp370",78,15,-0.973247250450258,0.432371120399213,"hist",-0.978310318042455,0.436689326557671,0.00506306759219666,0.0115942096229091,0.990111491406265
0.1,"with_ssp370",78,24,2.73523152406972,1.44764867275066,"future",2.73784034840095,1.44483616067424,0.00260882433122589,0.0018056194897617,1.00194659585146
0.1,"without_ssp370",78,15,2.72947851482151,1.44325950832941,"future",2.73784034840095,1.44483616067424,0.00836183357944398,0.00578739223659924,0.998908767382937
