"tol","archive","draw","n_stitched","mean_gen","var_gen","time_period","mean_target","var_target","bias","E1","E2"
0.1,"with_ssp370",127,24,0.296439561347369,1.98293097877789,"hist+future",0.294952460101501,1.98779287230914,0.00148710124586854,0.000748116801596653,0.997554124678191
0.1,"without_ssp370",127,15,0.302955671047597,1.97683709965373,"hist+future",0.294952460101501,1.98779287230914,0.00800321094609618,0.00402617951678193,0.994488473719755
0.1,"with_ssp370",127,24,-0.971900995684138,0.432849710990716,"hist",-0.978310318042455,0.436689326557671,0.00640932235831637,0.0146770758260562,0.991207443522326
0.1,"without_ssp370",127,15,-0.963764354161572,0.433333215552765,"hist",-0.978310318042455,0.436689326557671,0.0145459638808824,0.033309639133031,0.992314648422114
0.1,"with_ssp370",127,24,2.72988365332642,1.45177523576244,"future",2.73784034840095,1.44483616067424,0.00795669507452557,0.00550698777556378,1.00480267263311
0.1,"without_ssp370",127,15,2.73329060313496,1.43489736045144,"future",2.73784034840095,1.44483616067424,0.00454974526599372,0.00314896968239675,0.993121157614044
