"tol","archive","draw","n_stitched","mean_gen","var_gen","time_period","mean_target","var_target","bias","E1","E2"
0.1,"with_ssp245",17,24,0.0561114675215835,1.53403083448678,"hist+future",0.044077998932549,1.53464835261642,0.0120334685890346,0.00784118952626424,0.999597615878194
0.1,"without_ssp245",17,11,0.0229428785413758,1.52819230360913,"hist+future",0.044077998932549,1.53464835261642,0.0211351203911732,0.0137719630397021,0.995793141147752
0.1,"with_ssp245",17,24,-0.966508050863397,0.434291160101966,"hist",-0.978310318042455,0.436689326557671,0.0118022671790576,0.0270266902836678,0.994508300730386
0.1,"without_ssp245",17,11,-0.99204057548697,0.445953199846484,"hist",-0.978310318042455,0.436689326557671,0.0137302574445157,0.0314417060585117,1.02121387614815
0.1,"with_ssp245",17,24,2.01811403186486,0.806084535338074,"future",2.00563697917529,0.808686836519222,0.0124770526895714,0.0154287817312269,0.996782065611024
0.1,"without_ssp245",17,11,1.97029485429344,0.814984410391254,"future",2.00563697917529,0.808686836519222,0.0353421248818533,0.0437031039530384,1.00778740742107
