"tol","archive","draw","n_stitched","mean_gen","var_gen","time_period","mean_target","var_target","bias","E1","E2"
0.1,"with_ssp245",55,25,0.0539304034169929,1.5294103448172,"hist+future",0.044077998932549,1.53464835261642,0.00985240448444399,0.00641997527814539,0.996586835159797
0.1,"without_ssp245",55,11,0.0504272241693541,1.52740200747834,"hist+future",0.044077998932549,1.53464835261642,0.00634922523680518,0.00413725087312698,0.995278172275928
0.1,"with_ssp245",55,25,-0.96533967483609,0.43155404427567,"hist",-0.978310318042455,0.436689326557671,0.0129706432063648,0.0297022217341779,0.988240421806319
0.1,"without_ssp245",55,11,-0.969006206728728,0.431755247957151,"hist",-0.978310318042455,0.436689326557671,0.00930411131372688,0.021306019515222,0.988701169686435
0.1,"with_ssp245",55,25,2.00950671634442,0.807056472390628,"future",2.00563697917529,0.808686836519222,0.00386973716913053,0.00478521102901438,0.997983936358342
0.1,"without_ssp245",55,11,2.00631694624126,0.793926960303711,"future",2.00563697917529,0.808686836519222,0.000679967065966736,0.000840828656113006,0.981748341200852
