"tol","archive","draw","n_stitched","mean_gen","var_gen","time_period","mean_target","var_target","bias","E1","E2"
0.1,"with_ssp245",200,25,0.0615900941971804,1.53186931204454,"hist+future",0.044077998932549,1.53464835261642,0.0175120952646315,0.0114111452534224,0.998189135271841
0.1,"without_ssp245",200,10,0.0359750749483931,1.52254668885007,"hist+future",0.044077998932549,1.53464835261642,0.00810292398415582,0.00527998741232226,0.992114373468214
0.1,"with_ssp245",200,25,-0.959744357755475,0.430229859065469,"hist",-0.978310318042455,0.436689326557671,0.01856596028698,0.0425152600667653,0.985208093948343
0.1,"without_ssp245",200,10,-0.976022397092038,0.436843896568731,"hist",-0.978310318042455,0.436689326557671,0.00228792095041697,0.00523924174756493,1.00035395875662
0.1,"with_ssp245",200,25,2.02112712410634,0.807407551771089,"future",2.00563697917529,0.808686836519222,0.0154901449310554,0.0191546890978572,0.998418071507583
0.1,"without_ssp245",200,10,1.97759813177015,0.814313315555037,"future",2.00563697917529,0.808686836519222,0.0280388474051387,0.0346720709908232,1.00695754992134
