"tol","archive","draw","n_stitched","mean_gen","var_gen","time_period","mean_target","var_target","bias","E1","E2"
0.1,"with_ssp126",156,25,-0.167046657012915,1.18763084876615,"hist+future",-0.175317978771263,1.1859228791983,0.00827132175834852,0.00697458654642035,1.00144020289836
0.1,"without_ssp126",156,18,-0.175782464201852,1.17870245156817,"hist+future",-0.175317978771263,1.1859228791983,0.000464485430588829,0.000391665797781749,0.993911553814524
0.1,"with_ssp126",156,25,-0.97181836573652,0.432388621025496,"hist",-0.978310318042455,0.436689326557671,0.00649195230593447,0.0148662948946088,0.990151567096734
0.1,"without_ssp126",156,18,-0.97128704438778,0.435351886805998,"hist",-0.978310318042455,0.436689326557671,0.00702327365467426,0.0160829982038655,0.996937319805328
0.1,"with_ssp126",156,25,1.37699208646842,0.361567233057997,"future",1.36530685820253,0.35742081895809,0.011685228265887,0.0326931942575432,1.01160093055574
0.1,"without_ssp126",156,18,1.35047632336417,0.383412600262805,"future",1.36530685820253,0.35742081895809,0.0148305348383613,0.041493203674015,1.07272038987679
