"tol","archive","draw","n_stitched","mean_gen","var_gen","time_period","mean_target","var_target","bias","E1","E2"
0.1,"with_ssp370",13,24,0.307370454472353,1.97875861112588,"hist+future",0.294952460101501,1.98779287230914,0.0124179943708523,0.00624712692345397,0.995455129501111
0.1,"without_ssp370",13,14,0.301792214957888,1.97425137068228,"hist+future",0.294952460101501,1.98779287230914,0.00683975485638727,0.00344087905317911,0.993187669693609
0.1,"with_ssp370",13,24,-0.959018780856077,0.428783902414462,"hist",-0.978310318042455,0.436689326557671,0.0192915371863773,0.0441768003318249,0.981896914665798
0.1,"without_ssp370",13,14,-0.960164278208689,0.43299686784386,"hist",-0.978310318042455,0.436689326557671,0.0181460398337656,0.0415536600741011,0.99154442646236
0.1,"with_ssp370",13,24,2.73707073155597,1.44700556485943,"future",2.73784034840095,1.44483616067424,0.000769616844980447,0.000532667208869758,1.00150148801936
0.1,"without_ssp370",13,14,2.72298781231237,1.44812632569762,"future",2.73784034840095,1.44483616067424,0.0148525360885832,0.0102797372413853,1.00227718900795
