"tol","archive","draw","n_stitched","mean_gen","var_gen","time_period","mean_target","var_target","bias","E1","E2"
0.1,"with_ssp370",79,25,0.294620400286834,1.98496168995781,"hist+future",0.294952460101501,1.98779287230914,0.000332059814666441,0.0001670495046502,0.998575715613648
0.1,"without_ssp370",79,15,0.300625229123195,1.98652151832901,"hist+future",0.294952460101501,1.98779287230914,0.00567276902169489,0.00285380287892121,0.999360419288228
0.1,"with_ssp370",79,25,-0.97598897446778,0.434376250425177,"hist",-0.978310318042455,0.436689326557671,0.00232134357467517,0.00531577813676791,0.994703153954488
0.1,"without_ssp370",79,15,-0.971138120664362,0.433973540371411,"hist",-0.978310318042455,0.436689326557671,0.00717219737809283,0.0164240272017403,0.993780965045178
0.1,"with_ssp370",79,25,2.73241745650208,1.4478934766348,"future",2.73784034840095,1.44483616067424,0.00542289189886835,0.00375329192781119,1.00211602951516
0.1,"without_ssp370",79,15,2.74063630720397,1.44851697125931,"future",2.73784034840095,1.44483616067424,0.00279595880302441,0.00193513899992623,1.00254756261315
