"tol","archive","draw","n_stitched","mean_gen","var_gen","time_period","mean_target","var_target","bias","E1","E2"
0.1,"with_ssp126",9,25,-0.166005710593562,1.18619813650861,"hist+future",-0.175317978771263,1.1859228791983,0.00931226817770189,0.00785233874904002,1.00023210388731
0.1,"without_ssp126",9,17,-0.173468131187701,1.17302704026764,"hist+future",-0.175317978771263,1.1859228791983,0.00184984758356235,0.00155983800971348,0.989125904258312
0.1,"with_ssp126",9,25,-0.969323989390758,0.433944148143021,"hist",-0.978310318042455,0.436689326557671,0.00898632865169646,0.0205783107238589,0.993713658091234
0.1,"without_ssp126",9,17,-0.965078705306857,0.437771851338048,"hist",-0.978310318042455,0.436689326557671,0.0132316127355979,0.0302998308658009,1.00247893574343
0.1,"with_ssp126",9,25,1.37524447547083,0.362366339323557,"future",1.36530685820253,0.35742081895809,0.00993761726829367,0.027803688932454,1.01383668802473
0.1,"without_ssp126",9,17,1.34531959822696,0.37224801477402,"future",1.36530685820253,0.35742081895809,0.0199872599755757,0.0559208051557829,1.04148386168201
