"tol","archive","draw","n_stitched","mean_gen","var_gen","time_period","mean_target","var_target","bias","E1","E2"
0.1,"with_ssp126",117,25,-0.167207984344002,1.18527173213934,"hist+future",-0.175317978771263,1.1859228791983,0.00810999442726162,0.00683855128315267,0.99945093642228
0.1,"without_ssp126",117,20,-0.171984368524874,1.17562846772149,"hist+future",-0.175317978771263,1.1859228791983,0.00333361024638945,0.00281098400651738,0.991319493318343
0.1,"with_ssp126",117,25,-0.970428788421712,0.432033325089264,"hist",-0.978310318042455,0.436689326557671,0.00788152962074262,0.0180483678931909,0.989337954501638
0.1,"without_ssp126",117,20,-0.966336227063433,0.433234906140141,"hist",-0.978310318042455,0.436689326557671,0.0119740909790221,0.027420159483657,0.992089524045021
0.1,"with_ssp126",117,25,1.37385518627021,0.359093551020445,"future",1.36530685820253,0.35742081895809,0.00854832806767569,0.0239167043839101,1.00468000735724
0.1,"without_ssp126",117,20,1.35206280192701,0.37381793841059,"future",1.36530685820253,0.35742081895809,0.0132440562755223,0.0370545182961915,1.04587622931507
