"tol","archive","draw","n_stitched","mean_gen","var_gen","time_period","mean_target","var_target","bias","E1","E2"
0.1,"with_ssp370",60,25,0.301166258647614,1.9829636085791,"hist+future",0.294952460101501,1.98779287230914,0.00621379854611298,0.00312597888475908,0.99757053976935
0.1,"without_ssp370",60,15,0.299242985331355,1.97679917245525,"hist+future",0.294952460101501,1.98779287230914,0.0042905252298549,0.00215843677156904,0.994469393664178
0.1,"with_ssp370",60,25,-0.968092078366209,0.432978358597827,"hist",-0.978310318042455,0.436689326557671,0.0102182396762455,0.0233993346180308,0.991502041075523
0.1,"without_ssp370",60,15,-0.966292367255329,0.434356858442923,"hist",-0.978310318042455,0.436689326557671,0.0120179507871254,0.0275205965803203,0.99465874713922
0.1,"with_ssp370",60,25,2.73637120756948,1.44734229193435,"future",2.73784034840095,1.44483616067424,0.0014691408314671,0.00101682174868984,1.00173454356163
0.1,"without_ssp370",60,15,2.72730499901511,1.43999972257794,"future",2.73784034840095,1.44483616067424,0.0105353493858384,0.00729172599121691,0.996652604476588
