"tol","archive","draw","n_stitched","mean_gen","var_gen","time_period","mean_target","var_target","bias","E1","E2"
0.1,"with_ssp370",144,25,0.30299436376225,1.98334760723625,"hist+future",0.294952460101501,1.98779287230914,0.00804190366074947,0.00404564468098102,0.997763718174655
0.1,"without_ssp370",144,16,0.296277680287334,1.98338747702386,"hist+future",0.294952460101501,1.98779287230914,0.00132522018583309,0.000666679212051722,0.997783775489564
0.1,"with_ssp370",144,25,-0.968049999401406,0.430780005854875,"hist",-0.978310318042455,0.436689326557671,0.0102603186410491,0.0234956936592178,0.986467906716709
0.1,"without_ssp370",144,16,-0.972628679401869,0.43808854025176,"hist",-0.978310318042455,0.436689326557671,0.00568163864058524,0.0130107110365449,1.00320413989762
0.1,"with_ssp370",144,25,2.74162599076229,1.44134400105981,"future",2.73784034840095,1.44483616067424,0.00378564236133716,0.00262011878189051,0.997583006496182
0.1,"without_ssp370",144,16,2.73080732387708,1.44766703120259,"future",2.73784034840095,1.44483616067424,0.00703302452386589,0.00486769691629525,1.00195930210317
