"tol","archive","draw","n_stitched","mean_gen","var_gen","time_period","mean_target","var_target","bias","E1","E2"
0.1,"with_ssp126",99,25,-0.166937583903319,1.18774276382291,"hist+future",-0.175317978771263,1.1859228791983,0.00838039486794431,0.00706655973583172,1.0015345724891
0.1,"without_ssp126",99,16,-0.174363352115841,1.17098773606425,"hist+future",-0.175317978771263,1.1859228791983,0.00095462665542273,0.000804965206563915,0.987406311661565
0.1,"with_ssp126",99,25,-0.97169606540379,0.432889176760354,"hist",-0.978310318042455,0.436689326557671,0.00661425263866444,0.0151463574592106,0.991297818457638
0.1,"without_ssp126",99,16,-0.965409542457061,0.433822764012631,"hist",-0.978310318042455,0.436689326557671,0.0129007755853939,0.0295422278512919,0.993435693591056
0.1,"with_ssp126",99,25,1.37707578176619,0.361656027923609,"future",1.36530685820253,0.35742081895809,0.0117689235636556,0.0329273588426184,1.01184936282633
0.1,"without_ssp126",99,16,1.34334154795743,0.369022101692324,"future",1.36530685820253,0.35742081895809,0.0219653102451034,0.0614550386548104,1.03245832956248
