"tol","archive","draw","n_stitched","mean_gen","var_gen","time_period","mean_target","var_target","bias","E1","E2"
0.1,"with_ssp126",127,25,-0.165228917962351,1.18525221062567,"hist+future",-0.175317978771263,1.1859228791983,0.0100890608089125,0.00850734983351776,0.999434475390945
0.1,"without_ssp126",127,20,-0.174678703902033,1.17168924644051,"hist+future",-0.175317978771263,1.1859228791983,0.000639274869230405,0.000539052648737636,0.98799784285517
0.1,"with_ssp126",127,25,-0.968199093282879,0.432567885108298,"hist",-0.978310318042455,0.436689326557671,0.0101112247595762,0.0231542750066295,0.990562074228236
0.1,"without_ssp126",127,20,-0.966593589958536,0.43336963720873,"hist",-0.978310318042455,0.436689326557671,0.0117167280839187,0.0268308093909213,0.992398052466475
0.1,"with_ssp126",127,25,1.37535339515261,0.360806547496537,"future",1.36530685820253,0.35742081895809,0.0100465369500808,0.0281084268660323,1.00947266739614
0.1,"without_ssp126",127,20,1.34469287981103,0.366302282784012,"future",1.36530685820253,0.35742081895809,0.0206139783915089,0.0576742520248269,1.02484875909526
