"tol","archive","draw","n_stitched","mean_gen","var_gen","time_period","mean_target","var_target","bias","E1","E2"
0.1,"with_ssp245",189,25,0.0540548948117027,1.5344916393918,"hist+future",0.044077998932549,1.53464835261642,0.00997689587915374,0.00650109574753338,0.999897883300528
0.1,"without_ssp245",189,10,0.0393530707736221,1.51514880980816,"hist+future",0.044077998932549,1.53464835261642,0.00472492815892681,0.00307883441237289,0.987293803968174
0.1,"with_ssp245",189,25,-0.968531977724646,0.43480964603668,"hist",-0.978310318042455,0.436689326557671,0.00977834031780844,0.0223919837814426,0.995695611486984
0.1,"without_ssp245",189,10,-0.967939612424234,0.433027368022787,"hist",-0.978310318042455,0.436689326557671,0.0103707056182208,0.0237484751458684,0.991614270575948
0.1,"with_ssp245",189,25,2.01599482467795,0.808355795042232,"future",2.00563697917529,0.808686836519222,0.0103578455026647,0.0128082281482994,0.999590643173549
0.1,"without_ssp245",189,10,1.97194949783928,0.810617784500284,"future",2.00563697917529,0.808686836519222,0.0336874813360126,0.0416570170487892,1.00238775740356
