"tol","archive","draw","n_stitched","mean_gen","var_gen","time_period","mean_target","var_target","bias","E1","E2"
0.1,"with_ssp245",137,25,0.0548139661163475,1.53009605100343,"hist+future",0.044077998932549,1.53464835261642,0.0107359671837985,0.00699571805195292,0.997033651647146
0.1,"without_ssp245",137,11,0.0361920077975414,1.53010817307257,"hist+future",0.044077998932549,1.53464835261642,0.0078859911350076,0.0051386306977509,0.997041550570124
0.1,"with_ssp245",137,25,-0.965165798022933,0.432627788541884,"hist",-0.978310318042455,0.436689326557671,0.0131445200195215,0.0301003922471312,0.990699250545454
0.1,"without_ssp245",137,11,-0.982593303210997,0.435462734956601,"hist",-0.978310318042455,0.436689326557671,0.00428298516854209,0.00980785402360059,0.997191157359538
0.1,"with_ssp245",137,25,2.0117518856859,0.804721446661129,"future",2.00563697917529,0.808686836519222,0.00611490651060898,0.00756152596341121,0.995096507474808
0.1,"without_ssp245",137,11,1.99083824403485,0.809764734954266,"future",2.00563697917529,0.808686836519222,0.0147987351404357,0.018299710681743,1.00133289969166
