"tol","archive","draw","n_stitched","mean_gen","var_gen","time_period","mean_target","var_target","bias","E1","E2"
0.1,"with_ssp126",57,25,-0.170637758863519,1.1874145367507,"hist+future",-0.175317978771263,1.1859228791983,0.00468021990774428,0.00394647914281592,1.00125780316626
0.1,"without_ssp126",57,23,-0.192487873838027,1.1717964308884,"hist+future",-0.175317978771263,1.1859228791983,0.0171698950667634,0.0144780873764494,0.988088223477529
0.1,"with_ssp126",57,25,-0.97494097313588,0.435352738756527,"hist",-0.978310318042455,0.436689326557671,0.00336934490657459,0.00771565665031114,0.996939270735833
0.1,"without_ssp126",57,23,-0.984099764499129,0.437153764683023,"hist",-0.978310318042455,0.436689326557671,0.00578944645667467,0.0132575863539227,1.00106354357001
0.1,"with_ssp126",57,25,1.37250212898462,0.358494448176543,"future",1.36530685820253,0.35742081895809,0.00719527078208126,0.0201310903014996,1.00300382395626
0.1,"without_ssp126",57,23,1.32630238150014,0.362431763066215,"future",1.36530685820253,0.35742081895809,0.0390044767023989,0.109127601509336,1.01401973204228
