"tol","archive","draw","n_stitched","mean_gen","var_gen","time_period","mean_target","var_target","bias","E1","E2"
0.1,"with_ssp245",193,25,0.0551500213395925,1.53280146853733,"hist+future",0.044077998932549,1.53464835261642,0.0110720224070435,0.00721469670114773,0.998796542493957
0.1,"without_ssp245",193,10,0.0390572800870099,1.51761810546329,"hist+future",0.044077998932549,1.53464835261642,0.00502071884553907,0.00327157608254636,0.988902834239452
0.1,"with_ssp245",193,25,-0.966639795365364,0.430199895538547,"hist",-0.978310318042455,0.436689326557671,0.0116705226770903,0.0267250009728577,0.98513947874504
0.1,"without_ssp245",193,10,-0.971493654465582,0.436200327582274,"hist",-0.978310318042455,0.436689326557671,0.00681666357687249,0.0156098699059279,0.99888021312714
0.1,"with_ssp245",193,25,2.0155607161805,0.809372943364364,"future",2.00563697917529,0.808686836519222,0.00992373700520899,0.0122714214663405,1.00084842093893
0.1,"without_ssp245",193,10,1.97790500335652,0.798011097322385,"future",2.00563697917529,0.808686836519222,0.0277319758187708,0.0342926019893384,0.986798673213493
