"tol","archive","draw","n_stitched","mean_gen","var_gen","time_period","mean_target","var_target","bias","E1","E2"
0.1,"with_ssp370",120,24,0.295636779902985,1.98403677249738,"hist+future",0.294952460101501,1.98779287230914,0.000684319801484812,0.000344261120470698,0.998110416903044
0.1,"without_ssp370",120,16,0.292476218895316,1.98059007495591,"hist+future",0.294952460101501,1.98779287230914,0.00247624120618428,0.00124572395880851,0.996376484968041
0.1,"with_ssp370",120,24,-0.973468814948469,0.433979152517177,"hist",-0.978310318042455,0.436689326557671,0.0048415030939859,0.0110868363377471,0.993793816620485
0.1,"without_ssp370",120,16,-0.973785882473912,0.435963042029221,"hist",-0.978310318042455,0.436689326557671,0.00452443556854254,0.0103607651787776,0.998336839294481
0.1,"with_ssp370",120,24,2.73054867700171,1.4517933566394,"future",2.73784034840095,1.44483616067424,0.00729167139924414,0.00504671159105086,1.00481521445442
0.1,"without_ssp370",120,16,2.72193257617349,1.45068651617767,"future",2.73784034840095,1.44483616067424,0.0159077722274628,0.0110100872752515,1.00404914803675
