"tol","archive","draw","n_stitched","mean_gen","var_gen","time_period","mean_target","var_target","bias","E1","E2"
0.1,"with_ssp370",121,24,0.299742383677738,1.98212301598317,"hist+future",0.294952460101501,1.98779287230914,0.00478992357623748,0.00240966935889714,0.99714766241244
0.1,"without_ssp370",121,15,0.295601006194636,1.97967657819246,"hist+future",0.294952460101501,1.98779287230914,0.000648546093135582,0.00032626442229979,0.995916931673444
0.1,"with_ssp370",121,24,-0.968908169983802,0.433285150676432,"hist",-0.978310318042455,0.436689326557671,0.00940214805865314,0.0215305194948735,0.992204581897906
0.1,"without_ssp370",121,15,-0.970680553861317,0.436881304679967,"hist",-0.978310318042455,0.436689326557671,0.00762976418113759,0.0174718357356737,1.00043962174164
0.1,"with_ssp370",121,24,2.73378123663302,1.44677865317801,"future",2.73784034840095,1.44483616067424,0.00405911176793206,0.00280939242691562,1.00134443790697
0.1,"without_ssp370",121,15,2.72509469699966,1.44638650791425,"future",2.73784034840095,1.44483616067424,0.0127456514012869,0.00882152021675527,1.00107302632797
