"tol","archive","draw","n_stitched","mean_gen","var_gen","time_period","mean_target","var_target","bias","E1","E2"
0.1,"with_ssp126",191,25,-0.1686959926501,1.18391344444425,"hist+future",-0.175317978771263,1.1859228791983,0.0066219861211638,0.00558382525315674,0.998305594074209
0.1,"without_ssp126",191,20,-0.176275674244727,1.17637030686424,"hist+future",-0.175317978771263,1.1859228791983,0.000957695473463138,0.000807552911122312,0.991945030742208
0.1,"with_ssp126",191,25,-0.971283921690102,0.431528505854879,"hist",-0.978310318042455,0.436689326557671,0.00702639635235291,0.0160901490488455,0.988181939908003
0.1,"without_ssp126",191,20,-0.970486160621805,0.435589386351729,"hist",-0.978310318042455,0.436689326557671,0.00782415742064924,0.0179169879931012,0.997481183672126
0.1,"with_ssp126",191,25,1.37115294097316,0.35508190468222,"future",1.36530685820253,0.35742081895809,0.00584608277062637,0.0163563017612353,0.993456133073927
0.1,"without_ssp126",191,20,1.3475002589206,0.377049914874208,"future",1.36530685820253,0.35742081895809,0.0178065992819345,0.0498197036586793,1.05491872570081
