"tol","archive","draw","n_stitched","mean_gen","var_gen","time_period","mean_target","var_target","bias","E1","E2"
0.1,"with_ssp245",53,25,0.0559491377819936,1.53020357522788,"hist+future",0.044077998932549,1.53464835261642,0.0118711388494446,0.0077354130209735,0.997103716052631
0.1,"without_ssp245",53,10,0.0258484407875805,1.52171928664238,"hist+future",0.044077998932549,1.53464835261642,0.0182295581449685,0.0118786548813537,0.991575225717341
0.1,"with_ssp245",53,25,-0.964125375610713,0.431988612034425,"hist",-0.978310318042455,0.436689326557671,0.0141849424317413,0.0324829153566866,0.989235563506209
0.1,"without_ssp245",53,10,-0.984756917070571,0.436328650109411,"hist",-0.978310318042455,0.436689326557671,0.0064465990281164,0.0147624378157661,0.999174066261012
0.1,"with_ssp245",53,25,2.01306884370986,0.805304255899678,"future",2.00563697917529,0.808686836519222,0.00743186453457279,0.00919004019721809,0.995817193421741
0.1,"without_ssp245",53,10,1.96480058086427,0.8199987717104,"future",2.00563697917529,0.808686836519222,0.0408363983110223,0.0504971720410236,1.01398802933391
