"tol","archive","draw","n_stitched","mean_gen","var_gen","time_period","mean_target","var_target","bias","E1","E2"
0.1,"with_ssp370",5,24,0.296827313410236,1.98359750822475,"hist+future",0.294952460101501,1.98779287230914,0.00187485330873577,0.000943183434679401,0.997889435995652
0.1,"without_ssp370",5,14,0.293408488548842,1.97222084228788,"hist+future",0.294952460101501,1.98779287230914,0.00154397155265823,0.000776726576579711,0.992166170712157
0.1,"with_ssp370",5,24,-0.973692981017291,0.433147757550694,"hist",-0.978310318042455,0.436689326557671,0.00461733702516409,0.0105735055664437,0.991889957478707
0.1,"without_ssp370",5,14,-0.968281737049883,0.438288703330582,"hist",-0.978310318042455,0.436689326557671,0.0100285809925714,0.0229650242922688,1.00366250484187
0.1,"with_ssp370",5,24,2.73445345969561,1.44356189602026,"future",2.73784034840095,1.44483616067424,0.00338688870534209,0.00234413340247629,0.999118055950796
0.1,"without_ssp370",5,14,2.71409322370919,1.43825773937976,"future",2.73784034840095,1.44483616067424,0.023747124691762,0.0164358598837118,0.995446943069712
