"tol","archive","draw","n_stitched","mean_gen","var_gen","time_period","mean_target","var_target","bias","E1","E2"
0.1,"with_ssp126",147,25,-0.168240638742744,1.18637311694346,"hist+future",-0.175317978771263,1.1859228791983,0.00707734002851912,0.00596779112087248,1.00037965179107
0.1,"without_ssp126",147,20,-0.177460981878659,1.17064423315732,"hist+future",-0.175317978771263,1.1859228791983,0.00214300310739543,0.00180703412083941,0.98711666137067
0.1,"with_ssp126",147,25,-0.97208305678231,0.434273154733348,"hist",-0.978310318042455,0.436689326557671,0.00622726126014495,0.0142601636482236,0.994467069201417
0.1,"without_ssp126",147,20,-0.967997885364099,0.437537239689729,"hist",-0.978310318042455,0.436689326557671,0.0103124326783552,0.0236150325899787,1.00194168503898
0.1,"with_ssp126",147,25,1.37401516330991,0.356726827128868,"future",1.36530685820253,0.35742081895809,0.00870830510737619,0.0243642917409277,0.998058334063347
0.1,"without_ssp126",147,20,1.33926679806434,0.363706626276614,"future",1.36530685820253,0.35742081895809,0.0260400601381963,0.0728554654821314,1.01758657298377
