"tol","archive","draw","n_stitched","mean_gen","var_gen","time_period","mean_target","var_target","bias","E1","E2"
0.1,"with_ssp370",118,25,0.297239126519931,1.98317150709014,"hist+future",0.294952460101501,1.98779287230914,0.00228666641842995,0.00115035447117466,0.997675127382042
0.1,"without_ssp370",118,15,0.292979559715727,1.97668185334062,"hist+future",0.294952460101501,1.98779287230914,0.00197290038577347,0.000992508029008891,0.994410373875819
0.1,"with_ssp370",118,25,-0.972348393431517,0.432069014362864,"hist",-0.978310318042455,0.436689326557671,0.0059619246109377,0.0136525539974477,0.989419681421508
0.1,"without_ssp370",118,15,-0.973352335882071,0.437302945512817,"hist",-0.978310318042455,0.436689326557671,0.00495798216038368,0.0113535684498323,1.00140516133056
0.1,"with_ssp370",118,25,2.73307564735701,1.4470779170176,"future",2.73784034840095,1.44483616067424,0.00476470104393956,0.00329774487490407,1.0015515643949
0.1,"without_ssp370",118,15,2.72256982452546,1.43388082653798,"future",2.73784034840095,1.44483616067424,0.0152705238754938,0.0105690349474418,0.992417594164346
