"tol","archive","draw","n_stitched","mean_gen","var_gen","time_period","mean_target","var_target","bias","E1","E2"
0.1,"with_ssp245",119,25,0.0583582515038173,1.53112414653498,"hist+future",0.044077998932549,1.53464835261642,0.0142802525712683,0.00930522783732305,0.997703574193113
0.1,"without_ssp245",119,11,0.034607573184392,1.51939473010254,"hist+future",0.044077998932549,1.53464835261642,0.00947042574815696,0.00617107217559699,0.990060509635395
0.1,"with_ssp245",119,25,-0.961802240743408,0.430657410335993,"hist",-0.978310318042455,0.436689326557671,0.0165080772990466,0.0378027954774536,0.986187168188363
0.1,"without_ssp245",119,11,-0.975569721724058,0.438592580444001,"hist",-0.978310318042455,0.436689326557671,0.00274059631839663,0.00627584910306868,1.00435837051785
0.1,"with_ssp245",119,25,2.01564291686187,0.811149546487648,"future",2.00563697917529,0.808686836519222,0.0100059376865773,0.0123730685782462,1.00304531971737
0.1,"without_ssp245",119,11,1.97273842969479,0.808054315272354,"future",2.00563697917529,0.808686836519222,0.0328985494804983,0.0406814455174037,0.999217841544707
