"tol","archive","draw","n_stitched","mean_gen","var_gen","time_period","mean_target","var_target","bias","E1","E2"
0.1,"with_ssp245",143,25,0.0620205517069571,1.53218196743469,"hist+future",0.044077998932549,1.53464835261642,0.0179425527744081,0.0116916378555503,0.99839286623706
0.1,"without_ssp245",143,10,0.0380587144104224,1.52617165584046,"hist+future",0.044077998932549,1.53464835261642,0.00601928452212658,0.00392225652988471,0.994476456602247
0.1,"with_ssp245",143,25,-0.959252372536248,0.430743075301288,"hist",-0.978310318042455,0.436689326557671,0.0190579455062071,0.0436418853110902,0.986383337318418
0.1,"without_ssp245",143,10,-0.978612771865271,0.439447626079199,"hist",-0.978310318042455,0.436689326557671,0.000302453822816573,0.000692606400987063,1.00631638868591
0.1,"with_ssp245",143,25,2.02143953426659,0.809048781495492,"future",2.00563697917529,0.808686836519222,0.0158025550913052,0.019541006948157,1.00044757124752
0.1,"without_ssp245",143,10,1.98864935668356,0.798653878662783,"future",2.00563697917529,0.808686836519222,0.0169876224917331,0.0210064288480963,0.987593519019521
