"tol","archive","draw","n_stitched","mean_gen","var_gen","time_period","mean_target","var_target","bias","E1","E2"
0.1,"with_ssp370",197,25,0.301341341676506,1.98235824883308,"hist+future",0.294952460101501,1.98779287230914,0.00638888157500545,0.00321405799568228,0.997266001125282
0.1,"without_ssp370",197,15,0.304230048732042,1.97750736823011,"hist+future",0.294952460101501,1.98779287230914,0.00927758863054168,0.00466728136506711,0.994825666083066
0.1,"with_ssp370",197,25,-0.968221266348913,0.430627204553713,"hist",-0.978310318042455,0.436689326557671,0.0100890516935417,0.0231034996276908,0.986117998230585
0.1,"without_ssp370",197,15,-0.961005638023153,0.434718312759678,"hist",-0.978310318042455,0.436689326557671,0.0173046800193015,0.0396269818539203,0.995486462164006
0.1,"with_ssp370",197,25,2.73713006637644,1.44477003941512,"future",2.73784034840095,1.44483616067424,0.000710282024511955,0.000491600393071901,0.999954236154298
0.1,"without_ssp370",197,15,2.73171712215771,1.44409963914697,"future",2.73784034840095,1.44483616067424,0.00612322624324202,0.00423800733253005,0.999490238722342
