"tol","archive","draw","n_stitched","mean_gen","var_gen","time_period","mean_target","var_target","bias","E1","E2"
0.1,"with_ssp370",119,25,0.298088029789513,1.98309099325984,"hist+future",0.294952460101501,1.98779287230914,0.00313556968801221,0.00157741268302755,0.99763462324732
0.1,"without_ssp370",119,15,0.296471042694151,1.97756962552667,"hist+future",0.294952460101501,1.98779287230914,0.00151858259265059,0.000763954139188812,0.994856985893808
0.1,"with_ssp370",119,25,-0.971328156355485,0.431878782678086,"hist",-0.978310318042455,0.436689326557671,0.00698216168696986,0.0159888535449418,0.98898405894757
0.1,"without_ssp370",119,15,-0.970207698680188,0.432790441406074,"hist",-0.978310318042455,0.436689326557671,0.00810261936226642,0.0185546540057153,0.991071718692254
0.1,"with_ssp370",119,25,2.73359582878864,1.4477066894617,"future",2.73784034840095,1.44483616067424,0.00424451961231354,0.00293771690371647,1.00198675037737
0.1,"without_ssp370",119,15,2.72672676742399,1.438359303534,"future",2.73784034840095,1.44483616067424,0.0111135809769611,0.00769193163865368,0.995517237651903
