"tol","archive","draw","n_stitched","mean_gen","var_gen","time_period","mean_target","var_target","bias","E1","E2"
0.1,"with_ssp126",1,25,-0.170922596645669,1.18528570051965,"hist+future",-0.175317978771263,1.1859228791983,0.0043953821255944,0.0037062967606846,0.999462714911889
0.1,"without_ssp126",1,18,-0.176718490881678,1.17097291917599,"hist+future",-0.175317978771263,1.1859228791983,0.00140051211041509,0.00118094703709727,0.987393817688705
0.1,"with_ssp126",1,25,-0.973324282591928,0.435343189870665,"hist",-0.978310318042455,0.436689326557671,0.00498603545052678,0.0114178092920902,0.996917404193005
0.1,"without_ssp126",1,18,-0.966896527894678,0.439827493581496,"hist",-0.978310318042455,0.436689326557671,0.0114137901477772,0.0261370943909935,1.00718626912309
0.1,"with_ssp126",1,25,1.36856901011169,0.361805967006137,"future",1.36530685820253,0.35742081895809,0.00326215190915424,0.00912692192543142,1.01226886576118
0.1,"without_ssp126",1,18,1.33932076617815,0.365765302205601,"future",1.36530685820253,0.35742081895809,0.0259860920243888,0.0727044722804351,1.02334638276482
