"tol","archive","draw","n_stitched","mean_gen","var_gen","time_period","mean_target","var_target","bias","E1","E2"
0.1,"with_ssp370",124,24,0.30079221892472,1.98377647774444,"hist+future",0.294952460101501,1.98779287230914,0.00583975882321941,0.00293781052571921,0.997979470285533
0.1,"without_ssp370",124,15,0.287175054983975,1.97659135281858,"hist+future",0.294952460101501,1.98779287230914,0.00777740511752573,0.00391258326049384,0.99436484573086
0.1,"with_ssp370",124,24,-0.969380918613822,0.432610854649112,"hist",-0.978310318042455,0.436689326557671,0.0089293994286328,0.0204479452223423,0.990660472650639
0.1,"without_ssp370",124,15,-0.977295497486564,0.440063729081694,"hist",-0.978310318042455,0.436689326557671,0.00101482055589119,0.00232389594655498,1.00772723837934
0.1,"with_ssp370",124,24,2.7377523083882,1.44629780874826,"future",2.73784034840095,1.44483616067424,8.80400127480918e-05,6.09342534083638e-05,1.00101163586142
0.1,"without_ssp370",124,15,2.71319413821233,1.44108263727869,"future",2.73784034840095,1.44483616067424,0.0246462101886165,0.0170581349356007,0.997402111396625
