"tol","archive","draw","n_stitched","mean_gen","var_gen","time_period","mean_target","var_target","bias","E1","E2"
0.1,"with_ssp126",84,25,-0.16695667719898,1.1825302090211,"hist+future",-0.175317978771263,1.1859228791983,0.00836130157228326,0.00705045978869692,0.997139215174354
0.1,"without_ssp126",84,19,-0.181092065813726,1.17263333925143,"hist+future",-0.175317978771263,1.1859228791983,0.00577408704246238,0.00486885542368974,0.988793925659107
0.1,"with_ssp126",84,25,-0.968421316009277,0.432406023818087,"hist",-0.978310318042455,0.436689326557671,0.00988900203317744,0.0226453944068895,0.99019141875221
0.1,"without_ssp126",84,19,-0.972901067281042,0.437628534400349,"hist",-0.978310318042455,0.436689326557671,0.00540925076141263,0.0123869543688017,1.00215074604658
0.1,"with_ssp126",84,25,1.37073710656496,0.353788082631482,"future",1.36530685820253,0.35742081895809,0.005430248362428,0.0151928709084647,0.989836248662859
0.1,"without_ssp126",84,19,1.33807636723403,0.366644062324218,"future",1.36530685820253,0.35742081895809,0.0272304909685017,0.0761860796130476,1.02580499757405
