"tol","archive","draw","n_stitched","mean_gen","var_gen","time_period","mean_target","var_target","bias","E1","E2"
0.1,"with_ssp126",192,25,-0.168090542108763,1.18551910366881,"hist+future",-0.175317978771263,1.1859228791983,0.00722743666250081,0.00609435637786723,0.999659526317796
0.1,"without_ssp126",192,20,-0.178398986272536,1.17169071017099,"hist+future",-0.175317978771263,1.1859228791983,0.00308100750127252,0.00259798301838593,0.987999077109528
0.1,"with_ssp126",192,25,-0.971311546564716,0.434322405349295,"hist",-0.978310318042455,0.436689326557671,0.0069987714777392,0.0160268892599437,0.994579851018953
0.1,"without_ssp126",192,20,-0.970604718624063,0.433695078315572,"hist",-0.978310318042455,0.436689326557671,0.00770559941839155,0.0176454952062446,0.993143298771
0.1,"with_ssp126",192,25,1.37297301295208,0.35616403241409,"future",1.36530685820253,0.35742081895809,0.00766615474954335,0.0214485400483688,0.996483734362022
0.1,"without_ssp126",192,20,1.34153061649493,0.362028146905645,"future",1.36530685820253,0.35742081895809,0.0237762417076048,0.0665217033996914,1.01289048567732
