"tol","archive","draw","n_stitched","mean_gen","var_gen","time_period","mean_target","var_target","bias","E1","E2"
0.1,"with_ssp126",62,25,-0.16681228780494,1.18515837403623,"hist+future",-0.175317978771263,1.1859228791983,0.00850569096632328,0.0071722125574247,0.999355350018555
0.1,"without_ssp126",62,20,-0.177634282375881,1.17174780955411,"hist+future",-0.175317978771263,1.1859228791983,0.00231630360461788,0.00195316545894092,0.988047224745534
0.1,"with_ssp126",62,25,-0.969939885468602,0.431666018716262,"hist",-0.978310318042455,0.436689326557671,0.0083704325738525,0.0191679348790932,0.98849683851674
0.1,"without_ssp126",62,20,-0.968940006762601,0.435965032296204,"hist",-0.978310318042455,0.436689326557671,0.00937031127985344,0.0214576146243775,0.998341396921293
0.1,"with_ssp126",62,25,1.37407205654976,0.360015647302744,"future",1.36530685820253,0.35742081895809,0.00876519834722655,0.0245234689260066,1.00725986905916
0.1,"without_ssp126",62,20,1.34056856092422,0.368309141163983,"future",1.36530685820253,0.35742081895809,0.024738297278313,0.0692133640967728,1.03046359257313
