"tol","archive","draw","n_stitched","mean_gen","var_gen","time_period","mean_target","var_target","bias","E1","E2"
0.1,"with_ssp370",40,25,0.29670198657347,1.98454397409456,"hist+future",0.294952460101501,1.98779287230914,0.00174952647196985,0.00088013519735459,0.998365575075834
0.1,"without_ssp370",40,14,0.303853552278708,1.98478242977791,"hist+future",0.294952460101501,1.98779287230914,0.00890109217720697,0.0044778770973592,0.998485535101183
0.1,"with_ssp370",40,25,-0.973929103942853,0.435233624410725,"hist",-0.978310318042455,0.436689326557671,0.00438121409960146,0.0100327941013297,0.996666503945902
0.1,"without_ssp370",40,14,-0.96620266833461,0.43556710496874,"hist",-0.978310318042455,0.436689326557671,0.0121076497078451,0.027726003296868,0.997430160251964
0.1,"with_ssp370",40,25,2.73454070675014,1.44561913126328,"future",2.73784034840095,1.44483616067424,0.00329964165081176,0.00228374797130766,1.00054190960217
0.1,"without_ssp370",40,14,2.74058932438565,1.44899961778686,"future",2.73784034840095,1.44483616067424,0.00274897598470369,0.00190262125182475,1.00288161192663
