"tol","archive","draw","n_stitched","mean_gen","var_gen","time_period","mean_target","var_target","bias","E1","E2"
0.1,"with_ssp126",141,25,-0.168473605609018,1.18483404664682,"hist+future",-0.175317978771263,1.1859228791983,0.00684437316224584,0.00577134759966243,0.999081869006346
0.1,"without_ssp126",141,20,-0.18043390600042,1.16839406244498,"hist+future",-0.175317978771263,1.1859228791983,0.00511592722915696,0.00431387851511509,0.985219260829872
0.1,"with_ssp126",141,25,-0.971518351700045,0.433181960327768,"hist",-0.978310318042455,0.436689326557671,0.00679196634240964,0.0155533142885567,0.991968280384706
0.1,"without_ssp126",141,20,-0.969573732761227,0.43601811453193,"hist",-0.978310318042455,0.436689326557671,0.008736585281228,0.0200064090187334,0.99846295298529
0.1,"with_ssp126",141,25,1.37225177933307,0.354396295061152,"future",1.36530685820253,0.35742081895809,0.00694492113053591,0.0194306564200175,0.991537919067628
0.1,"without_ssp126",141,20,1.33361343604066,0.363080328808895,"future",1.36530685820253,0.35742081895809,0.0316934221618723,0.0886725688063196,1.0158343038531
