"tol","archive","draw","n_stitched","mean_gen","var_gen","time_period","mean_target","var_target","bias","E1","E2"
0.1,"with_ssp126",76,25,-0.166340966288872,1.18683785381635,"hist+future",-0.175317978771263,1.1859228791983,0.00897701248239136,0.00756964271442336,1.00077152961132
0.1,"without_ssp126",76,20,-0.182799532777474,1.16837927002426,"hist+future",-0.175317978771263,1.1859228791983,0.00748155400621031,0.00630863451362703,0.985206787488665
0.1,"with_ssp126",76,25,-0.971189273739872,0.430337063985409,"hist",-0.978310318042455,0.436689326557671,0.0071210443025832,0.0163068888326556,0.985453588659159
0.1,"without_ssp126",76,20,-0.971957847731892,0.435810130065298,"hist",-0.978310318042455,0.436689326557671,0.0063524703105623,0.0145468870527188,0.997986677395338
0.1,"with_ssp126",76,25,1.37784473986712,0.357686239388016,"future",1.36530685820253,0.35742081895809,0.0125378816645811,0.0350787670990461,1.00074259924394
0.1,"without_ssp126",76,20,1.33128328079786,0.363195401426763,"future",1.36530685820253,0.35742081895809,0.0340235774046698,0.0951919295128113,1.01615625660952
