"tol","archive","draw","n_stitched","mean_gen","var_gen","time_period","mean_target","var_target","bias","E1","E2"
0.1,"with_ssp126",52,25,-0.167580881979561,1.18874224924294,"hist+future",-0.175317978771263,1.1859228791983,0.00773709679170209,0.00652411461775027,1.00237736373427
0.1,"without_ssp126",52,19,-0.174539041256608,1.17557726383316,"hist+future",-0.175317978771263,1.1859228791983,0.000778937514655603,0.000656819704146511,0.991276316911834
0.1,"with_ssp126",52,25,-0.972976378326557,0.43439172029478,"hist",-0.978310318042455,0.436689326557671,0.00533393971589768,0.0122144952750368,0.994738579298462
0.1,"without_ssp126",52,19,-0.967146610978128,0.440183021763229,"hist",-0.978310318042455,0.436689326557671,0.0111637070643268,0.0255644147575759,1.00800041355052
0.1,"with_ssp126",52,25,1.37765466333735,0.359837079619755,"future",1.36530685820253,0.35742081895809,0.0123478051348151,0.0345469667122637,1.00676026838254
0.1,"without_ssp126",52,19,1.34616152855794,0.378443305288462,"future",1.36530685820253,0.35742081895809,0.0191453296445974,0.0535652335541268,1.05881718471704
