"tol","archive","draw","n_stitched","mean_gen","var_gen","time_period","mean_target","var_target","bias","E1","E2"
0.1,"with_ssp245",131,24,0.059135811051641,1.53097242996643,"hist+future",0.044077998932549,1.53464835261642,0.015057812119092,0.0098118973596915,0.997604713390057
0.1,"without_ssp245",131,11,0.0391839737845871,1.52580663494702,"hist+future",0.044077998932549,1.53464835261642,0.00489402514796184,0.0031890205594122,0.994238603485723
0.1,"with_ssp245",131,24,-0.961809067901365,0.430310612012328,"hist",-0.978310318042455,0.436689326557671,0.0165012501410895,0.0377871615758629,0.985393014764925
0.1,"without_ssp245",131,11,-0.976254326674078,0.438712104236248,"hist",-0.978310318042455,0.436689326557671,0.00205599136837642,0.00470813286091364,1.00463207492274
0.1,"with_ssp245",131,24,2.01792540439171,0.805097309029178,"future",2.00563697917529,0.808686836519222,0.0122884252164219,0.0151955301625957,0.995561288587936
0.1,"without_ssp245",131,11,1.98740862001342,0.806250661757923,"future",2.00563697917529,0.808686836519222,0.0182283591618668,0.0225406898427158,0.996987492993227
