"tol","archive","draw","n_stitched","mean_gen","var_gen","time_period","mean_target","var_target","bias","E1","E2"
0.1,"with_ssp370",27,25,0.296624638188563,1.98421608176458,"hist+future",0.294952460101501,1.98779287230914,0.00167217808706238,0.000841223504901634,0.998200622109886
0.1,"without_ssp370",27,14,0.300192194451602,1.97610108572171,"hist+future",0.294952460101501,1.98779287230914,0.00523973435010122,0.0026359559001811,0.994118206805997
0.1,"with_ssp370",27,25,-0.973813852306728,0.431544635418764,"hist",-0.978310318042455,0.436689326557671,0.00449646573572682,0.0102967154502527,0.988218875923848
0.1,"without_ssp370",27,14,-0.966549252043633,0.43404632426112,"hist",-0.978310318042455,0.436689326557671,0.0117610659988215,0.0269323413318377,0.993947637059542
0.1,"with_ssp370",27,25,2.73409383506906,1.44737466729501,"future",2.73784034840095,1.44483616067424,0.0037465133318868,0.00259303679812281,1.00175695119617
0.1,"without_ssp370",27,14,2.73056822551804,1.4313807858478,"future",2.73784034840095,1.44483616067424,0.00727212288290868,0.00503318167197247,0.990687266007958
