"tol","archive","draw","n_stitched","mean_gen","var_gen","time_period","mean_target","var_target","bias","E1","E2"
0.1,"with_ssp370",75,25,0.29897782580619,1.98367742819407,"hist+future",0.294952460101501,1.98779287230914,0.00402536570468953,0.00202504283055076,0.997929641376424
0.1,"without_ssp370",75,15,0.300873046134936,1.98039418186107,"hist+future",0.294952460101501,1.98779287230914,0.00592058603343554,0.00297847231263981,0.996277936926358
0.1,"with_ssp370",75,25,-0.971027996613475,0.430992568845766,"hist",-0.978310318042455,0.436689326557671,0.00728232142897933,0.0166762065983713,0.986954666932641
0.1,"without_ssp370",75,15,-0.965924536367796,0.434124980884786,"hist",-0.978310318042455,0.436689326557671,0.0123857816746583,0.028362913681204,0.994127757385098
0.1,"with_ssp370",75,25,2.73561690370439,1.4476619608813,"future",2.73784034840095,1.44483616067424,0.00222344469656433,0.00153889053796019,1.00195579283241
0.1,"without_ssp370",75,15,2.73135678000646,1.44831449095945,"future",2.73784034840095,1.44483616067424,0.00648356839449216,0.00448740734137395,1.00240742194851
