"tol","archive","draw","n_stitched","mean_gen","var_gen","time_period","mean_target","var_target","bias","E1","E2"
0.1,"with_ssp370",171,25,0.293006785440339,1.98564761266509,"hist+future",0.294952460101501,1.98779287230914,0.00194567466116108,0.000978811569487551,0.998920783108777
0.1,"without_ssp370",171,15,0.302258016463602,1.98346985109274,"hist+future",0.294952460101501,1.98779287230914,0.00730555636210101,0.0036752100602989,0.997825215455481
0.1,"with_ssp370",171,25,-0.977700199957576,0.435866123889919,"hist",-0.978310318042455,0.436689326557671,0.000610118084878764,0.00139714448642057,0.998114900874173
0.1,"without_ssp370",171,15,-0.968626384606185,0.436911730059355,"hist",-0.978310318042455,0.436689326557671,0.00968393343626994,0.022175796034692,1.00050929456746
0.1,"with_ssp370",171,25,2.73099111788983,1.44929950188451,"future",2.73784034840095,1.44483616067424,0.00684923051112118,0.0047404894046429,1.00308916770755
0.1,"without_ssp370",171,15,2.74058273944633,1.43890136584394,"future",2.73784034840095,1.44483616067424,0.00274239104538143,0.00189806368363709,0.99589240981653
