"tol","archive","draw","n_stitched","mean_gen","var_gen","time_period","mean_target","var_target","bias","E1","E2"
0.1,"with_ssp126",132,25,-0.163009569391231,1.18598655004618,"hist+future",-0.175317978771263,1.1859228791983,0.0123084093800323,0.010378760369606,1.00005368886038
0.1,"without_ssp126",132,21,-0.180998861304357,1.17281878685784,"hist+future",-0.175317978771263,1.1859228791983,0.00568088253309312,0.00479026303711544,0.988950299745199
0.1,"with_ssp126",132,25,-0.966830177187342,0.432819271294275,"hist",-0.978310318042455,0.436689326557671,0.0114801408551124,0.0262890346911107,0.991137737911061
0.1,"without_ssp126",132,21,-0.973736771335685,0.434086661759519,"hist",-0.978310318042455,0.436689326557671,0.0045735467067699,0.0104732275982612,0.99404000821667
0.1,"with_ssp126",132,25,1.37920438742689,0.356640286713731,"future",1.36530685820253,0.35742081895809,0.0138975292243553,0.0388828195986671,0.997816209344956
0.1,"without_ssp126",132,21,1.33995178003482,0.365291078109088,"future",1.36530685820253,0.35742081895809,0.0253550781677143,0.0709390075307487,1.02201958792983
