"tol","archive","draw","n_stitched","mean_gen","var_gen","time_period","mean_target","var_target","bias","E1","E2"
0.1,"with_ssp245",152,25,0.064557530516803,1.53402928078439,"hist+future",0.044077998932549,1.53464835261642,0.020479531584254,0.0133447714907056,0.999596603462298
0.1,"without_ssp245",152,11,0.0393522133020951,1.52293707485074,"hist+future",0.044077998932549,1.53464835261642,0.00472578563045385,0.00307939315374552,0.992368754870967
0.1,"with_ssp245",152,25,-0.958677299628506,0.429622611326626,"hist",-0.978310318042455,0.436689326557671,0.0196330184139487,0.044958777831168,0.983817522432366
0.1,"without_ssp245",152,11,-0.973031226611722,0.435511463171804,"hist",-0.978310318042455,0.436689326557671,0.00527909143073246,0.0120888950328748,0.997302742901569
0.1,"with_ssp245",152,25,2.02774063486536,0.806520481249886,"future",2.00563697917529,0.808686836519222,0.0221036556900724,0.0273327754229459,0.997321144389266
0.1,"without_ssp245",152,11,1.98171578988093,0.815220731278661,"future",2.00563697917529,0.808686836519222,0.0239211892943583,0.0295802877134994,1.00807963535992
