"tol","archive","draw","n_stitched","mean_gen","var_gen","time_period","mean_target","var_target","bias","E1","E2"
0.1,"with_ssp245",18,25,0.0564405734835554,1.52973796692235,"hist+future",0.044077998932549,1.53464835261642,0.0123625745510064,0.00805563993205964,0.996800318662124
0.1,"without_ssp245",18,11,0.0328255950197801,1.52294546667746,"hist+future",0.044077998932549,1.53464835261642,0.0112524039127688,0.00733223600936632,0.992374223111758
0.1,"with_ssp245",18,25,-0.964114288772626,0.430226530664972,"hist",-0.978310318042455,0.436689326557671,0.014196029269829,0.0325083037447543,0.98520047205265
0.1,"without_ssp245",18,11,-0.980395475340822,0.434422933317346,"hist",-0.978310318042455,0.436689326557671,0.00208515729836689,0.0047749216011386,0.994810055793691
0.1,"with_ssp245",18,25,2.01448187897507,0.801111478679887,"future",2.00563697917529,0.808686836519222,0.00884489979977676,0.0109373609169246,0.990632519910994
0.1,"without_ssp245",18,11,1.97679625326977,0.810534523416605,"future",2.00563697917529,0.808686836519222,0.028840725905517,0.0356636519887652,1.00228479902719
