"tol","archive","draw","n_stitched","mean_gen","var_gen","time_period","mean_target","var_target","bias","E1","E2"
0.1,"with_ssp370",147,25,0.294670770532825,1.98524560200789,"hist+future",0.294952460101501,1.98779287230914,0.000281689568675469,0.000141709718653051,0.998718543397183
0.1,"without_ssp370",147,15,0.289983408861553,1.98822328062106,"hist+future",0.294952460101501,1.98779287230914,0.00496905123994756,0.00249978320637361,1.00021652573461
0.1,"with_ssp370",147,25,-0.975926364467919,0.434748587072226,"hist",-0.978310318042455,0.436689326557671,0.00238395357453525,0.00545915237573459,0.995555789053184
0.1,"without_ssp370",147,15,-0.983568714422123,0.434079197964102,"hist",-0.978310318042455,0.436689326557671,0.00525839637966852,0.0120415042454079,0.994022916442349
0.1,"with_ssp370",147,25,2.73244434349937,1.44887528307074,"future",2.73784034840095,1.44483616067424,0.00539600490157977,0.00373468289931343,1.00279555738321
0.1,"without_ssp370",147,15,2.73342643609186,1.44646540271885,"future",2.73784034840095,1.44483616067424,0.00441391230908783,0.00305495697659453,1.00112763099993
