"tol","archive","draw","n_stitched","mean_gen","var_gen","time_period","mean_target","var_target","bias","E1","E2"
0.1,"with_ssp370",11,25,0.303683400304538,1.9813896956984,"hist+future",0.294952460101501,1.98779287230914,0.00873094020303744,0.00439227865471469,0.996778750593215
0.1,"without_ssp370",11,15,0.28786778605447,1.97387639593635,"hist+future",0.294952460101501,1.98779287230914,0.007084674047031,0.00356409067852276,0.992999030952038
0.1,"with_ssp370",11,25,-0.965205852554838,0.430700742449627,"hist",-0.978310318042455,0.436689326557671,0.013104465487617,0.0300086690712519,0.986286396887117
0.1,"without_ssp370",11,15,-0.976970265057322,0.436529087488699,"hist",-0.978310318042455,0.436689326557671,0.00134005298513262,0.00306866438824135,0.999633059341672
0.1,"with_ssp370",11,25,2.73818022265101,1.44416290283192,"future",2.73784034840095,1.44483616067424,0.000339874250065098,0.000235233765125654,0.999534024783813
0.1,"without_ssp370",11,15,2.71459195388523,1.43043281257697,"future",2.73784034840095,1.44483616067424,0.0232483945157171,0.0160906787554847,0.990031154750064
