"tol","archive","draw","n_stitched","mean_gen","var_gen","time_period","mean_target","var_target","bias","E1","E2"
0.1,"with_ssp126",112,25,-0.169685609595884,1.18748861001737,"hist+future",-0.175317978771263,1.1859228791983,0.00563236917537963,0.00474935535368641,1.00132026360781
0.1,"without_ssp126",112,19,-0.186973834154806,1.172005146867,"hist+future",-0.175317978771263,1.1859228791983,0.0116558553835424,0.0098285104267673,0.988264218040296
0.1,"with_ssp126",112,25,-0.973883841204569,0.437635500115357,"hist",-0.978310318042455,0.436689326557671,0.00442647683788566,0.0101364438484875,1.00216669723793
0.1,"without_ssp126",112,19,-0.977738844614785,0.438971678870749,"hist",-0.978310318042455,0.436689326557671,0.000571473427670166,0.00130864986367991,1.00522648980471
0.1,"with_ssp126",112,25,1.37325285802543,0.355181064482101,"future",1.36530685820253,0.35742081895809,0.00794599982289701,0.0222314968838699,0.993733564590563
0.1,"without_ssp126",112,19,1.3301915928905,0.370304075808502,"future",1.36530685820253,0.35742081895809,0.0351152653120317,0.0982462784747555,1.03604506555597
