"tol","archive","draw","n_stitched","mean_gen","var_gen","time_period","mean_target","var_target","bias","E1","E2"
0.1,"with_ssp370",19,25,0.298957632686487,1.98118901139191,"hist+future",0.294952460101501,1.98779287230914,0.00400517258498628,0.00201488426725951,0.996677792234177
0.1,"without_ssp370",19,15,0.291997326850755,1.97460311865752,"hist+future",0.294952460101501,1.98779287230914,0.0029551332507452,0.00148664043015324,0.993364623731496
0.1,"with_ssp370",19,25,-0.969180796548079,0.429580516611632,"hist",-0.978310318042455,0.436689326557671,0.0091295214943754,0.020906216248383,0.983721127323912
0.1,"without_ssp370",19,15,-0.970849510738249,0.437312135864502,"hist",-0.978310318042455,0.436689326557671,0.00746080730420562,0.0170849316675944,1.00142620684536
0.1,"with_ssp370",19,25,2.7320139213342,1.44768978942466,"future",2.73784034840095,1.44483616067424,0.00582642706674852,0.00403258668721966,1.00197505352377
0.1,"without_ssp370",19,15,2.71490114315524,1.44270910902647,"future",2.73784034840095,1.44483616067424,0.0229392052457089,0.0158766826786811,0.998527825018734
