"tol","archive","draw","n_stitched","mean_gen","var_gen","time_period","mean_target","var_target","bias","E1","E2"
0.1,"with_ssp245",63,25,0.0557824300013437,1.53164103537461,"hist+future",0.044077998932549,1.53464835261642,0.0117044310687948,0.00762678371813314,0.998040386752646
0.1,"without_ssp245",63,11,0.0292100996487625,1.51900197128628,"hist+future",0.044077998932549,1.53464835261642,0.0148678992837864,0.00968814729344227,0.98980458207024
0.1,"with_ssp245",63,25,-0.965387755923149,0.431244900934952,"hist",-0.978310318042455,0.436689326557671,0.0129225621193053,0.0295921180880951,0.987532496693619
0.1,"without_ssp245",63,11,-0.98018901679526,0.438236098319783,"hist",-0.978310318042455,0.436689326557671,0.00187869875280489,0.0043021403055904,1.00354204160268
0.1,"with_ssp245",63,25,2.01500429834485,0.806267225561154,"future",2.00563697917529,0.808686836519222,0.00936731916955935,0.0115833704056301,0.997007975338782
0.1,"without_ssp245",63,11,1.96584793933787,0.811711829574638,"future",2.00563697917529,0.808686836519222,0.0397890398374141,0.0492020372294861,1.00374062358729
