"tol","archive","draw","n_stitched","mean_gen","var_gen","time_period","mean_target","var_target","bias","E1","E2"
0.1,"with_ssp126",82,25,-0.168005144461788,1.18648114245583,"hist+future",-0.175317978771263,1.1859228791983,0.00731283430947544,0.00616636582171265,1.00047074162015
0.1,"without_ssp126",82,23,-0.177022566151659,1.1729631498709,"hist+future",-0.175317978771263,1.1859228791983,0.00170458738039517,0.00143735095282713,0.989072030268821
0.1,"with_ssp126",82,25,-0.972110845330659,0.434917228563144,"hist",-0.978310318042455,0.436689326557671,0.00619947271179599,0.0141965290534237,0.995941970900694
0.1,"without_ssp126",82,23,-0.969586151471047,0.434722751690605,"hist",-0.978310318042455,0.436689326557671,0.00872416657140818,0.0199779707009991,0.995496627127188
0.1,"with_ssp126",82,25,1.37475579325174,0.352925453258069,"future",1.36530685820253,0.35742081895809,0.00944893504920907,0.0264364428371953,0.987422764815086
0.1,"without_ssp126",82,23,1.34359361498438,0.367375496497451,"future",1.36530685820253,0.35742081895809,0.0217132432181575,0.060749799861836,1.02785142054226
