"tol","archive","draw","n_stitched","mean_gen","var_gen","time_period","mean_target","var_target","bias","E1","E2"
0.1,"with_ssp126",183,25,-0.171340128939324,1.18583418447298,"hist+future",-0.175317978771263,1.1859228791983,0.00397784983193894,0.00335422302892751,0.999925210376773
0.1,"without_ssp126",183,18,-0.17200287178774,1.17335390748209,"hist+future",-0.175317978771263,1.1859228791983,0.00331510698352352,0.00279538158987589,0.989401526914887
0.1,"with_ssp126",183,25,-0.974603507044561,0.434917226514068,"hist",-0.978310318042455,0.436689326557671,0.00370681099789383,0.0084884396582665,0.995941966208398
0.1,"without_ssp126",183,18,-0.965079597517186,0.434407243802225,"hist",-0.978310318042455,0.436689326557671,0.013230720525269,0.0302977877420635,0.994774127470814
0.1,"with_ssp126",183,25,1.36980472440212,0.357296224822093,"future",1.36530685820253,0.35742081895809,0.00449786619958337,0.0125842311387876,0.999651407726166
0.1,"without_ssp126",183,18,1.34959782292573,0.365323304719727,"future",1.36530685820253,0.35742081895809,0.0157090352768021,0.0439510919442108,1.02210975226534
