"tol","archive","draw","n_stitched","mean_gen","var_gen","time_period","mean_target","var_target","bias","E1","E2"
0.1,"with_ssp245",48,25,0.0615325271725259,1.53509949614018,"hist+future",0.044077998932549,1.53464835261642,0.0174545282399769,0.0113736337123867,1.00029397192066
0.1,"without_ssp245",48,10,0.0433522705588889,1.52207385625852,"hist+future",0.044077998932549,1.53464835261642,0.000725728373660063,0.000472895547975383,0.99180626862404
0.1,"with_ssp245",48,25,-0.962520236808437,0.431640676959666,"hist",-0.978310318042455,0.436689326557671,0.0157900812340181,0.036158615000939,0.988438806971073
0.1,"without_ssp245",48,10,-0.970854219667061,0.431578058259605,"hist",-0.978310318042455,0.436689326557671,0.00745609837539418,0.0170741484207297,0.988295412809017
0.1,"with_ssp245",48,25,2.02628492318251,0.804579441828466,"future",2.00563697917529,0.808686836519222,0.0206479440072234,0.02553268221367,0.994920908186864
0.1,"without_ssp245",48,10,1.98921355994588,0.801615366906968,"future",2.00563697917529,0.808686836519222,0.0164234192294039,0.0203087505419208,0.991255614296022
