"tol","archive","draw","n_stitched","mean_gen","var_gen","time_period","mean_target","var_target","bias","E1","E2"
0.1,"with_ssp126",34,25,-0.1699266217738,1.18624179872026,"hist+future",-0.175317978771263,1.1859228791983,0.0053913569974629,0.00454612782334341,1.00026892096237
0.1,"without_ssp126",34,18,-0.173689513687753,1.17263092688195,"hist+future",-0.175317978771263,1.1859228791983,0.00162846508351008,0.00137316271747026,0.98879189148848
0.1,"with_ssp126",34,25,-0.973915288352284,0.43249696861381,"hist",-0.978310318042455,0.436689326557671,0.00439502969017114,0.0100644312166185,0.99039967846957
0.1,"without_ssp126",34,18,-0.965058211277799,0.436042433069955,"hist",-0.978310318042455,0.436689326557671,0.0132521067646558,0.0303467613214167,0.998518641403911
0.1,"with_ssp126",34,25,1.37260977340585,0.357745040928041,"future",1.36530685820253,0.35742081895809,0.00730291520331328,0.0204322602824364,1.00090711551413
0.1,"without_ssp126",34,18,1.34463415029315,0.37542119061015,"future",1.36530685820253,0.35742081895809,0.020672707909386,0.0578385667898378,1.05036184435068
