"tol","archive","draw","n_stitched","mean_gen","var_gen","time_period","mean_target","var_target","bias","E1","E2"
0.1,"with_ssp245",56,25,0.0631828560083976,1.53061130471069,"hist+future",0.044077998932549,1.53464835261642,0.0191048570758486,0.0124490128590545,0.99736939872978
0.1,"without_ssp245",56,10,0.021998099581513,1.51227619504943,"hist+future",0.044077998932549,1.53464835261642,0.022079899351036,0.0143875952516366,0.985421964889315
0.1,"with_ssp245",56,25,-0.957849105801525,0.429095319663127,"hist",-0.978310318042455,0.436689326557671,0.0204612122409292,0.0468553064995213,0.982610046931062
0.1,"without_ssp245",56,10,-0.98326851577888,0.442620942065274,"hist",-0.978310318042455,0.436689326557671,0.00495819773642481,0.0113540621098052,1.01358314743885
0.1,"with_ssp245",56,25,2.02213952692278,0.803735788598639,"future",2.00563697917529,0.808686836519222,0.0165025477474958,0.0204065987008354,0.993877669702288
0.1,"without_ssp245",56,10,1.95070730347064,0.799019995388075,"future",2.00563697917529,0.808686836519222,0.0549296757046507,0.0679245329886671,0.988046248937654
