"tol","archive","draw","n_stitched","mean_gen","var_gen","time_period","mean_target","var_target","bias","E1","E2"
0.1,"with_ssp370",82,25,0.294950156095859,1.98517632534917,"hist+future",0.294952460101501,1.98779287230914,2.30400564193989e-06,1.1590773234152e-06,0.998683692352244
0.1,"without_ssp370",82,17,0.299350724322312,1.98154663706903,"hist+future",0.294952460101501,1.98779287230914,0.00439826422081174,0.00221263708210325,0.996857703170624
0.1,"with_ssp370",82,25,-0.975341997634076,0.435872227420156,"hist",-0.978310318042455,0.436689326557671,0.0029683204083788,0.00679732759162546,0.998128877699035
0.1,"without_ssp370",82,17,-0.968375747022168,0.437052403159257,"hist",-0.978310318042455,0.436689326557671,0.00993457102028661,0.0227497454508419,1.00083142998811
0.1,"with_ssp370",82,25,2.73213859057771,1.44944836193773,"future",2.73784034840095,1.44483616067424,0.00570175782323989,0.0039463006107067,1.00319219672723
0.1,"without_ssp370",82,17,2.73161662864602,1.44672372258636,"future",2.73784034840095,1.44483616067424,0.00622371975492486,0.00430756090159075,1.00130641934601
