"tol","archive","draw","n_stitched","mean_gen","var_gen","time_period","mean_target","var_target","bias","E1","E2"
0.1,"with_ssp126",43,25,-0.170393110309833,1.18901070618436,"hist+future",-0.175317978771263,1.1859228791983,0.00492486846142992,0.00415277295666917,1.00260373337949
0.1,"without_ssp126",43,21,-0.180455478180376,1.17507456837081,"hist+future",-0.175317978771263,1.1859228791983,0.00513749940911254,0.00433206871983579,0.99085243145421
0.1,"with_ssp126",43,25,-0.975389204326167,0.43691380569783,"hist",-0.978310318042455,0.436689326557671,0.00292111371628812,0.00668922627286229,1.00051404769136
0.1,"without_ssp126",43,21,-0.973896039939416,0.436755591898025,"hist",-0.978310318042455,0.436689326557671,0.00441427810303885,0.0101085092640932,1.00015174481336
0.1,"with_ssp126",43,25,1.37407613983778,0.361569579365572,"future",1.36530685820253,0.35742081895809,0.00876928163524826,0.0245348932410021,1.0116074951078
0.1,"without_ssp126",43,21,1.34184327403174,0.371747537194368,"future",1.36530685820253,0.35742081895809,0.0234635841707986,0.0656469431165114,1.04008361426187
