"tol","archive","draw","n_stitched","mean_gen","var_gen","time_period","mean_target","var_target","bias","E1","E2"
0.1,"with_ssp245",74,25,0.0616974373869444,1.53333428127747,"hist+future",0.044077998932549,1.53464835261642,0.0176194384543954,0.0114810916939741,0.999143731307101
0.1,"without_ssp245",74,12,0.0463620458224222,1.53189894216091,"hist+future",0.044077998932549,1.53464835261642,0.00228404688987326,0.00148831938338133,0.998208442702316
0.1,"with_ssp245",74,25,-0.960422028557384,0.431861892607099,"hist",-0.978310318042455,0.436689326557671,0.0178882894850709,0.040963422729107,0.98894538140278
0.1,"without_ssp245",74,12,-0.973647644271232,0.435838136552257,"hist",-0.978310318042455,0.436689326557671,0.00466267377122287,0.0106773247882602,0.998050811060293
0.1,"with_ssp245",74,25,2.02274059879176,0.80828828055048,"future",2.00563697917529,0.808686836519222,0.0171036196164711,0.0211498677165182,0.999507156601612
0.1,"without_ssp245",74,12,2.00335738146722,0.810706596913025,"future",2.00563697917529,0.808686836519222,0.00227959770806541,0.00281888810986133,1.00249758040145
