"tol","archive","draw","n_stitched","mean_gen","var_gen","time_period","mean_target","var_target","bias","E1","E2"
0.1,"with_ssp126",45,25,-0.16709108204921,1.18754225874954,"hist+future",-0.175317978771263,1.1859228791983,0.00822689672205343,0.00693712623844052,1.00136550156815
0.1,"without_ssp126",45,21,-0.181485180554096,1.17479439150838,"hist+future",-0.175317978771263,1.1859228791983,0.0061672017828327,0.00520033966036799,0.990616179276816
0.1,"with_ssp126",45,25,-0.971673076308257,0.433894689382153,"hist",-0.978310318042455,0.436689326557671,0.00663724173419722,0.015199001511022,0.993600399630676
0.1,"without_ssp126",45,21,-0.974124108309728,0.438530764379027,"hist",-0.978310318042455,0.436689326557671,0.00418620973272699,0.0095862423882122,1.00421681435603
0.1,"with_ssp126",45,25,1.37658367437803,0.359615480786814,"future",1.36530685820253,0.35742081895809,0.0112768161754984,0.0315505297323507,1.0061402741875
0.1,"without_ssp126",45,21,1.33927555293055,0.374720885804153,"future",1.36530685820253,0.35742081895809,0.026031305271988,0.0728309709206962,1.04840251582573
