"tol","archive","draw","n_stitched","mean_gen","var_gen","time_period","mean_target","var_target","bias","E1","E2"
0.1,"with_ssp370",102,24,0.302790370192032,1.98389350909901,"hist+future",0.294952460101501,1.98779287230914,0.00783791009053164,0.00394302152891143,0.998038345310295
0.1,"without_ssp370",102,14,0.29979608997333,1.98131273106657,"hist+future",0.294952460101501,1.98779287230914,0.00484362987182962,0.0024366874131121,0.996740031955622
0.1,"with_ssp370",102,24,-0.967866563415486,0.432537534321846,"hist",-0.978310318042455,0.436689326557671,0.010443754626969,0.0239157542715662,0.990492572217065
0.1,"without_ssp370",102,14,-0.969089616648144,0.434701226527694,"hist",-0.978310318042455,0.436689326557671,0.0092207013943103,0.021115014344397,0.995447335418868
0.1,"with_ssp370",102,24,2.74067867304367,1.44442655610278,"future",2.73784034840095,1.44483616067424,0.0028383246427155,0.00196446124478984,0.999716504485001
0.1,"without_ssp370",102,14,2.73428610849128,1.44135913324559,"future",2.73784034840095,1.44483616067424,0.00355423990967418,0.00245996051761022,0.997593479784562
