"tol","archive","draw","n_stitched","mean_gen","var_gen","time_period","mean_target","var_target","bias","E1","E2"
0.1,"with_ssp370",91,23,0.297795378638102,1.98709638768227,"hist+future",0.294952460101501,1.98779287230914,0.00284291853660124,0.00143018851521423,0.999649619114459
0.1,"without_ssp370",91,14,0.29586338188737,1.97578156334068,"hist+future",0.294952460101501,1.98779287230914,0.000910921785869712,0.000458257899280788,0.993957464514645
0.1,"with_ssp370",91,23,-0.973752694974458,0.4383172803056,"hist",-0.978310318042455,0.436689326557671,0.00455762306799623,0.0104367631421702,1.00372794490024
0.1,"without_ssp370",91,14,-0.96844001988115,0.436338358875034,"hist",-0.978310318042455,0.436689326557671,0.00987029816130425,0.0226025633351511,0.999196298921698
0.1,"with_ssp370",91,23,2.73739342684825,1.44952214718528,"future",2.73784034840095,1.44483616067424,0.000446921552703206,0.000309323343966312,1.00324326497258
0.1,"without_ssp370",91,14,2.72156176900139,1.44080448519358,"future",2.73784034840095,1.44483616067424,0.016278579399557,0.0112667303342965,0.997209596776158
