"tol","archive","draw","n_stitched","mean_gen","var_gen","time_period","mean_target","var_target","bias","E1","E2"
0.1,"with_ssp245",114,25,0.0623637460089763,1.53271769574054,"hist+future",0.044077998932549,1.53464835261642,0.0182857470764273,0.0119152684360895,0.998741954876769
0.1,"without_ssp245",114,11,0.0320070341629543,1.52763298048825,"hist+future",0.044077998932549,1.53464835261642,0.0120709647695947,0.00786562260273819,0.995428677770896
0.1,"with_ssp245",114,25,-0.959900554076282,0.430605612949887,"hist",-0.978310318042455,0.436689326557671,0.0184097639661728,0.0421575771299313,0.986068554375395
0.1,"without_ssp245",114,11,-0.985261446868973,0.435160001728045,"hist",-0.978310318042455,0.436689326557671,0.00695112882651849,0.0159177896132996,0.996497911131282
0.1,"with_ssp245",114,25,2.02368478687023,0.805128031500444,"future",2.00563697917529,0.808686836519222,0.0180478076949386,0.0223174248422549,0.995599279154715
0.1,"without_ssp245",114,11,1.98374307335212,0.807113376058358,"future",2.00563697917529,0.808686836519222,0.0218939058231713,0.0270734044805376,0.998054301875821
