"tol","archive","draw","n_stitched","mean_gen","var_gen","time_period","mean_target","var_target","bias","E1","E2"
0.1,"with_ssp370",9,24,0.302535097396903,1.98060932409942,"hist+future",0.294952460101501,1.98779287230914,0.00758263729540276,0.00381460131034392,0.996386168644736
0.1,"without_ssp370",9,15,0.292159816192491,1.97468654347181,"hist+future",0.294952460101501,1.98779287230914,0.00279264390900952,0.0014048968320152,0.993406592296459
0.1,"with_ssp370",9,24,-0.965409542254354,0.43031584847459,"hist",-0.978310318042455,0.436689326557671,0.0129007757881009,0.0295422283154822,0.985405006040972
0.1,"without_ssp370",9,15,-0.970518500185688,0.438242072780896,"hist",-0.978310318042455,0.436689326557671,0.00779181785676697,0.0178429317661327,1.00355572286473
0.1,"with_ssp370",9,24,2.73521958044873,1.44589375849667,"future",2.73784034840095,1.44483616067424,0.00262076795221589,0.00181388590869215,1.00073198460227
0.1,"without_ssp370",9,15,2.71474030691807,1.44332740908887,"future",2.73784034840095,1.44483616067424,0.0231000414828828,0.0159880006547614,0.998955762856414
