"tol","archive","draw","n_stitched","mean_gen","var_gen","time_period","mean_target","var_target","bias","E1","E2"
0.1,"with_ssp126",12,25,-0.165602281279709,1.1840742190569,"hist+future",-0.175317978771263,1.1859228791983,0.00971569749155413,0.00819252049350975,0.998441163271391
0.1,"without_ssp126",12,21,-0.173463192233022,1.17187032544445,"hist+future",-0.175317978771263,1.1859228791983,0.00185478653824123,0.001564002660523,0.988150533225781
0.1,"with_ssp126",12,25,-0.968263736039028,0.431181555610177,"hist",-0.978310318042455,0.436689326557671,0.0100465820034271,0.0230062458421464,0.987387438591845
0.1,"without_ssp126",12,21,-0.964404221151765,0.436787440343311,"hist",-0.978310318042455,0.436689326557671,0.0139060968906898,0.0318443709176695,1.00022467639961
0.1,"with_ssp126",12,25,1.37438771913061,0.356521850026911,"future",1.36530685820253,0.35742081895809,0.00908086092807658,0.0254066367889482,0.997484844520811
0.1,"without_ssp126",12,21,1.34403994464596,0.37198723139977,"future",1.36530685820253,0.35742081895809,0.0212669135565731,0.0595010487037879,1.04075423609666
