"tol","archive","draw","n_stitched","mean_gen","var_gen","time_period","mean_target","var_target","bias","E1","E2"
0.1,"with_ssp126",13,25,-0.171867816444542,1.18406094609603,"hist+future",-0.175317978771263,1.1859228791983,0.00345016232672166,0.00290926365216432,0.998429971176939
0.1,"without_ssp126",13,18,-0.176444734541943,1.1744444553151,"hist+future",-0.175317978771263,1.1859228791983,0.00112675577067922,0.000950108805929208,0.990321104277071
0.1,"with_ssp126",13,25,-0.974046121414888,0.433937018310127,"hist",-0.978310318042455,0.436689326557671,0.00426419662756716,0.00976482906321736,0.993697331076902
0.1,"without_ssp126",13,18,-0.969260767995684,0.438061470284787,"hist",-0.978310318042455,0.436689326557671,0.00904955004677122,0.020723085031885,1.00314215082364
0.1,"with_ssp126",13,25,1.36719521053345,0.356069284680345,"future",1.36530685820253,0.35742081895809,0.00188835233091322,0.0052832745904895,0.996218647023179
0.1,"without_ssp126",13,18,1.34465579475884,0.370317191073592,"future",1.36530685820253,0.35742081895809,0.0206510634436947,0.0577780094172864,1.03608175973939
