"tol","archive","draw","n_stitched","mean_gen","var_gen","time_period","mean_target","var_target","bias","E1","E2"
0.1,"with_ssp245",191,25,0.0552584250829104,1.53101142361672,"hist+future",0.044077998932549,1.53464835261642,0.0111804261503614,0.00728533421438201,0.997630122240377
0.1,"without_ssp245",191,11,0.0225381692740238,1.52680535454038,"hist+future",0.044077998932549,1.53464835261642,0.0215398296585251,0.0140356776989346,0.994889384227554
0.1,"with_ssp245",191,25,-0.965377567808084,0.430577510138438,"hist",-0.978310318042455,0.436689326557671,0.0129327502343705,0.0296154484386339,0.98600420013145
0.1,"without_ssp245",191,11,-0.992163476532161,0.439511135853795,"hist",-0.978310318042455,0.436689326557671,0.013853158489706,0.0317231442291194,1.00646182337079
0.1,"with_ssp245",191,25,2.01345538818773,0.807249330671499,"future",2.00563697917529,0.808686836519222,0.00781840901243669,0.00966803051486402,0.998222419627961
0.1,"without_ssp245",191,11,1.96934946646031,0.816076259687941,"future",2.00563697917529,0.808686836519222,0.0362875127149804,0.0448721446625376,1.00913755836626
