"tol","archive","draw","n_stitched","mean_gen","var_gen","time_period","mean_target","var_target","bias","E1","E2"
0.1,"with_ssp126",41,25,-0.169642743815385,1.18644272008804,"hist+future",-0.175317978771263,1.1859228791983,0.00567523495587793,0.00478550085796008,1.00043834291324
0.1,"without_ssp126",41,20,-0.168807767461469,1.17298499357781,"hist+future",-0.175317978771263,1.1859228791983,0.00651021130979418,0.00548957392085663,0.989090449431899
0.1,"with_ssp126",41,25,-0.973338436614487,0.43693167692844,"hist",-0.978310318042455,0.436689326557671,0.00497188142796778,0.0113853971819281,1.00055497204999
0.1,"without_ssp126",41,20,-0.960095262004696,0.436250543122347,"hist",-0.978310318042455,0.436689326557671,0.0182150560377586,0.0417117042482903,0.998995204579918
0.1,"with_ssp126",41,25,1.37233155050847,0.353005495817182,"future",1.36530685820253,0.35742081895809,0.00702469230593783,0.0196538420073441,0.987646709685857
0.1,"without_ssp126",41,20,1.34936009997612,0.379216390568961,"future",1.36530685820253,0.35742081895809,0.0159467582264168,0.0446161985552572,1.06098014008923
