"tol","archive","draw","n_stitched","mean_gen","var_gen","time_period","mean_target","var_target","bias","E1","E2"
0.1,"with_ssp370",141,25,0.295616127663839,1.98502991331575,"hist+future",0.294952460101501,1.98779287230914,0.000663667562338821,0.000333871587721242,0.998610036774011
0.1,"without_ssp370",141,15,0.296939243390365,1.97586568217064,"hist+future",0.294952460101501,1.98779287230914,0.00198678328886426,0.000999492108328313,0.993999782218433
0.1,"with_ssp370",141,25,-0.97493856763967,0.432661730574908,"hist",-0.978310318042455,0.436689326557671,0.00337175040278515,0.00772116513440787,0.990776976358659
0.1,"without_ssp370",141,15,-0.968360785667257,0.435927488144711,"hist",-0.978310318042455,0.436689326557671,0.00994953237519758,0.0227840063177812,0.998255422409873
0.1,"with_ssp370",141,25,2.73330827562987,1.44941968699424,"future",2.73784034840095,1.44483616067424,0.00453207277107559,0.00313673819525714,1.00317235022541
0.1,"without_ssp370",141,15,2.72454976425673,1.4365022642171,"future",2.73784034840095,1.44483616067424,0.013290584144217,0.00919867906546225,0.994231943604418
