"tol","archive","draw","n_stitched","mean_gen","var_gen","time_period","mean_target","var_target","bias","E1","E2"
0.1,"with_ssp126",97,25,-0.163858182951932,1.18367502362542,"hist+future",-0.175317978771263,1.1859228791983,0.0114597958193312,0.00966318807094623,0.998104551643022
0.1,"without_ssp126",97,19,-0.172494959452621,1.17250261872021,"hist+future",-0.175317978771263,1.1859228791983,0.00282301931864209,0.0023804408938889,0.988683698819307
0.1,"with_ssp126",97,25,-0.966729611516183,0.430070208216749,"hist",-0.978310318042455,0.436689326557671,0.0115807065262722,0.0265193258043663,0.984842500289396
0.1,"without_ssp126",97,19,-0.96498897914349,0.436117906540619,"hist",-0.978310318042455,0.436689326557671,0.0133213388989645,0.0305052999668523,0.998691472444366
0.1,"with_ssp126",97,25,1.37653467417715,0.352557096678675,"future",1.36530685820253,0.35742081895809,0.0112278159746186,0.031413435869093,0.986392168498765
0.1,"without_ssp126",97,19,1.34798775274498,0.360534353509407,"future",1.36530685820253,0.35742081895809,0.0173191054575579,0.0484557824808428,1.00871111694163
