"tol","archive","draw","n_stitched","mean_gen","var_gen","time_period","mean_target","var_target","bias","E1","E2"
0.1,"with_ssp370",12,24,0.296627351152631,1.98467791910553,"hist+future",0.294952460101501,1.98779287230914,0.0016748910511305,0.000842588317154415,0.998432958862562
0.1,"without_ssp370",12,15,0.302948340538756,1.96559922364081,"hist+future",0.294952460101501,1.98779287230914,0.00799588043725519,0.00402249175386502,0.988835029555898
0.1,"with_ssp370",12,24,-0.973305433437773,0.431442085005596,"hist",-0.978310318042455,0.436689326557671,0.00500488460468151,0.0114609730540793,0.987984039835738
0.1,"without_ssp370",12,15,-0.954246507290706,0.433927985113269,"hist",-0.978310318042455,0.436689326557671,0.0240638107517487,0.0551051039910652,0.993676645439975
0.1,"with_ssp370",12,24,2.7331262983319,1.45175061933972,"future",2.73784034840095,1.44483616067424,0.00471405006905457,0.00326268832229027,1.00478563511468
0.1,"without_ssp370",12,15,2.71500822300226,1.43641600401916,"future",2.73784034840095,1.44483616067424,0.0228321253986916,0.0158025705752248,0.994172241196432
