"tol","archive","draw","n_stitched","mean_gen","var_gen","time_period","mean_target","var_target","bias","E1","E2"
0.1,"with_ssp126",144,25,-0.167875072673429,1.18732089365477,"hist+future",-0.175317978771263,1.1859228791983,0.00744290609783485,0.006276045625215,1.00117884095247
0.1,"without_ssp126",144,19,-0.18203971933026,1.17306903454601,"hist+future",-0.175317978771263,1.1859228791983,0.00672174055899682,0.00566794070415509,0.989161314890078
0.1,"with_ssp126",144,25,-0.972142560121533,0.432460076944166,"hist",-0.978310318042455,0.436689326557671,0.00616775792092139,0.014123903530092,0.990315198113855
0.1,"without_ssp126",144,19,-0.974459168639255,0.435985212162016,"hist",-0.978310318042455,0.436689326557671,0.00385114940319964,0.00881896847252354,0.998387607956426
0.1,"with_ssp126",144,25,1.37519626952352,0.364703057860476,"future",1.36530685820253,0.35742081895809,0.00988941132098264,0.0276688172496808,1.02037441166302
0.1,"without_ssp126",144,19,1.33829992178583,0.367080992160947,"future",1.36530685820253,0.35742081895809,0.0270069364166994,0.0755606136638228,1.02702744969087
