"tol","archive","draw","n_stitched","mean_gen","var_gen","time_period","mean_target","var_target","bias","E1","E2"
0.1,"with_ssp126",139,25,-0.172631434412523,1.18656214551374,"hist+future",-0.175317978771263,1.1859228791983,0.00268654435874033,0.00226536177508986,1.00053904543597
0.1,"without_ssp126",139,18,-0.174137960311401,1.17810052082052,"hist+future",-0.175317978771263,1.1859228791983,0.00118001845986282,0.00099502124510873,0.993403990668379
0.1,"with_ssp126",139,25,-0.976630903452506,0.433275664411098,"hist",-0.978310318042455,0.436689326557671,0.00167941458994836,0.00384578804155079,0.992182858753424
0.1,"without_ssp126",139,18,-0.970242726181629,0.435736708098337,"hist",-0.978310318042455,0.436689326557671,0.00806759186082595,0.0184744425159668,0.997818544211183
0.1,"with_ssp126",139,25,1.36992568642,0.35890055731535,"future",1.36530685820253,0.35742081895809,0.00461882821746906,0.0129226613909434,1.00414004523176
0.1,"without_ssp126",139,18,1.35327234630008,0.36995555236377,"future",1.36530685820253,0.35742081895809,0.0120345119024503,0.033670427865763,1.03506995882954
