"tol","archive","draw","n_stitched","mean_gen","var_gen","time_period","mean_target","var_target","bias","E1","E2"
0.1,"with_ssp245",26,25,0.0605140109630828,1.53521215385602,"hist+future",0.044077998932549,1.53464835261642,0.0164360120305339,0.0107099531971035,1.00036738138651
0.1,"without_ssp245",26,10,0.0415887335369178,1.52766234047566,"hist+future",0.044077998932549,1.53464835261642,0.00248926539563116,0.00162204285521645,0.995447809181264
0.1,"with_ssp245",26,25,-0.962509832098711,0.430069956909309,"hist",-0.978310318042455,0.436689326557671,0.0158004859437442,0.0361824413440467,0.984841924806038
0.1,"without_ssp245",26,10,-0.975634829458951,0.435277175358896,"hist",-0.978310318042455,0.436689326557671,0.00267548858350408,0.00612675515702293,0.996766233766446
0.1,"with_ssp245",26,25,2.02329231451187,0.8140978154395,"future",2.00563697917529,0.808686836519222,0.0176553353365838,0.0218321042699007,1.00669106837891
0.1,"without_ssp245",26,10,1.99323859277318,0.807373859409542,"future",2.00563697917529,0.808686836519222,0.012398386402112,0.0153315051540564,0.998376408455798
