"tol","archive","draw","n_stitched","mean_gen","var_gen","time_period","mean_target","var_target","bias","E1","E2"
0.1,"with_ssp370",89,25,0.299407464891671,1.98565389301266,"hist+future",0.294952460101501,1.98779287230914,0.00445500479017064,0.00224118159000914,0.998923942566513
0.1,"without_ssp370",89,15,0.29692578637804,1.97758249827943,"hist+future",0.294952460101501,1.98779287230914,0.00197332627653957,0.000992722282099357,0.994863461796271
0.1,"with_ssp370",89,25,-0.971794188633956,0.434313729328017,"hist",-0.978310318042455,0.436689326557671,0.00651612940849844,0.0149216594320354,0.994559983298927
0.1,"without_ssp370",89,15,-0.969446479713862,0.437197983136797,"hist",-0.978310318042455,0.436689326557671,0.00886383832859317,0.0202978130893762,1.00116480195002
0.1,"with_ssp370",89,25,2.73834086991177,1.4477879434588,"future",2.73784034840095,1.44483616067424,0.000500521510820917,0.000346420946847942,1.00204298789364
0.1,"without_ssp370",89,15,2.72659350620553,1.43736460042215,"future",2.73784034840095,1.44483616067424,0.0112468421954239,0.00778416439285095,0.994828783736554
