"tol","archive","draw","n_stitched","mean_gen","var_gen","time_period","mean_target","var_target","bias","E1","E2"
0.1,"with_ssp126",42,25,-0.166698327603959,1.18306067183963,"hist+future",-0.175317978771263,1.1859228791983,0.00861965116730401,0.00726830666521168,0.997586514765109
0.1,"without_ssp126",42,19,-0.168765078912707,1.1756561170895,"hist+future",-0.175317978771263,1.1859228791983,0.00655289985855617,0.00552556997887252,0.991342807960884
0.1,"with_ssp126",42,25,-0.968422243886962,0.430530803913766,"hist",-0.978310318042455,0.436689326557671,0.00988807415549309,0.022643269606424,0.985897244861808
0.1,"without_ssp126",42,19,-0.963106845039684,0.434276888505094,"hist",-0.978310318042455,0.436689326557671,0.0152034730027708,0.0348153070802452,0.994475619380044
0.1,"with_ssp126",42,25,1.37149290712506,0.360008666643148,"future",1.36530685820253,0.35742081895809,0.0061860489225225,0.017307466701451,1.00724033841286
0.1,"without_ssp126",42,19,1.35526272819138,0.371823102767332,"future",1.36530685820253,0.35742081895809,0.0100441300111582,0.0281016926782208,1.04029503332018
