"tol","archive","draw","n_stitched","mean_gen","var_gen","time_period","mean_target","var_target","bias","E1","E2"
0.1,"with_ssp245",3,25,0.0597764025259524,1.53073419245209,"hist+future",0.044077998932549,1.53464835261642,0.0156984035934034,0.0102293164206896,0.997449474234498
0.1,"without_ssp245",3,10,0.0356709171195062,1.51690747115254,"hist+future",0.044077998932549,1.53464835261642,0.00840708181304275,0.00547818123852902,0.988439774210401
0.1,"with_ssp245",3,25,-0.96119109456996,0.430745191329541,"hist",-0.978310318042455,0.436689326557671,0.0171192234724952,0.0392022942430088,0.986388182933192
0.1,"without_ssp245",3,10,-0.973401106480903,0.435829333141446,"hist",-0.978310318042455,0.436689326557671,0.00490921156155177,0.0112418858510925,0.99803065162365
0.1,"with_ssp245",3,25,2.0186093911402,0.803184046032758,"future",2.00563697917529,0.808686836519222,0.0129724119649133,0.0160413294480588,0.993195399952163
0.1,"without_ssp245",3,10,1.9716811949575,0.804915457128303,"future",2.00563697917529,0.808686836519222,0.0339557842177884,0.0419887930461959,0.995336415506462
