"tol","archive","draw","n_stitched","mean_gen","var_gen","time_period","mean_target","var_target","bias","E1","E2"
0.1,"with_ssp370",158,24,0.301244316693858,1.98257959370605,"hist+future",0.294952460101501,1.98779287230914,0.00629185659235748,0.00316524758691205,0.997377353206305
0.1,"without_ssp370",158,17,0.298274641971838,1.97991360342506,"hist+future",0.294952460101501,1.98779287230914,0.00332218187033778,0.00167129177119874,0.996036172081183
0.1,"with_ssp370",158,24,-0.967980223312686,0.432530794224366,"hist",-0.978310318042455,0.436689326557671,0.0103300947297684,0.0236554779371375,0.990477137680268
0.1,"without_ssp370",158,17,-0.969379394600916,0.433885448542983,"hist",-0.978310318042455,0.436689326557671,0.00893092344153879,0.0204514351471316,0.993579238501682
0.1,"with_ssp370",158,24,2.73638442252037,1.44621775710079,"future",2.73784034840095,1.44483616067424,0.00145592588058241,0.00100767541691578,1.00095623051537
0.1,"without_ssp370",158,17,2.73040157260561,1.44237399796578,"future",2.73784034840095,1.44483616067424,0.00743877579533869,0.00514852548531685,0.998295887952229
