"tol","archive","draw","n_stitched","mean_gen","var_gen","time_period","mean_target","var_target","bias","E1","E2"
0.1,"with_ssp126",116,25,-0.166412669562729,1.18457265603571,"hist+future",-0.175317978771263,1.1859228791983,0.00890530920853488,0.0075091807104312,0.998861457868575
0.1,"without_ssp126",116,22,-0.185711954902388,1.16819435909193,"hist+future",-0.175317978771263,1.1859228791983,0.0103939761311247,0.00876446210241866,0.985050865939651
0.1,"with_ssp126",116,25,-0.969435507709112,0.431157543353986,"hist",-0.978310318042455,0.436689326557671,0.00887481033334281,0.0203229385139798,0.987332451545608
0.1,"without_ssp126",116,22,-0.974294257641706,0.436056541558413,"hist",-0.978310318042455,0.436689326557671,0.00401606040074853,0.00919660764875176,0.998550949242917
0.1,"with_ssp126",116,25,1.37427068269487,0.356852322674878,"future",1.36530685820253,0.35742081895809,0.00896382449233335,0.0250791896187346,0.998409448322374
0.1,"without_ssp126",116,22,1.32726571895793,0.367945609007572,"future",1.36530685820253,0.35742081895809,0.0380411392446025,0.10643235431975,1.02944649413586
