"tol","archive","draw","n_stitched","mean_gen","var_gen","time_period","mean_target","var_target","bias","E1","E2"
0.1,"with_ssp370",166,25,0.297834398370329,1.98390997357381,"hist+future",0.294952460101501,1.98779287230914,0.0028819382688286,0.00144981819231536,0.99804662810224
0.1,"without_ssp370",166,15,0.29562361144284,1.97600514059565,"hist+future",0.294952460101501,1.98779287230914,0.000671151341339438,0.000337636456337519,0.994069939641249
0.1,"with_ssp370",166,25,-0.972248598672681,0.430737364169171,"hist",-0.978310318042455,0.436689326557671,0.00606171936977418,0.0138810797542441,0.986370259068574
0.1,"without_ssp370",166,15,-0.968302220975428,0.434284297639497,"hist",-0.978310318042455,0.436689326557671,0.0100080970670264,0.0229181169732682,0.994492585982963
0.1,"with_ssp370",166,25,2.73462154385982,1.44835859743901,"future",2.73784034840095,1.44483616067424,0.00321880454112522,0.00222779899114868,1.00243794892504
0.1,"without_ssp370",166,15,2.72059759224533,1.44477337209964,"future",2.73784034840095,1.44483616067424,0.0172427561556181,0.0119340563483486,0.9999565427719
