"tol","archive","draw","n_stitched","mean_gen","var_gen","time_period","mean_target","var_target","bias","E1","E2"
0.1,"with_ssp126",100,25,-0.171973745557734,1.18595807250563,"hist+future",-0.175317978771263,1.1859228791983,0.00334423321352945,0.00281994155959804,1.00002967588192
0.1,"without_ssp126",100,18,-0.171040595027954,1.17517474655196,"hist+future",-0.175317978771263,1.1859228791983,0.00427738374330922,0.00360679755685361,0.990936904216233
0.1,"with_ssp126",100,25,-0.974886959876163,0.435528292784983,"hist",-0.978310318042455,0.436689326557671,0.00342335816629125,0.00783934471968172,0.997341282000547
0.1,"without_ssp126",100,18,-0.965508449970209,0.433385303529037,"hist",-0.978310318042455,0.436689326557671,0.0128018680722453,0.0293157338494157,0.992433927674214
0.1,"with_ssp126",100,25,1.36849928191367,0.361453402012721,"future",1.36530685820253,0.35742081895809,0.00319242371113759,0.00893183480594041,1.01128245149901
0.1,"without_ssp126",100,18,1.35322912666358,0.367796861858316,"future",1.36530685820253,0.35742081895809,0.012077731538952,0.0337913487360908,1.02903032601871
