"tol","archive","draw","n_stitched","mean_gen","var_gen","time_period","mean_target","var_target","bias","E1","E2"
0.1,"with_ssp370",182,24,0.297364641032983,1.98235571516843,"hist+future",0.294952460101501,1.98779287230914,0.00241218093148282,0.00121349712290732,0.997264726513285
0.1,"without_ssp370",182,16,0.303293640772244,1.98397624512412,"hist+future",0.294952460101501,1.98779287230914,0.00834118067074319,0.00419620212293727,0.998079967365722
0.1,"with_ssp370",182,24,-0.971483830944823,0.433921673714444,"hist",-0.978310318042455,0.436689326557671,0.00682648709763156,0.0156323653509998,0.993662192604881
0.1,"without_ssp370",182,16,-0.964106813372241,0.434026476621303,"hist",-0.978310318042455,0.436689326557671,0.0142035046702137,0.0325254220939561,0.993902186807818
0.1,"with_ssp370",182,24,2.7317832209904,1.44637094743072,"future",2.73784034840095,1.44483616067424,0.00605712741054676,0.00419225900860631,1.00106225660615
0.1,"without_ssp370",182,16,2.73493404697969,1.45971325735986,"future",2.73784034840095,1.44483616067424,0.00290630142126425,0.00201150933259311,1.01029673612174
