"tol","archive","draw","n_stitched","mean_gen","var_gen","time_period","mean_target","var_target","bias","E1","E2"
0.1,"with_ssp370",87,24,0.28679818202265,1.98708622543425,"hist+future",0.294952460101501,1.98779287230914,0.00815427807885022,0.00410217693827311,0.999644506787032
0.1,"without_ssp370",87,15,0.308288008380547,1.97556821897665,"hist+future",0.294952460101501,1.98779287230914,0.0133355482790464,0.00670872124798143,0.993850137253842
0.1,"with_ssp370",87,24,-0.984566458631474,0.439889118991975,"hist",-0.978310318042455,0.436689326557671,0.00625614058901947,0.0143262960840726,1.00732738869422
0.1,"without_ssp370",87,15,-0.957119980087379,0.430157240848314,"hist",-0.978310318042455,0.436689326557671,0.021190337955076,0.0485249733995444,0.985041801317087
0.1,"with_ssp370",87,24,2.72604429490556,1.44948115598645,"future",2.73784034840095,1.44483616067424,0.0117960534953858,0.00816428451644032,1.00321489414415
0.1,"without_ssp370",87,15,2.73610566067366,1.43811237543603,"future",2.73784034840095,1.44483616067424,0.00173468772728969,0.00120061206557855,0.995346333777332
