"tol","archive","draw","n_stitched","mean_gen","var_gen","time_period","mean_target","var_target","bias","E1","E2"
0.1,"with_ssp126",53,25,-0.169649112438511,1.1865992905187,"hist+future",-0.175317978771263,1.1859228791983,0.00566886633275274,0.00478013067475769,1.00057036703842
0.1,"without_ssp126",53,19,-0.170769388051691,1.17704883862085,"hist+future",-0.175317978771263,1.1859228791983,0.00454859071957217,0.00383548610061988,0.992517185785767
0.1,"with_ssp126",53,25,-0.973737892031031,0.432973299581063,"hist",-0.978310318042455,0.436689326557671,0.00457242601142349,0.0104706612535437,0.991490456142124
0.1,"without_ssp126",53,19,-0.965975781510879,0.43525860803369,"hist",-0.978310318042455,0.436689326557671,0.0123345365315757,0.0282455644812897,0.996723715380774
0.1,"with_ssp126",53,25,1.37307936003551,0.358838423893653,"future",1.36530685820253,0.35742081895809,0.00777250183297729,0.0217460803084575,1.00396620694814
0.1,"without_ssp126",53,19,1.35491729707349,0.37212980459109,"future",1.36530685820253,0.35742081895809,0.0103895611290392,0.0290681476230893,1.04115313057554
