"tol","archive","draw","n_stitched","mean_gen","var_gen","time_period","mean_target","var_target","bias","E1","E2"
0.1,"with_ssp126",150,25,-0.169481504702145,1.1845831053076,"hist+future",-0.175317978771263,1.1859228791983,0.0058364740691183,0.00492146173372071,0.998870268957457
0.1,"without_ssp126",150,19,-0.178577879171439,1.17188079028946,"hist+future",-0.175317978771263,1.1859228791983,0.00325990040017515,0.00274883001024392,0.988159357446305
0.1,"with_ssp126",150,25,-0.971892099921737,0.434966917285056,"hist",-0.978310318042455,0.436689326557671,0.00641821812071752,0.0146974467439151,0.99605575596227
0.1,"without_ssp126",150,19,-0.969927208327446,0.43679029218818,"hist",-0.978310318042455,0.436689326557671,0.00838310971500833,0.0191969649936045,1.00023120700317
0.1,"with_ssp126",150,25,1.37002719542847,0.35579594881301,"future",1.36530685820253,0.35742081895809,0.00472033722593346,0.0132066655761509,0.995453901790565
0.1,"without_ssp126",150,19,1.33970862444183,0.367097497562774,"future",1.36530685820253,0.35742081895809,0.0255982337607017,0.0716193137135173,1.02707362887504
