"tol","archive","draw","n_stitched","mean_gen","var_gen","time_period","mean_target","var_target","bias","E1","E2"
0.1,"with_ssp245",140,24,0.0546089943874569,1.53483370748402,"hist+future",0.044077998932549,1.53464835261642,0.010530995454908,0.00686215538364452,1.00012078002578
0.1,"without_ssp245",140,10,0.0314983693551628,1.51523885212594,"hist+future",0.044077998932549,1.53464835261642,0.0125796295773862,0.00819707625915678,0.987352476899742
0.1,"with_ssp245",140,24,-0.968040777631938,0.433260322545626,"hist",-0.978310318042455,0.436689326557671,0.0102695404105165,0.0235168111194041,0.992147726533472
0.1,"without_ssp245",140,10,-0.977571240616301,0.436426550155759,"hist",-0.978310318042455,0.436689326557671,0.000739077426153312,0.00169245589760414,0.999398253206727
0.1,"with_ssp245",140,24,2.01666960349444,0.811378643495721,"future",2.00563697917529,0.808686836519222,0.0110326243191472,0.0136426411571557,1.00332861480482
0.1,"without_ssp245",140,10,1.96750401639344,0.795071204754335,"future",2.00563697917529,0.808686836519222,0.0381329627818516,0.0471541776863648,0.983163282558807
