"tol","archive","draw","n_stitched","mean_gen","var_gen","time_period","mean_target","var_target","bias","E1","E2"
0.1,"with_ssp126",96,25,-0.170250398328547,1.18514685269169,"hist+future",-0.175317978771263,1.1859228791983,0.00506758044271649,0.00427311128877306,0.999345634931059
0.1,"without_ssp126",96,19,-0.175867866158135,1.17118382562829,"hist+future",-0.175317978771263,1.1859228791983,0.000549887386872033,0.000463678875344547,0.987571659313997
0.1,"with_ssp126",96,25,-0.973324964648472,0.43351961969536,"hist",-0.978310318042455,0.436689326557671,0.00498535339398265,0.0114162474115892,0.992741505987113
0.1,"without_ssp126",96,19,-0.966326628310029,0.438593287936689,"hist",-0.978310318042455,0.436689326557671,0.0119836897324261,0.0274421402210377,1.00435999064604
0.1,"with_ssp126",96,25,1.3705321998434,0.35627400020744,"future",1.36530685820253,0.35742081895809,0.00522534164086852,0.014619578277787,0.996791404725688
0.1,"without_ssp126",96,19,1.34070999145887,0.367228156392577,"future",1.36530685820253,0.35742081895809,0.0245968667436653,0.0688176665684086,1.02743918908551
