"tol","archive","draw","n_stitched","mean_gen","var_gen","time_period","mean_target","var_target","bias","E1","E2"
0.1,"with_ssp370",107,25,0.292150311518292,1.98572086194788,"hist+future",0.294952460101501,1.98779287230914,0.00280214858320815,0.00140967835343579,0.998957632663783
0.1,"without_ssp370",107,15,0.30354106000208,1.98158046457853,"hist+future",0.294952460101501,1.98779287230914,0.00858859990057953,0.0043206714443052,0.996874720793521
0.1,"with_ssp370",107,25,-0.979344890823362,0.433735842460338,"hist",-0.978310318042455,0.436689326557671,0.00103457278090735,0.00236912770243932,0.993236646930176
0.1,"without_ssp370",107,15,-0.965928281899471,0.432482575869687,"hist",-0.978310318042455,0.436689326557671,0.0123820361429835,0.028354336572841,0.990366719697171
0.1,"with_ssp370",107,25,2.73164692066216,1.44694419157365,"future",2.73784034840095,1.44483616067424,0.0061934277387854,0.00428659519145422,1.00145901034095
0.1,"without_ssp370",107,15,2.73915084388296,1.44086670557855,"future",2.73784034840095,1.44483616067424,0.00131049548201378,0.000907020129813357,0.997252660748857
