"tol","archive","draw","n_stitched","mean_gen","var_gen","time_period","mean_target","var_target","bias","E1","E2"
0.1,"with_ssp370",188,25,0.297159232848654,1.98535051089399,"hist+future",0.294952460101501,1.98779287230914,0.00220677274715309,0.00111016232017653,0.998771319965388
0.1,"without_ssp370",188,14,0.302785293058399,1.97437769550452,"hist+future",0.294952460101501,1.98779287230914,0.00783283295689879,0.00394046737263913,0.993251219988005
0.1,"with_ssp370",188,25,-0.974180897043489,0.434850747729976,"hist",-0.978310318042455,0.436689326557671,0.00412942099896529,0.00945619860122673,0.995789732617951
0.1,"without_ssp370",188,14,-0.961783405463872,0.432905854223374,"hist",-0.978310318042455,0.436689326557671,0.0165269125785824,0.0378459274671551,0.991336009139216
0.1,"with_ssp370",188,25,2.73635831926963,1.44558103999287,"future",2.73784034840095,1.44483616067424,0.00148202913132378,0.00102574199875519,1.00051554587219
0.1,"without_ssp370",188,14,2.72899267975811,1.43585878409714,"future",2.73784034840095,1.44483616067424,0.00884766864284314,0.00612364839949348,0.993786578145361
