"tol","archive","draw","n_stitched","mean_gen","var_gen","time_period","mean_target","var_target","bias","E1","E2"
0.1,"with_ssp370",157,25,0.292425952188284,1.98508630114225,"hist+future",0.294952460101501,1.98779287230914,0.00252650791321624,0.00127101165740739,0.998638403827382
0.1,"without_ssp370",157,14,0.289332627195891,1.97237651456769,"hist+future",0.294952460101501,1.98779287230914,0.00561983290560952,0.00282717227931358,0.992244484847384
0.1,"with_ssp370",157,25,-0.977210867535982,0.43448876461747,"hist",-0.978310318042455,0.436689326557671,0.0010994505064732,0.00251769493690156,0.994960806673368
0.1,"without_ssp370",157,14,-0.973238600840698,0.43908299172155,"hist",-0.978310318042455,0.436689326557671,0.00507171720175692,0.011614016861223,1.00548139150262
0.1,"with_ssp370",157,25,2.72835705979879,1.45309764292842,"future",2.73784034840095,1.44483616067424,0.00948328860215542,0.00656357368418158,1.0057179370776
0.1,"without_ssp370",157,14,2.71170765773121,1.43407727613021,"future",2.73784034840095,1.44483616067424,0.0261326906697428,0.0180869578025703,0.99255356085564
