"tol","archive","draw","n_stitched","mean_gen","var_gen","time_period","mean_target","var_target","bias","E1","E2"
0.1,"with_ssp126",51,25,-0.166041967208326,1.18764380920694,"hist+future",-0.175317978771263,1.1859228791983,0.00927601156293753,0.00782176625954655,1.00145113146802
0.1,"without_ssp126",51,19,-0.173827619726927,1.17476614482086,"hist+future",-0.175317978771263,1.1859228791983,0.00149035904433603,0.00125670823160401,0.990592360959438
0.1,"with_ssp126",51,25,-0.971162544310965,0.431654450472949,"hist",-0.978310318042455,0.436689326557671,0.00714777373148934,0.0163680980889405,0.988470347731164
0.1,"without_ssp126",51,19,-0.966969189223452,0.434677403962803,"hist",-0.978310318042455,0.436689326557671,0.0113411288190025,0.0259707030359597,0.995392782757647
0.1,"with_ssp126",51,25,1.37866611676767,0.359014810668809,"future",1.36530685820253,0.35742081895809,0.0133592585651343,0.0373768338511383,1.00445970583181
0.1,"without_ssp126",51,19,1.34789748453966,0.377030988675166,"future",1.36530685820253,0.35742081895809,0.0174093736628729,0.0487083368943717,1.05486577355578
