"tol","archive","draw","n_stitched","mean_gen","var_gen","time_period","mean_target","var_target","bias","E1","E2"
0.1,"with_ssp245",181,25,0.0559648281981823,1.52989728746428,"hist+future",0.044077998932549,1.53464835261642,0.0118868292656333,0.00774563713268089,0.996904134328858
0.1,"without_ssp245",181,10,0.0485783443910737,1.52447140611539,"hist+future",0.044077998932549,1.53464835261642,0.00450034545852473,0.00293249293940992,0.993368548251669
0.1,"with_ssp245",181,25,-0.963989374135192,0.430979598469337,"hist",-0.978310318042455,0.436689326557671,0.0143209439072631,0.0327943529560296,0.986924965321817
0.1,"without_ssp245",181,10,-0.965523273062869,0.435199364448957,"hist",-0.978310318042455,0.436689326557671,0.0127870449795859,0.0292817895971571,0.996588050089388
0.1,"with_ssp245",181,25,2.01285370476803,0.805496480351559,"future",2.00563697917529,0.808686836519222,0.00721672559273845,0.00892400527230161,0.996054892915785
0.1,"without_ssp245",181,10,1.99423842438992,0.811842733034853,"future",2.00563697917529,0.808686836519222,0.0113985547853719,0.0140951407524252,1.00390249522203
