"tol","archive","draw","n_stitched","mean_gen","var_gen","time_period","mean_target","var_target","bias","E1","E2"
0.1,"with_ssp370",116,24,0.305345356515438,1.98220732337572,"hist+future",0.294952460101501,1.98779287230914,0.0103928964139377,0.00522835983502883,0.997190074976505
0.1,"without_ssp370",116,14,0.300745908327895,1.97853406346533,"hist+future",0.294952460101501,1.98779287230914,0.0057934482263941,0.00291451302955125,0.995342166192064
0.1,"with_ssp370",116,24,-0.964851134971624,0.432063153565036,"hist",-0.978310318042455,0.436689326557671,0.0134591830708312,0.0308209572625167,0.989406260443546
0.1,"without_ssp370",116,14,-0.965848458692097,0.433143610590645,"hist",-0.978310318042455,0.436689326557671,0.012461859350358,0.0285371283255128,0.991880461116427
0.1,"with_ssp370",116,24,2.74235025297317,1.44020305460578,"future",2.73784034840095,1.44483616067424,0.00450990457222344,0.00312139514152169,0.996793334639204
0.1,"without_ssp370",116,14,2.73083975202904,1.4424071787135,"future",2.73784034840095,1.44483616067424,0.00700059637190886,0.00484525274384189,0.998318853011255
