"tol","archive","draw","n_stitched","mean_gen","var_gen","time_period","mean_target","var_target","bias","E1","E2"
0.1,"with_ssp370",53,24,0.29575563827357,1.98379692853414,"hist+future",0.294952460101501,1.98779287230914,0.000803178172069152,0.000404055263130173,0.997989758475006
0.1,"without_ssp370",53,15,0.308961151780985,1.98357045212781,"hist+future",0.294952460101501,1.98779287230914,0.0140086916794843,0.00704735985053159,0.997875824870812
0.1,"with_ssp370",53,24,-0.973480564728993,0.434453737965066,"hist",-0.978310318042455,0.436689326557671,0.00482975331346125,0.0110599298396715,0.994880597127876
0.1,"without_ssp370",53,15,-0.960038212225139,0.432167252616499,"hist",-0.978310318042455,0.436689326557671,0.0182721058173154,0.041842345819053,0.989644642847539
0.1,"with_ssp370",53,24,2.73091812077849,1.44992319602345,"future",2.73784034840095,1.44483616067424,0.00692222762246253,0.00479101216516634,1.00352083889348
0.1,"without_ssp370",53,15,2.74366923388576,1.45132599441325,"future",2.73784034840095,1.44483616067424,0.00582888548480831,0.0040342882075212,1.0044917437116
