"tol","archive","draw","n_stitched","mean_gen","var_gen","time_period","mean_target","var_target","bias","E1","E2"
0.1,"with_ssp245",175,25,0.0608348749957858,1.53015517344685,"hist+future",0.044077998932549,1.53464835261642,0.0167568760632369,0.0109190330375477,0.997072176722498
0.1,"without_ssp245",175,10,0.0382556355865816,1.51965808476877,"hist+future",0.044077998932549,1.53464835261642,0.0058223633459674,0.00379393972309086,0.990232115505746
0.1,"with_ssp245",175,25,-0.959579628667151,0.430068054989481,"hist",-0.978310318042455,0.436689326557671,0.018730689375304,0.042892482678599,0.984837569490456
0.1,"without_ssp245",175,10,-0.972998919890693,0.440390083559121,"hist",-0.978310318042455,0.436689326557671,0.00531139815176129,0.0121628760511046,1.00847457626368
0.1,"with_ssp245",175,25,2.01860688783747,0.804595022487735,"future",2.00563697917529,0.808686836519222,0.0129699086621775,0.0160382339324367,0.994940174803514
0.1,"without_ssp245",175,10,1.97845332923484,0.7999334559427,"future",2.00563697917529,0.808686836519222,0.027183649940447,0.0336145572214973,0.989175809248734
