"tol","archive","draw","n_stitched","mean_gen","var_gen","time_period","mean_target","var_target","bias","E1","E2"
0.1,"with_ssp126",174,25,-0.168674515850969,1.18421783665041,"hist+future",-0.175317978771263,1.1859228791983,0.00664346292029475,0.0056019350303671,0.998562265238494
0.1,"without_ssp126",174,22,-0.179426711721209,1.1730655921431,"hist+future",-0.175317978771263,1.1859228791983,0.00410873294994582,0.00346458696599512,0.989158412169359
0.1,"with_ssp126",174,25,-0.97053023685833,0.433413682205811,"hist",-0.978310318042455,0.436689326557671,0.00778008118412477,0.0178160552845509,0.992498913638029
0.1,"without_ssp126",174,22,-0.972358573575767,0.433215580531077,"hist",-0.978310318042455,0.436689326557671,0.00595174446668745,0.0136292418997363,0.992045269221538
0.1,"with_ssp126",174,25,1.36976960003525,0.362822258032712,"future",1.36530685820253,0.35742081895809,0.00446274183271367,0.0124859593957703,1.01511226763558
0.1,"without_ssp126",174,22,1.34189604648812,0.367261901481127,"future",1.36530685820253,0.35742081895809,0.0234108117144167,0.0654992951520314,1.02753360185264
