"tol","archive","draw","n_stitched","mean_gen","var_gen","time_period","mean_target","var_target","bias","E1","E2"
0.1,"with_ssp245",100,25,0.05968909025783,1.53030274567071,"hist+future",0.044077998932549,1.53464835261642,0.0156110913252811,0.0101724224306276,0.997168337008082
0.1,"without_ssp245",100,11,0.0242875706175947,1.53037549156341,"hist+future",0.044077998932549,1.53464835261642,0.0197904283149543,0.0128957414128218,0.997215739328344
0.1,"with_ssp245",100,25,-0.959878439564845,0.431685171891168,"hist",-0.978310318042455,0.436689326557671,0.0184318784776101,0.0422082184213309,0.988540698473328
0.1,"without_ssp245",100,11,-0.993903759546168,0.441514892982579,"hist",-0.978310318042455,0.436689326557671,0.0155934415037131,0.0357083183750629,1.01105034204281
0.1,"with_ssp245",100,25,2.01583609515017,0.809751238616339,"future",2.00563697917529,0.808686836519222,0.0101991159748822,0.0126119475602961,1.00131621048971
0.1,"without_ssp245",100,11,1.97779419244342,0.809136782421273,"future",2.00563697917529,0.808686836519222,0.0278427867318707,0.0344296277304483,1.00055639078285
