"tol","archive","draw","n_stitched","mean_gen","var_gen","time_period","mean_target","var_target","bias","E1","E2"
0.1,"with_ssp370",18,24,0.292151535723913,1.98521699275711,"hist+future",0.294952460101501,1.98779287230914,0.00280092437758717,0.00140906249167371,0.99870415092643
0.1,"without_ssp370",18,16,0.288174937136058,1.97972831319571,"hist+future",0.294952460101501,1.98779287230914,0.00677752296544282,0.00340957202325091,0.995942958028588
0.1,"with_ssp370",18,24,-0.978073465557625,0.436109501168729,"hist",-0.978310318042455,0.436689326557671,0.000236852484829631,0.000542382124831601,0.998672224499938
0.1,"without_ssp370",18,16,-0.979711137785459,0.43741501634145,"hist",-0.978310318042455,0.436689326557671,0.00140081974300432,0.00320781768138618,1.0016617987655
0.1,"with_ssp370",18,24,2.72921113120593,1.44979263725062,"future",2.73784034840095,1.44483616067424,0.00862921719501486,0.00597245378395566,1.00343047655595
0.1,"without_ssp370",18,16,2.72074705762501,1.43841248450974,"future",2.73784034840095,1.44483616067424,0.0170932907759354,0.0118306083701273,0.995554045268701
