"tol","archive","draw","n_stitched","mean_gen","var_gen","time_period","mean_target","var_target","bias","E1","E2"
0.1,"with_ssp370",184,24,0.294554657083451,1.98432813298902,"hist+future",0.294952460101501,1.98779287230914,0.000397803018049148,0.00020012297236333,0.998256991777974
0.1,"without_ssp370",184,14,0.288753387717117,1.98152457220913,"hist+future",0.294952460101501,1.98779287230914,0.00619907238438372,0.00311857058687533,0.996846602990012
0.1,"with_ssp370",184,24,-0.975761456092398,0.434400036874587,"hist",-0.978310318042455,0.436689326557671,0.00254886195005644,0.00583678554763079,0.994757623912794
0.1,"without_ssp370",184,14,-0.979499308429898,0.438880410890255,"hist",-0.978310318042455,0.436689326557671,0.00118899038744313,0.00272273745918109,1.00501749000796
0.1,"with_ssp370",184,24,2.73178906026968,1.44677449683901,"future",2.73784034840095,1.44483616067424,0.00605128813127465,0.00418821752665075,1.00134156122163
0.1,"without_ssp370",184,14,2.72202890939453,1.44290020475328,"future",2.73784034840095,1.44483616067424,0.0158114390064208,0.010943413126539,0.998660086192708
