"tol","archive","draw","n_stitched","mean_gen","var_gen","time_period","mean_target","var_target","bias","E1","E2"
0.1,"with_ssp245",10,24,0.0647905982674064,1.53201849632468,"hist+future",0.044077998932549,1.53464835261642,0.0207125993348574,0.0134966419502842,0.998286345997595
0.1,"without_ssp245",10,11,0.0391560343557593,1.51689754991542,"hist+future",0.044077998932549,1.53464835261642,0.00492196457678966,0.00320722631239801,0.988433309382737
0.1,"with_ssp245",10,24,-0.956990284285837,0.428591267708904,"hist",-0.978310318042455,0.436689326557671,0.0213200337566173,0.0488219712734418,0.981455789376391
0.1,"without_ssp245",10,11,-0.970911600446431,0.431869652116954,"hist",-0.978310318042455,0.436689326557671,0.00739871759602362,0.0169427488744599,0.988963150350594
0.1,"with_ssp245",10,24,2.02518415200328,0.806723488012446,"future",2.00563697917529,0.808686836519222,0.0195471728279921,0.0241714987128117,0.997572176993474
0.1,"without_ssp245",10,11,1.97707649647624,0.802048850396839,"future",2.00563697917529,0.808686836519222,0.0285604826990478,0.0353171109127716,0.991791648110715
