"tol","archive","draw","n_stitched","mean_gen","var_gen","time_period","mean_target","var_target","bias","E1","E2"
0.1,"with_ssp370",174,24,0.298932161087984,1.98705116284429,"hist+future",0.294952460101501,1.98779287230914,0.00397970098648393,0.00200207025687785,0.999626867831562
0.1,"without_ssp370",174,15,0.289447366411838,1.97594761308369,"hist+future",0.294952460101501,1.98779287230914,0.00550509368966207,0.00276945036193183,0.994040999245718
0.1,"with_ssp370",174,24,-0.97419648879018,0.433661829681554,"hist",-0.978310318042455,0.436689326557671,0.00411382925227433,0.00942049416390083,0.993067160812053
0.1,"without_ssp370",174,15,-0.974541009986915,0.4379670157056,"hist",-0.978310318042455,0.436689326557671,0.00376930805553977,0.00863155526436247,1.0029258538513
0.1,"with_ssp370",174,24,2.74156271027284,1.44425825123702,"future",2.73784034840095,1.44483616067424,0.00372236187188602,0.00257632108968601,0.999600017321722
0.1,"without_ssp370",174,15,2.71454134438619,1.44210085066959,"future",2.73784034840095,1.44483616067424,0.0232990040147585,0.0161257066018377,0.998106837246253
