"tol","archive","draw","n_stitched","mean_gen","var_gen","time_period","mean_target","var_target","bias","E1","E2"
0.1,"with_ssp370",49,25,0.293429126881891,1.98710410670647,"hist+future",0.294952460101501,1.98779287230914,0.00152333321960951,0.000766344039577884,0.999653502328002
0.1,"without_ssp370",49,15,0.295279949381172,1.97863324182317,"hist+future",0.294952460101501,1.98779287230914,0.000327489279671411,0.000164750203219604,0.995392059900423
0.1,"with_ssp370",49,25,-0.979703349058325,0.434369093626298,"hist",-0.978310318042455,0.436689326557671,0.00139303101587007,0.00318998182724327,0.994686765189196
0.1,"without_ssp370",49,15,-0.969937165061135,0.435529118488516,"hist",-0.978310318042455,0.436689326557671,0.00837315298131958,0.0191741644965847,0.997343172826547
0.1,"with_ssp370",49,25,2.73606701676719,1.44405537324515,"future",2.73784034840095,1.44483616067424,0.00177333163376092,0.00122735828603112,0.999459601406477
0.1,"without_ssp370",49,15,2.72273138988095,1.4482193514559,"future",2.73784034840095,1.44483616067424,0.0151089585200026,0.0104572123339936,1.00234157399555
