"tol","archive","draw","n_stitched","mean_gen","var_gen","time_period","mean_target","var_target","bias","E1","E2"
0.1,"with_ssp245",93,25,0.0629821144614202,1.53406638210176,"hist+future",0.044077998932549,1.53464835261642,0.0189041155288712,0.0123182066410468,0.999620779239967
0.1,"without_ssp245",93,11,0.0337091245610227,1.53019483463923,"hist+future",0.044077998932549,1.53464835261642,0.0103688743715263,0.00675651484188438,0.99709802055331
0.1,"with_ssp245",93,25,-0.960152071893053,0.431365074640445,"hist",-0.978310318042455,0.436689326557671,0.0181582461494013,0.0415816120181798,0.987807689372224
0.1,"without_ssp245",93,11,-0.983669647411611,0.437822244096579,"hist",-0.978310318042455,0.436689326557671,0.00535932936915595,0.012272636502024,1.00259433301894
0.1,"with_ssp245",93,25,2.02597212316477,0.805656511830628,"future",2.00563697917529,0.808686836519222,0.0203351439894819,0.0251458822762704,0.996252783461103
0.1,"without_ssp245",93,11,1.98565676846201,0.817674890976459,"future",2.00563697917529,0.808686836519222,0.0199802107132836,0.0247069815050819,1.01111438204673
