"tol","archive","draw","n_stitched","mean_gen","var_gen","time_period","mean_target","var_target","bias","E1","E2"
0.1,"with_ssp126",185,25,-0.166379128973917,1.1902592222279,"hist+future",-0.175317978771263,1.1859228791983,0.00893884979734644,0.00753746297852795,1.00365651351
0.1,"without_ssp126",185,20,-0.184021973122217,1.17524212795614,"hist+future",-0.175317978771263,1.1859228791983,0.00870399435095362,0.00733942695905965,0.990993721911011
0.1,"with_ssp126",185,25,-0.973189955554854,0.433979704457321,"hist",-0.978310318042455,0.436689326557671,0.00512036248760095,0.011725412498546,0.993795080539959
0.1,"without_ssp126",185,20,-0.978178447121148,0.436878755296408,"hist",-0.978310318042455,0.436689326557671,0.000131870921306287,0.000301978805723963,1.00043378376163
0.1,"with_ssp126",185,25,1.38157187551276,0.35766211894384,"future",1.36530685820253,0.35742081895809,0.0162650173102299,0.045506630972543,1.00067511452314
0.1,"without_ssp126",185,20,1.33965033164317,0.364338142054718,"future",1.36530685820253,0.35742081895809,0.0256565265593593,0.0717824066156811,1.01935344202051
