"tol","archive","draw","n_stitched","mean_gen","var_gen","time_period","mean_target","var_target","bias","E1","E2"
0.1,"with_ssp370",44,24,0.300111259054897,1.98261914045512,"hist+future",0.294952460101501,1.98779287230914,0.00515879895339622,0.00259523968782695,0.997397248010046
0.1,"without_ssp370",44,14,0.297166836883288,1.97789885125808,"hist+future",0.294952460101501,1.98779287230914,0.00221437678178726,0.00111398768585728,0.995022609654714
0.1,"with_ssp370",44,24,-0.96867900026575,0.434659510438645,"hist",-0.978310318042455,0.436689326557671,0.00963131777670467,0.0220553084102749,0.99535180734774
0.1,"without_ssp370",44,14,-0.969850068445223,0.435311327306468,"hist",-0.978310318042455,0.436689326557671,0.00846024959723124,0.0193736120457113,0.996844440275044
0.1,"with_ssp370",44,24,2.73441815193753,1.44728574579022,"future",2.73784034840095,1.44483616067424,0.00342219646341668,0.00236857060790871,1.00169540684449
0.1,"without_ssp370",44,14,2.72807136454845,1.43651887897087,"future",2.73784034840095,1.44483616067424,0.00976898385249481,0.00676130908014929,0.994243443007755
