"tol","archive","draw","n_stitched","mean_gen","var_gen","time_period","mean_target","var_target","bias","E1","E2"
0.1,"with_ssp245",148,24,0.0606144869890573,1.53479793801892,"hist+future",0.044077998932549,1.53464835261642,0.0165364880565083,0.0107754248902136,1.00009747210313
0.1,"without_ssp245",148,11,0.0367756469033698,1.52690087966214,"hist+future",0.044077998932549,1.53464835261642,0.00730235202917917,0.00475832265856174,0.994951629836847
0.1,"with_ssp245",148,24,-0.962642767405489,0.430220592205335,"hist",-0.978310318042455,0.436689326557671,0.0156675506369661,0.0358780251408251,0.985186873232447
0.1,"without_ssp245",148,11,-0.980500874338521,0.436729452149269,"hist",-0.978310318042455,0.436689326557671,0.00219055629606668,0.00501628082677076,1.00009188589956
0.1,"with_ssp245",148,24,2.0238406146065,0.809993120445096,"future",2.00563697917529,0.808686836519222,0.0182036354312114,0.022510117154329,1.00161531493637
0.1,"without_ssp245",148,11,1.98852711207677,0.801362825793948,"future",2.00563697917529,0.808686836519222,0.0171098670985232,0.0211575931817663,0.990943328870297
