"tol","archive","draw","n_stitched","mean_gen","var_gen","time_period","mean_target","var_target","bias","E1","E2"
0.1,"with_ssp126",72,25,-0.16934519851049,1.18891586654826,"hist+future",-0.175317978771263,1.1859228791983,0.00597278026077325,0.00503639854288918,1.00252376221292
0.1,"without_ssp126",72,18,-0.173187331559751,1.17262006448213,"hist+future",-0.175317978771263,1.1859228791983,0.00213064721151213,0.00179661531865586,0.988782732039745
0.1,"with_ssp126",72,25,-0.974942165815745,0.434456556448683,"hist",-0.978310318042455,0.436689326557671,0.00336815222670961,0.00771292546410519,0.994887051335582
0.1,"without_ssp126",72,18,-0.964995787325611,0.434568702700412,"hist",-0.978310318042455,0.436689326557671,0.0133145307168436,0.0304897095191202,0.995143861486207
0.1,"with_ssp126",72,25,1.37627688992401,0.358833501852853,"future",1.36530685820253,0.35742081895809,0.0109700317214767,0.0306922012921777,1.00395243595178
0.1,"without_ssp126",72,18,1.34598005450265,0.373400625750041,"future",1.36530685820253,0.35742081895809,0.0193268036998799,0.0540729657444664,1.04470866257465
