"tol","archive","draw","n_stitched","mean_gen","var_gen","time_period","mean_target","var_target","bias","E1","E2"
0.1,"with_ssp245",110,25,0.06114274180317,1.53029868939639,"hist+future",0.044077998932549,1.53464835261642,0.017064742870621,0.0111196436900527,0.997165693878588
0.1,"without_ssp245",110,10,0.04012863970469,1.5234763745131,"hist+future",0.044077998932549,1.53464835261642,0.00394935922785894,0.00257346200588928,0.992720170660415
0.1,"with_ssp245",110,25,-0.95988087591145,0.429953390183544,"hist",-0.978310318042455,0.436689326557671,0.0184294421310043,0.0422026392911401,0.984574991957727
0.1,"without_ssp245",110,10,-0.972626111037004,0.439088174619069,"hist",-0.978310318042455,0.436689326557671,0.0056842070054508,0.0130165924829402,1.00549326011768
0.1,"with_ssp245",110,25,2.0200834036975,0.801173189640518,"future",2.00563697917529,0.808686836519222,0.0144464245222111,0.0178640530175957,0.990708829995249
0.1,"without_ssp245",110,10,1.98320461496492,0.811792969462787,"future",2.00563697917529,0.808686836519222,0.0224323642103721,0.0277392473790303,1.00384095895135
