"tol","archive","draw","n_stitched","mean_gen","var_gen","time_period","mean_target","var_target","bias","E1","E2"
0.1,"with_ssp245",183,25,0.0639884684832239,1.53104722724761,"hist+future",0.044077998932549,1.53464835261642,0.0199104695506749,0.0129739620915303,0.997653452425975
0.1,"without_ssp245",183,11,0.040243324733395,1.52265103447121,"hist+future",0.044077998932549,1.53464835261642,0.00383467419915393,0.00249873151241207,0.992182366647863
0.1,"with_ssp245",183,25,-0.956820820367435,0.429770891737804,"hist",-0.978310318042455,0.436689326557671,0.0214894976750202,0.049210036444942,0.984157078272547
0.1,"without_ssp245",183,11,-0.973650787368962,0.435459706240699,"hist",-0.978310318042455,0.436689326557671,0.00465953067349223,0.010670127228028,0.997184221728832
0.1,"with_ssp245",183,25,2.02251791802228,0.807044842431075,"future",2.00563697917529,0.808686836519222,0.016880938846989,0.0208745067740296,0.99796955506879
0.1,"without_ssp245",183,11,1.98550528399955,0.803099082593728,"future",2.00563697917529,0.808686836519222,0.0201316951757429,0.0248943030436781,0.993090336489778
