"tol","archive","draw","n_stitched","mean_gen","var_gen","time_period","mean_target","var_target","bias","E1","E2"
0.1,"with_ssp370",122,25,0.296887676079724,1.98504240072726,"hist+future",0.294952460101501,1.98779287230914,0.00193521597822344,0.000973550114391633,0.99861631882265
0.1,"without_ssp370",122,15,0.297495855667677,1.98713973078553,"hist+future",0.294952460101501,1.98779287230914,0.00254339556617644,0.00127950733781527,0.999671423752089
0.1,"with_ssp370",122,25,-0.973917111384829,0.435214307494637,"hist",-0.978310318042455,0.436689326557671,0.00439320665762577,0.0100602565495623,0.996622269028966
0.1,"without_ssp370",122,15,-0.973103314664879,0.437270979280232,"hist",-0.978310318042455,0.436689326557671,0.00520700337757529,0.0119238164546429,1.0013319600164
0.1,"with_ssp370",122,25,2.73505965202916,1.44677235507434,"future",2.73784034840095,1.44483616067424,0.00278069637179268,0.00192457556605937,1.00134007886347
0.1,"without_ssp370",122,15,2.7352733336313,1.45480148758857,"future",2.73784034840095,1.44483616067424,0.00256701476964727,0.00177668225610394,1.00689720203962
