"tol","archive","draw","n_stitched","mean_gen","var_gen","time_period","mean_target","var_target","bias","E1","E2"
0.1,"with_ssp245",173,25,0.0647348759006805,1.53330560626021,"hist+future",0.044077998932549,1.53464835261642,0.0206568769681315,0.0134603324161614,0.999125046233605
0.1,"without_ssp245",173,11,0.036344108045859,1.52465080969854,"hist+future",0.044077998932549,1.53464835261642,0.00773389088668995,0.00503951988317352,0.993485450330792
0.1,"with_ssp245",173,25,-0.957887629132156,0.42924309867246,"hist",-0.978310318042455,0.436689326557671,0.0204226889102989,0.0467670897094888,0.982948454582328
0.1,"without_ssp245",173,11,-0.978569217023309,0.435834321298127,"hist",-0.978310318042455,0.436689326557671,0.000258898980854516,0.000592867663827192,0.998042074290471
0.1,"with_ssp245",173,25,2.02674317044042,0.807241194569304,"future",2.00563697917529,0.808686836519222,0.0211061912651358,0.0260993382258846,0.998212358746755
0.1,"without_ssp245",173,11,1.98356153405066,0.806565909608539,"future",2.00563697917529,0.808686836519222,0.0220754451246301,0.027297891010132,0.997377319853737
