"tol","archive","draw","n_stitched","mean_gen","var_gen","time_period","mean_target","var_target","bias","E1","E2"
0.1,"with_ssp126",17,25,-0.167247560903467,1.18427393750419,"hist+future",-0.175317978771263,1.1859228791983,0.00807041786779603,0.00680517933278407,0.998609570889451
0.1,"without_ssp126",17,18,-0.164392663806364,1.17726332626707,"hist+future",-0.175317978771263,1.1859228791983,0.010925314964899,0.00921250037125916,0.992698047163838
0.1,"with_ssp126",17,25,-0.969760440356131,0.431768449655711,"hist",-0.978310318042455,0.436689326557671,0.00854987768632343,0.0195788565608422,0.98873140101511
0.1,"without_ssp126",17,18,-0.959743369715603,0.433842189546819,"hist",-0.978310318042455,0.436689326557671,0.0185669483268515,0.0425175226360826,0.993480177238826
0.1,"with_ssp126",17,25,1.37245738223246,0.358960894993222,"future",1.36530685820253,0.35742081895809,0.00715052402992367,0.0200058968326692,1.00430885934295
0.1,"without_ssp126",17,18,1.36157089985671,0.375493601219455,"future",1.36530685820253,0.35742081895809,0.00373595834582385,0.0104525482223293,1.05056443638076
