"tol","archive","draw","n_stitched","mean_gen","var_gen","time_period","mean_target","var_target","bias","E1","E2"
0.1,"with_ssp126",172,25,-0.168043685973529,1.18404898984717,"hist+future",-0.175317978771263,1.1859228791983,0.00727429279773395,0.00613386664961847,0.998419889367179
0.1,"without_ssp126",172,20,-0.178167298639383,1.1749770765105,"hist+future",-0.175317978771263,1.1859228791983,0.00284931986811962,0.00240261817871817,0.990770223865491
0.1,"with_ssp126",172,25,-0.969807111196844,0.432377136433139,"hist",-0.978310318042455,0.436689326557671,0.00850320684561112,0.0194719823189637,0.990125267868294
0.1,"without_ssp126",172,20,-0.971590217365015,0.434594700869467,"hist",-0.978310318042455,0.436689326557671,0.00672010067743933,0.015388744969822,0.99520339618851
0.1,"with_ssp126",172,25,1.37022335079213,0.364724462955676,"future",1.36530685820253,0.35742081895809,0.00491649258959748,0.0137554734610296,1.02043429931943
0.1,"without_ssp126",172,20,1.34409760356677,0.375857090128671,"future",1.36530685820253,0.35742081895809,0.0212092546357618,0.0593397292793087,1.05158141382006
