"tol","archive","draw","n_stitched","mean_gen","var_gen","time_period","mean_target","var_target","bias","E1","E2"
0.1,"with_ssp370",126,24,0.295384665140485,1.98619259475182,"hist+future",0.294952460101501,1.98779287230914,0.000432205038984224,0.00021742961502933,0.999194947532203
0.1,"without_ssp370",126,15,0.285451829532307,1.97670441379351,"hist+future",0.294952460101501,1.98779287230914,0.00950063056919392,0.00477948718980837,0.994421723374652
0.1,"with_ssp370",126,24,-0.976429468560004,0.432813694790262,"hist",-0.978310318042455,0.436689326557671,0.00188084948245082,0.00430706538508086,0.991124967953854
0.1,"without_ssp370",126,15,-0.981176842741459,0.436843517877931,"hist",-0.978310318042455,0.436689326557671,0.00286652469900472,0.00656421974313164,1.00035309157079
0.1,"with_ssp370",126,24,2.73549317747282,1.44778269830982,"future",2.73784034840095,1.44483616067424,0.00234717092813197,0.00162452393705086,1.00203935762115
0.1,"without_ssp370",126,15,2.7156114914529,1.43277103058357,"future",2.73784034840095,1.44483616067424,0.0222288569480456,0.0153850364166358,0.991649482191084
