"tol","archive","draw","n_stitched","mean_gen","var_gen","time_period","mean_target","var_target","bias","E1","E2"
0.1,"with_ssp245",78,25,0.0598126047418324,1.53628916727501,"hist+future",0.044077998932549,1.53464835261642,0.0157346058092834,0.0102529063302726,1.00106917956533
0.1,"without_ssp245",78,10,0.0345611479259701,1.51736685661667,"hist+future",0.044077998932549,1.53464835261642,0.00951685100657886,0.00620132357380345,0.988739116703647
0.1,"with_ssp245",78,25,-0.964072746183798,0.432302631773034,"hist",-0.978310318042455,0.436689326557671,0.0142375718586568,0.0326034345077508,0.98995465536285
0.1,"without_ssp245",78,10,-0.976161452293831,0.437342098198142,"hist",-0.978310318042455,0.436689326557671,0.00214886574862394,0.00492081124483392,1.0014948193161
0.1,"with_ssp245",78,25,2.02424380128519,0.811688990598151,"future",2.00563697917529,0.808686836519222,0.0186068221099038,0.0230086867618521,1.0037123815343
0.1,"without_ssp245",78,10,1.97373822974303,0.794187991175795,"future",2.00563697917529,0.808686836519222,0.0318987494322589,0.0394451201525162,0.982071124830183
