"tol","archive","draw","n_stitched","mean_gen","var_gen","time_period","mean_target","var_target","bias","E1","E2"
0.1,"with_ssp245",105,25,0.0569485330589249,1.52967394919252,"hist+future",0.044077998932549,1.53464835261642,0.0128705341263759,0.00838663404840135,0.996758603744351
0.1,"without_ssp245",105,10,0.0359303991356709,1.51687600750028,"hist+future",0.044077998932549,1.53464835261642,0.0081475997968781,0.00530909884533955,0.9884192720203
0.1,"with_ssp245",105,25,-0.962998205919932,0.430063239354278,"hist",-0.978310318042455,0.436689326557671,0.015312112122523,0.0350640860476833,0.98482654189049
0.1,"without_ssp245",105,10,-0.973700986245343,0.436809614533809,"hist",-0.978310318042455,0.436689326557671,0.00460933179711132,0.0105551739343979,1.00027545435352
0.1,"with_ssp245",105,25,2.01382309040208,0.805250945704391,"future",2.00563697917529,0.808686836519222,0.00818611122679114,0.0101227210053599,0.995751271493896
0.1,"without_ssp245",105,10,1.97301387108762,0.799773427082872,"future",2.00563697917529,0.808686836519222,0.032623108087672,0.0403408422326862,0.988977921942299
