"tol","archive","draw","n_stitched","mean_gen","var_gen","time_period","mean_target","var_target","bias","E1","E2"
0.1,"with_ssp245",133,25,0.0592926859166427,1.53111190812088,"hist+future",0.044077998932549,1.53464835261642,0.0152146869840937,0.00991411938647327,0.997695599458004
0.1,"without_ssp245",133,11,0.0436281254383126,1.52771113805619,"hist+future",0.044077998932549,1.53464835261642,0.000449873494236329,0.000293144350280205,0.995479606420319
0.1,"with_ssp245",133,25,-0.961443545250351,0.432274639183704,"hist",-0.978310318042455,0.436689326557671,0.0168667727921039,0.0386241929132115,0.989890553522874
0.1,"without_ssp245",133,11,-0.972271399612872,0.43232169082609,"hist",-0.978310318042455,0.436689326557671,0.0060389184295826,0.0138288665701681,0.989998299784403
0.1,"with_ssp245",133,25,2.01768196664401,0.805352885372166,"future",2.00563697917529,0.808686836519222,0.012044987468725,0.0148945017091776,0.995877327295934
0.1,"without_ssp245",133,11,1.99273767931559,0.820035295154604,"future",2.00563697917529,0.808686836519222,0.0128992998597033,0.0159509210205831,1.01403319322499
