"tol","archive","draw","n_stitched","mean_gen","var_gen","time_period","mean_target","var_target","bias","E1","E2"
0.1,"with_ssp245",179,25,0.0523931682467592,1.53192856017066,"hist+future",0.044077998932549,1.53464835261642,0.00831516931421021,0.00541828966879199,0.998227742243932
0.1,"without_ssp245",179,12,0.0374039942705363,1.52742140272514,"hist+future",0.044077998932549,1.53464835261642,0.00667400466201263,0.00434888204234808,0.995290810511108
0.1,"with_ssp245",179,25,-0.96833044492649,0.432628939008953,"hist",-0.978310318042455,0.436689326557671,0.00997987311596427,0.0228534853247582,0.990701885066152
0.1,"without_ssp245",179,12,-0.97990929765446,0.434805334756986,"hist",-0.978310318042455,0.436689326557671,0.00159897961200484,0.00366159536027421,0.995685738839701
0.1,"with_ssp245",179,25,2.01075824003264,0.809600187032005,"future",2.00563697917529,0.808686836519222,0.00512126085735609,0.00633281095485516,1.00112942423635
0.1,"without_ssp245",179,12,1.98922600784756,0.80607514197196,"future",2.00563697917529,0.808686836519222,0.0164109713277256,0.0202933578075319,0.996770450031679
