"tol","archive","draw","n_stitched","mean_gen","var_gen","time_period","mean_target","var_target","bias","E1","E2"
0.1,"with_ssp245",163,25,0.0583398911321169,1.53164370354014,"hist+future",0.044077998932549,1.53464835261642,0.014261892199568,0.00929326394235712,0.998042125369525
0.1,"without_ssp245",163,11,0.0333103617691658,1.52190518271073,"hist+future",0.044077998932549,1.53464835261642,0.0107676371633831,0.00701635468804654,0.991696358397693
0.1,"with_ssp245",163,25,-0.963125710420827,0.431334438530537,"hist",-0.978310318042455,0.436689326557671,0.0151846076216279,0.0347721061591427,0.987737533982464
0.1,"without_ssp245",163,11,-0.979220933947334,0.433597854211614,"hist",-0.978310318042455,0.436689326557671,0.000910615904879064,0.00208527172408187,0.992920659704631
0.1,"with_ssp245",163,25,2.01812854527439,0.804090753044939,"future",2.00563697917529,0.808686836519222,0.0124915660991038,0.015446728616074,0.994316609017571
0.1,"without_ssp245",163,11,1.97595761517873,0.810507611473177,"future",2.00563697917529,0.808686836519222,0.0296793639965598,0.0367006888900365,1.00225152045481
