"tol","archive","draw","n_stitched","mean_gen","var_gen","time_period","mean_target","var_target","bias","E1","E2"
0.1,"with_ssp126",146,25,-0.166163584191317,1.18539612216088,"hist+future",-0.175317978771263,1.1859228791983,0.00915439457994602,0.00771921576058516,0.999555825217093
0.1,"without_ssp126",146,19,-0.177171346625933,1.1808182410897,"hist+future",-0.175317978771263,1.1859228791983,0.00185336785466944,0.00156280639085262,0.995695640755287
0.1,"with_ssp126",146,25,-0.969474946533421,0.432711579657495,"hist",-0.978310318042455,0.436689326557671,0.00883537150903346,0.0202326252823279,0.990891128639365
0.1,"without_ssp126",146,19,-0.974354858035119,0.435696377853827,"hist",-0.978310318042455,0.436689326557671,0.00395546000733615,0.00905783532314884,0.997726189665154
0.1,"with_ssp126",146,25,1.37507333193016,0.357587071265704,"future",1.36530685820253,0.35742081895809,0.00976647372762707,0.0273248596880761,1.00046514444262
0.1,"without_ssp126",146,19,1.35230864619402,0.382176292126296,"future",1.36530685820253,0.35742081895809,0.0129982120085175,0.0363666896808314,1.06926141918753
