"tol","archive","draw","n_stitched","mean_gen","var_gen","time_period","mean_target","var_target","bias","E1","E2"
0.1,"with_ssp370",106,24,0.304630957379941,1.98124076233757,"hist+future",0.294952460101501,1.98779287230914,0.00967849727844061,0.00486896668826339,0.996703826609481
0.1,"without_ssp370",106,14,0.283565122989043,1.97566800237822,"hist+future",0.294952460101501,1.98779287230914,0.0113873371124575,0.00572863363738157,0.993900335341864
0.1,"with_ssp370",106,24,-0.963478606980165,0.431039804017746,"hist",-0.978310318042455,0.436689326557671,0.0148317110622894,0.033963988035166,0.987062833469141
0.1,"without_ssp370",106,14,-0.978865833045845,0.441716731699742,"hist",-0.978310318042455,0.436689326557671,0.000555515003390239,0.00127210575025784,1.01151254412765
0.1,"with_ssp370",106,24,2.73763186574526,1.44719471191781,"future",2.73784034840095,1.44483616067424,0.000208482655688069,0.000144295015146063,1.00163240048094
0.1,"without_ssp370",106,14,2.70567102700947,1.44639478663354,"future",2.73784034840095,1.44483616067424,0.032169321391482,0.0222650306429692,1.00107875619514
