"tol","archive","draw","n_stitched","mean_gen","var_gen","time_period","mean_target","var_target","bias","E1","E2"
0.1,"with_ssp126",85,25,-0.167657131213323,1.18663935996073,"hist+future",-0.175317978771263,1.1859228791983,0.00766084755794041,0.00645981934602634,1.00060415459977
0.1,"without_ssp126",85,19,-0.178567081918211,1.17262173437727,"hist+future",-0.175317978771263,1.1859228791983,0.00324910314694732,0.00273972549475035,0.988784140137329
0.1,"with_ssp126",85,25,-0.972073234172293,0.431582882290072,"hist",-0.978310318042455,0.436689326557671,0.0062370838701622,0.0142826570077355,0.988306459633782
0.1,"without_ssp126",85,19,-0.969962977135892,0.437495225721073,"hist",-0.978310318042455,0.436689326557671,0.00834734090656231,0.0191150559423163,1.00184547483621
0.1,"with_ssp126",85,25,1.375699345394,0.358329325020359,"future",1.36530685820253,0.35742081895809,0.0103924871914682,0.0290763342263139,1.00254183867889
0.1,"without_ssp126",85,19,1.33980876355757,0.371802214570395,"future",1.36530685820253,0.35742081895809,0.0254980946449601,0.0713391422449568,1.04023659185335
