"tol","archive","draw","n_stitched","mean_gen","var_gen","time_period","mean_target","var_target","bias","E1","E2"
0.1,"with_ssp370",140,25,0.2978224250547,1.9841807197646,"hist+future",0.294952460101501,1.98779287230914,0.00286996495319991,0.00144379477015932,0.998182832530061
0.1,"without_ssp370",140,15,0.292757535617782,1.97472160898707,"hist+future",0.294952460101501,1.98779287230914,0.00219492448371827,0.00110420180809307,0.993424232723562
0.1,"with_ssp370",140,25,-0.972684308081353,0.433860958943055,"hist",-0.978310318042455,0.436689326557671,0.00562600996110141,0.0128833237245573,0.993523158358571
0.1,"without_ssp370",140,15,-0.971140669789069,0.431831576915372,"hist",-0.978310318042455,0.436689326557671,0.00716964825338562,0.0164181898144899,0.988875959757038
0.1,"with_ssp370",140,25,2.73542255258318,1.44556753007099,"future",2.73784034840095,1.44483616067424,0.00241779581777424,0.00167340483549772,1.00050619538509
0.1,"without_ssp370",140,15,2.71767851110767,1.44119092842096,"future",2.73784034840095,1.44483616067424,0.0201618372932781,0.0139544107782224,0.997477061861755
