"tol","archive","draw","n_stitched","mean_gen","var_gen","time_period","mean_target","var_target","bias","E1","E2"
0.1,"with_ssp370",183,24,0.299321983824283,1.98332116246597,"hist+future",0.294952460101501,1.98779287230914,0.00436952372278282,0.00219817858472695,0.997750414590241
0.1,"without_ssp370",183,14,0.310010089142781,1.9861753221937,"hist+future",0.294952460101501,1.98779287230914,0.0150576290412809,0.00757504931778381,0.999186258217355
0.1,"with_ssp370",183,24,-0.971644309732098,0.433380997138997,"hist",-0.978310318042455,0.436689326557671,0.00666600831035624,0.0152648757479441,0.992424066224028
0.1,"without_ssp370",183,14,-0.960118546982497,0.436969897655834,"hist",-0.978310318042455,0.436689326557671,0.0181917710599575,0.0416583826386584,1.00064249589147
0.1,"with_ssp370",183,24,2.73780382611269,1.44011537523717,"future",2.73784034840095,1.44483616067424,3.65222882594551e-05,2.52778060610081e-05,0.996732649994813
0.1,"without_ssp370",183,14,2.74688479798779,1.45340003707835,"future",2.73784034840095,1.44483616067424,0.00904444958684314,0.00625984442597455,1.00592723011591
