"tol","archive","draw","n_stitched","mean_gen","var_gen","time_period","mean_target","var_target","bias","E1","E2"
0.1,"with_ssp126",195,25,-0.168202671401246,1.18594346518527,"hist+future",-0.175317978771263,1.1859228791983,0.00711530737001759,0.00599980613817625,1.000017358622
0.1,"without_ssp126",195,20,-0.182934437454574,1.17549765110053,"hist+future",-0.175317978771263,1.1859228791983,0.00761645868331021,0.00642238953047188,0.991209185453265
0.1,"with_ssp126",195,25,-0.971781685796298,0.433406672408627,"hist",-0.978310318042455,0.436689326557671,0.00652863224615685,0.0149502903989449,0.99248286150037
0.1,"without_ssp126",195,20,-0.976794595002251,0.436618675065712,"hist",-0.978310318042455,0.436689326557671,0.00151572304020409,0.00347094134897275,0.999838211085862
0.1,"with_ssp126",195,25,1.37354776319391,0.357900901971764,"future",1.36530685820253,0.35742081895809,0.00824090499137831,0.0230565891919816,1.0013431870451
0.1,"without_ssp126",195,20,1.34016935318923,0.37090232224666,"future",1.36530685820253,0.35742081895809,0.0251375050133087,0.0703302764695871,1.03771885288571
