"tol","archive","draw","n_stitched","mean_gen","var_gen","time_period","mean_target","var_target","bias","E1","E2"
0.1,"with_ssp370",168,25,0.298313539688582,1.98413092116493,"hist+future",0.294952460101501,1.98779287230914,0.00336107958708182,0.00169086006590686,0.998157780322477
0.1,"without_ssp370",168,14,0.29350432860276,1.97101000967461,"hist+future",0.294952460101501,1.98779287230914,0.00144813149874007,0.000728512270525364,0.991557036516067
0.1,"with_ssp370",168,25,-0.971989832941379,0.435338512127187,"hist",-0.978310318042455,0.436689326557671,0.00632048510107563,0.0144736422822574,0.996906692359228
0.1,"without_ssp370",168,14,-0.969447501586995,0.436746991158657,"hist",-0.978310318042455,0.436689326557671,0.0088628164554595,0.0202954730433262,1.00013204948571
0.1,"with_ssp370",168,25,2.73552349880421,1.44551673801899,"future",2.73784034840095,1.44483616067424,0.00231684959674361,0.00160353793724434,1.00047104119018
0.1,"without_ssp370",168,14,2.71660958419938,1.42806919506091,"future",2.73784034840095,1.44483616067424,0.0212307642015648,0.0146942364673772,0.988395247800618
