"tol","archive","draw","n_stitched","mean_gen","var_gen","time_period","mean_target","var_target","bias","E1","E2"
0.1,"with_ssp245",29,25,0.0628280305734909,1.53148873534218,"hist+future",0.044077998932549,1.53464835261642,0.0187500316409419,0.0122178032569969,0.997941145755729
0.1,"without_ssp245",29,10,0.0274393046599106,1.51490645161834,"hist+future",0.044077998932549,1.53464835261642,0.0166386942726384,0.0108420240013102,0.987135879718356
0.1,"with_ssp245",29,25,-0.958245840362352,0.429814181946907,"hist",-0.978310318042455,0.436689326557671,0.0200644776801026,0.0459468012151031,0.984256211011707
0.1,"without_ssp245",29,10,-0.980570190012635,0.44216915970577,"hist",-0.978310318042455,0.436689326557671,0.00225987197018018,0.00517501077480934,1.0125485850348
0.1,"with_ssp245",29,25,2.02186510853179,0.807571004082165,"future",2.00563697917529,0.808686836519222,0.0162281293565054,0.020067260432178,0.998620192160095
0.1,"without_ssp245",29,10,1.96141100955491,0.794668846245264,"future",2.00563697917529,0.808686836519222,0.0442259696203784,0.0546886231148974,0.982665737043162
