"tol","archive","draw","n_stitched","mean_gen","var_gen","time_period","mean_target","var_target","bias","E1","E2"
0.1,"with_ssp370",117,25,0.297638968972797,1.98512178624623,"hist+future",0.294952460101501,1.98779287230914,0.00268650887129668,0.00135150342307841,0.998656255337203
0.1,"without_ssp370",117,16,0.30013782721988,1.98500807264174,"hist+future",0.294952460101501,1.98779287230914,0.00518536711837903,0.0026086053484815,0.998599049374713
0.1,"with_ssp370",117,25,-0.972524604029351,0.435627346438594,"hist",-0.978310318042455,0.436689326557671,0.00578571401310324,0.0132490392167603,0.997568110657872
0.1,"without_ssp370",117,16,-0.968551995852158,0.434759014522864,"hist",-0.978310318042455,0.436689326557671,0.00975832219029626,0.0223461431201423,0.995579667472013
0.1,"with_ssp370",117,25,2.73458070787227,1.45000273124192,"future",2.73784034840095,1.44483616067424,0.00325964052868111,0.00225606239475621,1.00357588680869
0.1,"without_ssp370",117,16,2.73425202264879,1.45711211293802,"future",2.73784034840095,1.44483616067424,0.00358832575216006,0.00248355201082837,1.00849643205085
