"tol","archive","draw","n_stitched","mean_gen","var_gen","time_period","mean_target","var_target","bias","E1","E2"
0.1,"with_ssp370",77,24,0.297355387197716,1.98647258408252,"hist+future",0.294952460101501,1.98779287230914,0.00240292709621531,0.00120884179115902,0.999335801911248
0.1,"without_ssp370",77,14,0.303523692612551,1.98528642510835,"hist+future",0.294952460101501,1.98779287230914,0.00857123251105063,0.00431193442257078,0.998739080295686
0.1,"with_ssp370",77,24,-0.97468814438575,0.435655667835696,"hist",-0.978310318042455,0.436689326557671,0.00362217365670459,0.00829462374374343,0.997632965453672
0.1,"without_ssp370",77,14,-0.965161503383743,0.436730311052039,"hist",-0.978310318042455,0.436689326557671,0.0131488146587121,0.0301102267883701,1.0000938527504
0.1,"with_ssp370",77,24,2.7379040233753,1.44613841884567,"future",2.73784034840095,1.44483616067424,6.36749743461174e-05,4.40707230890476e-05,1.00090131892243
0.1,"without_ssp370",77,14,2.73762901051242,1.45705256187564,"future",2.73784034840095,1.44483616067424,0.000211337888532448,0.000146271178895346,1.0084552155697
