"tol","archive","draw","n_stitched","mean_gen","var_gen","time_period","mean_target","var_target","bias","E1","E2"
0.1,"with_ssp126",135,25,-0.165786303275293,1.18381699931182,"hist+future",-0.175317978771263,1.1859228791983,0.0095316754959707,0.00803734851832378,0.998224269112763
0.1,"without_ssp126",135,21,-0.177191611124902,1.17379067971304,"hist+future",-0.175317978771263,1.1859228791983,0.00187363235363849,0.00157989392607477,0.989769824245689
0.1,"with_ssp126",135,25,-0.968011425440657,0.430134272215854,"hist",-0.978310318042455,0.436689326557671,0.0102988926017979,0.0235840263900699,0.984989204124843
0.1,"without_ssp126",135,21,-0.970048301367025,0.437507119912455,"hist",-0.978310318042455,0.436689326557671,0.00826201667542958,0.0189196670790131,1.00187271202901
0.1,"with_ssp126",135,25,1.37336654739081,0.361916788511296,"future",1.36530685820253,0.35742081895809,0.00805968918827871,0.0225495795454035,1.01257892465893
0.1,"without_ssp126",135,21,1.34398692247917,0.365129779858787,"future",1.36530685820253,0.35742081895809,0.0213199357233622,0.0596493953136572,1.0215683040601
