"tol","archive","draw","n_stitched","mean_gen","var_gen","time_period","mean_target","var_target","bias","E1","E2"
0.1,"with_ssp370",145,25,0.303328195539973,1.98263938127199,"hist+future",0.294952460101501,1.98779287230914,0.0083757354384722,0.00421358560801279,0.997407430568377
0.1,"without_ssp370",145,15,0.29505081938849,1.97898624156668,"hist+future",0.294952460101501,1.98779287230914,9.83592869898131e-05,4.94816579534028e-05,0.995569643666025
0.1,"with_ssp370",145,25,-0.966514802367989,0.431627632585784,"hist",-0.978310318042455,0.436689326557671,0.0117955156744661,0.0270112296250693,0.988408935909226
0.1,"without_ssp370",145,15,-0.970830589099737,0.434445247073618,"hist",-0.978310318042455,0.436689326557671,0.00747972894271742,0.0171282614156809,0.994861153347296
0.1,"with_ssp370",145,25,2.73965487757269,1.44394267871828,"future",2.73784034840095,1.44483616067424,0.0018145291717393,0.00125587192591618,0.999381603270822
0.1,"without_ssp370",145,15,2.72377677753451,1.44699898300133,"future",2.73784034840095,1.44483616067424,0.0140635708664414,0.00973367863376184,1.00149693258374
