"tol","archive","draw","n_stitched","mean_gen","var_gen","time_period","mean_target","var_target","bias","E1","E2"
0.1,"with_ssp245",170,25,0.0634488994054057,1.53188516810742,"hist+future",0.044077998932549,1.53464835261642,0.0193709004728567,0.0126223707469084,0.998199467321427
0.1,"without_ssp245",170,10,0.032375033328205,1.51504612814646,"hist+future",0.044077998932549,1.53464835261642,0.011702965604344,0.00762582879940644,0.987226895049579
0.1,"with_ssp245",170,25,-0.95806184144115,0.42793731670342,"hist",-0.978310318042455,0.436689326557671,0.0202484766013042,0.0463681509253241,0.979958269364535
0.1,"without_ssp245",170,10,-0.976025992846993,0.437015299249543,"hist",-0.978310318042455,0.436689326557671,0.00228432519546151,0.00523100762152435,1.00074646361165
0.1,"with_ssp245",170,25,2.02332415800636,0.808583149991737,"future",2.00563697917529,0.808686836519222,0.0176871788310677,0.021871481063297,0.999871784079074
0.1,"without_ssp245",170,10,1.96709793238527,0.798127261172717,"future",2.00563697917529,0.808686836519222,0.0385390467900177,0.0476563300521854,0.986942318250219
