"tol","archive","draw","n_stitched","mean_gen","var_gen","time_period","mean_target","var_target","bias","E1","E2"
0.1,"with_ssp245",34,25,0.0605310067225798,1.53344241623857,"hist+future",0.044077998932549,1.53464835261642,0.0164530077900309,0.0107210278901874,0.999214193677792
0.1,"without_ssp245",34,10,0.0464736696069696,1.52877924104009,"hist+future",0.044077998932549,1.53464835261642,0.00239567067442068,0.00156105512401997,0.996175598425314
0.1,"with_ssp245",34,25,-0.961805206150324,0.431714213932013,"hist",-0.978310318042455,0.436689326557671,0.016505111892131,0.0377960048216366,0.988607203512676
0.1,"without_ssp245",34,10,-0.969073286723734,0.440617281142959,"hist",-0.978310318042455,0.436689326557671,0.00923703131872045,0.0211524091773298,1.00899484907555
0.1,"with_ssp245",34,25,2.02199001979269,0.807502531659912,"future",2.00563697917529,0.808686836519222,0.0163530406173966,0.0202217222772958,0.998535521037528
0.1,"without_ssp245",34,10,1.99490678349727,0.819726299980974,"future",2.00563697917529,0.808686836519222,0.0107301956780153,0.0132686661801007,1.01365109825364
