"tol","archive","draw","n_stitched","mean_gen","var_gen","time_period","mean_target","var_target","bias","E1","E2"
0.1,"with_ssp370",136,25,0.294528505953377,1.98468234872007,"hist+future",0.294952460101501,1.98779287230914,0.000423954148123351,0.000213278835048271,0.998435187271066
0.1,"without_ssp370",136,15,0.299300265262634,1.98137503447081,"hist+future",0.294952460101501,1.98779287230914,0.00434780516113387,0.00218725261655818,0.99677137496178
0.1,"with_ssp370",136,25,-0.975785879118582,0.433721309730372,"hist",-0.978310318042455,0.436689326557671,0.00252443892387322,0.0057808578555671,0.993203367596145
0.1,"without_ssp370",136,15,-0.968711393327766,0.434890939852346,"hist",-0.978310318042455,0.436689326557671,0.00959892471468915,0.0219811296748547,0.995881770870147
0.1,"with_ssp370",136,25,2.73175959359144,1.44860220596772,"future",2.73784034840095,1.44483616067424,0.00608075480951209,0.00420861200392054,1.00260655525933
0.1,"without_ssp370",136,15,2.73211333116282,1.44583488615158,"future",2.73784034840095,1.44483616067424,0.00572701723812941,0.00396378315687839,1.00069123787493
