"tol","archive","draw","n_stitched","mean_gen","var_gen","time_period","mean_target","var_target","bias","E1","E2"
0.1,"with_ssp245",123,25,0.0582880198893031,1.52982666436735,"hist+future",0.044077998932549,1.53464835261642,0.0142100209567542,0.0092594638586276,0.996858115254319
0.1,"without_ssp245",123,11,0.0376594148850106,1.52501275381418,"hist+future",0.044077998932549,1.53464835261642,0.00641858404753839,0.00418244611972205,0.993721298572528
0.1,"with_ssp245",123,25,-0.961145889774178,0.43188515028246,"hist",-0.978310318042455,0.436689326557671,0.0171644282682764,0.039305811304297,0.988998640490984
0.1,"without_ssp245",123,11,-0.976372835166768,0.43712110174495,"hist",-0.978310318042455,0.436689326557671,0.0019374828756864,0.00443675344886299,1.00098874682989
0.1,"with_ssp245",123,25,2.01417866052273,0.807860553975601,"future",2.00563697917529,0.808686836519222,0.00854168134743816,0.0105624092809567,0.998978241630373
0.1,"without_ssp245",123,11,1.98318640626342,0.813410686204381,"future",2.00563697917529,0.808686836519222,0.0224505729118654,0.0277617637607382,1.00584138318053
