"tol","archive","draw","n_stitched","mean_gen","var_gen","time_period","mean_target","var_target","bias","E1","E2"
0.1,"with_ssp245",96,25,0.064737263767764,1.53568628223686,"hist+future",0.044077998932549,1.53464835261642,0.020659264835215,0.0134618883863479,1.00067633058653
0.1,"without_ssp245",96,10,0.0418369326614343,1.52766497596119,"hist+future",0.044077998932549,1.53464835261642,0.00224106627111462,0.00146031256430427,0.995449526503365
0.1,"with_ssp245",96,25,-0.959921726376279,0.430352866509047,"hist",-0.978310318042455,0.436689326557671,0.0183885916661752,0.042109093462688,0.985489775766739
0.1,"without_ssp245",96,10,-0.973634240147791,0.43915561639962,"hist",-0.978310318042455,0.436689326557671,0.00467607789466384,0.0107080196613102,1.0056476989291
0.1,"with_ssp245",96,25,2.03065276811389,0.804848488320142,"future",2.00563697917529,0.808686836519222,0.0250157889386049,0.0309338396631739,0.995253603711912
0.1,"without_ssp245",96,10,1.99012464793495,0.815680820476222,"future",2.00563697917529,0.808686836519222,0.0155123312403409,0.0191821240804532,1.00864856906427
