"tol","archive","draw","n_stitched","mean_gen","var_gen","time_period","mean_target","var_target","bias","E1","E2"
0.1,"with_ssp245",1,25,0.0650756937691903,1.53132291395364,"hist+future",0.044077998932549,1.53464835261642,0.0209976948366414,0.0136824144768033,0.99783309403935
0.1,"without_ssp245",1,10,0.0381270012260626,1.52166796530371,"hist+future",0.044077998932549,1.53464835261642,0.00595099770648636,0.00387775981145159,0.991541783959445
0.1,"with_ssp245",1,25,-0.955847651602012,0.42878564203208,"hist",-0.978310318042455,0.436689326557671,0.022462666440443,0.0514385515613845,0.981900898316215
0.1,"without_ssp245",1,10,-0.976164305298952,0.435669437692028,"hist",-0.978310318042455,0.436689326557671,0.00214601274350235,0.00491427798434852,0.9976644978395
0.1,"with_ssp245",1,25,2.02382397267905,0.808767493757593,"future",2.00563697917529,0.808686836519222,0.018186993503766,0.0224895382025099,1.00009973853255
0.1,"without_ssp245",1,10,1.98415101955894,0.794482669780597,"future",2.00563697917529,0.808686836519222,0.0214859596163486,0.0265689493708457,0.982435516324511
