"tol","archive","draw","n_stitched","mean_gen","var_gen","time_period","mean_target","var_target","bias","E1","E2"
0.1,"with_ssp370",198,24,0.303501178925388,1.98086019192143,"hist+future",0.294952460101501,1.98779287230914,0.00854871882388714,0.00430060845019352,0.99651237285117
0.1,"without_ssp370",198,15,0.29722751088011,1.98187122104068,"hist+future",0.294952460101501,1.98779287230914,0.00227505077860918,0.0011445109851744,0.997020991799018
0.1,"with_ssp370",198,24,-0.963715770601622,0.434503651235191,"hist",-0.978310318042455,0.436689326557671,0.0145945474408329,0.033420893420681,0.994994896395319
0.1,"without_ssp370",198,15,-0.969078800198524,0.435310420355359,"hist",-0.978310318042455,0.436689326557671,0.00923151784393039,0.0211397835543646,0.996842363395547
0.1,"with_ssp370",198,24,2.73478951232023,1.44806605699579,"future",2.73784034840095,1.44483616067424,0.00305083608071799,0.00211154466074153,1.00223547583419
0.1,"without_ssp370",198,15,2.72676868911237,1.45591900581633,"future",2.73784034840095,1.44483616067424,0.0110716592885769,0.00766291679979148,1.0076706587527
