"tol","archive","draw","n_stitched","mean_gen","var_gen","time_period","mean_target","var_target","bias","E1","E2"
0.1,"with_ssp126",182,25,-0.168105596583567,1.18638730903384,"hist+future",-0.175317978771263,1.1859228791983,0.00721238218769682,0.00608166206606328,1.00039161891864
0.1,"without_ssp126",182,17,-0.167726152029162,1.17548855789936,"hist+future",-0.175317978771263,1.1859228791983,0.00759182674210165,0.00640161925810374,0.991201517837325
0.1,"with_ssp126",182,25,-0.971668724389779,0.433559250780034,"hist",-0.978310318042455,0.436689326557671,0.00664159365267547,0.0152089672193954,0.992832259486828
0.1,"without_ssp126",182,17,-0.961376267667901,0.437149119267116,"hist",-0.978310318042455,0.436689326557671,0.016934050374554,0.0387782557179528,1.001052905765
0.1,"with_ssp126",182,25,1.37361435792835,0.362017003632328,"future",1.36530685820253,0.35742081895809,0.00830749972581901,0.023242909436658,1.0128593087768
0.1,"without_ssp126",182,17,1.35497465123121,0.371990387796635,"future",1.36530685820253,0.35742081895809,0.0103322069713245,0.0289076808716508,1.04076306713475
