"tol","archive","draw","n_stitched","mean_gen","var_gen","time_period","mean_target","var_target","bias","E1","E2"
0.1,"with_ssp245",147,25,0.0557007760931484,1.53331577767671,"hist+future",0.044077998932549,1.53464835261642,0.0116227771605994,0.00757357680069426,0.999131674081922
0.1,"without_ssp245",147,10,0.0401100047331412,1.52867377997384,"hist+future",0.044077998932549,1.53464835261642,0.0039679941994078,0.00258560483425585,0.996106878404818
0.1,"with_ssp245",147,25,-0.967099526511738,0.433276218654227,"hist",-0.978310318042455,0.436689326557671,0.0112107915307169,0.0256722361846789,0.992184127946638
0.1,"without_ssp245",147,10,-0.975534478795612,0.440914075213899,"hist",-0.978310318042455,0.436689326557671,0.00277583924684233,0.00635655391150426,1.00967449488526
0.1,"with_ssp245",147,25,2.01805019388159,0.801883035714573,"future",2.00563697917529,0.808686836519222,0.0124132147063039,0.0153498414290175,0.991586606214671
0.1,"without_ssp245",147,10,1.98873023475924,0.81816660467549,"future",2.00563697917529,0.808686836519222,0.0169067444160509,0.0209064172341688,1.01172242174371
