"tol","archive","draw","n_stitched","mean_gen","var_gen","time_period","mean_target","var_target","bias","E1","E2"
0.1,"with_ssp245",104,25,0.0583448423033281,1.53296979930282,"hist+future",0.044077998932549,1.53464835261642,0.0142668433707791,0.00929649020015273,0.998906229358185
0.1,"without_ssp245",104,10,0.0441298084626262,1.52089713685379,"hist+future",0.044077998932549,1.53464835261642,5.18095300772181e-05,3.37598707800963e-05,0.991039500521936
0.1,"with_ssp245",104,25,-0.962815111967968,0.433648369197363,"hist",-0.978310318042455,0.436689326557671,0.0154952060744863,0.0354833634168064,0.99303633687528
0.1,"without_ssp245",104,10,-0.968897282977771,0.434642235021842,"hist",-0.978310318042455,0.436689326557671,0.00941303506468394,0.0215554502760232,0.995312247377408
0.1,"with_ssp245",104,25,2.01754708014942,0.811223363457007,"future",2.00563697917529,0.808686836519222,0.0119101009741316,0.014727704763188,1.00313659976055
0.1,"without_ssp245",104,10,1.98772829785409,0.800273118834233,"future",2.00563697917529,0.808686836519222,0.0179086813212033,0.0221453849778073,0.989595827080352
