"tol","archive","draw","n_stitched","mean_gen","var_gen","time_period","mean_target","var_target","bias","E1","E2"
0.1,"with_ssp126",73,25,-0.16397331134484,1.1853143038766,"hist+future",-0.175317978771263,1.1859228791983,0.0113446674264229,0.00956610891434366,0.999486833981893
0.1,"without_ssp126",73,20,-0.179390662795673,1.17043019636902,"hist+future",-0.175317978771263,1.1859228791983,0.00407268402440919,0.00343418960528225,0.986936180167341
0.1,"with_ssp126",73,25,-0.967716523166452,0.430692547918316,"hist",-0.978310318042455,0.436689326557671,0.010593794876003,0.0242593400656517,0.986267631758655
0.1,"without_ssp126",73,20,-0.969990893099699,0.433715939957818,"hist",-0.978310318042455,0.436689326557671,0.00831942494275606,0.0190511295715339,0.993191071045194
0.1,"with_ssp126",73,25,1.37809215319662,0.356033093966366,"future",1.36530685820253,0.35742081895809,0.012785294994089,0.0357709856727404,0.996117391830254
0.1,"without_ssp126",73,20,1.33745861627601,0.369659201170991,"future",1.36530685820253,0.35742081895809,0.0278482419265287,0.0779144371268258,1.03424082080215
