"tol","archive","draw","n_stitched","mean_gen","var_gen","time_period","mean_target","var_target","bias","E1","E2"
0.1,"with_ssp245",169,25,0.0627651414994103,1.53280472253702,"hist+future",0.044077998932549,1.53464835261642,0.0186871425668613,0.0121768237883301,0.998798662849207
0.1,"without_ssp245",169,11,0.0448947983775088,1.52598308238056,"hist+future",0.044077998932549,1.53464835261642,0.000816799444959819,0.00053223883084829,0.994353579293202
0.1,"with_ssp245",169,25,-0.95990856296766,0.430612034708448,"hist",-0.978310318042455,0.436689326557671,0.0184017550747942,0.0421392371090252,0.986083259929595
0.1,"without_ssp245",169,11,-0.971736590075819,0.43233736272774,"hist",-0.978310318042455,0.436689326557671,0.00657372796663547,0.0150535576824255,0.990034187773177
0.1,"with_ssp245",169,25,2.02487166751181,0.802688707347339,"future",2.00563697917529,0.808686836519222,0.0192346883365246,0.0237850889465634,0.992582877696266
0.1,"without_ssp245",169,11,1.99540850878215,0.805407555760968,"future",2.00563697917529,0.808686836519222,0.010228470393139,0.0126482464301815,0.995944931201838
