"tol","archive","draw","n_stitched","mean_gen","var_gen","time_period","mean_target","var_target","bias","E1","E2"
0.1,"with_ssp370",123,24,0.305917404188554,1.98240010940509,"hist+future",0.294952460101501,1.98779287230914,0.0109649440870533,0.00551614015715621,0.99728705994514
0.1,"without_ssp370",123,14,0.299370488230177,1.97118042108138,"hist+future",0.294952460101501,1.98779287230914,0.00441802812867681,0.00222257972157057,0.991642765471604
0.1,"with_ssp370",123,24,-0.963347918772193,0.431585123950985,"hist",-0.978310318042455,0.436689326557671,0.0149623992702622,0.0342632584776175,0.98831159294201
0.1,"without_ssp370",123,14,-0.963685940936791,0.431913736266973,"hist",-0.978310318042455,0.436689326557671,0.0146243771056641,0.0334892020854848,0.98906410118071
0.1,"with_ssp370",123,24,2.74113575638068,1.44584103571473,"future",2.73784034840095,1.44483616067424,0.00329540797973404,0.00228081776289169,1.00069549411057
0.1,"without_ssp370",123,14,2.72267642791099,1.43105591443475,"future",2.73784034840095,1.44483616067424,0.0151639204899618,0.0104952526125076,0.990462416006348
