"tol","archive","draw","n_stitched","mean_gen","var_gen","time_period","mean_target","var_target","bias","E1","E2"
0.1,"with_ssp126",173,25,-0.170778787830189,1.18390560776527,"hist+future",-0.175317978771263,1.1859228791983,0.00453919094107416,0.0038275599709677,0.998298985989384
0.1,"without_ssp126",173,19,-0.175580187083992,1.17441574079482,"hist+future",-0.175317978771263,1.1859228791983,0.000262208312729079,0.000221100644340664,0.990296891471348
0.1,"with_ssp126",173,25,-0.972550302053548,0.433943457684445,"hist",-0.978310318042455,0.436689326557671,0.00576001598890663,0.0131901918334291,0.993712076970438
0.1,"without_ssp126",173,19,-0.968315296962116,0.438406500663207,"hist",-0.978310318042455,0.436689326557671,0.00999502108033845,0.0228881735194379,1.0039322557276
0.1,"with_ssp126",173,25,1.36750376852858,0.35966099074729,"future",1.36530685820253,0.35742081895809,0.00219691032604663,0.00614656508384374,1.00626760297772
0.1,"without_ssp126",173,19,1.34536508186822,0.37028661248445,"future",1.36530685820253,0.35742081895809,0.0199417763343122,0.0557935500020509,1.03599620627546
