"tol","archive","draw","n_stitched","mean_gen","var_gen","time_period","mean_target","var_target","bias","E1","E2"
0.1,"with_ssp126",115,25,-0.167982371547264,1.1874594919471,"hist+future",-0.175317978771263,1.1859228791983,0.00733560722399956,0.00618556851602235,1.00129571051858
0.1,"without_ssp126",115,19,-0.172508737966864,1.17458742632511,"hist+future",-0.175317978771263,1.1859228791983,0.00280924080439898,0.00236882250412276,0.990441661028706
0.1,"with_ssp126",115,25,-0.972519815449494,0.433164900504494,"hist",-0.978310318042455,0.436689326557671,0.00579050259296121,0.0132600048611367,0.991929214114391
0.1,"without_ssp126",115,19,-0.965632182259421,0.43508265533654,"hist",-0.978310318042455,0.436689326557671,0.0126781357830341,0.0290323921653253,0.996320791181695
0.1,"with_ssp126",115,25,1.37560691035818,0.361061378908487,"future",1.36530685820253,0.35742081895809,0.0103000521556427,0.0288177174056848,1.01018564044761
0.1,"without_ssp126",115,19,1.34918159119909,0.374714657504651,"future",1.36530685820253,0.35742081895809,0.0161252670034477,0.0451156344234625,1.0483850901494
