"tol","archive","draw","n_stitched","mean_gen","var_gen","time_period","mean_target","var_target","bias","E1","E2"
0.1,"with_ssp126",143,25,-0.164004182876055,1.18669094408257,"hist+future",-0.175317978771263,1.1859228791983,0.0113137958952087,0.00954007726274498,1.00064765162874
0.1,"without_ssp126",143,17,-0.174326536463673,1.17735914798251,"hist+future",-0.175317978771263,1.1859228791983,0.000991442307590518,0.000836009090456834,0.992778846444403
0.1,"with_ssp126",143,25,-0.968795288586954,0.430140379656661,"hist",-0.978310318042455,0.436689326557671,0.00951502945550065,0.0217890130965774,0.985003189904745
0.1,"without_ssp126",143,17,-0.969897638094009,0.437549548529656,"hist",-0.978310318042455,0.436689326557671,0.00841267994844552,0.0192646795715409,1.00196987175932
0.1,"with_ssp126",143,25,1.38007177575532,0.357438159379274,"future",1.36530685820253,0.35742081895809,0.014764917552788,0.0413096181577472,1.0000485154201
0.1,"without_ssp126",143,17,1.352059879455,0.36530685816296,"future",1.36530685820253,0.35742081895809,0.0132469787475384,0.0370626948540783,1.02206373771919
