"tol","archive","draw","n_stitched","mean_gen","var_gen","time_period","mean_target","var_target","bias","E1","E2"
0.1,"with_ssp370",159,25,0.292514827697884,1.98634312257474,"hist+future",0.294952460101501,1.98779287230914,0.00243763240361611,0.00122630100830596,0.999270673642813
0.1,"without_ssp370",159,14,0.287124088716275,1.97244918083428,"hist+future",0.294952460101501,1.98779287230914,0.00782837138522591,0.003938222887444,0.992281041104126
0.1,"with_ssp370",159,25,-0.978858657604832,0.437817707779754,"hist",-0.978310318042455,0.436689326557671,0.000548339562377653,0.00125567429527096,1.00258394504619
0.1,"without_ssp370",159,14,-0.975952322612619,0.440047018083389,"hist",-0.978310318042455,0.436689326557671,0.00235799542983561,0.00539970932750564,1.00768897090338
0.1,"with_ssp370",159,25,2.73177790996472,1.44767757873387,"future",2.73784034840095,1.44483616067424,0.00606243843622511,0.00419593487568586,1.00196660226049
0.1,"without_ssp370",159,14,2.7104683662659,1.43130620002108,"future",2.73784034840095,1.44483616067424,0.0273719821350533,0.0189446962085168,0.99063564366575
