"tol","archive","draw","n_stitched","mean_gen","var_gen","time_period","mean_target","var_target","bias","E1","E2"
0.1,"with_ssp370",10,25,0.296509648110401,1.98340956485819,"hist+future",0.294952460101501,1.98779287230914,0.00155718800890003,0.000783375386134225,0.997794887227934
0.1,"without_ssp370",10,15,0.293462513737891,1.97882724338091,"hist+future",0.294952460101501,1.98779287230914,0.00148994636360961,0.000749548096466808,0.995489656365545
0.1,"with_ssp370",10,25,-0.973132006773073,0.431435884760936,"hist",-0.978310318042455,0.436689326557671,0.00517831126938195,0.0118581127461976,0.987969841538956
0.1,"without_ssp370",10,15,-0.973597033069316,0.435630198090433,"hist",-0.978310318042455,0.436689326557671,0.00471328497313894,0.0107932222898434,0.997574640819397
0.1,"with_ssp370",10,25,2.73245003247986,1.44812650387227,"future",2.73784034840095,1.44483616067424,0.0053903159210944,0.00373074544215378,1.00227731232619
0.1,"without_ssp370",10,15,2.72444885354242,1.43988419466787,"future",2.73784034840095,1.44483616067424,0.0133914948585341,0.00926852138880912,0.996572645299749
