"tol","archive","draw","n_stitched","mean_gen","var_gen","time_period","mean_target","var_target","bias","E1","E2"
0.1,"with_ssp126",89,25,-0.169311701527991,1.18653998012785,"hist+future",-0.175317978771263,1.1859228791983,0.00600627724327216,0.00506464404104633,1.00052035502508
0.1,"without_ssp126",89,18,-0.176350075864415,1.17725624393263,"hist+future",-0.175317978771263,1.1859228791983,0.00103209709315127,0.000870290228188353,0.992692075161306
0.1,"with_ssp126",89,25,-0.972969938864236,0.433293264559995,"hist",-0.978310318042455,0.436689326557671,0.00534037917821895,0.0122292413700972,0.992223162346452
0.1,"without_ssp126",89,18,-0.970755699458618,0.437587739268313,"hist",-0.978310318042455,0.436689326557671,0.00755461858383644,0.0172997555112874,1.00205732692787
0.1,"with_ssp126",89,25,1.37259073057062,0.3629050558074,"future",1.36530685820253,0.35742081895809,0.00728387236808348,0.0203789818100595,1.01534392111041
0.1,"without_ssp126",89,18,1.3478002484733,0.378287132958297,"future",1.36530685820253,0.35742081895809,0.0175066097292325,0.0489803861461277,1.05838024226186
