"tol","archive","draw","n_stitched","mean_gen","var_gen","time_period","mean_target","var_target","bias","E1","E2"
0.1,"with_ssp245",118,25,0.061165938231487,1.53182940841245,"hist+future",0.044077998932549,1.53464835261642,0.017087939298938,0.0111347588324092,0.998163133463657
0.1,"without_ssp245",118,10,0.0331433204334456,1.53396507069069,"hist+future",0.044077998932549,1.53464835261642,0.0109346784991034,0.00712520134039883,0.999554763197333
0.1,"with_ssp245",118,25,-0.960244039478435,0.429777448727067,"hist",-0.978310318042455,0.436689326557671,0.01806627856402,0.0413710101559674,0.984172093499309
0.1,"without_ssp245",118,10,-0.987374719994825,0.441463008432821,"hist",-0.978310318042455,0.436689326557671,0.00906440195237013,0.0207570952645508,1.01093152862878
0.1,"with_ssp245",118,25,2.02084787220983,0.807113606095759,"future",2.00563697917529,0.808686836519222,0.0152108930345363,0.0188093738486056,0.998054586333773
0.1,"without_ssp245",118,10,1.99111397939466,0.812507157977254,"future",2.00563697917529,0.808686836519222,0.0145229997806267,0.0179587438855034,1.00472410491368
