"tol","archive","draw","n_stitched","mean_gen","var_gen","time_period","mean_target","var_target","bias","E1","E2"
0.1,"with_ssp245",150,25,0.057953876256148,1.53131780291223,"hist+future",0.044077998932549,1.53464835261642,0.0138758773235991,0.00904173083035084,0.997829763607724
0.1,"without_ssp245",150,11,0.0336606110712641,1.51996363475824,"hist+future",0.044077998932549,1.53464835261642,0.0104173878612848,0.00678812696310801,0.990431216484777
0.1,"with_ssp245",150,25,-0.96330654231618,0.430402506718387,"hist",-0.978310318042455,0.436689326557671,0.0150037757262752,0.0343580088035281,0.985603449736585
0.1,"without_ssp245",150,11,-0.977310096983448,0.437440266713741,"hist",-0.978310318042455,0.436689326557671,0.00100022105900643,0.00229046371911804,1.00171962104499
0.1,"with_ssp245",150,25,2.01734886537747,0.804696749788933,"future",2.00563697917529,0.808686836519222,0.011711886202185,0.0144825978033669,0.995065967998858
0.1,"without_ssp245",150,11,1.97331371373438,0.806815020557706,"future",2.00563697917529,0.808686836519222,0.0323232654409136,0.0399700650254683,0.99768536363276
