"tol","archive","draw","n_stitched","mean_gen","var_gen","time_period","mean_target","var_target","bias","E1","E2"
0.1,"with_ssp245",162,25,0.0592521512022304,1.52991140931462,"hist+future",0.044077998932549,1.53464835261642,0.0151741522696815,0.0098877063555381,0.99691333633941
0.1,"without_ssp245",162,10,0.0267447038983381,1.51791946531675,"hist+future",0.044077998932549,1.53464835261642,0.0173332950342109,0.0112946363280287,0.989099204862696
0.1,"with_ssp245",162,25,-0.960435041122821,0.430603640675778,"hist",-0.978310318042455,0.436689326557671,0.017875276919634,0.0409336245072463,0.986064037951499
0.1,"without_ssp245",162,10,-0.983697727413733,0.439643659666256,"hist",-0.978310318042455,0.436689326557671,0.0053874093712778,0.0123369385135781,1.00676529726951
0.1,"with_ssp245",162,25,2.0156287411282,0.807851073155744,"future",2.00563697917529,0.808686836519222,0.00999176195291174,0.0123555392541303,0.998966517908125
0.1,"without_ssp245",162,10,1.96538425234592,0.796827216245163,"future",2.00563697917529,0.808686836519222,0.0402527268293733,0.0497754198678817,0.985334718288348
