"tol","archive","draw","n_stitched","mean_gen","var_gen","time_period","mean_target","var_target","bias","E1","E2"
0.1,"with_ssp126",38,25,-0.171009462442123,1.18492275991236,"hist+future",-0.175317978771263,1.1859228791983,0.0043085163291402,0.0036330493362712,0.999156674263158
0.1,"without_ssp126",38,21,-0.173377252938349,1.17547340698515,"hist+future",-0.175317978771263,1.1859228791983,0.00194072583291402,0.001636468835331,0.991188742205388
0.1,"with_ssp126",38,25,-0.973609205794908,0.433697963116656,"hist",-0.978310318042455,0.436689326557671,0.00470111224754677,0.0107653472655369,0.993149904842889
0.1,"without_ssp126",38,21,-0.968259697170848,0.43407103696244,"hist",-0.978310318042455,0.436689326557671,0.0100506208716066,0.0230154946786391,0.994004228095358
0.1,"with_ssp126",38,25,1.36886213817659,0.359659548653945,"future",1.36530685820253,0.35742081895809,0.00355527997405747,0.00994704221321352,1.00626356825655
0.1,"without_ssp126",38,21,1.35168790169377,0.36412714434718,"future",1.36530685820253,0.35742081895809,0.0136189565087637,0.0381034225943077,1.01876310789237
