"tol","archive","draw","n_stitched","mean_gen","var_gen","time_period","mean_target","var_target","bias","E1","E2"
0.1,"with_ssp245",198,25,0.0562589711688723,1.53410972875204,"hist+future",0.044077998932549,1.53464835261642,0.0121809722363234,0.00793730512632162,0.999649024570698
0.1,"without_ssp245",198,10,0.0581418334415668,1.53163321180431,"hist+future",0.044077998932549,1.53464835261642,0.0140638345090178,0.00916420656565421,0.998035288796311
0.1,"with_ssp245",198,25,-0.965942667707341,0.432049126882631,"hist",-0.978310318042455,0.436689326557671,0.0123676503351141,0.0283213936841682,0.989374139936926
0.1,"without_ssp245",198,10,-0.961496020927615,0.436195672325743,"hist",-0.978310318042455,0.436689326557671,0.0168142971148401,0.0385040258423158,0.998869552787516
0.1,"with_ssp245",198,25,2.017459789943,0.811802230555181,"future",2.00563697917529,0.808686836519222,0.011822810767713,0.0146197640839575,1.00385241096463
0.1,"without_ssp245",198,10,2.01442376333593,0.811313589158656,"future",2.00563697917529,0.808686836519222,0.00878678416063794,0.0108654967087857,1.00324817039281
