"tol","archive","draw","n_stitched","mean_gen","var_gen","time_period","mean_target","var_target","bias","E1","E2"
0.1,"with_ssp126",119,25,-0.167660726185677,1.18538121941568,"hist+future",-0.175317978771263,1.1859228791983,0.00765725258558686,0.0064567879749173,0.999543258847505
0.1,"without_ssp126",119,20,-0.17687305423742,1.17510168336979,"hist+future",-0.175317978771263,1.1859228791983,0.00155507546615702,0.00131127874622697,0.990875295503346
0.1,"with_ssp126",119,25,-0.970995889095047,0.43086268242206,"hist",-0.978310318042455,0.436689326557671,0.00731442894740808,0.0167497314511123,0.986657232542088
0.1,"without_ssp126",119,20,-0.970285214433167,0.43949144051603,"hist",-0.978310318042455,0.436689326557671,0.00802510360928788,0.0183771462255514,1.00641672188429
0.1,"with_ssp126",119,25,1.37362185381486,0.361407223626783,"future",1.36530685820253,0.35742081895809,0.00831499561232518,0.0232638815963884,1.01115325257301
0.1,"without_ssp126",119,20,1.34537120660326,0.3660668771876,"future",1.36530685820253,0.35742081895809,0.0199356515992781,0.0557764140807246,1.02419013602709
