"tol","archive","draw","n_stitched","mean_gen","var_gen","time_period","mean_target","var_target","bias","E1","E2"
0.1,"with_ssp370",33,24,0.303398471783555,1.98295424518476,"hist+future",0.294952460101501,1.98779287230914,0.00844601168205406,0.00424893951462994,0.997565829321662
0.1,"without_ssp370",33,15,0.293229272030924,1.97827267286465,"hist+future",0.294952460101501,1.98779287230914,0.00172318807057631,0.000866885123989075,0.995210668285858
0.1,"with_ssp370",33,24,-0.966281255241437,0.432896492884175,"hist",-0.978310318042455,0.436689326557671,0.012029062801018,0.0275460426199114,0.991314572070277
0.1,"without_ssp370",33,15,-0.972017024136627,0.436854914551242,"hist",-0.978310318042455,0.436689326557671,0.006293293905828,0.014411375600674,1.00037918946835
0.1,"with_ssp370",33,24,2.73941190154081,1.44526864774247,"future",2.73784034840095,1.44483616067424,0.00157155313985546,0.00108770335532168,1.0002993329486
0.1,"without_ssp370",33,15,2.72073670072448,1.44586976514956,"future",2.73784034840095,1.44483616067424,0.0171036476764681,0.0118377765880988,1.00071537832694
