"tol","archive","draw","n_stitched","mean_gen","var_gen","time_period","mean_target","var_target","bias","E1","E2"
0.1,"with_ssp370",189,24,0.294516527176194,1.98548321184684,"hist+future",0.294952460101501,1.98779287230914,0.000435932925306304,0.000219305004751273,0.998838077903146
0.1,"without_ssp370",189,14,0.296992441314072,1.97486083002254,"hist+future",0.294952460101501,1.98779287230914,0.00203998121257098,0.00102625441563296,0.993494270722695
0.1,"with_ssp370",189,24,-0.975750952981758,0.437185075612777,"hist",-0.978310318042455,0.436689326557671,0.00255936506069643,0.00586083722464975,1.00113524426854
0.1,"without_ssp370",189,14,-0.965203101454918,0.435227480123822,"hist",-0.978310318042455,0.436689326557671,0.0131072165875366,0.0300149689731552,0.996652433790007
0.1,"with_ssp370",189,24,2.73165762282808,1.45002679945618,"future",2.73784034840095,1.44483616067424,0.0061827255728697,0.00427918800840676,1.00359254490108
0.1,"without_ssp370",189,14,2.7186466803476,1.4481020164783,"future",2.73784034840095,1.44483616067424,0.0191936680533513,0.0132843214862469,1.00226036411114
