"tol","archive","draw","n_stitched","mean_gen","var_gen","time_period","mean_target","var_target","bias","E1","E2"
0.1,"with_ssp245",188,25,0.063675850832895,1.53287025243274,"hist+future",0.044077998932549,1.53464835261642,0.0195978519003461,0.0127702557181478,0.99884136311706
0.1,"without_ssp245",188,10,0.0395644581305254,1.52562102169115,"hist+future",0.044077998932549,1.53464835261642,0.00451354080202354,0.00294109122414161,0.994117655090246
0.1,"with_ssp245",188,25,-0.958529164603546,0.432695505653963,"hist",-0.978310318042455,0.436689326557671,0.019781153438909,0.0452980007430902,0.990854319854367
0.1,"without_ssp245",188,10,-0.973794251271847,0.440186420401958,"hist",-0.978310318042455,0.436689326557671,0.00451606677060734,0.0103416009871515,1.00800819628878
0.1,"with_ssp245",188,25,2.02488314789118,0.804246989483898,"future",2.00563697917529,0.808686836519222,0.019246168715894,0.023799285269356,0.994509806720195
0.1,"without_ssp245",188,10,1.98379919128624,0.818164974843483,"future",2.00563697917529,0.808686836519222,0.0218377878890481,0.0270040105797234,1.01172040633808
