"tol","archive","draw","n_stitched","mean_gen","var_gen","time_period","mean_target","var_target","bias","E1","E2"
0.1,"with_ssp370",181,24,0.292806353294945,1.98478490898766,"hist+future",0.294952460101501,1.98779287230914,0.00214610680655525,0.00107964307370828,0.998486782318529
0.1,"without_ssp370",181,14,0.294608803460979,1.97781861979242,"hist+future",0.294952460101501,1.98779287230914,0.000343656640521495,0.000172883525898894,0.99498224756932
0.1,"with_ssp370",181,24,-0.978025114966057,0.433043882110913,"hist",-0.978310318042455,0.436689326557671,0.000285203076397345,0.000653102924785315,0.991652087135964
0.1,"without_ssp370",181,14,-0.97053192213351,0.435434748641406,"hist",-0.978310318042455,0.436689326557671,0.00777839590894502,0.0178121960760078,0.997127069887065
0.1,"with_ssp370",181,24,2.73102951914454,1.44684839526815,"future",2.73784034840095,1.44483616067424,0.00681082925640597,0.00471391112832312,1.00139270780222
0.1,"without_ssp370",181,14,2.72191368396203,1.44536440132929,"future",2.73784034840095,1.44483616067424,0.0159266644389167,0.0110231629525969,1.00036560592088
