"tol","archive","draw","n_stitched","mean_gen","var_gen","time_period","mean_target","var_target","bias","E1","E2"
0.1,"with_ssp245",95,25,0.0573951607065283,1.53069436544607,"hist+future",0.044077998932549,1.53464835261642,0.0133171617739793,0.00867766335608732,0.997423522357017
0.1,"without_ssp245",95,11,0.0453760716115942,1.52374562449798,"hist+future",0.044077998932549,1.53464835261642,0.00129807267904524,0.000845843724936827,0.992895618009261
0.1,"with_ssp245",95,25,-0.963003442213483,0.430663192907106,"hist",-0.978310318042455,0.436689326557671,0.0153068758289713,0.0350520951579745,0.986200410030472
0.1,"without_ssp245",95,11,-0.969959368840834,0.437287636574742,"hist",-0.978310318042455,0.436689326557671,0.00835094920162061,0.0191233187846595,1.00137010451294
0.1,"with_ssp245",95,25,2.01513666630888,0.807087486483862,"future",2.00563697917529,0.808686836519222,0.00949968713358773,0.0117470530056809,0.998022287536862
0.1,"without_ssp245",95,11,1.99340337015404,0.797025538388608,"future",2.00563697917529,0.808686836519222,0.0122336090212449,0.0151277459565204,0.985579958020825
