"tol","archive","draw","n_stitched","mean_gen","var_gen","time_period","mean_target","var_target","bias","E1","E2"
0.1,"with_ssp126",92,25,-0.164910295568914,1.18624306733052,"hist+future",-0.175317978771263,1.1859228791983,0.0104076832023492,0.00877602024963458,1.00026999068645
0.1,"without_ssp126",92,20,-0.183510956552011,1.17048123454968,"hist+future",-0.175317978771263,1.1859228791983,0.0081929777807476,0.0069085249340043,0.986979216844983
0.1,"with_ssp126",92,25,-0.968594066396732,0.432486209628907,"hist",-0.978310318042455,0.436689326557671,0.00971625164572287,0.0222498033609248,0.990375040851362
0.1,"without_ssp126",92,20,-0.973050454458514,0.43853511164631,"hist",-0.978310318042455,0.436689326557671,0.00525986358394026,0.012044864080839,1.00422676941337
0.1,"with_ssp126",92,25,1.37704112520539,0.361599545567514,"future",1.36530685820253,0.35742081895809,0.0117342670028528,0.0328303959379288,1.01169133522106
0.1,"without_ssp126",92,20,1.33130319640814,0.371914866960038,"future",1.36530685820253,0.35742081895809,0.0340036617943931,0.0951362091707933,1.04055177324085
