"tol","archive","draw","n_stitched","mean_gen","var_gen","time_period","mean_target","var_target","bias","E1","E2"
0.1,"with_ssp245",157,24,0.0608373839265074,1.53235484930239,"hist+future",0.044077998932549,1.53464835261642,0.0167593849939584,0.0109206678946257,0.998505518668087
0.1,"without_ssp245",157,10,0.034629181869081,1.52220169955929,"hist+future",0.044077998932549,1.53464835261642,0.00944881706346792,0.00615699163092224,0.991889573245943
0.1,"with_ssp245",157,24,-0.960935350542119,0.429220061543108,"hist",-0.978310318042455,0.436689326557671,0.0173749675003358,0.0397879371985091,0.98289570053511
0.1,"without_ssp245",157,10,-0.979398934389648,0.436373076873258,"hist",-0.978310318042455,0.436689326557671,0.00108861634719348,0.00249288517256607,0.999275801662235
0.1,"with_ssp245",157,24,2.02121530470934,0.808003810958959,"future",2.00563697917529,0.808686836519222,0.0155783255340478,0.0192637308171116,0.999155389293583
0.1,"without_ssp245",157,10,1.98014824213292,0.798600526823645,"future",2.00563697917529,0.808686836519222,0.0254887370423669,0.0315186743388533,0.98752754559603
