"tol","archive","draw","n_stitched","mean_gen","var_gen","time_period","mean_target","var_target","bias","E1","E2"
0.1,"with_ssp370",55,25,0.296665353046026,1.98218869438998,"hist+future",0.294952460101501,1.98779287230914,0.00171289294452509,0.000861705949541558,0.997180703282905
0.1,"without_ssp370",55,16,0.297878300984459,1.98051910966323,"hist+future",0.294952460101501,1.98779287230914,0.00292584088295839,0.00147190430336917,0.996340784421133
0.1,"with_ssp370",55,25,-0.97188595568846,0.430973495929159,"hist",-0.978310318042455,0.436689326557671,0.00642436235399424,0.0147115167770097,0.986910990764146
0.1,"without_ssp370",55,16,-0.969296014595849,0.43579267550009,"hist",-0.978310318042455,0.436689326557671,0.00901430344660592,0.0206423718153676,0.997946707182772
0.1,"with_ssp370",55,25,2.73051379422266,1.44886342190914,"future",2.73784034840095,1.44483616067424,0.00732655417829342,0.00507085466000133,1.00278734803607
0.1,"without_ssp370",55,16,2.72908483669086,1.44603084140787,"future",2.73784034840095,1.44483616067424,0.00875551171008615,0.0060598647434186,1.00082686242644
