"tol","archive","draw","n_stitched","mean_gen","var_gen","time_period","mean_target","var_target","bias","E1","E2"
0.1,"with_ssp245",149,25,0.0563032016589569,1.53041465779213,"hist+future",0.044077998932549,1.53464835261642,0.0122252027264079,0.0079661263803953,0.997241260633373
0.1,"without_ssp245",149,10,0.0449299803272062,1.52963017312338,"hist+future",0.044077998932549,1.53464835261642,0.00085198139465726,0.000555163919607196,0.996730078597815
0.1,"with_ssp245",149,25,-0.963696878280667,0.432561866901061,"hist",-0.978310318042455,0.436689326557671,0.0146134397617874,0.0334641560328072,0.990548292789417
0.1,"without_ssp245",149,10,-0.973724674898237,0.431080191930214,"hist",-0.978310318042455,0.436689326557671,0.00458564314421805,0.0105009279259599,0.987155320072343
0.1,"with_ssp245",149,25,2.01328009921754,0.806412226971635,"future",2.00563697917529,0.808686836519222,0.00764312004224932,0.00945127297378439,0.997187280112809
0.1,"without_ssp245",149,10,1.99932553977137,0.812447771591928,"future",2.00563697917529,0.808686836519222,0.00631143940391876,0.00780455315816031,1.0046506693356
