"tol","archive","draw","n_stitched","mean_gen","var_gen","time_period","mean_target","var_target","bias","E1","E2"
0.1,"with_ssp126",155,25,-0.16861289637171,1.18538713115749,"hist+future",-0.175317978771263,1.1859228791983,0.00670508239955386,0.00565389412512777,0.999548243776891
0.1,"without_ssp126",155,18,-0.176216557756783,1.17688440727432,"hist+future",-0.175317978771263,1.1859228791983,0.000898578985519261,0.000757704401593732,0.99237853313861
0.1,"with_ssp126",155,25,-0.971648471236422,0.432507492572628,"hist",-0.978310318042455,0.436689326557671,0.00666184680603266,0.0152553460798929,0.99042377788803
0.1,"without_ssp126",155,18,-0.96991428249507,0.439640550009828,"hist",-0.978310318042455,0.436689326557671,0.00839603554738511,0.0192265646004432,1.00675817628844
0.1,"with_ssp126",155,25,1.37209489261291,0.361423576699056,"future",1.36530685820253,0.35742081895809,0.00678803441037923,0.0189917152284718,1.01119900556614
0.1,"without_ssp126",155,18,1.34657558854342,0.378666710171624,"future",1.36530685820253,0.35742081895809,0.0187312696591151,0.0524067672211099,1.05944223191997
