"tol","archive","draw","n_stitched","mean_gen","var_gen","time_period","mean_target","var_target","bias","E1","E2"
0.1,"with_ssp370",58,24,0.301361325171529,1.98353216923688,"hist+future",0.294952460101501,1.98779287230914,0.00640886507002825,0.00322411110297589,0.997856565876849
0.1,"without_ssp370",58,17,0.293848962993922,1.97598727367058,"hist+future",0.294952460101501,1.98779287230914,0.00110349710757851,0.000555136867100555,0.994060951317909
0.1,"with_ssp370",58,24,-0.968516765799195,0.432139833703329,"hist",-0.978310318042455,0.436689326557671,0.00979355224325973,0.0224268184442707,0.989581854701591
0.1,"without_ssp370",58,17,-0.970639241899736,0.435977287663581,"hist",-0.978310318042455,0.436689326557671,0.00767107614271867,0.0175664383720759,0.998369461191775
0.1,"with_ssp370",58,24,2.73775533691768,1.44704106975184,"future",2.73784034840095,1.44483616067424,8.50114832648963e-05,5.88381475898451e-05,1.00152606166541
0.1,"without_ssp370",58,17,2.71990191424338,1.44101256499606,"future",2.73784034840095,1.44483616067424,0.0179384341575672,0.01241554900536,0.997353612968549
