"tol","archive","draw","n_stitched","mean_gen","var_gen","time_period","mean_target","var_target","bias","E1","E2"
0.1,"with_ssp126",70,25,-0.166962664761126,1.18465592962993,"hist+future",-0.175317978771263,1.1859228791983,0.00835531401013703,0.00704541092569642,0.998931676257712
0.1,"without_ssp126",70,19,-0.176295871876059,1.16980096694524,"hist+future",-0.175317978771263,1.1859228791983,0.00097789310479543,0.000824584061871293,0.986405598090872
0.1,"with_ssp126",70,25,-0.970101909706645,0.432696551674683,"hist",-0.978310318042455,0.436689326557671,0.00820840833581005,0.0187969062594572,0.990856715197364
0.1,"without_ssp126",70,19,-0.966168245243139,0.436876045606612,"hist",-0.978310318042455,0.436689326557671,0.0121420727993152,0.0278048307134699,1.00042757868715
0.1,"with_ssp126",70,25,1.37394402612272,0.352591583211194,"future",1.36530685820253,0.35742081895809,0.00863716792018265,0.0241652625198518,0.986488655694502
0.1,"without_ssp126",70,19,1.33915693749101,0.365351924719853,"future",1.36530685820253,0.35742081895809,0.0261499207115197,0.0731628358631956,1.0221898259449
