"tol","archive","draw","n_stitched","mean_gen","var_gen","time_period","mean_target","var_target","bias","E1","E2"
0.1,"with_ssp245",84,25,0.0585308387581718,1.53295297394007,"hist+future",0.044077998932549,1.53464835261642,0.0144528398256228,0.00941768829385711,0.99889526569819
0.1,"without_ssp245",84,11,0.0477172892703731,1.52841438070341,"hist+future",0.044077998932549,1.53464835261642,0.00363929033782415,0.00237141644313469,0.995937849929996
0.1,"with_ssp245",84,25,-0.963722735927397,0.431573057824189,"hist",-0.978310318042455,0.436689326557671,0.0145875821150581,0.0334049431206594,0.988283962024415
0.1,"without_ssp245",84,11,-0.971145921291194,0.433526367896551,"hist",-0.978310318042455,0.436689326557671,0.00716439675126046,0.0164061640977944,0.992756959081064
0.1,"with_ssp245",84,25,2.01983130181769,0.805517908827098,"future",2.00563697917529,0.808686836519222,0.0141943226424037,0.0175523107356358,0.996081390781921
0.1,"without_ssp245",84,11,2.00251298395245,0.801828425500972,"future",2.00563697917529,0.808686836519222,0.00312399522283879,0.00386304695682349,0.991519076719773
