"tol","archive","draw","n_stitched","mean_gen","var_gen","time_period","mean_target","var_target","bias","E1","E2"
0.1,"with_ssp370",14,25,0.299895886905823,1.98512221212911,"hist+future",0.294952460101501,1.98779287230914,0.00494342680432208,0.00248689230814048,0.998656469586327
0.1,"without_ssp370",14,16,0.299458420382452,1.98156924913425,"hist+future",0.294952460101501,1.98779287230914,0.00450596028095113,0.00226681579540867,0.996869078634102
0.1,"with_ssp370",14,25,-0.971497226897821,0.433773943140263,"hist",-0.978310318042455,0.436689326557671,0.00681309114463391,0.0156016891879178,0.993323895868055
0.1,"without_ssp370",14,16,-0.96775319625007,0.435641980081947,"hist",-0.978310318042455,0.436689326557671,0.0105571217923847,0.0241753602626476,0.997601621079269
0.1,"with_ssp370",14,25,2.73919662850584,1.44502537723348,"future",2.73784034840095,1.44483616067424,0.00135628010488631,0.000938708582884159,1.00013096056451
0.1,"without_ssp370",14,16,2.73073652206113,1.45012994686093,"future",2.73784034840095,1.44483616067424,0.00710382633982265,0.00491670026898247,1.00366393528261
