"tol","archive","draw","n_stitched","mean_gen","var_gen","time_period","mean_target","var_target","bias","E1","E2"
0.1,"with_ssp245",185,25,0.0543331827898871,1.53222737900855,"hist+future",0.044077998932549,1.53464835261642,0.0102551838573381,0.00668243238905774,0.99842245710312
0.1,"without_ssp245",185,11,0.0362373121129191,1.51724391723672,"hist+future",0.044077998932549,1.53464835261642,0.00784068681962981,0.00510910972292918,0.988659007550471
0.1,"with_ssp245",185,25,-0.967079527887793,0.434689752081708,"hist",-0.978310318042455,0.436689326557671,0.0112307901546613,0.0257180321836379,0.995421059425186
0.1,"without_ssp245",185,11,-0.97421385877486,0.430095200745096,"hist",-0.978310318042455,0.436689326557671,0.00409645926759505,0.00938071763715081,0.984899732117212
0.1,"with_ssp245",185,25,2.01402036025288,0.804246185069205,"future",2.00563697917529,0.808686836519222,0.00838338107758974,0.0103666595015615,0.994508812003012
0.1,"without_ssp245",185,11,1.9748936283511,0.803083906358531,"future",2.00563697917529,0.808686836519222,0.0307433508241892,0.0380163858688684,0.993071569972862
