"tol","archive","draw","n_stitched","mean_gen","var_gen","time_period","mean_target","var_target","bias","E1","E2"
0.1,"with_ssp370",163,25,0.301712031807755,1.9828891627499,"hist+future",0.294952460101501,1.98779287230914,0.00675957170625424,0.00340054127390139,0.997533088267119
0.1,"without_ssp370",163,16,0.29296955013251,1.97697491600132,"hist+future",0.294952460101501,1.98779287230914,0.00198290996899064,0.00099754355527353,0.994557805061822
0.1,"with_ssp370",163,25,-0.968377931936038,0.43029779235173,"hist",-0.978310318042455,0.436689326557671,0.009932386106417,0.022744742090932,0.985363658286946
0.1,"without_ssp370",163,16,-0.971192212916416,0.436849493801159,"hist",-0.978310318042455,0.436689326557671,0.00711810512603916,0.0163001582432748,1.00036677618102
0.1,"with_ssp370",163,25,2.73851254364178,1.44448874788269,"future",2.73784034840095,1.44483616067424,0.000672195240825513,0.000465239768439785,0.999759548659556
0.1,"without_ssp370",163,16,2.71839618854033,1.44603307988447,"future",2.73784034840095,1.44483616067424,0.0194441598606176,0.0134576918752808,1.00082841172086
