"tol","archive","draw","n_stitched","mean_gen","var_gen","time_period","mean_target","var_target","bias","E1","E2"
0.1,"with_ssp370",177,25,0.291567347940127,1.98598231345879,"hist+future",0.294952460101501,1.98779287230914,0.00338511216137355,0.00170295014562619,0.999089161212131
0.1,"without_ssp370",177,15,0.296880530584996,1.98597292538846,"hist+future",0.294952460101501,1.98779287230914,0.00192807048349575,0.000969955426621478,0.99908443835068
0.1,"with_ssp370",177,25,-0.979366959529009,0.435473073853009,"hist",-0.978310318042455,0.436689326557671,0.00105664148655416,0.00241966410052527,0.997214832992944
0.1,"without_ssp370",177,15,-0.97472671756636,0.435548303395858,"hist",-0.978310318042455,0.436689326557671,0.00358360047609452,0.00820629279937588,0.997387105449068
0.1,"with_ssp370",177,25,2.72998782157277,1.44974838009521,"future",2.73784034840095,1.44483616067424,0.00785252682817816,0.00543489084915602,1.00339984529365
0.1,"without_ssp370",177,15,2.73659211134051,1.44617928564177,"future",2.73784034840095,1.44483616067424,0.00124823706044408,0.000863929831228462,1.00092960364924
