"tol","archive","draw","n_stitched","mean_gen","var_gen","time_period","mean_target","var_target","bias","E1","E2"
0.1,"with_ssp126",39,25,-0.167645511693745,1.18366957660022,"hist+future",-0.175317978771263,1.1859228791983,0.0076724670775184,0.00646961721718794,0.998099958574373
0.1,"without_ssp126",39,19,-0.17827129922855,1.17115923298683,"hist+future",-0.175317978771263,1.1859228791983,0.00295332045728641,0.00249031409132009,0.987550922180157
0.1,"with_ssp126",39,25,-0.969738397276842,0.431594945875599,"hist",-0.978310318042455,0.436689326557671,0.00857192076561275,0.0196293342756586,0.988334084731977
0.1,"without_ssp126",39,19,-0.969542410856956,0.43615020217995,"hist",-0.978310318042455,0.436689326557671,0.00876790718549858,0.0200781348484382,0.998765428085979
0.1,"with_ssp126",39,25,1.37125362925057,0.358800522563935,"future",1.36530685820253,0.35742081895809,0.00594677104803498,0.0166380096866497,1.00386016575606
0.1,"without_ssp126",39,19,1.33986513587246,0.362753684684172,"future",1.36530685820253,0.35742081895809,0.0254417223300716,0.0711814225154434,1.01492041157991
