"tol","archive","draw","n_stitched","mean_gen","var_gen","time_period","mean_target","var_target","bias","E1","E2"
0.1,"with_ssp126",88,25,-0.163720534901891,1.18646826135882,"hist+future",-0.175317978771263,1.1859228791983,0.0115974438693724,0.00977925636885637,1.00045987995517
0.1,"without_ssp126",88,19,-0.18067930401915,1.17355470170487,"hist+future",-0.175317978771263,1.1859228791983,0.00536132524788632,0.0045208042967437,0.989570841653893
0.1,"with_ssp126",88,25,-0.967789420856601,0.431359420492281,"hist",-0.978310318042455,0.436689326557671,0.0105208971858533,0.0240924074531137,0.987794741613209
0.1,"without_ssp126",88,19,-0.972665010350549,0.437805149836607,"hist",-0.978310318042455,0.436689326557671,0.00564530769190619,0.0129275147080121,1.00255518789005
0.1,"with_ssp126",88,25,1.3789697695461,0.361543031137708,"future",1.36530685820253,0.35742081895809,0.013662911343566,0.0382264004189641,1.01153321787923
0.1,"without_ssp126",88,19,1.33882815580272,0.372658948952559,"future",1.36530685820253,0.35742081895809,0.0264787023998139,0.0740827086597848,1.04263358256212
