"tol","archive","draw","n_stitched","mean_gen","var_gen","time_period","mean_target","var_target","bias","E1","E2"
0.1,"with_ssp126",199,25,-0.169349722946413,1.18766380724148,"hist+future",-0.175317978771263,1.1859228791983,0.00596825582485078,0.00503258342472102,1.00146799431373
0.1,"without_ssp126",199,19,-0.180582808082095,1.17114084937026,"hist+future",-0.175317978771263,1.1859228791983,0.00526482931083133,0.00443943649555901,0.987535420652289
0.1,"with_ssp126",199,25,-0.973903208409996,0.434176605202032,"hist",-0.978310318042455,0.436689326557671,0.00440710963245849,0.0100920937710999,0.994245974877733
0.1,"without_ssp126",199,19,-0.971176794829222,0.438914528578206,"hist",-0.978310318042455,0.436689326557671,0.00713352321323246,0.016335465007731,1.00509561806348
0.1,"with_ssp126",199,25,1.37427033637325,0.360490679761473,"future",1.36530685820253,0.35742081895809,0.00896347817071952,0.0250782206723402,1.00858892554813
0.1,"without_ssp126",199,19,1.33625449207228,0.364449835320247,"future",1.36530685820253,0.35742081895809,0.0290523661302562,0.0812833628856488,1.01966593994901
