"tol","archive","draw","n_stitched","mean_gen","var_gen","time_period","mean_target","var_target","bias","E1","E2"
0.1,"with_ssp126",29,25,-0.168871700368261,1.18511505188628,"hist+future",-0.175317978771263,1.1859228791983,0.00644627840300238,0.00543566408581321,0.999318819692082
0.1,"without_ssp126",29,18,-0.177603553692128,1.17979467169748,"hist+future",-0.175317978771263,1.1859228791983,0.00228557492086426,0.00192725425991389,0.994832541299011
0.1,"with_ssp126",29,25,-0.972078894588458,0.432924239943484,"hist",-0.978310318042455,0.436689326557671,0.00623142345399641,0.0142696948952643,0.991378111656937
0.1,"without_ssp126",29,18,-0.973844988822261,0.439511152779329,"hist",-0.978310318042455,0.436689326557671,0.00446532922019416,0.0102254141528793,1.00646186212954
0.1,"with_ssp126",29,25,1.37216535831002,0.35567902472351,"future",1.36530685820253,0.35742081895809,0.00685850010749034,0.019188865739504,0.995126768945196
0.1,"without_ssp126",29,18,1.35006896719708,0.375461297500412,"future",1.36530685820253,0.35742081895809,0.0152378910054531,0.0426329139132768,1.05047405630962
