"tol","archive","draw","n_stitched","mean_gen","var_gen","time_period","mean_target","var_target","bias","E1","E2"
0.1,"with_ssp126",179,25,-0.168119740333273,1.18782046287951,"hist+future",-0.175317978771263,1.1859228791983,0.00719823843799075,0.00606973570056839,1.00160009028791
0.1,"without_ssp126",179,20,-0.171711748851656,1.18104896574397,"hist+future",-0.175317978771263,1.1859228791983,0.00360622991960752,0.00304086377188826,0.995890193586934
0.1,"with_ssp126",179,25,-0.972913140699987,0.433079405132418,"hist",-0.978310318042455,0.436689326557671,0.00539717734246736,0.0123593067524965,0.991733433345602
0.1,"without_ssp126",179,20,-0.970414721983758,0.432516047191774,"hist",-0.978310318042455,0.436689326557671,0.00789559605869705,0.0180805794383306,0.990443367602331
0.1,"with_ssp126",179,25,1.37596062083542,0.361528653568389,"future",1.36530685820253,0.35742081895809,0.0106537626328902,0.0298073365282603,1.01149299199267
0.1,"without_ssp126",179,20,1.36068349029714,0.373356278315457,"future",1.36530685820253,0.35742081895809,0.00462336790538997,0.012935362631834,1.0445845863255
