"tol","archive","draw","n_stitched","mean_gen","var_gen","time_period","mean_target","var_target","bias","E1","E2"
0.1,"with_ssp126",107,25,-0.1683044577205,1.18382194033682,"hist+future",-0.175317978771263,1.1859228791983,0.00701352105076311,0.00591397735365757,0.998228435509313
0.1,"without_ssp126",107,20,-0.181187290723259,1.16987941885832,"hist+future",-0.175317978771263,1.1859228791983,0.00586931195199555,0.00494915146249924,0.986471750717191
0.1,"with_ssp126",107,25,-0.970431845115598,0.432990637211913,"hist",-0.978310318042455,0.436689326557671,0.00787847292685662,0.0180413681940911,0.991530158579982
0.1,"without_ssp126",107,20,-0.970957314140584,0.438227550912147,"hist",-0.978310318042455,0.436689326557671,0.00735300390187033,0.016838066457526,1.00352246840242
0.1,"with_ssp126",107,25,1.37066087856079,0.356602262452234,"future",1.36530685820253,0.35742081895809,0.00535402035825805,0.0149795984852406,0.997709824211578
0.1,"without_ssp126",107,20,1.33406914955417,0.364260889943726,"future",1.36530685820253,0.35742081895809,0.0312377086483664,0.0873975632964717,1.0191373043282
