"tol","archive","draw","n_stitched","mean_gen","var_gen","time_period","mean_target","var_target","bias","E1","E2"
0.1,"with_ssp370",142,25,0.301623427030863,1.98275076014808,"hist+future",0.294952460101501,1.98779287230914,0.00667096692936242,0.00335596682244515,0.997463461997824
0.1,"without_ssp370",142,14,0.303403432517888,1.97797018947924,"hist+future",0.294952460101501,1.98779287230914,0.00845097241638698,0.00425143511384555,0.995058497810944
0.1,"with_ssp370",142,25,-0.968582286212025,0.430912237205494,"hist",-0.978310318042455,0.436689326557671,0.0097280318304297,0.0222767794832855,0.986770710890242
0.1,"without_ssp370",142,14,-0.962047218840358,0.431650614321468,"hist",-0.978310318042455,0.436689326557671,0.0162630992020966,0.0372418060461773,0.988461563107297
0.1,"with_ssp370",142,25,2.73864601639222,1.44301164247296,"future",2.73784034840095,1.44483616067424,0.000805667991268244,0.000557618928150492,0.998737214466977
0.1,"without_ssp370",142,14,2.7313029380308,1.44662762248446,"future",2.73784034840095,1.44483616067424,0.00653741037014877,0.00452467244943401,1.00123990654372
