"tol","archive","draw","n_stitched","mean_gen","var_gen","time_period","mean_target","var_target","bias","E1","E2"
0.1,"with_ssp126",163,25,-0.168277104222737,1.18586208169564,"hist+future",-0.175317978771263,1.1859228791983,0.0070408745485267,0.00593704251096534,0.999948734016581
0.1,"without_ssp126",163,20,-0.179893045990096,1.17010309522698,"hist+future",-0.175317978771263,1.1859228791983,0.00457506721883247,0.00385781175073145,0.98666036025714
0.1,"with_ssp126",163,25,-0.971936244101498,0.432695539910614,"hist",-0.978310318042455,0.436689326557671,0.00637407394095668,0.0145963584482409,0.990854398300643
0.1,"without_ssp126",163,20,-0.969856209607047,0.437134153851565,"hist",-0.978310318042455,0.436689326557671,0.00845410843540795,0.0193595490461145,1.00101863559936
0.1,"with_ssp126",163,25,1.37362705949814,0.357756918185408,"future",1.36530685820253,0.35742081895809,0.00832020129560851,0.0232784461740717,1.00094034597173
0.1,"without_ssp126",163,20,1.33573395397266,0.366526280192229,"future",1.36530685820253,0.35742081895809,0.0295729042298754,0.0827397360794,1.02547546407812
