"tol","archive","draw","n_stitched","mean_gen","var_gen","time_period","mean_target","var_target","bias","E1","E2"
0.1,"with_ssp126",130,25,-0.166965623382392,1.18839455742553,"hist+future",-0.175317978771263,1.1859228791983,0.00835235538887108,0.00704291614182991,1.0020841812487
0.1,"without_ssp126",130,19,-0.16611777468996,1.17908913089634,"hist+future",-0.175317978771263,1.1859228791983,0.0092002040813037,0.00775784348432774,0.994237611549772
0.1,"with_ssp126",130,25,-0.97193738506467,0.434662460718041,"hist",-0.978310318042455,0.436689326557671,0.00637293297778485,0.0145937456910645,0.995358563362179
0.1,"without_ssp126",130,19,-0.963111436564557,0.431788713348469,"hist",-0.978310318042455,0.436689326557671,0.0151988814778973,0.0348047926834091,0.988777804010388
0.1,"with_ssp126",130,25,1.37745694263593,0.361166170944397,"future",1.36530685820253,0.35742081895809,0.0121500844333968,0.0339937792902363,1.01047882996079
0.1,"without_ssp126",130,19,1.36299797192991,0.377287562771678,"future",1.36530685820253,0.35742081895809,0.00230888627262593,0.00645985390374438,1.05558362232928
