"tol","archive","draw","n_stitched","mean_gen","var_gen","time_period","mean_target","var_target","bias","E1","E2"
0.1,"with_ssp370",71,25,0.298393948551082,1.98344150649459,"hist+future",0.294952460101501,1.98779287230914,0.00344148844958109,0.00173131139442272,0.997810956123662
0.1,"without_ssp370",71,15,0.305263288916464,1.97935873138098,"hist+future",0.294952460101501,1.98779287230914,0.0103108288149638,0.00518707404508706,0.99575703231174
0.1,"with_ssp370",71,25,-0.970973956515544,0.432644289486342,"hist",-0.978310318042455,0.436689326557671,0.00733636152691119,0.0167999561261141,0.990737037007028
0.1,"without_ssp370",71,15,-0.963298711385992,0.432734511134241,"hist",-0.978310318042455,0.436689326557671,0.0150116066564623,0.0343759413008685,0.990943640746603
0.1,"with_ssp370",71,25,2.73380911524868,1.44890661744086,"future",2.73784034840095,1.44483616067424,0.00403123315227294,0.00279009707951366,1.00281724452738
0.1,"without_ssp370",71,15,2.73913224298513,1.43627520128613,"future",2.73784034840095,1.44483616067424,0.00129189458418155,0.000894146076451104,0.994074788809191
