"tol","archive","draw","n_stitched","mean_gen","var_gen","time_period","mean_target","var_target","bias","E1","E2"
0.1,"with_ssp245",145,25,0.0577720584906721,1.53280584663962,"hist+future",0.044077998932549,1.53464835261642,0.0136940595581231,0.00892325563362845,0.998799395331402
0.1,"without_ssp245",145,11,0.0414040469055013,1.52599533150806,"hist+future",0.044077998932549,1.53464835261642,0.00267395202704761,0.00174238744823124,0.99436156100933
0.1,"with_ssp245",145,25,-0.964668273711662,0.431644515657742,"hist",-0.978310318042455,0.436689326557671,0.0136420443307924,0.0312397017768438,0.988447597426536
0.1,"without_ssp245",145,11,-0.973490160449118,0.439353432019787,"hist",-0.978310318042455,0.436689326557671,0.00482015759333676,0.011037956048372,1.00610068829279
0.1,"with_ssp245",145,25,2.0194308353905,0.80329607341148,"future",2.00563697917529,0.808686836519222,0.0137938562152109,0.0170571049166361,0.993333929941354
0.1,"without_ssp245",145,11,1.98858479357425,0.810452635065532,"future",2.00563697917529,0.808686836519222,0.017052185601041,0.0210862658213131,1.00218353813438
