"tol","archive","draw","n_stitched","mean_gen","var_gen","time_period","mean_target","var_target","bias","E1","E2"
0.1,"with_ssp126",188,25,-0.166356642076846,1.18643439383283,"hist+future",-0.175317978771263,1.1859228791983,0.00896133669441695,0.00755642449572688,1.00043132200542
0.1,"without_ssp126",188,21,-0.183502667373676,1.16931353114643,"hist+future",-0.175317978771263,1.1859228791983,0.0081846886024125,0.00690153529034324,0.985994579965355
0.1,"with_ssp126",188,25,-0.970134279744173,0.434228070513217,"hist",-0.978310318042455,0.436689326557671,0.00817603829828129,0.0187227802491333,0.994363828253245
0.1,"without_ssp126",188,21,-0.973842001496071,0.434298851591247,"hist",-0.978310318042455,0.436689326557671,0.00446831654638336,0.0102322550029014,0.994525913913976
0.1,"with_ssp126",188,25,1.37577487205233,0.358241666077527,"future",1.36530685820253,0.35742081895809,0.0104680138497935,0.0292876444083715,1.00229658451858
0.1,"without_ssp126",188,21,1.33284605507046,0.361093508601412,"future",1.36530685820253,0.35742081895809,0.032460803132079,0.0908195645309773,1.01027553362456
