"tol","archive","draw","n_stitched","mean_gen","var_gen","time_period","mean_target","var_target","bias","E1","E2"
0.1,"with_ssp245",92,25,0.0591412012696284,1.53173958453575,"hist+future",0.044077998932549,1.53464835261642,0.0150632023370794,0.00981540970698477,0.998104602871588
0.1,"without_ssp245",92,10,0.037191677496742,1.51798161590051,"hist+future",0.044077998932549,1.53464835261642,0.00688632143580698,0.00448723085263571,0.989139703119937
0.1,"with_ssp245",92,25,-0.962750105048872,0.430590707240772,"hist",-0.978310318042455,0.436689326557671,0.0155602129935827,0.0356322264989633,0.986034420934963
0.1,"without_ssp245",92,10,-0.972649654535866,0.439318322677683,"hist",-0.978310318042455,0.436689326557671,0.00566066350658911,0.0129626788710659,1.0060202893914
0.1,"with_ssp245",92,25,2.01974661455512,0.80235678943858,"future",2.00563697917529,0.808686836519222,0.0141096353798349,0.0174475887855008,0.992172437098286
0.1,"without_ssp245",92,10,1.97467795407093,0.801774128171649,"future",2.00563697917529,0.808686836519222,0.0309590251043579,0.0382830827785114,0.991451934129005
