"tol","archive","draw","n_stitched","mean_gen","var_gen","time_period","mean_target","var_target","bias","E1","E2"
0.1,"with_ssp126",30,25,-0.172483167595627,1.18740126845786,"hist+future",-0.175317978771263,1.1859228791983,0.0028348111756363,0.00239038408429449,1.00124661500802
0.1,"without_ssp126",30,19,-0.185356354534259,1.1769906929807,"hist+future",-0.175317978771263,1.1859228791983,0.0100383757629953,0.00846461092797316,0.992468155919517
0.1,"with_ssp126",30,25,-0.976390821810207,0.435633799598789,"hist",-0.978310318042455,0.436689326557671,0.00191949623224785,0.00439556479976012,0.997582888120481
0.1,"without_ssp126",30,19,-0.979838927803159,0.440401110351054,"hist",-0.978310318042455,0.436689326557671,0.00152860976070435,0.00350045139127638,1.00849982714861
0.1,"with_ssp126",30,25,1.36989779688583,0.362657327998815,"future",1.36530685820253,0.35742081895809,0.00459093868329985,0.0128446314254519,1.01465082268008
0.1,"without_ssp126",30,19,1.33894160580724,0.368627112888546,"future",1.36530685820253,0.35742081895809,0.026365252395298,0.073765295687461,1.03135322101025
