"tol","archive","draw","n_stitched","mean_gen","var_gen","time_period","mean_target","var_target","bias","E1","E2"
0.1,"with_ssp126",86,25,-0.165502459323916,1.18690339914954,"hist+future",-0.175317978771263,1.1859228791983,0.00981551944734754,0.0082766928773505,1.00082679908486
0.1,"without_ssp126",86,20,-0.174666488439338,1.17230793168891,"hist+future",-0.175317978771263,1.1859228791983,0.00065149033192527,0.000549353034124519,0.988519533817758
0.1,"with_ssp126",86,25,-0.970264209624028,0.43288677096082,"hist",-0.978310318042455,0.436689326557671,0.00804610841842646,0.0184252463458455,0.991292309278943
0.1,"without_ssp126",86,20,-0.966022190530176,0.432925448828629,"hist",-0.978310318042455,0.436689326557671,0.0122881275122787,0.0281392897993257,0.991380879952546
0.1,"with_ssp126",86,25,1.37851717787979,0.353483351803425,"future",1.36530685820253,0.35742081895809,0.0132103196772542,0.0369601292833565,0.988983665903562
0.1,"without_ssp126",86,20,1.34363224231634,0.379618870077983,"future",1.36530685820253,0.35742081895809,0.0216746158861949,0.0606417274443557,1.06210620630494
