"tol","archive","draw","n_stitched","mean_gen","var_gen","time_period","mean_target","var_target","bias","E1","E2"
0.1,"with_ssp245",159,25,0.0628426686814152,1.52933630656945,"hist+future",0.044077998932549,1.53464835261642,0.0187646697488662,0.0122273416687766,0.996538590721507
0.1,"without_ssp245",159,10,0.0316034707286915,1.5154323042096,"hist+future",0.044077998932549,1.53464835261642,0.0124745282038575,0.00812859061985741,0.987478533193575
0.1,"with_ssp245",159,25,-0.957689470213968,0.425756297854699,"hist",-0.978310318042455,0.436689326557671,0.0206208478284867,0.0472208652110563,0.974963828886878
0.1,"without_ssp245",159,10,-0.976368135213481,0.438399781886874,"hist",-0.978310318042455,0.436689326557671,0.0019421828289734,0.00444751614215813,1.00391687001532
0.1,"with_ssp245",159,25,2.02084037702721,0.803613893317106,"future",2.00563697917529,0.808686836519222,0.0152033978519195,0.0188001055110016,0.993726937334667
0.1,"without_ssp245",159,10,1.96550248212937,0.801843473782753,"future",2.00563697917529,0.808686836519222,0.040134497045917,0.0496292201548195,0.991537685012997
