"tol","archive","draw","n_stitched","mean_gen","var_gen","time_period","mean_target","var_target","bias","E1","E2"
0.1,"with_ssp126",25,25,-0.168924408912827,1.18709006387889,"hist+future",-0.175317978771263,1.1859228791983,0.00639356985843603,0.00539121891531277,1.00098419947963
0.1,"without_ssp126",25,20,-0.189509024586664,1.17064592284842,"hist+future",-0.175317978771263,1.1859228791983,0.0141910458154008,0.0119662467638656,0.98711808616071
0.1,"with_ssp126",25,25,-0.973575142916337,0.433266056759745,"hist",-0.978310318042455,0.436689326557671,0.00473517512611776,0.0108433498099075,0.992160857640118
0.1,"without_ssp126",25,20,-0.979777049798921,0.438794838606328,"hist",-0.978310318042455,0.436689326557671,0.00146673175646583,0.00335875339117575,1.00482153311429
0.1,"with_ssp126",25,25,1.37488223190786,0.355829663737305,"future",1.36530685820253,0.35742081895809,0.00957537370532546,0.0267901957508755,0.995548230163471
0.1,"without_ssp126",25,20,1.3267028842508,0.364088600404105,"future",1.36530685820253,0.35742081895809,0.0386039739517297,0.108007065912566,1.0186552687822
