"tol","archive","draw","n_stitched","mean_gen","var_gen","time_period","mean_target","var_target","bias","E1","E2"
0.1,"with_ssp370",179,24,0.299373578566607,1.98250719639908,"hist+future",0.294952460101501,1.98779287230914,0.00442111846510684,0.00222413437873484,0.997340932255217
0.1,"without_ssp370",179,16,0.301418915523796,1.97666864456538,"hist+future",0.294952460101501,1.98779287230914,0.00646645542229524,0.00325308311161384,0.99440372893035
0.1,"with_ssp370",179,24,-0.969259870970395,0.432681161530879,"hist",-0.978310318042455,0.436689326557671,0.00905044707205993,0.0207251391816756,0.990821472422082
0.1,"without_ssp370",179,16,-0.962711674288934,0.434239593967054,"hist",-0.978310318042455,0.436689326557671,0.0155986437535205,0.0357202313060438,0.994390216472822
0.1,"with_ssp370",179,24,2.733379615469,1.44874503347178,"future",2.73784034840095,1.44483616067424,0.00446073293195459,0.00308736246597881,1.00270540903109
0.1,"without_ssp370",179,16,2.72678574481566,1.44647188467512,"future",2.73784034840095,1.44483616067424,0.0110546035852881,0.00765111220647286,1.00113211729149
