"tol","archive","draw","n_stitched","mean_gen","var_gen","time_period","mean_target","var_target","bias","E1","E2"
0.1,"with_ssp126",134,25,-0.167679985351816,1.18650804340391,"hist+future",-0.175317978771263,1.1859228791983,0.00763799341944718,0.00644054816162295,1.00049342517619
0.1,"without_ssp126",134,18,-0.16665959642162,1.17269471432283,"hist+future",-0.175317978771263,1.1859228791983,0.00865838234964358,0.00730096577232475,0.98884567866301
0.1,"with_ssp126",134,25,-0.971750284544867,0.433464074673334,"hist",-0.978310318042455,0.436689326557671,0.00656003349758794,0.0150221979302752,0.992614310247148
0.1,"without_ssp126",134,18,-0.959257180428893,0.430574147760551,"hist",-0.978310318042455,0.436689326557671,0.0190531376135622,0.0436308754412525,0.985996500428978
0.1,"with_ssp126",134,25,1.37501303054183,0.357048039436463,"future",1.36530685820253,0.35742081895809,0.00970617233929327,0.0271561471085751,0.9989570290765
0.1,"without_ssp126",134,18,1.35402181475512,0.373585257779243,"future",1.36530685820253,0.35742081895809,0.0112850434474097,0.0315735481786049,1.04522523021539
