"tol","archive","draw","n_stitched","mean_gen","var_gen","time_period","mean_target","var_target","bias","E1","E2"
0.1,"with_ssp245",120,25,0.0590724336642309,1.53277940336783,"hist+future",0.044077998932549,1.53464835261642,0.014994434731682,0.00977059969869837,0.9987821644969
0.1,"without_ssp245",120,11,0.0432556004016642,1.52474972053347,"hist+future",0.044077998932549,1.53464835261642,0.00082239853088472,0.000535887279638109,0.993549902121825
0.1,"with_ssp245",120,25,-0.962931445524086,0.431514819912961,"hist",-0.978310318042455,0.436689326557671,0.0153788725183684,0.0352169645170786,0.988150599682618
0.1,"without_ssp245",120,11,-0.971444594661461,0.435442865626679,"hist",-0.978310318042455,0.436689326557671,0.00686572338099389,0.0157222147724904,0.997145657438395
0.1,"with_ssp245",120,25,2.01989382978135,0.806388033136755,"future",2.00563697917529,0.808686836519222,0.0142568506060625,0.0176296311034657,0.99715736267903
0.1,"without_ssp245",120,11,1.99006411418557,0.809017304951656,"future",2.00563697917529,0.808686836519222,0.0155728649897218,0.019256978457509,1.00040864821524
