"tol","archive","draw","n_stitched","mean_gen","var_gen","time_period","mean_target","var_target","bias","E1","E2"
0.1,"with_ssp126",6,25,-0.163415603239667,1.1822196712819,"hist+future",-0.175317978771263,1.1859228791983,0.0119023755315965,0.0100363824160663,0.996877361942031
0.1,"without_ssp126",6,19,-0.179193104069036,1.17307138586023,"hist+future",-0.175317978771263,1.1859228791983,0.00387512529777265,0.00326760311799726,0.989163297577366
0.1,"with_ssp126",6,25,-0.964832388430046,0.432126056988321,"hist",-0.978310318042455,0.436689326557671,0.0134779296124087,0.0308638860460647,0.989550306609686
0.1,"without_ssp126",6,19,-0.971299571368876,0.437417176236656,"hist",-0.978310318042455,0.436689326557671,0.0070107466735787,0.0160543119495109,1.00166674483373
0.1,"with_ssp126",6,25,1.37418636834653,0.352017454631351,"future",1.36530685820253,0.35742081895809,0.00887951014399158,0.0248432930400531,0.984882345850783
0.1,"without_ssp126",6,19,1.34054604830856,0.367618035193818,"future",1.36530685820253,0.35742081895809,0.0247608098939702,0.0692763503988099,1.0285300007578
