"tol","archive","draw","n_stitched","mean_gen","var_gen","time_period","mean_target","var_target","bias","E1","E2"
0.1,"with_ssp245",103,25,0.0609410495389351,1.53212869069566,"hist+future",0.044077998932549,1.53464835261642,0.0168630506063861,0.0109882179703489,0.998358150310807
0.1,"without_ssp245",103,10,0.0346596345528245,1.51741366020416,"hist+future",0.044077998932549,1.53464835261642,0.00941836437972445,0.00613714820314834,0.988769614626775
0.1,"with_ssp245",103,25,-0.960356619921052,0.433011829446292,"hist",-0.978310318042455,0.436689326557671,0.0179536981214022,0.0411132057266602,0.991578687896112
0.1,"without_ssp245",103,10,-0.975946834274933,0.439482246354357,"hist",-0.978310318042455,0.436689326557671,0.00236348376752216,0.00541227738757206,1.00639566764478
0.1,"with_ssp245",103,25,2.02040750838659,0.806250282448465,"future",2.00563697917529,0.808686836519222,0.014770529211297,0.0182648320020551,0.996987023949537
0.1,"without_ssp245",103,10,1.97361390614096,0.793008886378625,"future",2.00563697917529,0.808686836519222,0.0320230730343258,0.0395988553148221,0.980613076122176
