"tol","archive","draw","n_stitched","mean_gen","var_gen","time_period","mean_target","var_target","bias","E1","E2"
0.1,"with_ssp370",72,25,0.296575863612182,1.98386454834558,"hist+future",0.294952460101501,1.98779287230914,0.0016234035106818,0.000816686453250007,0.998023776008916
0.1,"without_ssp370",72,13,0.300323973814425,1.98154062319103,"hist+future",0.294952460101501,1.98779287230914,0.0053715137129241,0.00270225021316443,0.996854677765872
0.1,"with_ssp370",72,25,-0.973086687909743,0.435498892183762,"hist",-0.978310318042455,0.436689326557671,0.00522363013271188,0.0119618910173249,0.997273955873175
0.1,"without_ssp370",72,13,-0.968608820677412,0.437879846528568,"hist",-0.978310318042455,0.436689326557671,0.00970149736504267,0.0222160166851741,1.00272624014029
0.1,"with_ssp370",72,25,2.73255634036936,1.44750937633979,"future",2.73784034840095,1.44483616067424,0.00528400803158524,0.00365716762592612,1.00185018601991
0.1,"without_ssp370",72,13,2.73490433533946,1.44015760184841,"future",2.73784034840095,1.44483616067424,0.00293601306148927,0.00203207335295315,0.996761875876882
