"tol","archive","draw","n_stitched","mean_gen","var_gen","time_period","mean_target","var_target","bias","E1","E2"
0.1,"with_ssp370",131,25,0.293431473458328,1.98548767502769,"hist+future",0.294952460101501,1.98779287230914,0.00152098664317207,0.00076516354614211,0.998840323197871
0.1,"without_ssp370",131,14,0.295511476738957,1.97526533031086,"hist+future",0.294952460101501,1.98779287230914,0.000559016637456,0.000281224792202123,0.993697762894318
0.1,"with_ssp370",131,25,-0.978607144507578,0.433450211279313,"hist",-0.978310318042455,0.436689326557671,0.00029682646512319,0.000679719991012855,0.992582563663987
0.1,"without_ssp370",131,14,-0.968205345884682,0.438711021241387,"hist",-0.978310318042455,0.436689326557671,0.010104972157773,0.0231399568142146,1.00462959491053
0.1,"with_ssp370",131,25,2.7339706823464,1.44349432349054,"future",2.73784034840095,1.44483616067424,0.0038696660545452,0.00267827326022861,0.999071287651691
0.1,"without_ssp370",131,14,2.72008445037733,1.44023848473623,"future",2.73784034840095,1.44483616067424,0.0177558980236174,0.0122892120967761,0.996817856540998
