"tol","archive","draw","n_stitched","mean_gen","var_gen","time_period","mean_target","var_target","bias","E1","E2"
0.1,"with_ssp245",57,25,0.0570578350471488,1.53378168808591,"hist+future",0.044077998932549,1.53464835261642,0.0129798361145998,0.00845785687155657,0.999435268327732
0.1,"without_ssp245",57,10,0.0388487551321856,1.52229575622305,"hist+future",0.044077998932549,1.53464835261642,0.00522924380036336,0.00340745408643486,0.991950861985867
0.1,"with_ssp245",57,25,-0.965135418214266,0.430896699202477,"hist",-0.978310318042455,0.436689326557671,0.0131748998281889,0.0301699607179406,0.986735129523645
0.1,"without_ssp245",57,10,-0.974877813147169,0.440518541215291,"hist",-0.978310318042455,0.436689326557671,0.00343250489528613,0.007860290340375,1.0087687388373
0.1,"with_ssp245",57,25,2.01824256514172,0.811226963163873,"future",2.00563697917529,0.808686836519222,0.0126055859664347,0.015587722462124,1.0031410510595
0.1,"without_ssp245",57,10,1.98378926404025,0.796899569978369,"future",2.00563697917529,0.808686836519222,0.0218477151350398,0.0270162863403063,0.985424188933768
