"tol","archive","draw","n_stitched","mean_gen","var_gen","time_period","mean_target","var_target","bias","E1","E2"
0.1,"with_ssp370",167,24,0.295403978865387,1.98296906525937,"hist+future",0.294952460101501,1.98779287230914,0.000451518763886549,0.000227145780718107,0.997573284864348
0.1,"without_ssp370",167,14,0.293497061851625,1.97446531754335,"hist+future",0.294952460101501,1.98779287230914,0.00145539824987506,0.000732167958819765,0.993295300052914
0.1,"with_ssp370",167,24,-0.973465098648979,0.434979575748392,"hist",-0.978310318042455,0.436689326557671,0.00484521939347549,0.0110953465056481,0.996084743305368
0.1,"without_ssp370",167,14,-0.97029365408628,0.439909253466285,"hist",-0.978310318042455,0.436689326557671,0.00801666395617473,0.0183578197785789,1.00737349578474
0.1,"with_ssp370",167,24,2.72986209270109,1.44811347771508,"future",2.73784034840095,1.44483616067424,0.00797825569985955,0.00552191031551732,1.00226829666231
0.1,"without_ssp370",167,14,2.71821180754644,1.43596384280471,"future",2.73784034840095,1.44483616067424,0.0196285408545056,0.0135853056483206,0.993859291377788
