"tol","archive","draw","n_stitched","mean_gen","var_gen","time_period","mean_target","var_target","bias","E1","E2"
0.1,"with_ssp126",71,25,-0.166778053985098,1.1879157193947,"hist+future",-0.175317978771263,1.1859228791983,0.00853992478616492,0.00720107937536212,1.0016804129774
0.1,"without_ssp126",71,19,-0.172592231218109,1.17188743233437,"hist+future",-0.175317978771263,1.1859228791983,0.00272574755315486,0.00229841889465655,0.988164958185634
0.1,"with_ssp126",71,25,-0.971746476326512,0.43530723674186,"hist",-0.978310318042455,0.436689326557671,0.00656384171594293,0.0150309185884718,0.996835073055927
0.1,"without_ssp126",71,19,-0.963655078329828,0.436991545490562,"hist",-0.978310318042455,0.436689326557671,0.0146552397126266,0.0335598761438727,1.00069206851304
0.1,"with_ssp126",71,25,1.37763810515831,0.35506712909602,"future",1.36530685820253,0.35742081895809,0.0123312469557768,0.0345006398668197,0.993414793606789
0.1,"without_ssp126",71,19,1.34514462661252,0.370146722075065,"future",1.36530685820253,0.35742081895809,0.0201622315900178,0.0564103446710025,1.03560481774417
