"tol","archive","draw","n_stitched","mean_gen","var_gen","time_period","mean_target","var_target","bias","E1","E2"
0.1,"with_ssp245",43,25,0.0632557833055927,1.53472353566707,"hist+future",0.044077998932549,1.53464835261642,0.0191777843730438,0.0124965333852198,1.00004899040912
0.1,"without_ssp245",43,10,0.0167787865517406,1.52564632337497,"hist+future",0.044077998932549,1.53464835261642,0.0272992123808083,0.017788578298257,0.994134142048826
0.1,"with_ssp245",43,25,-0.960192335278171,0.43048144743451,"hist",-0.978310318042455,0.436689326557671,0.0181179827642841,0.0414894105773189,0.985784220621793
0.1,"without_ssp245",43,10,-0.99971250858369,0.441760556103308,"hist",-0.978310318042455,0.436689326557671,0.0214021905412348,0.049010106818831,1.01161290014943
0.1,"with_ssp245",43,25,2.02684810384421,0.80798027573148,"future",2.00563697917529,0.808686836519222,0.0212111246689193,0.0262290959999015,0.999126286275682
0.1,"without_ssp245",43,10,1.96702371326507,0.794547991432748,"future",2.00563697917529,0.808686836519222,0.0386132659102227,0.0477481073840936,0.982516291291039
