"tol","archive","draw","n_stitched","mean_gen","var_gen","time_period","mean_target","var_target","bias","E1","E2"
0.1,"with_ssp370",45,25,0.298384177118187,1.98479592557926,"hist+future",0.294952460101501,1.98779287230914,0.00343171701668687,0.00172639567456562,0.998492324441025
0.1,"without_ssp370",45,14,0.29002898601106,1.97330360614933,"hist+future",0.294952460101501,1.98779287230914,0.00492347409044092,0.00247685468593189,0.992710877294284
0.1,"with_ssp370",45,25,-0.972872612719022,0.434639118484576,"hist",-0.978310318042455,0.436689326557671,0.00543770532343246,0.0124521141066047,0.995305110639511
0.1,"without_ssp370",45,14,-0.972494420640142,0.438066527596617,"hist",-0.978310318042455,0.436689326557671,0.00581589740231303,0.013318157895359,1.00315373185281
0.1,"with_ssp370",45,25,2.73742336692214,1.44388942667859,"future",2.73784034840095,1.44483616067424,0.000416981478813305,0.000288601220098698,0.999344746469241
0.1,"without_ssp370",45,14,2.71231226621395,1.43862704495068,"future",2.73784034840095,1.44483616067424,0.0255280821870039,0.0176684961809725,0.995702546840559
