"tol","archive","draw","n_stitched","mean_gen","var_gen","time_period","mean_target","var_target","bias","E1","E2"
0.1,"with_ssp370",187,24,0.296150236138365,1.98761563567146,"hist+future",0.294952460101501,1.98779287230914,0.0011977760368645,0.000602565817369636,0.999910837471975
0.1,"without_ssp370",187,15,0.296891150632638,1.97789730767139,"hist+future",0.294952460101501,1.98779287230914,0.00193869053113721,0.000975298059543351,0.995021833121747
0.1,"with_ssp370",187,24,-0.976083275140704,0.434687196315876,"hist",-0.978310318042455,0.436689326557671,0.00222704290175046,0.00509983360322948,0.995415206830042
0.1,"without_ssp370",187,15,-0.966819897530199,0.4358911878881,"hist",-0.978310318042455,0.436689326557671,0.0114904205122552,0.0263125746691172,0.998172296364871
0.1,"with_ssp370",187,24,2.73706336824356,1.45034071070841,"future",2.73784034840095,1.44483616067424,0.000776980157393581,0.000537763504639167,1.00380980915621
0.1,"without_ssp370",187,15,2.72145304536366,1.45243769645811,"future",2.73784034840095,1.44483616067424,0.0163873030372872,0.011341980138177,1.00526117492818
