"tol","archive","draw","n_stitched","mean_gen","var_gen","time_period","mean_target","var_target","bias","E1","E2"
0.1,"with_ssp126",137,25,-0.167805962619806,1.1890152898608,"hist+future",-0.175317978771263,1.1859228791983,0.00751201615145738,0.00633432096068138,1.00260759845074
0.1,"without_ssp126",137,19,-0.177970664269058,1.17800238725691,"hist+future",-0.175317978771263,1.1859228791983,0.00265268549779432,0.00223681113192418,0.993321241979296
0.1,"with_ssp126",137,25,-0.973167641185683,0.433924850161322,"hist",-0.978310318042455,0.436689326557671,0.00514267685677161,0.0117765114556617,0.993669466533242
0.1,"without_ssp126",137,19,-0.973139785388615,0.435943587246735,"hist",-0.978310318042455,0.436689326557671,0.00517053265383949,0.0118403000471701,0.998292288669351
0.1,"with_ssp126",137,25,1.37736469974496,0.363952275154228,"future",1.36530685820253,0.35742081895809,0.0120578415424242,0.0337357000567951,1.0182738549343
0.1,"without_ssp126",137,19,1.34764450997195,0.379768708475887,"future",1.36530685820253,0.35742081895809,0.0176623482305802,0.0494161148252846,1.06252542754209
