"tol","archive","draw","n_stitched","mean_gen","var_gen","mean_target","var_target","bias","E1","E2"
0.1,"with_ssp245",91,10,0.00964100693086335,0.131439986670563,0.0098882021145422,0.126401839364759,0.00024719518367885,0.00195562964052696,1.03985818031702
0.1,"without_ssp245",91,10,0.00999393033046095,0.135807826923019,0.0098882021145422,0.126401839364759,0.000105728215918751,0.000836445232522686,1.07441337567183
