"tol","archive","draw","n_stitched","mean_gen","var_gen","mean_target","var_target","bias","E1","E2"
0.1,"with_ssp245",168,10,0.018800080387117,0.160015126655416,0.0098882021145422,0.126401839364759,0.00891187827257481,0.0705043401058248,1.26592403607086
0.1,"without_ssp245",168,10,-0.00983805807984787,0.182061466760222,0.0098882021145422,0.126401839364759,0.0197262601943901,0.156059914108258,1.4403387456637
