"tol","archive","draw","n_stitched","mean_gen","var_gen","mean_target","var_target","bias","E1","E2"
0.1,"with_ssp245",68,10,0.00973065757832697,0.132239844676943,0.0098882021145422,0.126401839364759,0.000157544536215229,0.00124637851005159,1.04618607879065
0.1,"without_ssp245",68,10,0.00990483326134927,0.134075237690696,0.0098882021145422,0.126401839364759,1.6631146807073e-05,0.000131573613886111,1.06070638184143
