"tol","archive","draw","n_stitched","mean_gen","var_gen","mean_target","var_target","bias","E1","E2"
0.1,"with_ssp370",118,10,0.0149645512450741,0.131482152737367,0.0149502011069662,0.128691330830155,1.43501381078982e-05,0.000111508195737266,1.02168616867359
0.1,"without_ssp370",118,8,0.01530867657442,0.135073787347246,0.0149502011069662,0.128691330830155,0.000358475467453779,0.00278554480042552,1.04959507743
