"tol","archive","draw","n_stitched","mean_gen","var_gen","mean_target","var_target","bias","E1","E2"
0.1,"with_ssp370",28,9,0.0148431833934503,0.134233066766411,0.0149502011069662,0.128691330830155,0.000107017713515942,0.00083158448067634,1.04306223193519
0.1,"without_ssp370",28,8,0.0154981817278838,0.133357479490037,0.0149502011069662,0.128691330830155,0.000547980620917555,0.00425810050593673,1.03625845369522
