"tol","archive","draw","n_stitched","mean_gen","var_gen","mean_target","var_target","bias","E1","E2"
0.1,"with_ssp370",17,10,0.0150031806781768,0.131109384582891,0.0149502011069662,0.128691330830155,5.29795712105909e-05,0.000411679410484242,1.01878956210288
0.1,"without_ssp370",17,8,0.0151479496445522,0.133972155736095,0.0149502011069662,0.128691330830155,0.000197748537586015,0.00153661117893792,1.0410348146365
