"tol","archive","draw","n_stitched","mean_gen","var_gen","mean_target","var_target","bias","E1","E2"
0.1,"with_ssp245",182,10,0.0188328063320513,0.163040924564599,0.0098882021145422,0.126401839364759,0.00894460421750915,0.070763244130472,1.28986196232564
0.1,"without_ssp245",182,10,-0.0123491360226493,0.176597903550797,0.0098882021145422,0.126401839364759,0.0222373381371915,0.175925747987108,1.39711498217353
