"tol","archive","draw","n_stitched","mean_gen","var_gen","mean_target","var_target","bias","E1","E2"
0.1,"with_ssp245",121,10,0.00963933783544722,0.132246537113091,0.0098882021145422,0.126401839364759,0.000248864279094978,0.00196883431717182,1.0462390245087
0.1,"without_ssp245",121,10,0.010008305849992,0.133318240194899,0.0098882021145422,0.126401839364759,0.000120103735449835,0.000950173953586625,1.05471756475142
