"tol","archive","draw","n_stitched","mean_gen","var_gen","mean_target","var_target","bias","E1","E2"
0.1,"with_ssp370",143,10,0.0149316234809295,0.132400319518521,0.0149502011069662,0.128691330830155,1.85776260367421e-05,0.000144358022540466,1.02882081228347
0.1,"without_ssp370",143,8,0.0149606961004006,0.136705460135203,0.0149502011069662,0.128691330830155,1.0494993434423e-05,8.15516738130105e-05,1.06227404171944
