"tol","archive","draw","n_stitched","mean_gen","var_gen","mean_target","var_target","bias","E1","E2"
0.1,"with_ssp245",105,10,0.0123053350953064,0.150550735170473,0.0098882021145422,0.126401839364759,0.00241713298076424,0.0191226092350531,1.19104861074076
0.1,"without_ssp245",105,10,-0.0163283551600422,0.183326103917654,0.0098882021145422,0.126401839364759,0.0262165572745844,0.207406453943531,1.45034364087558
