"tol","archive","draw","n_stitched","mean_gen","var_gen","mean_target","var_target","bias","E1","E2"
0.1,"with_ssp245",42,10,0.00973371125432059,0.130967667025526,0.0098882021145422,0.126401839364759,0.000154490860221604,0.00122222003254073,1.03612152864004
0.1,"without_ssp245",42,10,0.00974684143994062,0.136040545726916,0.0098882021145422,0.126401839364759,0.00014136067460158,0.00111834349335419,1.07625447865788
