"tol","archive","draw","n_stitched","mean_gen","var_gen","mean_target","var_target","bias","E1","E2"
0.1,"with_ssp370",189,10,0.0148824033446075,0.132600004918344,0.0149502011069662,0.128691330830155,6.7797762358688e-05,0.00052682462696859,1.03037247391083
0.1,"without_ssp370",189,8,0.0151950338706635,0.136249750591005,0.0149502011069662,0.128691330830155,0.000244832763697325,0.00190248062645689,1.05873293649302
