"tol","archive","draw","n_stitched","mean_gen","var_gen","mean_target","var_target","bias","E1","E2"
0.1,"with_ssp370",125,10,0.0151536257779723,0.133540964395224,0.0149502011069662,0.128691330830155,0.000203424671006111,0.00158071775071304,1.03768422887373
0.1,"without_ssp370",125,8,0.0153683649709526,0.131306093499314,0.0149502011069662,0.128691330830155,0.000418163863986437,0.00324935534731802,1.02031809487315
