"tol","archive","draw","n_stitched","mean_gen","var_gen","mean_target","var_target","bias","E1","E2"
0.1,"with_ssp370",199,9,0.0150262138580815,0.132614112604787,0.0149502011069662,0.128691330830155,7.60127511152849e-05,0.000590659453320949,1.03048209812834
0.1,"without_ssp370",199,8,0.0151990652690061,0.135190088545501,0.0149502011069662,0.128691330830155,0.000248864162039938,0.0019338067330144,1.05049879951838
