"tol","archive","draw","n_stitched","mean_gen","var_gen","mean_target","var_target","bias","E1","E2"
0.1,"with_ssp370",185,10,0.014820179955759,0.132887308921242,0.0149502011069662,0.128691330830155,0.000130021151207232,0.00101033341071615,1.03260497862614
0.1,"without_ssp370",185,8,0.015119810684312,0.135281866198174,0.0149502011069662,0.128691330830155,0.000169609577345756,0.00131795651075832,1.05121196063095
