"tol","archive","draw","n_stitched","mean_gen","var_gen","mean_target","var_target","bias","E1","E2"
0.1,"with_ssp370",62,10,0.015142303664107,0.132454083380952,0.0149502011069662,0.128691330830155,0.000192102557140838,0.00149273891179486,1.02923858605335
0.1,"without_ssp370",62,8,0.0152090432268049,0.136324734438772,0.0149502011069662,0.128691330830155,0.000258842119838723,0.00201134076529474,1.05931560082079
