"tol","archive","draw","n_stitched","mean_gen","var_gen","mean_target","var_target","bias","E1","E2"
0.1,"with_ssp370",180,9,0.0149080418370116,0.131080548713809,0.0149502011069662,0.128691330830155,4.21592699546038e-05,0.000327599922097666,1.01856549208281
0.1,"without_ssp370",180,8,0.015054167728854,0.132490743743556,0.0149502011069662,0.128691330830155,0.000103966621887776,0.000807875878018463,1.02952345654437
