"tol","archive","draw","n_stitched","mean_gen","var_gen","mean_target","var_target","bias","E1","E2"
0.1,"with_ssp370",40,10,0.0149324219779338,0.133325060551758,0.0149502011069662,0.128691330830155,1.77791290324417e-05,0.000138153276664038,1.0360065413242
0.1,"without_ssp370",40,7,0.0148679511767397,0.13513891184189,0.0149502011069662,0.128691330830155,8.22499302265325e-05,0.000639125648137749,1.05010112934681
