"tol","archive","draw","n_stitched","mean_gen","var_gen","mean_target","var_target","bias","E1","E2"
0.1,"with_ssp370",187,10,0.0149944440180732,0.133703612444979,0.0149502011069662,0.128691330830155,4.42429111070005e-05,0.00034379092065954,1.03894809061722
0.1,"without_ssp370",187,10,0.0154110182459266,0.1326824913975,0.0149502011069662,0.128691330830155,0.000460817138960437,0.00358079395082654,1.0310134376698
