"tol","archive","draw","n_stitched","mean_gen","var_gen","mean_target","var_target","bias","E1","E2"
0.1,"with_ssp370",16,9,0.0149219052373824,0.128497365480301,0.0149502011069662,0.128691330830155,2.82958695838435e-05,0.000219873937127808,0.998492786199325
0.1,"without_ssp370",16,6,0.0149432175468143,0.132429793120517,0.0149502011069662,0.128691330830155,6.98356015192171e-06,5.42659719724128e-05,1.02904983782704
