"tol","archive","draw","n_stitched","mean_gen","var_gen","mean_target","var_target","bias","E1","E2"
0.1,"with_ssp245",111,10,0.0143745642359118,0.160704572336789,0.0098882021145422,0.126401839364759,0.00448636212136956,0.0354928547236028,1.27137843202615
0.1,"without_ssp245",111,10,-0.00131804194897156,0.169527584858616,0.0098882021145422,0.126401839364759,0.0112062440635138,0.0886557040612027,1.34117973053706
