"tol","archive","draw","n_stitched","mean_gen","var_gen","mean_target","var_target","bias","E1","E2"
0.1,"with_ssp370",5,9,0.0150936617052521,0.131512724634712,0.0149502011069662,0.128691330830155,0.000143460598285907,0.00111476505340708,1.02192372855542
0.1,"without_ssp370",5,7,0.0150325877071607,0.131973264047623,0.0149502011069662,0.128691330830155,8.23866001944534e-05,0.000640187646386111,1.02550236442732
