"tol","archive","draw","n_stitched","mean_gen","var_gen","mean_target","var_target","bias","E1","E2"
0.1,"with_ssp245",140,10,0.0140105676406297,0.152397315034828,0.0098882021145422,0.126401839364759,0.00412236552608754,0.0326131767291107,1.20565741606855
0.1,"without_ssp245",140,10,-0.0095736099587358,0.166227360481639,0.0098882021145422,0.126401839364759,0.019461812073278,0.153967791695791,1.3150707404024
