"tol","archive","draw","n_stitched","mean_gen","var_gen","mean_target","var_target","bias","E1","E2"
0.1,"with_ssp370",174,10,0.0150914592378584,0.132480673144437,0.0149502011069662,0.128691330830155,0.000141258130892153,0.00109765071183065,1.02944520263982
0.1,"without_ssp370",174,8,0.0156570919840894,0.137348797430685,0.0149502011069662,0.128691330830155,0.000706890877123174,0.00549291760807197,1.06727311423919
