"tol","archive","draw","n_stitched","mean_gen","var_gen","mean_target","var_target","bias","E1","E2"
0.1,"with_ssp245",124,10,0.00958278046889025,0.13265144812246,0.0098882021145422,0.126401839364759,0.000305421645651945,0.0024162753262679,1.04944238777781
0.1,"without_ssp245",124,10,0.00992053536887236,0.134741843587649,0.0098882021145422,0.126401839364759,3.23332543301635e-05,0.000255797340392011,1.06598008592916
