"tol","archive","draw","n_stitched","mean_gen","var_gen","mean_target","var_target","bias","E1","E2"
0.1,"with_ssp245",113,10,0.0190770329984417,0.162190930224637,0.0098882021145422,0.126401839364759,0.00918883088389946,0.0726953890076169,1.28313742141521
0.1,"without_ssp245",113,9,-0.0031822931839102,0.183563327236747,0.0098882021145422,0.126401839364759,0.0130704952984524,0.103404312501614,1.45222038033036
