"tol","archive","draw","n_stitched","mean_gen","var_gen","mean_target","var_target","bias","E1","E2"
0.1,"with_ssp245",58,10,0.0238837844967603,0.162274380151402,0.0098882021145422,0.126401839364759,0.0139955823822181,0.110722932930041,1.28379761692491
0.1,"without_ssp245",58,10,-0.0147326678889096,0.178300126449589,0.0098882021145422,0.126401839364759,0.0246208700034518,0.194782529488381,1.41058173951937
