"tol","archive","draw","n_stitched","mean_gen","var_gen","mean_target","var_target","bias","E1","E2"
0.1,"with_ssp245",136,10,0.0236551257232321,0.164505955301083,0.0098882021145422,0.126401839364759,0.0137669236086899,0.108913949970004,1.30145222670666
0.1,"without_ssp245",136,9,-0.00114863685927659,0.182599549406523,0.0098882021145422,0.126401839364759,0.0110368389738188,0.0873154934238708,1.4445956666785
