"tol","archive","draw","n_stitched","mean_gen","var_gen","mean_target","var_target","bias","E1","E2"
0.1,"with_ssp370",151,10,0.0148999898963689,0.134072878511132,0.0149502011069662,0.128691330830155,5.02112105973049e-05,0.000390167777995651,1.04181748410139
0.1,"without_ssp370",151,7,0.0155126587188602,0.135439148807875,0.0149502011069662,0.128691330830155,0.000562457611894015,0.0043705944158456,1.05243413005516
