"tol","archive","draw","n_stitched","mean_gen","var_gen","mean_target","var_target","bias","E1","E2"
0.1,"with_ssp245",52,10,0.00999972251621694,0.135460645594055,0.0098882021145422,0.126401839364759,0.000111520401674744,0.000882268820099434,1.07166672791173
0.1,"without_ssp245",52,10,0.0100548064047169,0.138259307958271,0.0098882021145422,0.126401839364759,0.000166604290174724,0.00131805273571971,1.09380772188999
