"tol","archive","draw","n_stitched","mean_gen","var_gen","mean_target","var_target","bias","E1","E2"
0.1,"with_ssp370",127,10,0.0205671585135144,0.161734630720984,0.0149502011069662,0.128691330830155,0.00561695740654824,0.0436467427161928,1.25676399239696
0.1,"without_ssp370",127,8,0.0246269015549057,0.182725513909362,0.0149502011069662,0.128691330830155,0.0096767004479395,0.0751931026396071,1.41987430490186
