"tol","archive","draw","n_stitched","mean_gen","var_gen","mean_target","var_target","bias","E1","E2"
0.1,"with_ssp370",55,10,0.0151388516708211,0.133985295259466,0.0149502011069662,0.128691330830155,0.00018865056385485,0.00146591509030106,1.04113691571266
0.1,"without_ssp370",55,8,0.0151988462841901,0.135314988357547,0.0149502011069662,0.128691330830155,0.000248645177223939,0.00193210510467171,1.05146933740341
