"tol","archive","draw","n_stitched","mean_gen","var_gen","mean_target","var_target","bias","E1","E2"
0.1,"with_ssp245",191,10,0.00978361255441777,0.132888632181612,0.0098882021145422,0.126401839364759,0.000104589560124421,0.000827437010806513,1.05131881663632
0.1,"without_ssp245",191,9,0.0100205162140361,0.137199103526365,0.0098882021145422,0.126401839364759,0.000132314099493939,0.00104677352923733,1.08542015065499
