"tol","archive","draw","n_stitched","mean_gen","var_gen","mean_target","var_target","bias","E1","E2"
0.1,"with_ssp370",93,10,0.010039984754415,0.178736121618871,0.0149502011069662,0.128691330830155,0.00491021635255125,0.0381549893133958,1.3888746076825
0.1,"without_ssp370",93,7,0.00897638578762282,0.186463056416319,0.0149502011069662,0.128691330830155,0.00597381531934339,0.0464197182576932,1.44891699552327
