"tol","archive","draw","n_stitched","mean_gen","var_gen","mean_target","var_target","bias","E1","E2"
0.1,"with_ssp370",90,9,0.0149796799705872,0.13684078733656,0.0149502011069662,0.128691330830155,2.94788636210248e-05,0.000229066429190406,1.06332560595834
0.1,"without_ssp370",90,8,0.0151865175618159,0.133745908124044,0.0149502011069662,0.128691330830155,0.000236316454849672,0.00183630438293904,1.03927675051056
