"tol","archive","draw","n_stitched","mean_gen","var_gen","mean_target","var_target","bias","E1","E2"
0.1,"with_ssp245",96,10,0.0259931506006827,0.154847590805283,0.0098882021145422,0.126401839364759,0.0161049484861405,0.127410713064596,1.2250422271027
0.1,"without_ssp245",96,10,-0.00851016700527639,0.178348435597873,0.0098882021145422,0.126401839364759,0.0183983691198186,0.14555459961881,1.41096392658663
