"tol","archive","draw","n_stitched","mean_gen","var_gen","mean_target","var_target","bias","E1","E2"
0.1,"with_ssp370",141,10,0.0131181473378882,0.166059845029296,0.0149502011069662,0.128691330830155,0.00183205376907801,0.0142360309529779,1.29037320507983
0.1,"without_ssp370",141,8,0.0156998224195077,0.178579632927048,0.0149502011069662,0.128691330830155,0.000749621312541474,0.0058249557892195,1.38765860742193
