"tol","archive","draw","n_stitched","mean_gen","var_gen","mean_target","var_target","bias","E1","E2"
0.1,"with_ssp370",72,10,0.0151889703627137,0.133870158113978,0.0149502011069662,0.128691330830155,0.000238769255747458,0.00185536394881627,1.04024223893261
0.1,"without_ssp370",72,9,0.0154788119927396,0.137167455874758,0.0149502011069662,0.128691330830155,0.000528610885773377,0.00410758737487165,1.06586399402295
