"tol","archive","draw","n_stitched","mean_gen","var_gen","mean_target","var_target","bias","E1","E2"
0.1,"with_ssp370",198,10,0.0149844464286595,0.131175093387655,0.0149502011069662,0.128691330830155,3.4245321693268e-05,0.000266104340302956,1.01930015441971
0.1,"without_ssp370",198,7,0.0152069885582958,0.131925611059442,0.0149502011069662,0.128691330830155,0.000256787451329586,0.00199537489956095,1.0251320753964
