"tol","archive","draw","n_stitched","mean_gen","var_gen","mean_target","var_target","bias","E1","E2"
0.1,"with_ssp245",134,10,0.00982018689228803,0.132454122391994,0.0098882021145422,0.126401839364759,6.80152222541607e-05,0.000538087282558353,1.04788128920948
0.1,"without_ssp245",134,10,0.00982069013141768,0.135162706005783,0.0098882021145422,0.126401839364759,6.75119831245151e-05,0.000534106018265249,1.06930964521602
