"tol","archive","draw","n_stitched","mean_gen","var_gen","mean_target","var_target","bias","E1","E2"
0.1,"with_ssp370",184,10,0.0150026016779855,0.132566296547136,0.0149502011069662,0.128691330830155,5.24005710193301e-05,0.000407180271439477,1.03011054196102
0.1,"without_ssp370",184,8,0.0149960490609789,0.13220053630998,0.0149502011069662,0.128691330830155,4.58479540126743e-05,0.00035626295661814,1.02726839063042
