"tol","archive","draw","n_stitched","mean_gen","var_gen","mean_target","var_target","bias","E1","E2"
0.1,"with_ssp245",123,10,0.00987692619428442,0.133854037139374,0.0098882021145422,0.126401839364759,1.12759202577743e-05,8.92069317538592e-05,1.05895640294529
0.1,"without_ssp245",123,10,0.00994122413920773,0.133761482953286,0.0098882021145422,0.126401839364759,5.3022024665535e-05,0.000419471939111019,1.05822418111566
