"tol","archive","draw","n_stitched","mean_gen","var_gen","mean_target","var_target","bias","E1","E2"
0.1,"with_ssp370",149,10,0.0151012000098533,0.131082054057988,0.0149502011069662,0.128691330830155,0.000150998902887119,0.00117334168442476,1.01857718940671
0.1,"without_ssp370",149,8,0.0156005597564252,0.138584218851868,0.0149502011069662,0.128691330830155,0.000650358649458975,0.00505363216981032,1.07687299492434
