"tol","archive","draw","n_stitched","mean_gen","var_gen","mean_target","var_target","bias","E1","E2"
0.1,"with_ssp245",74,10,0.0134038071707226,0.167745863640234,0.0098882021145422,0.126401839364759,0.00351560505618037,0.0278129264087317,1.3270840399416
0.1,"without_ssp245",74,10,-0.00414726727831773,0.168364227285885,0.0098882021145422,0.126401839364759,0.0140354693928599,0.111038490131126,1.33197608620263
