"tol","archive","draw","n_stitched","mean_gen","var_gen","mean_target","var_target","bias","E1","E2"
0.1,"with_ssp245",119,10,0.00997749001757655,0.133174249497785,0.0098882021145422,0.126401839364759,8.92879030343508e-05,0.000706381358713395,1.05357841442072
0.1,"without_ssp245",119,10,0.0101251443603506,0.136090914527109,0.0098882021145422,0.126401839364759,0.000236942245808362,0.00187451580609215,1.07665296020251
