"tol","archive","draw","n_stitched","mean_gen","var_gen","mean_target","var_target","bias","E1","E2"
0.1,"with_ssp370",2,10,0.0150672232447161,0.132118458720182,0.0149502011069662,0.128691330830155,0.00011702213774991,0.000909324171216739,1.02663060415896
0.1,"without_ssp370",2,8,0.0150069843589337,0.134298570506091,0.0149502011069662,0.128691330830155,5.67832519675088e-05,0.00044123603043977,1.04357123078738
