"tol","archive","draw","n_stitched","mean_gen","var_gen","mean_target","var_target","bias","E1","E2"
0.1,"with_ssp245",113,10,0.00998663972976051,0.132073185975521,0.0098882021145422,0.126401839364759,9.84376152183136e-05,0.000778767268838954,1.04486759559247
0.1,"without_ssp245",113,9,0.0100123635052012,0.134627413399447,0.0098882021145422,0.126401839364759,0.000124161390659046,0.000982275189056011,1.06507479698101
