"tol","archive","draw","n_stitched","mean_gen","var_gen","mean_target","var_target","bias","E1","E2"
0.1,"with_ssp245",183,10,-0.00179877910968718,0.16002813054626,0.0098882021145422,0.126401839364759,0.0116869812242294,0.0924589490387409,1.26602691345705
0.1,"without_ssp245",183,10,-0.00735343333366087,0.190487328817457,0.0098882021145422,0.126401839364759,0.0172416354482031,0.136403358802784,1.50699807672708
