"tol","archive","draw","n_stitched","mean_gen","var_gen","mean_target","var_target","bias","E1","E2"
0.1,"with_ssp370",65,10,0.0239619210329828,0.175108531586692,0.0149502011069662,0.128691330830155,0.00901171992601662,0.070025850753771,1.36068630619569
0.1,"without_ssp370",65,7,0.0154575853707713,0.180534723797078,0.0149502011069662,0.128691330830155,0.000507384263805135,0.00394264524682531,1.40285070200528
