"tol","archive","draw","n_stitched","mean_gen","var_gen","mean_target","var_target","bias","E1","E2"
0.1,"with_ssp370",86,10,0.0148617715509157,0.134480885772261,0.0149502011069662,0.128691330830155,8.84295560505486e-05,0.000687144623341074,1.04498791724943
0.1,"without_ssp370",86,7,0.0151210712877268,0.132909405687452,0.0149502011069662,0.128691330830155,0.000170870180760615,0.00132775206891074,1.03277668223715
