"tol","archive","draw","n_stitched","mean_gen","var_gen","mean_target","var_target","bias","E1","E2"
0.1,"with_ssp245",9,10,0.0100359146363919,0.127801676057162,0.0098882021145422,0.126401839364759,0.000147712521849671,0.00116859471817823,1.01107449622124
0.1,"without_ssp245",9,10,0.00999083327914116,0.133384495838396,0.0098882021145422,0.126401839364759,0.000102631164598964,0.000811943600779414,1.05524173151854
