"tol","archive","draw","n_stitched","mean_gen","var_gen","mean_target","var_target","bias","E1","E2"
0.1,"with_ssp370",165,10,0.0247852776208476,0.170720639544725,0.0149502011069662,0.128691330830155,0.00983507651388138,0.076423768799637,1.32659005422859
0.1,"without_ssp370",165,7,0.0270258405091663,0.178449966943001,0.0149502011069662,0.128691330830155,0.0120756394022001,0.0938341326047624,1.38665103384871
