"tol","archive","draw","n_stitched","mean_gen","var_gen","mean_target","var_target","bias","E1","E2"
0.1,"with_ssp370",52,10,0.0283794750703827,0.147407378341765,0.0149502011069662,0.128691330830155,0.0134292739634165,0.104352592181522,1.14543363092819
0.1,"without_ssp370",52,8,0.0285383146726106,0.176948104539688,0.0149502011069662,0.128691330830155,0.0135881135656444,0.105586860264719,1.37498076520183
