"tol","archive","draw","n_stitched","mean_gen","var_gen","mean_target","var_target","bias","E1","E2"
0.1,"with_ssp370",110,9,0.0239470936093842,0.155811146243279,0.0149502011069662,0.128691330830155,0.00899689250241802,0.0699106337962421,1.210735371514
0.1,"without_ssp370",110,8,0.0107030453867857,0.183059092335277,0.0149502011069662,0.128691330830155,0.00424715572018046,0.0330026559892041,1.42246638646449
