"tol","archive","draw","n_stitched","mean_gen","var_gen","mean_target","var_target","bias","E1","E2"
0.1,"with_ssp370",160,9,0.0320284798013754,0.15894745853357,0.0149502011069662,0.128691330830155,0.0170782786944092,0.13270729725337,1.23510618398489
0.1,"without_ssp370",160,9,0.00699430734927452,0.178122903175276,0.0149502011069662,0.128691330830155,0.00795589375769169,0.0618215205823906,1.38410957464074
