"tol","archive","draw","n_stitched","mean_gen","var_gen","mean_target","var_target","bias","E1","E2"
0.1,"with_ssp245",114,10,0.00986938321396105,0.13113501462297,0.0098882021145422,0.126401839364759,1.88189005811412e-05,0.000148881540614574,1.03744546188567
0.1,"without_ssp245",114,10,0.0100628512823718,0.136107233162871,0.0098882021145422,0.126401839364759,0.00017464916782965,0.00138169799353681,1.07678206145486
