"tol","archive","draw","n_stitched","mean_gen","var_gen","mean_target","var_target","bias","E1","E2"
0.1,"with_ssp245",125,10,0.0113518889278305,0.16457755976975,0.0098882021145422,0.126401839364759,0.00146368681328831,0.0115796322319688,1.30201870951282
0.1,"without_ssp245",125,10,-0.0156000088367654,0.182942832403721,0.0098882021145422,0.126401839364759,0.0254882109513076,0.201644304223739,1.44731147365507
