"tol","archive","draw","n_stitched","mean_gen","var_gen","mean_target","var_target","bias","E1","E2"
0.1,"with_ssp370",145,10,0.016570681311428,0.155358738584033,0.0149502011069662,0.128691330830155,0.00162048020446181,0.0125919919703099,1.20721992368758
0.1,"without_ssp370",145,8,0.0102235401769368,0.171317555320042,0.0149502011069662,0.128691330830155,0.00472666093002945,0.0367286661777367,1.33122840687804
