"tol","archive","draw","n_stitched","mean_gen","var_gen","mean_target","var_target","bias","E1","E2"
0.1,"with_ssp370",154,10,0.0148899527916117,0.131116982611994,0.0149502011069662,0.128691330830155,6.02483153545313e-05,0.000468161413561307,1.01884860282501
0.1,"without_ssp370",154,8,0.0149581422381083,0.137137729049847,0.0149502011069662,0.128691330830155,7.94113114206685e-06,6.17068072172431e-05,1.06563300080282
