"tol","archive","draw","n_stitched","mean_gen","var_gen","mean_target","var_target","bias","E1","E2"
0.1,"with_ssp370",70,10,0.0141267853814675,0.168747566195774,0.0149502011069662,0.128691330830155,0.00082341572549874,0.00639837757669529,1.31125822623191
0.1,"without_ssp370",70,7,0.0153697726620045,0.172492224445143,0.0149502011069662,0.128691330830155,0.000419571555038294,0.00326029385454128,1.34035620995167
