"tol","archive","draw","n_stitched","mean_gen","var_gen","mean_target","var_target","bias","E1","E2"
0.1,"with_ssp370",112,10,0.020088017731164,0.164018154873228,0.0149502011069662,0.128691330830155,0.0051378166241978,0.0399235643229038,1.27450818804335
0.1,"without_ssp370",112,9,0.0134538111423718,0.173784492790841,0.0149502011069662,0.128691330830155,0.00149638996459444,0.0116277448911407,1.35039782143677
