"tol","archive","draw","n_stitched","mean_gen","var_gen","mean_target","var_target","bias","E1","E2"
0.1,"with_ssp245",175,10,0.00986516095017039,0.131214460617615,0.0098882021145422,0.126401839364759,2.3041164371804e-05,0.000182285040214596,1.03807398117814
0.1,"without_ssp245",175,10,0.0102411610132044,0.136063227202787,0.0098882021145422,0.126401839364759,0.000352958898662201,0.0027923557159929,1.07643391810263
