"tol","archive","draw","n_stitched","mean_gen","var_gen","mean_target","var_target","bias","E1","E2"
0.1,"with_ssp245",178,10,0.0098104333987797,0.135015288283834,0.0098882021145422,0.126401839364759,7.7768715762495e-05,0.0006152498741579,1.0681433827416
0.1,"without_ssp245",178,10,0.00984472005577045,0.136582802500607,0.0098882021145422,0.126401839364759,4.34820587717436e-05,0.0003439986236772,1.08054442235186
