"tol","archive","draw","n_stitched","mean_gen","var_gen","mean_target","var_target","bias","E1","E2"
0.1,"with_ssp370",36,10,0.00358567829039535,0.157702110900116,0.0149502011069662,0.128691330830155,0.0113645228165709,0.0883083789969471,1.2254291713577
0.1,"without_ssp370",36,8,0.0118570645626855,0.177338267069836,0.0149502011069662,0.128691330830155,0.00309313654428066,0.0240353139898983,1.37801253531121
