"tol","archive","draw","n_stitched","mean_gen","var_gen","mean_target","var_target","bias","E1","E2"
0.1,"with_ssp245",12,10,0.00980472458684963,0.128430273057025,0.0098882021145422,0.126401839364759,8.34775276925669e-05,0.000660413868279836,1.01604750138495
0.1,"without_ssp245",12,9,0.00994682994177571,0.134269294841148,0.0098882021145422,0.126401839364759,5.86278272335129e-05,0.000463820997606926,1.06224162176696
