"tol","archive","draw","n_stitched","mean_gen","var_gen","mean_target","var_target","bias","E1","E2"
0.1,"with_ssp370",74,10,0.0246539834091356,0.168651445616659,0.0149502011069662,0.128691330830155,0.00970378230216943,0.0754035430325631,1.31051131827397
0.1,"without_ssp370",74,8,0.0196571281631082,0.179700377069557,0.0149502011069662,0.128691330830155,0.00470692705614199,0.0365753234952098,1.39636738473645
