"tol","archive","draw","n_stitched","mean_gen","var_gen","mean_target","var_target","bias","E1","E2"
0.1,"with_ssp245",186,10,0.0244817860215925,0.15106280331975,0.0098882021145422,0.126401839364759,0.0145935839070503,0.115453888807247,1.19509972385629
0.1,"without_ssp245",186,10,-0.0158146210939625,0.178604664900518,0.0098882021145422,0.126401839364759,0.0257028232085047,0.203342161298253,1.41299102764729
