"tol","archive","draw","n_stitched","mean_gen","var_gen","mean_target","var_target","bias","E1","E2"
0.1,"with_ssp370",124,10,0.0149820380703044,0.131514380847677,0.0149502011069662,0.128691330830155,3.1836963338177e-05,0.000247390116589865,1.02193659820992
0.1,"without_ssp370",124,7,0.0149831160886608,0.138266582308341,0.0149502011069662,0.128691330830155,3.29149816945887e-05,0.000255766891850931,1.07440479025602
