"tol","archive","draw","n_stitched","mean_gen","var_gen","mean_target","var_target","bias","E1","E2"
0.1,"with_ssp245",112,10,0.00997059354960025,0.129912610015996,0.0098882021145422,0.126401839364759,8.23914350580497e-05,0.000651821488295688,1.02777468009074
0.1,"without_ssp245",112,10,0.0101318737056244,0.136378835382647,0.0098882021145422,0.126401839364759,0.000243671591082222,0.00192775352247096,1.07893078192555
