"tol","archive","draw","n_stitched","mean_gen","var_gen","mean_target","var_target","bias","E1","E2"
0.1,"with_ssp370",78,10,0.0150280073503721,0.131638836930776,0.0149502011069662,0.128691330830155,7.78062434058976e-05,0.000604595841102809,1.02290368808533
0.1,"without_ssp370",78,6,0.0150535131659107,0.131271655545095,0.0149502011069662,0.128691330830155,0.000103312058944515,0.000802789576252537,1.02005049367579
