"tol","archive","draw","n_stitched","mean_gen","var_gen","mean_target","var_target","bias","E1","E2"
0.1,"with_ssp245",24,10,0.00991648790694102,0.132670763531991,0.0098882021145422,0.126401839364759,2.82857923988283e-05,0.000223776746770304,1.0495951973384
0.1,"without_ssp245",24,10,0.00981745797223748,0.133766592221899,0.0098882021145422,0.126401839364759,7.07441423047142e-05,0.000559676525755034,1.05826460195637
