"tol","archive","draw","n_stitched","mean_gen","var_gen","mean_target","var_target","bias","E1","E2"
0.1,"with_ssp370",161,10,0.0235825722498947,0.164592725355404,0.0149502011069662,0.128691330830155,0.00863237114292849,0.067078109203186,1.27897290589551
0.1,"without_ssp370",161,8,0.0300001258610476,0.170536719546348,0.0149502011069662,0.128691330830155,0.0150499247540813,0.116945909697243,1.32516089814488
