"tol","archive","draw","n_stitched","mean_gen","var_gen","mean_target","var_target","bias","E1","E2"
0.1,"with_ssp370",180,9,0.0172045376128903,0.163350673444013,0.0149502011069662,0.128691330830155,0.0022543365059241,0.0175173921303164,1.2693215027794
0.1,"without_ssp370",180,8,0.0165314507650718,0.17632834508047,0.0149502011069662,0.128691330830155,0.00158124965810563,0.0122871497862784,1.37016490499414
