"tol","archive","draw","n_stitched","mean_gen","var_gen","mean_target","var_target","bias","E1","E2"
0.1,"with_ssp370",160,9,0.0148747276748287,0.130932282973207,0.0149502011069662,0.128691330830155,7.54734321375388e-05,0.000586468658383426,1.01741338852117
0.1,"without_ssp370",160,9,0.0150246358718866,0.136637255785916,0.0149502011069662,0.128691330830155,7.44347649203926e-05,0.000578397662377355,1.06174405769607
