"tol","archive","draw","n_stitched","mean_gen","var_gen","mean_target","var_target","bias","E1","E2"
0.1,"with_ssp370",122,9,0.0186409178334731,0.15983712020606,0.0149502011069662,0.128691330830155,0.00369071672650687,0.0286788294339564,1.24201932775884
0.1,"without_ssp370",122,8,0.00659060062831257,0.186286692009307,0.0149502011069662,0.128691330830155,0.00835960047865364,0.0649585362489296,1.44754655039791
