"tol","archive","draw","n_stitched","mean_gen","var_gen","mean_target","var_target","bias","E1","E2"
0.1,"with_ssp245",165,10,0.00986023385789477,0.130016804555777,0.0098882021145422,0.126401839364759,2.79682566474235e-05,0.000221264633394418,1.02859899198608
0.1,"without_ssp245",165,10,0.0100184141004959,0.137446140991248,0.0098882021145422,0.126401839364759,0.000130211985953751,0.00103014312614547,1.08737453253839
