"tol","archive","draw","n_stitched","mean_gen","var_gen","mean_target","var_target","bias","E1","E2"
0.1,"with_ssp245",137,10,0.00959569825796125,0.133803198668221,0.0098882021145422,0.126401839364759,0.00029250385658095,0.00231407911507418,1.05855420570348
0.1,"without_ssp245",137,10,0.0100287056292702,0.136146363568384,0.0098882021145422,0.126401839364759,0.000140503514728036,0.00111156226392073,1.07709163294298
