"tol","archive","draw","n_stitched","mean_gen","var_gen","mean_target","var_target","bias","E1","E2"
0.1,"with_ssp245",119,10,0.0175254614183082,0.162851518211805,0.0098882021145422,0.126401839364759,0.00763725930376602,0.0604204760163902,1.28836351614997
0.1,"without_ssp245",119,10,-0.00399513525963927,0.173293948394784,0.0098882021145422,0.126401839364759,0.0138833373741815,0.109834931548094,1.37097647681145
