"tol","archive","draw","n_stitched","mean_gen","var_gen","mean_target","var_target","bias","E1","E2"
0.1,"with_ssp370",134,10,0.0148922118184581,0.134210046062244,0.0149502011069662,0.128691330830155,5.79892885081319e-05,0.000450607574994039,1.04288334883546
0.1,"without_ssp370",134,8,0.015249685442806,0.13605511013495,0.0149502011069662,0.128691330830155,0.000299484335839782,0.00232715237233063,1.05722047675855
