"tol","archive","draw","n_stitched","mean_gen","var_gen","mean_target","var_target","bias","E1","E2"
0.1,"with_ssp245",185,10,0.00992271774067681,0.134883514703507,0.0098882021145422,0.126401839364759,3.45156261346118e-05,0.000273062688866494,1.06710088540937
0.1,"without_ssp245",185,10,0.0100446051256931,0.135686232416936,0.0098882021145422,0.126401839364759,0.000156403011150864,0.00123734758874458,1.07345140781841
