"tol","archive","draw","n_stitched","mean_gen","var_gen","mean_target","var_target","bias","E1","E2"
0.1,"with_ssp370",170,9,0.0253423451294076,0.159952250096128,0.0149502011069662,0.128691330830155,0.0103921440224414,0.0807524792494128,1.24291394816043
0.1,"without_ssp370",170,8,0.0253163720238733,0.168335066591044,0.0149502011069662,0.128691330830155,0.0103661709169071,0.0805506544227768,1.30805288518781
