"tol","archive","draw","n_stitched","mean_gen","var_gen","mean_target","var_target","bias","E1","E2"
0.1,"with_ssp370",65,10,0.0151530459164689,0.134258456654763,0.0149502011069662,0.128691330830155,0.000202844809502726,0.00157621191881555,1.04325952485452
0.1,"without_ssp370",65,7,0.0151839176761609,0.135450354912416,0.0149502011069662,0.128691330830155,0.000233716569194698,0.00181610189036862,1.05252120744
