"tol","archive","draw","n_stitched","mean_gen","var_gen","mean_target","var_target","bias","E1","E2"
0.1,"with_ssp370",104,10,0.0151510388211922,0.134866699510555,0.0149502011069662,0.128691330830155,0.000200837714226007,0.00156061572236804,1.04798589493608
0.1,"without_ssp370",104,7,0.0151970308797568,0.128405563842787,0.0149502011069662,0.128691330830155,0.000246829772790551,0.00191799844790099,0.997779438711802
