"tol","archive","draw","n_stitched","mean_gen","var_gen","mean_target","var_target","bias","E1","E2"
0.1,"with_ssp370",21,10,0.0150344350830748,0.133115985252913,0.0149502011069662,0.128691330830155,8.42339761086119e-05,0.000654542738545322,1.03438191519363
0.1,"without_ssp370",21,8,0.0152812321064982,0.137349482591744,0.0149502011069662,0.128691330830155,0.000331030999531971,0.00257228670646712,1.06727843830456
