"tol","archive","draw","n_stitched","mean_gen","var_gen","mean_target","var_target","bias","E1","E2"
0.1,"with_ssp370",74,10,0.0150135404752243,0.132292062808078,0.0149502011069662,0.128691330830155,6.33393682581123e-05,0.000492180536556162,1.02797960013853
0.1,"without_ssp370",74,8,0.0153106459214401,0.134406197747039,0.0149502011069662,0.128691330830155,0.000360444814473847,0.00280084767286739,1.04440755161997
