"tol","archive","draw","n_stitched","mean_gen","var_gen","mean_target","var_target","bias","E1","E2"
0.1,"with_ssp245",8,10,0.00979210827242822,0.130934880933884,0.0098882021145422,0.126401839364759,9.60938421139795e-05,0.000760225029927615,1.0358621487781
0.1,"without_ssp245",8,10,0.0100040697701542,0.1357379116347,0.0098882021145422,0.126401839364759,0.000115867655611968,0.00091666115140625,1.07386025643978
