"tol","archive","draw","n_stitched","mean_gen","var_gen","mean_target","var_target","bias","E1","E2"
0.1,"with_ssp370",200,10,0.03063581519001,0.158483726121389,0.0149502011069662,0.128691330830155,0.0156856140830438,0.12188555345461,1.23150273681258
0.1,"without_ssp370",200,8,0.0263334726245902,0.170712425354765,0.0149502011069662,0.128691330830155,0.011383271517624,0.088454066363238,1.32652622560931
