"tol","archive","draw","n_stitched","mean_gen","var_gen","mean_target","var_target","bias","E1","E2"
0.1,"with_ssp245",188,10,0.00989462705200306,0.132286083261103,0.0098882021145422,0.126401839364759,6.42493746086208e-06,5.08294617637768e-05,1.04655188505101
0.1,"without_ssp245",188,10,0.0100178797106308,0.131721369954034,0.0098882021145422,0.126401839364759,0.000129677596088623,0.00102591541974647,1.04208428149471
