"tol","archive","draw","n_stitched","mean_gen","var_gen","mean_target","var_target","bias","E1","E2"
0.1,"with_ssp245",162,10,0.015819883289375,0.153459402544248,0.0098882021145422,0.126401839364759,0.0059316811748328,0.0469271745145708,1.2140598848519
0.1,"without_ssp245",162,10,-0.00445062541276611,0.187598544874463,0.0098882021145422,0.126401839364759,0.0143388275273083,0.11343844044809,1.48414410595013
