"tol","archive","draw","n_stitched","mean_gen","var_gen","mean_target","var_target","bias","E1","E2"
0.1,"with_ssp370",51,10,0.0151575155150982,0.135535951101616,0.0149502011069662,0.128691330830155,0.000207314408131971,0.00161094307436747,1.05318633529786
0.1,"without_ssp370",51,7,0.0150607637626643,0.134671169696629,0.0149502011069662,0.128691330830155,0.000110562655698053,0.000859130564466474,1.04646652441854
