"tol","archive","draw","n_stitched","mean_gen","var_gen","mean_target","var_target","bias","E1","E2"
0.1,"with_ssp370",42,10,0.0150132156676209,0.132540918261808,0.0149502011069662,0.128691330830155,6.3014560654738e-05,0.000489656608943641,1.02991333920335
0.1,"without_ssp370",42,9,0.0152188086427598,0.132542533773159,0.0149502011069662,0.128691330830155,0.00026860753579358,0.00208722323454782,1.02992589258469
