"tol","archive","draw","n_stitched","mean_gen","var_gen","mean_target","var_target","bias","E1","E2"
0.1,"with_ssp245",128,10,0.00514720430858775,0.1663592516762,0.0098882021145422,0.126401839364759,0.00474099780595444,0.0375073482299043,1.31611416821345
0.1,"without_ssp245",128,10,-0.00661730134706734,0.172089214634693,0.0098882021145422,0.126401839364759,0.0165055034616095,0.13057961454168,1.361445493986
