"tol","archive","draw","n_stitched","mean_gen","var_gen","mean_target","var_target","bias","E1","E2"
0.1,"with_ssp245",164,10,0.0255815625288559,0.163035106045189,0.0098882021145422,0.126401839364759,0.0156933604143137,0.124154525702963,1.28981593040523
0.1,"without_ssp245",164,10,-0.014260796603128,0.176098576580154,0.0098882021145422,0.126401839364759,0.0241489987176702,0.191049424905782,1.39316466805506
