"tol","archive","draw","n_stitched","mean_gen","var_gen","mean_target","var_target","bias","E1","E2"
0.1,"with_ssp245",129,10,0.00994660820830876,0.158030183316293,0.0098882021145422,0.126401839364759,5.84060937665609e-05,0.000462066802667467,1.25022059892866
0.1,"without_ssp245",129,10,-0.00200486952313684,0.182560840127941,0.0098882021145422,0.126401839364759,0.011893071637679,0.094089387444427,1.4442894268423
