"tol","archive","draw","n_stitched","mean_gen","var_gen","mean_target","var_target","bias","E1","E2"
0.1,"with_ssp370",112,10,0.0150244676354897,0.13317047057401,0.0149502011069662,0.128691330830155,7.42665285235079e-05,0.000577090376208197,1.03480529508057
0.1,"without_ssp370",112,9,0.0151728453811023,0.135066241612373,0.0149502011069662,0.128691330830155,0.000222644274136043,0.00173006427627892,1.04953644306182
