"tol","archive","draw","n_stitched","mean_gen","var_gen","mean_target","var_target","bias","E1","E2"
0.1,"with_ssp370",14,10,0.0148757754998816,0.133543302271804,0.0149502011069662,0.128691330830155,7.44256070845679e-05,0.000578326501128453,1.03770239541661
0.1,"without_ssp370",14,9,0.0150748953528159,0.138405305574105,0.0149502011069662,0.128691330830155,0.000124694245849641,0.000968940526492886,1.07548274371931
