"tol","archive","draw","n_stitched","mean_gen","var_gen","mean_target","var_target","bias","E1","E2"
0.1,"with_ssp245",78,10,0.00976924750948083,0.133102218795844,0.0098882021145422,0.126401839364759,0.000118954605061363,0.000941082864451795,1.05300855956494
0.1,"without_ssp245",78,10,0.00993793119232922,0.137187221093234,0.0098882021145422,0.126401839364759,4.972907778702e-05,0.000393420523284604,1.08532614543172
