"tol","archive","draw","n_stitched","mean_gen","var_gen","mean_target","var_target","bias","E1","E2"
0.1,"with_ssp245",80,10,0.00973120758106327,0.13128300919479,0.0098882021145422,0.126401839364759,0.000156994533478921,0.00124202728589954,1.03861628797937
0.1,"without_ssp245",80,10,0.0101455873799938,0.138963979263509,0.0098882021145422,0.126401839364759,0.000257385265451562,0.00203624620294348,1.09938257197745
