"tol","archive","draw","n_stitched","mean_gen","var_gen","mean_target","var_target","bias","E1","E2"
0.1,"with_ssp370",113,10,0.0149704991691529,0.131964405204235,0.0149502011069662,0.128691330830155,2.02980621866623e-05,0.000157726725302509,1.02543352650848
0.1,"without_ssp370",113,9,0.0150604354594009,0.135221046605847,0.0149502011069662,0.128691330830155,0.000110234352434664,0.00085657947371878,1.05073936009186
