"tol","archive","draw","n_stitched","mean_gen","var_gen","mean_target","var_target","bias","E1","E2"
0.1,"with_ssp370",199,9,0.0315232083309073,0.154812135306043,0.0149502011069662,0.128691330830155,0.0165730072239411,0.128781069533066,1.20297252586782
0.1,"without_ssp370",199,8,0.0195867906299776,0.182202186568263,0.0149502011069662,0.128691330830155,0.00463658952301136,0.0360287635002443,1.41580777347567
