"tol","archive","draw","n_stitched","mean_gen","var_gen","mean_target","var_target","bias","E1","E2"
0.1,"with_ssp370",29,9,0.0150460558623752,0.132642800956018,0.0149502011069662,0.128691330830155,9.58547554089587e-05,0.000744842366541895,1.03070502185635
0.1,"without_ssp370",29,8,0.0156945117889875,0.133455651051112,0.0149502011069662,0.128691330830155,0.000744310682021274,0.00578368936912777,1.03702129887245
