"tol","archive","draw","n_stitched","mean_gen","var_gen","mean_target","var_target","bias","E1","E2"
0.1,"with_ssp370",158,10,0.0158493646667244,0.162203691640928,0.0149502011069662,0.128691330830155,0.000899163559758227,0.00698697848532571,1.26040884490503
0.1,"without_ssp370",158,7,0.0274798917810588,0.186972786801031,0.0149502011069662,0.128691330830155,0.0125296906740926,0.0973623521745148,1.45287787137577
