"tol","archive","draw","n_stitched","mean_gen","var_gen","mean_target","var_target","bias","E1","E2"
0.1,"with_ssp245",196,10,0.0049608153717467,0.159725816453585,0.0098882021145422,0.126401839364759,0.00492738674279549,0.0389819227913012,1.26363522284405
0.1,"without_ssp245",196,10,0.000662635281342928,0.190677412374326,0.0098882021145422,0.126401839364759,0.00922556683319927,0.0729860172886959,1.50850188045196
