"tol","archive","draw","n_stitched","mean_gen","var_gen","mean_target","var_target","bias","E1","E2"
0.1,"with_ssp370",155,10,0.0150128593235368,0.132373331352848,0.0149502011069662,0.128691330830155,6.26582165705984e-05,0.000486887626123734,1.02861109990037
0.1,"without_ssp370",155,8,0.0152407183552801,0.132431496260155,0.0149502011069662,0.128691330830155,0.000290517248313924,0.00225747333903434,1.02906307212672
