"tol","archive","draw","n_stitched","mean_gen","var_gen","mean_target","var_target","bias","E1","E2"
0.1,"with_ssp370",182,10,0.0163976171002876,0.167333114531376,0.0149502011069662,0.128691330830155,0.00144741599332135,0.0112471911199024,1.30026718545805
0.1,"without_ssp370",182,8,0.0058205631774144,0.161116568285497,0.0149502011069662,0.128691330830155,0.00912963792955181,0.0709421362780136,1.25196131896512
