"tol","archive","draw","n_stitched","mean_gen","var_gen","mean_target","var_target","bias","E1","E2"
0.1,"with_ssp245",170,10,0.00962603026407153,0.133393595091246,0.0098882021145422,0.126401839364759,0.000262171850470663,0.00207411420425704,1.05531371823088
0.1,"without_ssp245",170,10,0.0100271545965201,0.135384025081283,0.0098882021145422,0.126401839364759,0.000138952481977896,0.00109929161376299,1.0710605617898
