"tol","archive","draw","n_stitched","mean_gen","var_gen","mean_target","var_target","bias","E1","E2"
0.1,"with_ssp370",110,9,0.0150580555107252,0.130766458621245,0.0149502011069662,0.128691330830155,0.000107854403758946,0.000838086008305332,1.01612484522231
0.1,"without_ssp370",110,8,0.0149027438361422,0.137362114823031,0.0149502011069662,0.128691330830155,4.74572708239803e-05,0.000368768203093755,1.06737659745177
