"tol","archive","draw","n_stitched","mean_gen","var_gen","mean_target","var_target","bias","E1","E2"
0.1,"with_ssp370",83,10,0.0149772760773099,0.133851892894239,0.0149502011069662,0.128691330830155,2.70749703437118e-05,0.00021038690150345,1.04010030847295
0.1,"without_ssp370",83,7,0.0154419801201564,0.134951528662242,0.0149502011069662,0.128691330830155,0.000491779013190146,0.0038213841602057,1.04864506250502
