"tol","archive","draw","n_stitched","mean_gen","var_gen","mean_target","var_target","bias","E1","E2"
0.1,"with_ssp245",127,10,0.0195014078453019,0.148608860682197,0.0098882021145422,0.126401839364759,0.00961320573075972,0.0760527360920659,1.17568590321977
0.1,"without_ssp245",127,10,-0.00618979935885396,0.165518411221479,0.0098882021145422,0.126401839364759,0.0160780014733962,0.12719752777489,1.30946204622735
