"tol","archive","draw","n_stitched","mean_gen","var_gen","mean_target","var_target","bias","E1","E2"
0.1,"with_ssp245",109,9,0.00947587278926823,0.133264527912391,0.0098882021145422,0.126401839364759,0.000412329325273965,0.00326205162318962,1.05429263199113
0.1,"without_ssp245",109,10,0.0100297344283503,0.13503960710973,0.0098882021145422,0.126401839364759,0.000141532313808149,0.00111970137870959,1.0683357757164
