"tol","archive","draw","n_stitched","mean_gen","var_gen","mean_target","var_target","bias","E1","E2"
0.1,"with_ssp370",97,9,0.0150615197495859,0.135578000030515,0.0149502011069662,0.128691330830155,0.000111318642619707,0.000865004984419837,1.05351307781135
0.1,"without_ssp370",97,7,0.0149974270504047,0.135905486374995,0.0149502011069662,0.128691330830155,4.72259434385197e-05,0.000366970666430109,1.05605782066517
