"tol","archive","draw","n_stitched","mean_gen","var_gen","mean_target","var_target","bias","E1","E2"
0.1,"with_ssp370",67,10,0.0152021056950754,0.133420493306925,0.0149502011069662,0.128691330830155,0.000251904588109232,0.00195743245861442,1.0367481045247
0.1,"without_ssp370",67,8,0.0150351922880027,0.136049538071881,0.0149502011069662,0.128691330830155,8.4991181036503e-05,0.000660426623054144,1.05717717886869
