"tol","archive","draw","n_stitched","mean_gen","var_gen","mean_target","var_target","bias","E1","E2"
0.1,"with_ssp370",138,10,0.0175067323225729,0.176582041025248,0.0149502011069662,0.128691330830155,0.00255653121560668,0.019865605547127,1.37213625724563
0.1,"without_ssp370",138,9,0.00865558702027499,0.173829347396362,0.0149502011069662,0.128691330830155,0.00629461408669122,0.0489124950848379,1.35074636554796
