"tol","archive","draw","n_stitched","mean_gen","var_gen","mean_target","var_target","bias","E1","E2"
0.1,"with_ssp245",189,10,0.0313814151260529,0.153504736932891,0.0098882021145422,0.126401839364759,0.0214932130115107,0.170038767786342,1.21441853777081
0.1,"without_ssp245",189,9,-0.00266958052584862,0.178208483453391,0.0098882021145422,0.126401839364759,0.0125577826403908,0.0993481004983851,1.40985672636561
