"tol","archive","draw","n_stitched","mean_gen","var_gen","mean_target","var_target","bias","E1","E2"
0.1,"with_ssp370",56,10,0.009593640730289,0.166792120877728,0.0149502011069662,0.128691330830155,0.00535656037667721,0.0416233194739956,1.29606337739919
0.1,"without_ssp370",56,7,0.0294233175132761,0.172488547531971,0.0149502011069662,0.128691330830155,0.0144731164063099,0.112463802440673,1.34032763838319
