"tol","archive","draw","n_stitched","mean_gen","var_gen","mean_target","var_target","bias","E1","E2"
0.1,"with_ssp245",141,10,0.00962107866408742,0.132768684611969,0.0098882021145422,0.126401839364759,0.000267123450454773,0.00211328768471425,1.05036987815373
0.1,"without_ssp245",141,10,0.00984748977977681,0.135571828787903,0.0098882021145422,0.126401839364759,4.07123347653821e-05,0.000322086569071975,1.07254632898721
