"tol","archive","draw","n_stitched","mean_gen","var_gen","mean_target","var_target","bias","E1","E2"
0.1,"with_ssp245",72,10,0.0124281175535159,0.164487150508566,0.0098882021145422,0.126401839364759,0.00253991543897367,0.0200939753071489,1.30130345677885
0.1,"without_ssp245",72,9,-0.0107667448903919,0.169803083473007,0.0098882021145422,0.126401839364759,0.0206549470049341,0.163407012973362,1.34335927646594
