"tol","archive","draw","n_stitched","mean_gen","var_gen","mean_target","var_target","bias","E1","E2"
0.1,"with_ssp370",76,10,0.0151707491555672,0.133529473131938,0.0149502011069662,0.128691330830155,0.000220548048600956,0.00171377549037885,1.03759493565397
0.1,"without_ssp370",76,8,0.015314625068397,0.132830709768882,0.0149502011069662,0.128691330830155,0.000364423961430754,0.00283176775840258,1.03216517314744
