"tol","archive","draw","n_stitched","mean_gen","var_gen","mean_target","var_target","bias","E1","E2"
0.1,"with_ssp370",7,10,0.012249604317078,0.174318959754244,0.0149502011069662,0.128691330830155,0.00270059678988824,0.020985071585377,1.35455091364551
0.1,"without_ssp370",7,9,0.00723080961589049,0.1792989726627,0.0149502011069662,0.128691330830155,0.00771939149107572,0.0599837723433263,1.39324825927347
