"tol","archive","draw","n_stitched","mean_gen","var_gen","mean_target","var_target","bias","E1","E2"
0.1,"with_ssp245",23,10,0.00974286929847779,0.130450986699033,0.0098882021145422,0.126401839364759,0.000145332816064409,0.00114976820586463,1.03203392731169
0.1,"without_ssp245",23,10,0.0100554707734159,0.13423310821808,0.0098882021145422,0.126401839364759,0.000167268658873676,0.00132330874071371,1.06195533935801
