"tol","archive","draw","n_stitched","mean_gen","var_gen","mean_target","var_target","bias","E1","E2"
0.1,"with_ssp370",13,10,0.0150369060210357,0.132188861537832,0.0149502011069662,0.128691330830155,8.67049140695179e-05,0.00067374323903721,1.02717767144931
0.1,"without_ssp370",13,7,0.0151179877503198,0.135297498644908,0.0149502011069662,0.128691330830155,0.000167786643353589,0.00130379134531627,1.05133343304587
