"tol","archive","draw","n_stitched","mean_gen","var_gen","mean_target","var_target","bias","E1","E2"
0.1,"with_ssp370",71,10,0.0302028402689688,0.165466267390143,0.0149502011069662,0.128691330830155,0.0152526391620026,0.118521108326502,1.28576079152156
0.1,"without_ssp370",71,8,0.0137869847122889,0.183973024713484,0.0149502011069662,0.128691330830155,0.00116321639467733,0.00903880927467076,1.4295681265142
