"tol","archive","draw","n_stitched","mean_gen","var_gen","mean_target","var_target","bias","E1","E2"
0.1,"with_ssp245",129,10,0.00985539161196614,0.130764406706424,0.0098882021145422,0.126401839364759,3.28105025760549e-05,0.000259572983596966,1.03451347989546
0.1,"without_ssp245",129,10,0.00983831767672157,0.135443751071308,0.0098882021145422,0.126401839364759,4.98844378206253e-05,0.000394649619588788,1.07153307065775
