"tol","archive","draw","n_stitched","mean_gen","var_gen","mean_target","var_target","bias","E1","E2"
0.1,"with_ssp370",181,10,0.0173079887371206,0.170292208903064,0.0149502011069662,0.128691330830155,0.00235778763015435,0.018321262317709,1.32326092056514
0.1,"without_ssp370",181,9,0.0281902553352815,0.180648546086804,0.0149502011069662,0.128691330830155,0.0132400542283153,0.102882254328299,1.40373516165764
