"tol","archive","draw","n_stitched","mean_gen","var_gen","mean_target","var_target","bias","E1","E2"
0.1,"with_ssp245",165,10,0.0114230534351697,0.159852640959327,0.0098882021145422,0.126401839364759,0.00153485132062755,0.0121426343820711,1.26463856667496
0.1,"without_ssp245",165,10,-0.0124060633367798,0.174710116057359,0.0098882021145422,0.126401839364759,0.0222942654513219,0.176376115754037,1.38218017186598
