"tol","archive","draw","n_stitched","mean_gen","var_gen","mean_target","var_target","bias","E1","E2"
0.1,"with_ssp245",183,10,0.00971614295898067,0.131949738349684,0.0098882021145422,0.126401839364759,0.000172059155561528,0.00136120768832339,1.04389096719483
0.1,"without_ssp245",183,10,0.00967578813395076,0.137999725250179,0.0098882021145422,0.126401839364759,0.000212413980591438,0.00168046589874751,1.09175409110901
