"tol","archive","draw","n_stitched","mean_gen","var_gen","mean_target","var_target","bias","E1","E2"
0.1,"with_ssp370",156,10,0.0150817368981487,0.131724617767463,0.0149502011069662,0.128691330830155,0.000131535791182504,0.00102210296788447,1.02357025075225
0.1,"without_ssp370",156,7,0.0154159746496925,0.136874073054849,0.0149502011069662,0.128691330830155,0.000465773542726297,0.0036193078408756,1.06358425367046
