"tol","archive","draw","n_stitched","mean_gen","var_gen","mean_target","var_target","bias","E1","E2"
0.1,"with_ssp370",116,9,0.0148103299846625,0.13055011096594,0.0149502011069662,0.128691330830155,0.000139871122303728,0.00108687291833455,1.01444370901904
0.1,"without_ssp370",116,8,0.0147647535400972,0.134238195251942,0.0149502011069662,0.128691330830155,0.000185447566868994,0.00144102610232344,1.04310208299196
