"tol","archive","draw","n_stitched","mean_gen","var_gen","mean_target","var_target","bias","E1","E2"
0.1,"with_ssp245",47,10,0.00942538303141268,0.133789129245359,0.0098882021145422,0.126401839364759,0.000462819083129512,0.0036614900974182,1.05844289859804
0.1,"without_ssp245",47,10,0.0102480086897082,0.132301800630251,0.0098882021145422,0.126401839364759,0.000359806575166053,0.00284652958354313,1.04667622951646
