"tol","archive","draw","n_stitched","mean_gen","var_gen","mean_target","var_target","bias","E1","E2"
0.1,"with_ssp370",85,10,0.0149440701566005,0.1314608637998,0.0149502011069662,0.128691330830155,6.13095036569242e-06,4.76407410362703e-05,1.02152074232024
0.1,"without_ssp370",85,8,0.0155740436622667,0.134526609337854,0.0149502011069662,0.128691330830155,0.000623842555300532,0.00484758803313542,1.04534321364195
