"tol","archive","draw","n_stitched","mean_gen","var_gen","mean_target","var_target","bias","E1","E2"
0.1,"with_ssp370",150,9,0.0272703362901332,0.158588152108975,0.0149502011069662,0.128691330830155,0.0123201351831669,0.0957339946964016,1.23231418220608
0.1,"without_ssp370",150,7,0.0179716612091598,0.197218592548353,0.0149502011069662,0.128691330830155,0.00302146010219359,0.0234783499611272,1.53249322449419
