"tol","archive","draw","n_stitched","mean_gen","var_gen","mean_target","var_target","bias","E1","E2"
0.1,"with_ssp370",126,10,0.0151247372987592,0.133605974516074,0.0149502011069662,0.128691330830155,0.000174536191792984,0.00135623892197784,1.03818939204541
0.1,"without_ssp370",126,8,0.0153551522519505,0.135929478676864,0.0149502011069662,0.128691330830155,0.000404951144984254,0.00314668550221695,1.05624425359515
