"tol","archive","draw","n_stitched","mean_gen","var_gen","mean_target","var_target","bias","E1","E2"
0.1,"with_ssp370",114,9,0.0148324373115448,0.132513178214555,0.0149502011069662,0.128691330830155,0.000117763795421453,0.000915087245285196,1.02969778430097
0.1,"without_ssp370",114,8,0.0150146398245521,0.133160914344755,0.0149502011069662,0.128691330830155,6.44387175858432e-05,0.00050072306479516,1.03473103810309
