"tol","archive","draw","n_stitched","mean_gen","var_gen","mean_target","var_target","bias","E1","E2"
0.1,"with_ssp370",150,9,0.0151074538060933,0.132469018026529,0.0149502011069662,0.128691330830155,0.000157252699127058,0.00122193700315834,1.0293546361826
0.1,"without_ssp370",150,7,0.0153624725231234,0.139254260024029,0.0149502011069662,0.128691330830155,0.000412271416157206,0.00320356789768004,1.08207957075069
