"tol","archive","draw","n_stitched","mean_gen","var_gen","mean_target","var_target","bias","E1","E2"
0.1,"with_ssp370",31,10,0.0148822720937364,0.133086227363313,0.0149502011069662,0.128691330830155,6.79290132298283e-05,0.0005278445159564,1.03415068058437
0.1,"without_ssp370",31,8,0.0154321644279416,0.138266892971969,0.0149502011069662,0.128691330830155,0.000481963320975427,0.00374511101770728,1.07440720427743
