"tol","archive","draw","n_stitched","mean_gen","var_gen","mean_target","var_target","bias","E1","E2"
0.1,"with_ssp370",91,10,0.0274297088673341,0.158408580330461,0.0149502011069662,0.128691330830155,0.0124795077603679,0.0969724042782504,1.23091881410043
0.1,"without_ssp370",91,8,0.00361895892356596,0.166392064037862,0.0149502011069662,0.128691330830155,0.0113312421834002,0.0880497707988974,1.29295472324755
