"tol","archive","draw","n_stitched","mean_gen","var_gen","mean_target","var_target","bias","E1","E2"
0.1,"with_ssp245",156,10,0.0243191308952016,0.162830183128083,0.0098882021145422,0.126401839364759,0.0144309287806594,0.114167079001247,1.28819472838684
0.1,"without_ssp245",156,10,0.00587399566927762,0.170993658187276,0.0098882021145422,0.126401839364759,0.00401420644526458,0.0317575002502989,1.35277824315387
