"tol","archive","draw","n_stitched","mean_gen","var_gen","mean_target","var_target","bias","E1","E2"
0.1,"with_ssp245",158,10,0.00984416725763303,0.132434059794283,0.0098882021145422,0.126401839364759,4.40348569091618e-05,0.000348371963022547,1.04772256843602
0.1,"without_ssp245",158,10,0.00996578503940409,0.134844175414314,0.0098882021145422,0.126401839364759,7.75829248618968e-05,0.000613780030827043,1.06678966138454
