"tol","archive","draw","n_stitched","mean_gen","var_gen","mean_target","var_target","bias","E1","E2"
0.1,"with_ssp370",126,10,0.0239439422992306,0.159854366178604,0.0149502011069662,0.128691330830155,0.00899374119226434,0.069886146442406,1.24215333812638
0.1,"without_ssp370",126,8,0.0146567405063572,0.179322856788094,0.0149502011069662,0.128691330830155,0.000293460600608961,0.00228034474984384,1.39343385161477
