"tol","archive","draw","n_stitched","mean_gen","var_gen","mean_target","var_target","bias","E1","E2"
0.1,"with_ssp245",187,10,0.00988470980053499,0.128950919510051,0.0098882021145422,0.126401839364759,3.49231400720816e-06,2.76286644621551e-05,1.02016647984003
0.1,"without_ssp245",187,10,0.00982639226890638,0.132885849002443,0.0098882021145422,0.126401839364759,6.18098456358178e-05,0.000488994827499721,1.05129679813418
