"tol","archive","draw","n_stitched","mean_gen","var_gen","mean_target","var_target","bias","E1","E2"
0.1,"with_ssp245",161,10,0.0247880220051239,0.183731748181844,0.0098882021145422,0.126401839364759,0.0148998198905817,0.117876606586279,1.45355280512689
0.1,"without_ssp245",161,10,-0.00661452283674017,0.184961754583539,0.0098882021145422,0.126401839364759,0.0165027249512824,0.130557632976054,1.46328372682769
