"tol","archive","draw","n_stitched","mean_gen","var_gen","mean_target","var_target","bias","E1","E2"
0.1,"with_ssp370",122,9,0.0149079753847089,0.133560962133957,0.0149502011069662,0.128691330830155,4.22257222573302e-05,0.000328116291788598,1.03783962192627
0.1,"without_ssp370",122,8,0.0149844017620506,0.137624230173021,0.0149502011069662,0.128691330830155,3.42006550843581e-05,0.000265757257025305,1.06941337295404
