"tol","archive","draw","n_stitched","mean_gen","var_gen","mean_target","var_target","bias","E1","E2"
0.1,"with_ssp245",142,10,0.00985149878861194,0.131134956377652,0.0098882021145422,0.126401839364759,3.67033259302523e-05,0.000290370188556649,1.0374450010908
0.1,"without_ssp245",142,10,0.00974119607775856,0.13389082477992,0.0098882021145422,0.126401839364759,0.000147006036783632,0.00116300551892615,1.05924744017016
