"tol","archive","draw","n_stitched","mean_gen","var_gen","mean_target","var_target","bias","E1","E2"
0.1,"with_ssp370",120,10,0.0226541637472371,0.166926661787549,0.0149502011069662,0.128691330830155,0.0077039626402709,0.0598638819769333,1.29710883173519
0.1,"without_ssp370",120,7,0.0184794645486531,0.169040493147137,0.0149502011069662,0.128691330830155,0.00352926344168694,0.0274242516486585,1.31353442424365
