"tol","archive","draw","n_stitched","mean_gen","var_gen","mean_target","var_target","bias","E1","E2"
0.1,"with_ssp245",134,10,0.0278936048191668,0.157965280940966,0.0098882021145422,0.126401839364759,0.0180054027046246,0.142445733346224,1.24970713824127
0.1,"without_ssp245",134,10,-0.00367552098840078,0.172965022945998,0.0098882021145422,0.126401839364759,0.013563723102943,0.10730637442547,1.36837425638144
