"tol","archive","draw","n_stitched","mean_gen","var_gen","mean_target","var_target","bias","E1","E2"
0.1,"with_ssp245",51,10,0.0252992267713293,0.160830062012868,0.0098882021145422,0.126401839364759,0.0154110246567871,0.121920889238925,1.27237121564947
0.1,"without_ssp245",51,10,-0.009303793523605,0.188251714155838,0.0098882021145422,0.126401839364759,0.0191919956381472,0.151833199062592,1.48931150924631
