"tol","archive","draw","n_stitched","mean_gen","var_gen","mean_target","var_target","bias","E1","E2"
0.1,"with_ssp370",61,10,0.0149589527258238,0.131157242671215,0.0149502011069662,0.128691330830155,8.75161885758279e-06,6.80047272891523e-05,1.01916144487086
0.1,"without_ssp370",61,7,0.0149173565320907,0.138613060194243,0.0149502011069662,0.128691330830155,3.28445748754742e-05,0.000255219793467067,1.0770971074748
