"tol","archive","draw","n_stitched","mean_gen","var_gen","mean_target","var_target","bias","E1","E2"
0.1,"with_ssp370",95,10,0.0151070631563285,0.131292990212428,0.0149502011069662,0.128691330830155,0.000156862049362301,0.00121890144697723,1.02021627537372
0.1,"without_ssp370",95,9,0.0152690202308432,0.13558702814868,0.0149502011069662,0.128691330830155,0.000318819123876983,0.00247739394581097,1.05358323108513
