"tol","archive","draw","n_stitched","mean_gen","var_gen","mean_target","var_target","bias","E1","E2"
0.1,"with_ssp370",2,10,0.01724079463967,0.165915041270039,0.0149502011069662,0.128691330830155,0.00229059353270379,0.0177991284877369,1.28924800295221
0.1,"without_ssp370",2,8,0.0291636873396264,0.172764272349842,0.0149502011069662,0.128691330830155,0.0142134862326602,0.110446338078662,1.34247016668009
