"tol","archive","draw","n_stitched","mean_gen","var_gen","mean_target","var_target","bias","E1","E2"
0.1,"with_ssp370",100,10,0.0151975401702786,0.134011250337,0.0149502011069662,0.128691330830155,0.000247339063312398,0.00192195590578539,1.04133860045216
0.1,"without_ssp370",100,9,0.015492362592227,0.136597417098827,0.0149502011069662,0.128691330830155,0.000542161485260746,0.0042128827308211,1.0614344899355
