"tol","archive","draw","n_stitched","mean_gen","var_gen","mean_target","var_target","bias","E1","E2"
0.1,"with_ssp370",85,10,0.0217255879453756,0.161410899308329,0.0149502011069662,0.128691330830155,0.0067753868384094,0.0526483547469988,1.25424842735799
0.1,"without_ssp370",85,8,0.0171881290588068,0.181011765506114,0.0149502011069662,0.128691330830155,0.00223792795184058,0.0173898889490401,1.40655756948392
