"tol","archive","draw","n_stitched","mean_gen","var_gen","mean_target","var_target","bias","E1","E2"
0.1,"with_ssp245",104,10,0.00980516046643579,0.129473173737352,0.0098882021145422,0.126401839364759,8.30416481064043e-05,0.000656965504012724,1.02429817784321
0.1,"without_ssp245",104,9,0.00964785103567081,0.134851105230855,0.0098882021145422,0.126401839364759,0.000240351078871385,0.00190148402965721,1.0668444850847
