"tol","archive","draw","n_stitched","mean_gen","var_gen","mean_target","var_target","bias","E1","E2"
0.1,"with_ssp245",133,10,0.00998456898669111,0.128601204302101,0.0098882021145422,0.126401839364759,9.63668721489126e-05,0.000762385046239919,1.01739978586067
0.1,"without_ssp245",133,10,0.0100560416401086,0.135418191808262,0.0098882021145422,0.126401839364759,0.00016783952556639,0.00132782502541007,1.07133086424071
