"tol","archive","draw","n_stitched","mean_gen","var_gen","mean_target","var_target","bias","E1","E2"
0.1,"with_ssp245",131,10,0.0143415922947018,0.164484048819059,0.0098882021145422,0.126401839364759,0.00445339018015962,0.0352320045542093,1.30127891845312
0.1,"without_ssp245",131,10,-0.012125072357835,0.183799111129862,0.0098882021145422,0.126401839364759,0.0220132744723772,0.174153118206241,1.4540857320871
