"tol","archive","draw","n_stitched","mean_gen","var_gen","mean_target","var_target","bias","E1","E2"
0.1,"with_ssp245",109,9,0.0182525358142292,0.167025506945705,0.0098882021145422,0.126401839364759,0.00836433369968696,0.0661725631661888,1.32138509839021
0.1,"without_ssp245",109,10,-0.0140854854287359,0.180459127870047,0.0098882021145422,0.126401839364759,0.0239736875432781,0.189662489594768,1.42766219840594
