"tol","archive","draw","n_stitched","mean_gen","var_gen","mean_target","var_target","bias","E1","E2"
0.1,"with_ssp245",56,10,0.0126110780333215,0.161703028876255,0.0098882021145422,0.126401839364759,0.00272287591877931,0.0215414263942939,1.27927749856256
0.1,"without_ssp245",56,10,-0.0077989734916015,0.170651641134232,0.0098882021145422,0.126401839364759,0.0176871756061437,0.139928150531921,1.35007245141252
