"tol","archive","draw","n_stitched","mean_gen","var_gen","mean_target","var_target","bias","E1","E2"
0.1,"with_ssp245",30,10,0.0152820637426656,0.168198600753562,0.0098882021145422,0.126401839364759,0.00539386162812339,0.0426723349535941,1.33066576878039
0.1,"without_ssp245",30,9,-0.00729892656741343,0.175054838435348,0.0098882021145422,0.126401839364759,0.0171871286819556,0.135972140661328,1.3849073661831
