"tol","archive","draw","n_stitched","mean_gen","var_gen","mean_target","var_target","bias","E1","E2"
0.1,"with_ssp245",199,10,0.00969365115778069,0.132179971479362,0.0098882021145422,0.126401839364759,0.000194550956761507,0.00153914656415789,1.04571240532291
0.1,"without_ssp245",199,10,0.00993944449050269,0.13456662996915,0.0098882021145422,0.126401839364759,5.12423759604901e-05,0.000405392644743242,1.06459392240986
