"tol","archive","draw","n_stitched","mean_gen","var_gen","mean_target","var_target","bias","E1","E2"
0.1,"with_ssp370",82,10,0.0150007190169247,0.132826612088984,0.0149502011069662,0.128691330830155,5.05179099584904e-05,0.000392550994947462,1.03213333199799
0.1,"without_ssp370",82,7,0.0149537758331168,0.13824900767876,0.0149502011069662,0.128691330830155,3.57472615063019e-06,2.77775210464492e-05,1.07426822604872
