"tol","archive","draw","n_stitched","mean_gen","var_gen","mean_target","var_target","bias","E1","E2"
0.1,"with_ssp370",56,10,0.0148980801842482,0.133371636690679,0.0149502011069662,0.128691330830155,5.21209227179725e-05,0.00040500725559176,1.03636846266436
0.1,"without_ssp370",56,7,0.0152782365018438,0.134505277760373,0.0149502011069662,0.128691330830155,0.000328035394877609,0.00254900926706978,1.04517745595382
