"tol","archive","draw","n_stitched","mean_gen","var_gen","mean_target","var_target","bias","E1","E2"
0.1,"with_ssp245",108,10,0.00987889602191072,0.133290081838402,0.0098882021145422,0.126401839364759,9.30609263147426e-06,7.36230792070959e-05,1.0544947961854
0.1,"without_ssp245",108,10,0.00984136159543032,0.136670947591668,0.0098882021145422,0.126401839364759,4.68405191118761e-05,0.000370568334664087,1.08124176260818
