"tol","archive","draw","n_stitched","mean_gen","var_gen","mean_target","var_target","bias","E1","E2"
0.1,"with_ssp245",2,10,0.0164095017917717,0.171535065866639,0.0098882021145422,0.126401839364759,0.00652129967722955,0.0515918099768388,1.35706146942718
0.1,"without_ssp245",2,10,-0.0207482999718036,0.172276215949385,0.0098882021145422,0.126401839364759,0.0306365020863458,0.242373862914587,1.36292491323837
