"tol","archive","draw","n_stitched","mean_gen","var_gen","mean_target","var_target","bias","E1","E2"
0.1,"with_ssp370",101,9,0.0151298528807836,0.131656171161131,0.0149502011069662,0.128691330830155,0.000179651773817395,0.00139598971164963,1.02303838426295
0.1,"without_ssp370",101,7,0.0150951454869203,0.133818230580648,0.0149502011069662,0.128691330830155,0.000144944379954128,0.00112629482513802,1.03983873441529
