"tol","archive","draw","n_stitched","mean_gen","var_gen","mean_target","var_target","bias","E1","E2"
0.1,"with_ssp245",39,10,0.00980221331587634,0.134526825622805,0.0098882021145422,0.126401839364759,8.59887986658526e-05,0.00068028122927637,1.06427901918895
0.1,"without_ssp245",39,10,0.0100585676338899,0.135805272829526,0.0098882021145422,0.126401839364759,0.000170365519347728,0.00134780886262345,1.07439316953001
