"tol","archive","draw","n_stitched","mean_gen","var_gen","mean_target","var_target","bias","E1","E2"
0.1,"with_ssp245",179,10,0.0255297004605334,0.164357113212911,0.0098882021145422,0.126401839364759,0.0156414983459912,0.123744230500114,1.30027469567609
0.1,"without_ssp245",179,10,-0.0130142549410002,0.184494438665685,0.0098882021145422,0.126401839364759,0.0229024570555423,0.181187688174794,1.45958666102387
