"tol","archive","draw","n_stitched","mean_gen","var_gen","mean_target","var_target","bias","E1","E2"
0.1,"with_ssp245",46,10,0.0103101663291947,0.165946361824827,0.0098882021145422,0.126401839364759,0.000421964214652522,0.00333827590463186,1.31284768211287
0.1,"without_ssp245",46,10,-0.0131687993940638,0.173723978926096,0.0098882021145422,0.126401839364759,0.023057001508606,0.182410332195168,1.37437856758381
