"tol","archive","draw","n_stitched","mean_gen","var_gen","mean_target","var_target","bias","E1","E2"
0.1,"with_ssp245",86,10,0.0225342581467906,0.17254968585018,0.0098882021145422,0.126401839364759,0.0126460560322484,0.100046455777875,1.36508840945148
0.1,"without_ssp245",86,9,-0.0200215443833919,0.173385745913926,0.0098882021145422,0.126401839364759,0.0299097464979341,0.236624297939393,1.37170271243905
