"tol","archive","draw","n_stitched","mean_gen","var_gen","mean_target","var_target","bias","E1","E2"
0.1,"with_ssp370",92,10,0.0100213857744022,0.160868148760988,0.0149502011069662,0.128691330830155,0.00492881533256404,0.0382995132676731,1.2500309673019
0.1,"without_ssp370",92,8,0.0188206407446328,0.180197929578239,0.0149502011069662,0.128691330830155,0.00387043963766663,0.0300753719205435,1.40023363202345
