"tol","archive","draw","n_stitched","mean_gen","var_gen","mean_target","var_target","bias","E1","E2"
0.1,"with_ssp370",89,10,0.0266205265701573,0.155424451548716,0.0149502011069662,0.128691330830155,0.0116703254631911,0.0906846280002607,1.20773054832919
0.1,"without_ssp370",89,7,0.0232868118429771,0.18425659887917,0.0149502011069662,0.128691330830155,0.00833661073601091,0.0647798937366919,1.43177164841313
