"tol","archive","draw","n_stitched","mean_gen","var_gen","mean_target","var_target","bias","E1","E2"
0.1,"with_ssp370",107,9,0.0147604165168353,0.134739851447645,0.0149502011069662,0.128691330830155,0.000189784590130887,0.00147472707684841,1.04700021810694
0.1,"without_ssp370",107,8,0.015321065306684,0.136010868761059,0.0149502011069662,0.128691330830155,0.000370864199717762,0.00288181183087789,1.05687669778289
