"tol","archive","draw","n_stitched","mean_gen","var_gen","mean_target","var_target","bias","E1","E2"
0.1,"with_ssp370",13,10,0.00987646840349468,0.159271500869872,0.0149502011069662,0.128691330830155,0.00507373270347153,0.0394255982181718,1.23762416506575
0.1,"without_ssp370",13,7,0.0124914476196822,0.1746003392892,0.0149502011069662,0.128691330830155,0.00245875348728396,0.0191058206595826,1.3567373820979
