"tol","archive","draw","n_stitched","mean_gen","var_gen","mean_target","var_target","bias","E1","E2"
0.1,"with_ssp370",132,10,0.0143743729733694,0.162467537495728,0.0149502011069662,0.128691330830155,0.000575828133596841,0.00447449047175376,1.26245906734891
0.1,"without_ssp370",132,7,0.0116671478620036,0.167979570485881,0.0149502011069662,0.128691330830155,0.00328305324496256,0.0255110676359038,1.30529049161499
