"tol","archive","draw","n_stitched","mean_gen","var_gen","mean_target","var_target","bias","E1","E2"
0.1,"with_ssp370",42,10,0.0203067834756234,0.161191146427474,0.0149502011069662,0.128691330830155,0.00535658236865721,0.0416234903633621,1.25254083074338
0.1,"without_ssp370",42,9,0.0164606795235262,0.166071947560604,0.0149502011069662,0.128691330830155,0.00151047841655999,0.0117372196465471,1.29046724817683
