"tol","archive","draw","n_stitched","mean_gen","var_gen","mean_target","var_target","bias","E1","E2"
0.1,"with_ssp245",112,10,0.0234771579752973,0.158826032460297,0.0098882021145422,0.126401839364759,0.0135889558607551,0.107505997769078,1.25651678218045
0.1,"without_ssp245",112,10,-0.00191135993069651,0.175352599301333,0.0098882021145422,0.126401839364759,0.0117995620452387,0.0933496071302301,1.38726303495724
