"tol","archive","draw","n_stitched","mean_gen","var_gen","mean_target","var_target","bias","E1","E2"
0.1,"with_ssp370",147,10,0.0151188096422351,0.132331117594607,0.0149502011069662,0.128691330830155,0.000168608535268936,0.00131017788207865,1.02828307657534
0.1,"without_ssp370",147,10,0.0149923331968024,0.134357208516771,0.0149502011069662,0.128691330830155,4.21320898361718e-05,0.000327388718139663,1.04402687927824
