"tol","archive","draw","n_stitched","mean_gen","var_gen","mean_target","var_target","bias","E1","E2"
0.1,"with_ssp370",106,10,0.0149349318738147,0.132322156488065,0.0149502011069662,0.128691330830155,1.52692331515224e-05,0.00011865005243962,1.02821344401747
0.1,"without_ssp370",106,7,0.0147641719501878,0.135515724398377,0.0149502011069662,0.128691330830155,0.00018602915677841,0.0014455453648539,1.05302916306948
