"tol","archive","draw","n_stitched","mean_gen","var_gen","mean_target","var_target","bias","E1","E2"
0.1,"with_ssp245",158,10,0.0117037421108149,0.169902225334425,0.0098882021145422,0.126401839364759,0.0018155399962727,0.014363240324641,1.34414361522174
0.1,"without_ssp245",158,10,-0.000450294407876442,0.167150517274276,0.0098882021145422,0.126401839364759,0.0103384965224186,0.0817907126539887,1.32237408976248
