"tol","archive","draw","n_stitched","mean_gen","var_gen","mean_target","var_target","bias","E1","E2"
0.1,"with_ssp245",157,10,0.00967257124228465,0.134418319591933,0.0098882021145422,0.126401839364759,0.000215630872257542,0.0017059156206999,1.0634205978921
0.1,"without_ssp245",157,10,0.00978380351731442,0.134389294142054,0.0098882021145422,0.126401839364759,0.00010439859722778,0.000825926250380864,1.06319096950991
