"tol","archive","draw","n_stitched","mean_gen","var_gen","mean_target","var_target","bias","E1","E2"
0.1,"with_ssp245",148,10,0.00954304491448284,0.132037967197559,0.0098882021145422,0.126401839364759,0.000345157200059358,0.00273063431508568,1.04458897007452
0.1,"without_ssp245",148,10,0.00997531719778467,0.135007289410104,0.0098882021145422,0.126401839364759,8.71150832424793e-05,0.000689191578858995,1.06808010143359
