"tol","archive","draw","n_stitched","mean_gen","var_gen","mean_target","var_target","bias","E1","E2"
0.1,"with_ssp245",75,10,0.0216887919468186,0.163974193307594,0.0098882021145422,0.126401839364759,0.0118005898322764,0.0933577382384709,1.29724531012885
0.1,"without_ssp245",75,10,-0.00840266282603112,0.17513226731755,0.0098882021145422,0.126401839364759,0.0182908649405733,0.144704104247971,1.38551992753973
