"tol","archive","draw","n_stitched","mean_gen","var_gen","mean_target","var_target","bias","E1","E2"
0.1,"with_ssp245",70,10,0.0214172633455852,0.169138512084709,0.0098882021145422,0.126401839364759,0.0115290612310431,0.0912096001844841,1.33810166794033
0.1,"without_ssp245",70,10,-0.00851716533707997,0.17037101133065,0.0098882021145422,0.126401839364759,0.0184053674516222,0.14560996536221,1.34785231122317
