"tol","archive","draw","n_stitched","mean_gen","var_gen","mean_target","var_target","bias","E1","E2"
0.1,"with_ssp370",76,10,0.0244059938857221,0.168839997769505,0.0149502011069662,0.128691330830155,0.00945579277875585,0.0734765327062741,1.31197646865847
0.1,"without_ssp370",76,8,0.0267872850336019,0.17712080822698,0.0149502011069662,0.128691330830155,0.0118370839266357,0.0919804298415256,1.37632276459042
