"tol","archive","draw","n_stitched","mean_gen","var_gen","mean_target","var_target","bias","E1","E2"
0.1,"with_ssp370",188,10,0.0150222677130682,0.130549250654996,0.0149502011069662,0.128691330830155,7.20666061019802e-05,0.000559995810417817,1.01443702394602
0.1,"without_ssp370",188,8,0.0150876037655106,0.13198439228013,0.0149502011069662,0.128691330830155,0.000137402658544393,0.00106769164370314,1.0255888367051
