"tol","archive","draw","n_stitched","mean_gen","var_gen","mean_target","var_target","bias","E1","E2"
0.1,"with_ssp245",37,10,0.00953976402982239,0.133194693544722,0.0098882021145422,0.126401839364759,0.000348438084719804,0.00275659030336032,1.05374015294478
0.1,"without_ssp245",37,10,0.0097817521018224,0.137048015626433,0.0098882021145422,0.126401839364759,0.000106450012719797,0.000842155567156051,1.08422485238488
