"tol","archive","draw","n_stitched","mean_gen","var_gen","mean_target","var_target","bias","E1","E2"
0.1,"with_ssp370",134,10,0.0132882857695385,0.172536199672831,0.0149502011069662,0.128691330830155,0.0016619153374277,0.0129139649633515,1.34069792082997
0.1,"without_ssp370",134,8,0.00978463832474412,0.178126382304439,0.0149502011069662,0.128691330830155,0.00516556278222209,0.0401391667092131,1.3841366093224
