"tol","archive","draw","n_stitched","mean_gen","var_gen","mean_target","var_target","bias","E1","E2"
0.1,"with_ssp245",22,10,0.00976986850521393,0.133208816193322,0.0098882021145422,0.126401839364759,0.000118333609328261,0.000936169995017121,1.05385188113378
0.1,"without_ssp245",22,10,0.010024674976721,0.136779114991033,0.0098882021145422,0.126401839364759,0.000136472862178839,0.00107967465398204,1.08209750489729
