"tol","archive","draw","n_stitched","mean_gen","var_gen","mean_target","var_target","bias","E1","E2"
0.1,"with_ssp370",33,10,0.0031863173821886,0.176083104556609,0.0149502011069662,0.128691330830155,0.0117638837247776,0.0914116253899293,1.36825925585462
0.1,"without_ssp370",33,9,0.00886125235187296,0.179234673728743,0.0149502011069662,0.128691330830155,0.00608894875509325,0.0473143662111114,1.39274862240172
