"tol","archive","draw","n_stitched","mean_gen","var_gen","mean_target","var_target","bias","E1","E2"
0.1,"with_ssp245",169,10,0.0142352449315043,0.181227916701748,0.0098882021145422,0.126401839364759,0.00434704281696208,0.0343906610758865,1.43374430002381
0.1,"without_ssp245",169,10,-0.0126416802214122,0.188085560545376,0.0098882021145422,0.126401839364759,0.0225298823359544,0.178240146260369,1.48799702196275
