"tol","archive","draw","n_stitched","mean_gen","var_gen","mean_target","var_target","bias","E1","E2"
0.1,"with_ssp245",70,10,0.00978881543774389,0.134370850529824,0.0098882021145422,0.126401839364759,9.93866767983013e-05,0.000786275558154658,1.0630450569795
0.1,"without_ssp245",70,10,0.0100009235281078,0.133286746406662,0.0098882021145422,0.126401839364759,0.00011272141356556,0.000891770358185047,1.05446840866006
