"tol","archive","draw","n_stitched","mean_gen","var_gen","mean_target","var_target","bias","E1","E2"
0.1,"with_ssp245",40,10,0.00975566297955023,0.131531035415093,0.0098882021145422,0.126401839364759,0.00013253913499197,0.00104855384746025,1.04057849218105
0.1,"without_ssp245",40,9,0.00988535025079301,0.134219745906236,0.0098882021145422,0.126401839364759,2.85186374918492e-06,2.25618848864633e-05,1.06184962640391
