"tol","archive","draw","n_stitched","mean_gen","var_gen","mean_target","var_target","bias","E1","E2"
0.1,"with_ssp245",188,10,0.011407947817232,0.16249758764287,0.0098882021145422,0.126401839364759,0.00151974570268985,0.0120231296500702,1.28556347328102
0.1,"without_ssp245",188,10,-0.00944296646668849,0.167571366795757,0.0098882021145422,0.126401839364759,0.0193311685812307,0.152934234805291,1.32570354702034
