"tol","archive","draw","n_stitched","mean_gen","var_gen","mean_target","var_target","bias","E1","E2"
0.1,"with_ssp245",97,10,0.00977445641364398,0.133827036194541,0.0098882021145422,0.126401839364759,0.000113745700898218,0.000899873779288773,1.05874279098388
0.1,"without_ssp245",97,10,0.0100629740328201,0.134046167848567,0.0098882021145422,0.126401839364759,0.000174771918277862,0.00138266910636895,1.06047640225985
