"tol","archive","draw","n_stitched","mean_gen","var_gen","mean_target","var_target","bias","E1","E2"
0.1,"with_ssp245",167,10,0.0235069917424889,0.17286839740095,0.0098882021145422,0.126401839364759,0.0136187896279467,0.107742020973657,1.36760982490217
0.1,"without_ssp245",167,10,-0.00804727106902578,0.185344596096137,0.0098882021145422,0.126401839364759,0.017935473183568,0.14189250151504,1.46631249218839
