"tol","archive","draw","n_stitched","mean_gen","var_gen","mean_target","var_target","bias","E1","E2"
0.1,"with_ssp245",149,10,0.0165749714086554,0.157894996115463,0.0098882021145422,0.126401839364759,0.0066867692941132,0.0529008859975299,1.24915109549809
0.1,"without_ssp245",149,10,-0.0100310804762055,0.186625335289419,0.0098882021145422,0.126401839364759,0.0199192825907477,0.15758696780722,1.47644477507066
