"tol","archive","draw","n_stitched","mean_gen","var_gen","mean_target","var_target","bias","E1","E2"
0.1,"with_ssp370",177,10,0.0193203159771086,0.169085403335674,0.0149502011069662,0.128691330830155,0.00437011487014236,0.0339581138989849,1.31388340026439
0.1,"without_ssp370",177,8,0.0248779749299804,0.174841274178542,0.0149502011069662,0.128691330830155,0.00992777382301416,0.0771440761314115,1.35860957417011
