"tol","archive","draw","n_stitched","mean_gen","var_gen","mean_target","var_target","bias","E1","E2"
0.1,"with_ssp370",40,10,0.0144934874752277,0.1585951074863,0.0149502011069662,0.128691330830155,0.000456713631738524,0.00354890751997341,1.23236822918252
0.1,"without_ssp370",40,7,0.029731110440765,0.168867546334064,0.0149502011069662,0.128691330830155,0.0147809093337988,0.114855516983552,1.31219053563859
