"tol","archive","draw","n_stitched","mean_gen","var_gen","mean_target","var_target","bias","E1","E2"
0.1,"with_ssp370",1,10,0.0150445693642323,0.132577637866346,0.0149502011069662,0.128691330830155,9.43682572661173e-05,0.000733291486360204,1.03019867003567
0.1,"without_ssp370",1,8,0.0152859396616137,0.135308822518578,0.0149502011069662,0.128691330830155,0.000335738554647514,0.0026088669103175,1.0514214255594
