"tol","archive","draw","n_stitched","mean_gen","var_gen","mean_target","var_target","bias","E1","E2"
0.1,"with_ssp245",89,10,0.00974490100240032,0.133214917028502,0.0098882021145422,0.126401839364759,0.000143301112141876,0.00113369483278127,1.05390014653254
0.1,"without_ssp245",89,10,0.00995071282697973,0.135141979892549,0.0098882021145422,0.126401839364759,6.2510712437536e-05,0.000494539579104923,1.06914567518728
