"tol","archive","draw","n_stitched","mean_gen","var_gen","mean_target","var_target","bias","E1","E2"
0.1,"with_ssp370",142,10,0.0151563221753564,0.133813449335252,0.0149502011069662,0.128691330830155,0.000206121068390143,0.00160167019068423,1.03980158159882
0.1,"without_ssp370",142,7,0.0147814177075382,0.135104888491225,0.0149502011069662,0.128691330830155,0.000168783399427979,0.00131153666948038,1.04983674983931
