"tol","archive","draw","n_stitched","mean_gen","var_gen","mean_target","var_target","bias","E1","E2"
0.1,"with_ssp370",119,10,0.027798827056423,0.167424433897886,0.0149502011069662,0.128691330830155,0.0128486259494567,0.0998406486790796,1.30097678544369
0.1,"without_ssp370",119,8,0.025650635375553,0.194925614644383,0.0149502011069662,0.128691330830155,0.0107004342685867,0.0831480582224222,1.51467556817516
