"tol","archive","draw","n_stitched","mean_gen","var_gen","mean_target","var_target","bias","E1","E2"
0.1,"with_ssp245",26,10,0.00964887606173443,0.129335696382929,0.0098882021145422,0.126401839364759,0.000239326052807765,0.00189337476424801,1.02321055637255
0.1,"without_ssp245",26,10,0.0100606075044084,0.134146601691996,0.0098882021145422,0.126401839364759,0.000172405389866185,0.00136394684391161,1.06127096224358
