"tol","archive","draw","n_stitched","mean_gen","var_gen","mean_target","var_target","bias","E1","E2"
0.1,"with_ssp370",54,10,0.0150226818053852,0.132140096587856,0.0149502011069662,0.128691330830155,7.24806984189925e-05,0.000563213527682385,1.02679874188458
0.1,"without_ssp370",54,8,0.0152141895187212,0.133642178944322,0.0149502011069662,0.128691330830155,0.000263988411754944,0.00205133018713865,1.0384707196843
