"tol","archive","draw","n_stitched","mean_gen","var_gen","mean_target","var_target","bias","E1","E2"
0.1,"with_ssp370",99,10,0.0257117968751001,0.161924823399196,0.0149502011069662,0.128691330830155,0.0107615957681339,0.0836233155622336,1.25824189053497
0.1,"without_ssp370",99,7,0.0288821680421571,0.178117903952863,0.0149502011069662,0.128691330830155,0.0139319669351909,0.108258783597304,1.38407072802705
