"tol","archive","draw","n_stitched","mean_gen","var_gen","mean_target","var_target","bias","E1","E2"
0.1,"with_ssp245",142,10,0.0170395672623385,0.164155663421803,0.0098882021145422,0.126401839364759,0.00715136514779632,0.0565764326194618,1.29868097052051
0.1,"without_ssp245",142,10,-0.016483159887337,0.173243216887646,0.0098882021145422,0.126401839364759,0.0263713620018792,0.208631157065517,1.37057512579162
