"tol","archive","draw","n_stitched","mean_gen","var_gen","mean_target","var_target","bias","E1","E2"
0.1,"with_ssp245",101,10,0.00941347053345137,0.130314771395718,0.0098882021145422,0.126401839364759,0.000474731581090826,0.00375573317189545,1.03095629027729
0.1,"without_ssp245",101,9,0.00963358047187727,0.13365626024993,0.0098882021145422,0.126401839364759,0.000254621642664925,0.00201438241677924,1.05739173513319
