"tol","archive","draw","n_stitched","mean_gen","var_gen","mean_target","var_target","bias","E1","E2"
0.1,"with_ssp245",152,10,0.016286372549157,0.145830985119444,0.0098882021145422,0.126401839364759,0.00639817043461476,0.0506177003971556,1.15370935939166
0.1,"without_ssp245",152,9,-0.00612057610522262,0.176386695686364,0.0098882021145422,0.126401839364759,0.0160087782197648,0.126649883421143,1.39544405819415
