"tol","archive","draw","n_stitched","mean_gen","var_gen","mean_target","var_target","bias","E1","E2"
0.1,"with_ssp370",19,10,0.0148449553578579,0.133586322600933,0.0149502011069662,0.128691330830155,0.000105245749108345,0.000817815375980895,1.03803668622588
0.1,"without_ssp370",19,8,0.0153080261972354,0.136733045483674,0.0149502011069662,0.128691330830155,0.000357825090269208,0.00278049102422804,1.0624883945301
