"tol","archive","draw","n_stitched","mean_gen","var_gen","mean_target","var_target","bias","E1","E2"
0.1,"with_ssp370",69,10,0.0154505525571447,0.16795190493625,0.0149502011069662,0.128691330830155,0.000500351450178458,0.00388799654919114,1.30507551559872
0.1,"without_ssp370",69,9,0.0157044023829589,0.179953564109199,0.0149502011069662,0.128691330830155,0.000754201275992669,0.00586054453806257,1.39833478252469
