"tol","archive","draw","n_stitched","mean_gen","var_gen","mean_target","var_target","bias","E1","E2"
0.1,"with_ssp370",140,10,0.0150149514313387,0.136154477092779,0.0149502011069662,0.128691330830155,6.47503243725017e-05,0.000503144415049667,1.05799261080355
0.1,"without_ssp370",140,9,0.0152608976971166,0.136343276466203,0.0149502011069662,0.128691330830155,0.000310696590150421,0.0024142775441531,1.05945968222325
