"tol","archive","draw","n_stitched","mean_gen","var_gen","mean_target","var_target","bias","E1","E2"
0.1,"with_ssp245",122,10,0.00992382055205892,0.130211386796116,0.0098882021145422,0.126401839364759,3.56184375167237e-05,0.000281787335498649,1.03013838604329
0.1,"without_ssp245",122,9,0.00971735697098001,0.136617253684022,0.0098882021145422,0.126401839364759,0.000170845143562182,0.00135160330277452,1.08081697521651
