"tol","archive","draw","n_stitched","mean_gen","var_gen","mean_target","var_target","bias","E1","E2"
0.1,"with_ssp370",91,10,0.0148553044294961,0.132780257442741,0.0149502011069662,0.128691330830155,9.48966774700875e-05,0.000737397592036177,1.03177313177359
0.1,"without_ssp370",91,8,0.0150757721642061,0.134095881476729,0.0149502011069662,0.128691330830155,0.000125571057239872,0.000975753816747757,1.04199622936301
