"tol","archive","draw","n_stitched","mean_gen","var_gen","mean_target","var_target","bias","E1","E2"
0.1,"with_ssp370",132,10,0.0151571242781787,0.132702081847848,0.0149502011069662,0.128691330830155,0.000206923171212453,0.00160790295568197,1.03116566587524
0.1,"without_ssp370",132,7,0.0152153483914905,0.130925972048698,0.0149502011069662,0.128691330830155,0.000265147284524264,0.002060335244137,1.01736434928544
