"tol","archive","draw","n_stitched","mean_gen","var_gen","mean_target","var_target","bias","E1","E2"
0.1,"with_ssp245",34,10,0.00721971729187523,0.160874211086305,0.0098882021145422,0.126401839364759,0.00266848482266697,0.0211111233513501,1.27272049121112
0.1,"without_ssp245",34,10,-0.0157000544410735,0.176413795096259,0.0098882021145422,0.126401839364759,0.0255882565556157,0.202435792740131,1.39565844913997
