"tol","archive","draw","n_stitched","mean_gen","var_gen","mean_target","var_target","bias","E1","E2"
0.1,"with_ssp370",136,10,0.0149726133994415,0.13324925926903,0.0149502011069662,0.128691330830155,2.24122924753229e-05,0.000174155417701774,1.03541752509258
0.1,"without_ssp370",136,8,0.0154848201192871,0.137192972258548,0.0149502011069662,0.128691330830155,0.000534619012320879,0.00415427370959789,1.06606226987902
