"tol","archive","draw","n_stitched","mean_gen","var_gen","mean_target","var_target","bias","E1","E2"
0.1,"with_ssp370",6,10,0.0150991688057207,0.131475845966462,0.0149502011069662,0.128691330830155,0.000148967698754523,0.00115755814936072,1.02163716171357
0.1,"without_ssp370",6,8,0.0153856496406977,0.134134719046008,0.0149502011069662,0.128691330830155,0.000435448533731453,0.00338366641266731,1.0422980179064
