"tol","archive","draw","n_stitched","mean_gen","var_gen","mean_target","var_target","bias","E1","E2"
0.1,"with_ssp245",15,9,0.0229730555228323,0.176557513743397,0.0098882021145422,0.126401839364759,0.0130848534082901,0.103517903489766,1.39679544720788
0.1,"without_ssp245",15,10,-0.00855818688373976,0.177652504723571,0.0098882021145422,0.126401839364759,0.018446388998282,0.145934498192317,1.40545822447185
