"tol","archive","draw","n_stitched","mean_gen","var_gen","mean_target","var_target","bias","E1","E2"
0.1,"with_ssp245",31,10,0.0100847359876236,0.132490710930504,0.0098882021145422,0.126401839364759,0.000196533873081425,0.00155483396498911,1.04817075128293
0.1,"without_ssp245",31,10,0.0101613689480309,0.137761419476747,0.0098882021145422,0.126401839364759,0.000273166833488679,0.00216109856360871,1.0898687880578
