"tol","archive","draw","n_stitched","mean_gen","var_gen","mean_target","var_target","bias","E1","E2"
0.1,"with_ssp370",178,10,0.00486626148774981,0.157534160723776,0.0149502011069662,0.128691330830155,0.0100839396192164,0.0783575673214929,1.22412410927421
0.1,"without_ssp370",178,8,0.0206381162348987,0.175837465666995,0.0149502011069662,0.128691330830155,0.00568791512793245,0.044198121903326,1.36635051120158
