"tol","archive","draw","n_stitched","mean_gen","var_gen","mean_target","var_target","bias","E1","E2"
0.1,"with_ssp245",92,10,0.00994828612732536,0.133783985549654,0.0098882021145422,0.126401839364759,6.00840127831619e-05,0.000475341285262288,1.05840220539507
0.1,"without_ssp245",92,10,0.0100998832058987,0.132259057761095,0.0098882021145422,0.126401839364759,0.000211681091356539,0.00167466780879421,1.04633807882679
