"tol","archive","draw","n_stitched","mean_gen","var_gen","mean_target","var_target","bias","E1","E2"
0.1,"with_ssp370",47,10,0.0265503781561812,0.169165618830144,0.0149502011069662,0.128691330830155,0.011600177049215,0.0901395375615841,1.31450671726603
0.1,"without_ssp370",47,7,0.01717167542465,0.18034922652147,0.0149502011069662,0.128691330830155,0.00222147431768378,0.0172620354716484,1.40140928963966
