"tol","archive","draw","n_stitched","mean_gen","var_gen","mean_target","var_target","bias","E1","E2"
0.1,"with_ssp370",22,9,0.0160184295214347,0.176492012205715,0.0149502011069662,0.128691330830155,0.0010682284144685,0.00830070221185553,1.37143668549552
0.1,"without_ssp370",22,7,0.0365042188802682,0.170173581265855,0.0149502011069662,0.128691330830155,0.021554017773302,0.167486167360788,1.3223391208103
