"tol","archive","draw","n_stitched","mean_gen","var_gen","mean_target","var_target","bias","E1","E2"
0.1,"with_ssp370",162,10,0.015070067356531,0.132746810771414,0.0149502011069662,0.128691330830155,0.000119866249564759,0.000931424430779698,1.03151323337087
0.1,"without_ssp370",162,7,0.0151356835644513,0.136438117486036,0.0149502011069662,0.128691330830155,0.000185482457485042,0.00144129722094364,1.06019664732588
