"tol","archive","draw","n_stitched","mean_gen","var_gen","mean_target","var_target","bias","E1","E2"
0.1,"with_ssp370",125,10,0.0256891640707099,0.167449189466003,0.0149502011069662,0.128691330830155,0.0107389629637437,0.0834474466498201,1.30116914935785
0.1,"without_ssp370",125,8,0.00429331621647572,0.167327665712945,0.0149502011069662,0.128691330830155,0.0106568848904905,0.0828096564216534,1.30022484524448
