"tol","archive","draw","n_stitched","mean_gen","var_gen","mean_target","var_target","bias","E1","E2"
0.1,"with_ssp245",20,10,0.00741482935049591,0.16262599704832,0.0098882021145422,0.126401839364759,0.00247337276404629,0.0195675377548016,1.28657935569299
0.1,"without_ssp245",20,10,-0.00971130458172575,0.177635065903008,0.0098882021145422,0.126401839364759,0.0195995066962679,0.15505713203832,1.40532026112694
