"tol","archive","draw","n_stitched","mean_gen","var_gen","mean_target","var_target","bias","E1","E2"
0.1,"with_ssp245",117,10,0.014962475094074,0.162045349558663,0.0098882021145422,0.126401839364759,0.0050742729795318,0.0401439805388348,1.28198569239999
0.1,"without_ssp245",117,10,-0.0104217397339813,0.180410228452456,0.0098882021145422,0.126401839364759,0.0203099418485235,0.160677581517742,1.42727534155452
