"tol","archive","draw","n_stitched","mean_gen","var_gen","mean_target","var_target","bias","E1","E2"
0.1,"with_ssp370",8,9,0.0148774600636191,0.135466057357806,0.0149502011069662,0.128691330830155,7.27410433471239e-05,0.000565236546066389,1.05264322378166
0.1,"without_ssp370",8,8,0.0150994825525355,0.131502480519836,0.0149502011069662,0.128691330830155,0.000149281445569319,0.00115999612877062,1.02184412634127
