"tol","archive","draw","n_stitched","mean_gen","var_gen","mean_target","var_target","bias","E1","E2"
0.1,"with_ssp370",148,10,0.0149985157636124,0.13169823133741,0.0149502011069662,0.128691330830155,4.83146566461565e-05,0.000375430546366184,1.02336521417456
0.1,"without_ssp370",148,8,0.0154624277077256,0.137157461164903,0.0149502011069662,0.128691330830155,0.000512226600759383,0.00398027277715708,1.0657863298183
