"tol","archive","draw","n_stitched","mean_gen","var_gen","mean_target","var_target","bias","E1","E2"
0.1,"with_ssp370",77,10,0.0265503321670869,0.163752633263983,0.0149502011069662,0.128691330830155,0.0116001310601207,0.0901391802018924,1.27244494409729
0.1,"without_ssp370",77,8,0.0242513494341965,0.169206734770343,0.0149502011069662,0.128691330830155,0.00930114832723025,0.0722748631724522,1.31482620996172
