"tol","archive","draw","n_stitched","mean_gen","var_gen","mean_target","var_target","bias","E1","E2"
0.1,"with_ssp245",150,10,0.0223581720092963,0.151081381084474,0.0098882021145422,0.126401839364759,0.0124699698947541,0.0986533895188774,1.19524669770427
0.1,"without_ssp245",150,10,-0.0073272847872002,0.167155532578993,0.0098882021145422,0.126401839364759,0.0172154869017424,0.136196490401247,1.32241376722874
