"tol","archive","draw","n_stitched","mean_gen","var_gen","mean_target","var_target","bias","E1","E2"
0.1,"with_ssp370",11,10,0.017826316782625,0.178123586897316,0.0149502011069662,0.128691330830155,0.00287611567565881,0.0223489465615571,1.38411488752417
0.1,"without_ssp370",11,8,0.0353273982056958,0.173328209061114,0.0149502011069662,0.128691330830155,0.0203771970987296,0.158341645604886,1.34685225448379
