"tol","archive","draw","n_stitched","mean_gen","var_gen","mean_target","var_target","bias","E1","E2"
0.1,"with_ssp245",173,10,0.00980999742553204,0.13003672057397,0.0098882021145422,0.126401839364759,7.82046890101563e-05,0.000618698979407098,1.02875655312833
0.1,"without_ssp245",173,10,0.0100312659643046,0.133113839492852,0.0098882021145422,0.126401839364759,0.000143063849762419,0.00113181778430912,1.05310049412117
