"tol","archive","draw","n_stitched","mean_gen","var_gen","mean_target","var_target","bias","E1","E2"
0.1,"with_ssp245",159,10,0.00973214150999368,0.131567784110423,0.0098882021145422,0.126401839364759,0.000156060604548513,0.00123463871517065,1.04086922129951
0.1,"without_ssp245",159,10,0.00988765071092273,0.138650240493893,0.0098882021145422,0.126401839364759,5.51403619463917e-07,4.36230692713835e-06,1.09690049757732
