"tol","archive","draw","n_stitched","mean_gen","var_gen","mean_target","var_target","bias","E1","E2"
0.1,"with_ssp370",118,10,0.00497456603744939,0.152359022132033,0.0149502011069662,0.128691330830155,0.00997563506951682,0.0775159834401161,1.18391053343845
0.1,"without_ssp370",118,8,0.0228159779723361,0.179658924640226,0.0149502011069662,0.128691330830155,0.00786577686536986,0.0611212644599269,1.39604527734146
