"tol","archive","draw","n_stitched","mean_gen","var_gen","mean_target","var_target","bias","E1","E2"
0.1,"with_ssp245",108,10,0.0215089391144028,0.159285415461307,0.0098882021145422,0.126401839364759,0.0116207369998606,0.0919348726115173,1.26015108847946
0.1,"without_ssp245",108,10,-0.011597995289844,0.184532657757437,0.0098882021145422,0.126401839364759,0.0214861974043862,0.169983265373087,1.45988902285614
