"tol","archive","draw","n_stitched","mean_gen","var_gen","mean_target","var_target","bias","E1","E2"
0.1,"with_ssp370",87,10,0.0149323436840875,0.130600097581303,0.0149502011069662,0.128691330830155,1.78574228786848e-05,0.000138761661438195,1.01483213157277
0.1,"without_ssp370",87,9,0.0152177926969742,0.137818228233835,0.0149502011069662,0.128691330830155,0.000267591590007965,0.00207932879613413,1.07092084093625
