"tol","archive","draw","n_stitched","mean_gen","var_gen","mean_target","var_target","bias","E1","E2"
0.1,"with_ssp370",109,10,0.0258775549603168,0.154176428125123,0.0149502011069662,0.128691330830155,0.0109273538533506,0.0849113439332783,1.19803274339126
0.1,"without_ssp370",109,8,0.0124915847926875,0.166280517371962,0.0149502011069662,0.128691330830155,0.00245861631427871,0.019104754752467,1.29208794640112
