"tol","archive","draw","n_stitched","mean_gen","var_gen","mean_target","var_target","bias","E1","E2"
0.1,"with_ssp370",90,9,0.0166866132705783,0.181193107869445,0.0149502011069662,0.128691330830155,0.00173641216361212,0.0134928448747166,1.40796669597411
0.1,"without_ssp370",90,8,0.0280969102876804,0.168186293860924,0.0149502011069662,0.128691330830155,0.0131467091807142,0.102156913724554,1.30689684204831
