"tol","archive","draw","n_stitched","mean_gen","var_gen","mean_target","var_target","bias","E1","E2"
0.1,"with_ssp370",80,10,0.0152662234661309,0.130753170094951,0.0149502011069662,0.128691330830155,0.000316022359164688,0.00245566159838513,1.01602158631429
0.1,"without_ssp370",80,9,0.015339895057513,0.134148636966172,0.0149502011069662,0.128691330830155,0.000389693950546763,0.00302812899698018,1.04240616753913
