"tol","archive","draw","n_stitched","mean_gen","var_gen","mean_target","var_target","bias","E1","E2"
0.1,"with_ssp370",183,10,0.0075519655252525,0.148805604911818,0.0149502011069662,0.128691330830155,0.00739823558171371,0.0574882203330213,1.1562985941004
0.1,"without_ssp370",183,8,0.0271817835382662,0.174002445401313,0.0149502011069662,0.128691330830155,0.0122315824313,0.0950458927761266,1.35209142899422
