"tol","archive","draw","n_stitched","mean_gen","var_gen","mean_target","var_target","bias","E1","E2"
0.1,"with_ssp370",83,10,0.0140486924036752,0.160292008509948,0.0149502011069662,0.128691330830155,0.000901508703290983,0.00700520149629022,1.24555405151182
0.1,"without_ssp370",83,7,0.0434167634626215,0.169359003130677,0.0149502011069662,0.128691330830155,0.0284665623556553,0.221200310634949,1.31600941600483
