"tol","archive","draw","n_stitched","mean_gen","var_gen","mean_target","var_target","bias","E1","E2"
0.1,"with_ssp245",176,10,0.00980241801300234,0.132588763662376,0.0098882021145422,0.126401839364759,8.57841015398549e-05,0.000678661813554048,1.0489464736329
0.1,"without_ssp245",176,10,0.00981424739109634,0.135577239221687,0.0098882021145422,0.126401839364759,7.39547234458529e-05,0.000585076323394639,1.07258913242908
