"tol","archive","draw","n_stitched","mean_gen","var_gen","mean_target","var_target","bias","E1","E2"
0.1,"with_ssp370",143,10,0.0429882078822953,0.157921032266676,0.0149502011069662,0.128691330830155,0.028038006775329,0.217870206131702,1.22713030666454
0.1,"without_ssp370",143,8,0.0224920920127591,0.183131124292746,0.0149502011069662,0.128691330830155,0.00754189090579287,0.0586044985092783,1.42302611303663
