"tol","archive","draw","n_stitched","mean_gen","var_gen","mean_target","var_target","bias","E1","E2"
0.1,"with_ssp245",123,10,0.0230011154228377,0.172836456480239,0.0098882021145422,0.126401839364759,0.0131129133082955,0.103739893139177,1.36735713142182
0.1,"without_ssp245",123,10,-0.0154881547021046,0.173674639088272,0.0098882021145422,0.126401839364759,0.0253763568166468,0.200759395149449,1.3739882264458
