"tol","archive","draw","n_stitched","mean_gen","var_gen","time_period","mean_target","var_target","bias","E1","E2"
0.1,"with_ssp370",180,9,0.0296819122540857,1.10132587045254,"hist+future",0.0331826405707255,1.10039675800057,0.00350072831663973,0.00318133281581143,1.00084434313824
0.1,"without_ssp370",180,8,0.0295549505441994,1.10183077427943,"hist+future",0.0331826405707255,1.10039675800057,0.00362769002652607,0.00329671093644224,1.00130318111938
0.1,"with_ssp370",180,9,-0.661644282071418,0.327120022153185,"hist",-0.657389059898724,0.324704316188475,0.00425522217269392,0.0131049141035254,1.00743971005088
0.1,"without_ssp370",180,8,-0.660173848445605,0.326474210851444,"hist",-0.657389059898724,0.324704316188475,0.00278478854688069,0.00857638290605369,1.00545078883997
0.1,"with_ssp370",180,9,1.35606356415767,0.811107562683276,"future",1.35811671705281,0.812924565528037,0.00205315289514019,0.00252563765717494,0.997764856763086
0.1,"without_ssp370",180,8,1.35287183232696,0.821129982789651,"future",1.35811671705281,0.812924565528037,0.0052448847258455,0.00645187136452036,1.01009370070676
