"tol","archive","draw","n_stitched","mean_gen","var_gen","time_period","mean_target","var_target","bias","E1","E2"
0.1,"with_ssp370",186,10,0.0395286135506682,1.09671123044617,"hist+future",0.0331826405707255,1.10039675800057,0.00634597297994271,0.00576698625636936,0.996650728450797
0.1,"without_ssp370",186,8,0.0299204806991366,1.10576812456792,"hist+future",0.0331826405707255,1.10039675800057,0.00326215987158886,0.00296453060941058,1.00488129988415
0.1,"with_ssp370",186,10,-0.647827628471883,0.326715993841405,"hist",-0.657389059898724,0.324704316188475,0.00956143142684107,0.0294465793959176,1.00619541395859
0.1,"without_ssp370",186,8,-0.663306583635837,0.322255732704846,"hist",-0.657389059898724,0.324704316188475,0.00591752373711352,0.0182243457881191,0.992459036232189
0.1,"with_ssp370",186,10,1.35829349650091,0.81210732113295,"future",1.35811671705281,0.812924565528037,0.000176779448102904,0.000217461072772572,0.998994686063452
0.1,"without_ssp370",186,8,1.35994915064415,0.823268776959716,"future",1.35811671705281,0.812924565528037,0.00183243359133645,0.00225412500623128,1.01272468796039
