"tol","archive","draw","n_stitched","mean_gen","var_gen","time_period","mean_target","var_target","bias","E1","E2"
0.1,"with_ssp370",24,10,0.0358256138393838,1.09912484612737,"hist+future",0.0331826405707255,1.10039675800057,0.00264297326865833,0.00240183665522663,0.998844133387385
0.1,"without_ssp370",24,8,0.0197459643809217,1.10153252098084,"hist+future",0.0331826405707255,1.10039675800057,0.0134366761898037,0.0122107558861026,1.00103213951878
0.1,"with_ssp370",24,10,-0.652323749237934,0.325496865735126,"hist",-0.657389059898724,0.324704316188475,0.0050653106607903,0.0155997638720951,1.00244083465214
0.1,"without_ssp370",24,8,-0.668627742663443,0.326408006380098,"hist",-0.657389059898724,0.324704316188475,0.0112386827647188,0.0346120522715668,1.00524689727449
0.1,"with_ssp370",24,10,1.35611218253424,0.8187849843879,"future",1.35811671705281,0.812924565528037,0.00200453451857152,0.00246583090679449,1.00720905617615
0.1,"without_ssp370",24,8,1.34046296045441,0.826371541968607,"future",1.35811671705281,0.812924565528037,0.0176537565983965,0.0217163527183232,1.01654148122813
