"tol","archive","draw","n_stitched","mean_gen","var_gen","time_period","mean_target","var_target","bias","E1","E2"
0.1,"with_ssp370",178,10,0.0265561773286717,1.10222929582254,"hist+future",0.0331826405707255,1.10039675800057,0.00662646324205376,0.0060218854643793,1.00166534280353
0.1,"without_ssp370",178,8,0.0291505302271051,1.11346483819193,"hist+future",0.0331826405707255,1.10039675800057,0.00403211034362031,0.00366423320888974,1.01187578943353
0.1,"with_ssp370",178,10,-0.664500034532161,0.327539032339204,"hist",-0.657389059898724,0.324704316188475,0.00711097463343691,0.0218998463491607,1.00873014619579
0.1,"without_ssp370",178,8,-0.668173170166778,0.331479775477269,"hist",-0.657389059898724,0.324704316188475,0.0107841102680537,0.0332120939895177,1.02086655135456
0.1,"with_ssp370",178,10,1.3524198396198,0.815679977196283,"future",1.35811671705281,0.812924565528037,0.00569687743300462,0.00700787954329342,1.00338950474015
0.1,"without_ssp370",178,8,1.36703902516886,0.827132755162507,"future",1.35811671705281,0.812924565528037,0.00892230811604855,0.0109755670998244,1.01747786970276
