"tol","archive","draw","n_stitched","mean_gen","var_gen","time_period","mean_target","var_target","bias","E1","E2"
0.1,"with_ssp370",165,10,0.0287676499850312,1.1025685348558,"hist+future",0.0331826405707255,1.10039675800057,0.00441499058569422,0.00401218065538132,1.00197363072858
0.1,"without_ssp370",165,7,0.0133890131691415,1.10324211699923,"hist+future",0.0331826405707255,1.10039675800057,0.019793627401584,0.0179877187547781,1.00258575734431
0.1,"with_ssp370",165,10,-0.662626020756856,0.325267047309702,"hist",-0.657389059898724,0.324704316188475,0.00523696085813197,0.0161283992760114,1.00173305710202
0.1,"without_ssp370",165,7,-0.674512652694694,0.33087110968129,"hist",-0.657389059898724,0.324704316188475,0.0171235927959702,0.0527359568144169,1.01899202808636
0.1,"with_ssp370",165,10,1.35527876245493,0.817159887522952,"future",1.35811671705281,0.812924565528037,0.00283795459787739,0.00349104298014907,1.00520998155858
0.1,"without_ssp370",165,7,1.33320034883813,0.831760781849447,"future",1.35811671705281,0.812924565528037,0.02491636821468,0.0306502832750484,1.02317092768525
