"tol","archive","draw","n_stitched","mean_gen","var_gen","time_period","mean_target","var_target","bias","E1","E2"
0.1,"with_ssp370",136,10,0.0299451700363067,1.10227177619075,"hist+future",0.0331826405707255,1.10039675800057,0.00323747053441873,0.00294209385013204,1.00170394739583
0.1,"without_ssp370",136,8,0.0345758901113835,1.11308444127358,"hist+future",0.0331826405707255,1.10039675800057,0.00139324954065807,0.00126613381085347,1.01153009874008
0.1,"with_ssp370",136,10,-0.662945736148014,0.325627553155114,"hist",-0.657389059898724,0.324704316188475,0.00555667624929013,0.0171130347588751,1.00284331596659
0.1,"without_ssp370",136,8,-0.663224583196638,0.32414632556906,"hist",-0.657389059898724,0.324704316188475,0.0058355232979137,0.0179718069855483,0.99828154233992
0.1,"with_ssp370",136,10,1.35932888538995,0.808560056821527,"future",1.35811671705281,0.812924565528037,0.00121216833713711,0.00149112031858668,0.994631102452076
0.1,"without_ssp370",136,8,1.37337912378375,0.82896035155441,"future",1.35811671705281,0.812924565528037,0.0152624067309413,0.0187746900243167,1.01972604434208
