"tol","archive","draw","n_stitched","mean_gen","var_gen","time_period","mean_target","var_target","bias","E1","E2"
0.1,"with_ssp245",18,9,-0.106537248701604,0.852223251779594,"hist+future",-0.10207901746688,0.855514629199893,0.00445823123472337,0.00521116890647781,0.996152751445786
0.1,"without_ssp245",18,10,-0.119482359120637,0.851807965876527,"hist+future",-0.10207901746688,0.855514629199893,0.0174033416537567,0.0203425412725354,0.995667329117642
0.1,"with_ssp245",18,9,-0.658003763657975,0.328912607851296,"hist",-0.657389059898724,0.324704316188475,0.000614703759250768,0.00189311853463002,1.01296038103903
0.1,"without_ssp245",18,10,-0.669616084350821,0.326419660211702,"hist",-0.657389059898724,0.324704316188475,0.0122270244520969,0.0376558728741989,1.00528278787102
0.1,"with_ssp245",18,9,0.951508971854225,0.456845776407336,"future",0.963341412780262,0.454544331085072,0.0118324409260371,0.026031434376909,1.00506319222323
0.1,"without_ssp245",18,10,0.936006764867507,0.466970265930231,"future",0.963341412780262,0.454544331085072,0.0273346479127551,0.0601363740418955,1.02733712422614
