"tol","archive","draw","n_stitched","mean_gen","var_gen","time_period","mean_target","var_target","bias","E1","E2"
0.1,"with_ssp370",98,10,0.0319551085857714,1.10059361596559,"hist+future",0.0331826405707255,1.10039675800057,0.00122753198495409,0.00111553580654356,1.00017889726009
0.1,"without_ssp370",98,8,0.0168493377151124,1.11110233131793,"hist+future",0.0331826405707255,1.10039675800057,0.016333302855613,0.0148431033959885,1.00972883029645
0.1,"with_ssp370",98,10,-0.657583810217469,0.328147379048117,"hist",-0.657389059898724,0.324704316188475,0.000194750318745274,0.000599777425293696,1.01060368676357
0.1,"without_ssp370",98,8,-0.677815730996411,0.328039048240344,"hist",-0.657389059898724,0.324704316188475,0.0204266710976871,0.0629085296354067,1.01027005766666
0.1,"with_ssp370",98,10,1.35490768535943,0.815958088924062,"future",1.35811671705281,0.812924565528037,0.00320903169337794,0.00394751472578948,1.00373161732916
0.1,"without_ssp370",98,8,1.34963696954536,0.83300964592123,"future",1.35811671705281,0.812924565528037,0.00847974750744762,0.0104311615948518,1.02470718839717
