"tol","archive","draw","n_stitched","mean_gen","var_gen","time_period","mean_target","var_target","bias","E1","E2"
0.1,"with_ssp245",98,10,-0.108117977440729,0.85753354903946,"hist+future",-0.10207901746688,0.855514629199893,0.00603895997384882,0.00705886231249682,1.00235988932352
0.1,"without_ssp245",98,10,-0.115062515535491,0.848651270753878,"hist+future",-0.10207901746688,0.855514629199893,0.0129834980686111,0.0151762431938232,0.991977508961555
0.1,"with_ssp245",98,10,-0.663696773677158,0.328016852847548,"hist",-0.657389059898724,0.324704316188475,0.00630771377843364,0.0194260238129151,1.01020170196059
0.1,"without_ssp245",98,10,-0.662901723770253,0.326627218365548,"hist",-0.657389059898724,0.324704316188475,0.00551266387152916,0.0169774887387987,1.00592200990626
0.1,"with_ssp245",98,10,0.957818085105907,0.459225312512734,"future",0.963341412780262,0.454544331085072,0.00552332767435448,0.0121513509170148,1.01029818459398
0.1,"without_ssp245",98,10,0.936024337473063,0.465022768683068,"future",0.963341412780262,0.454544331085072,0.0273170753071985,0.0600977142141189,1.02305261969274
