"tol","archive","draw","n_stitched","mean_gen","var_gen","time_period","mean_target","var_target","bias","E1","E2"
0.1,"with_ssp245",26,10,-0.102135520338036,0.854492391790438,"hist+future",-0.10207901746688,0.855514629199893,5.65028711556476e-05,6.60454762865844e-05,0.998805119895599
0.1,"without_ssp245",26,10,-0.107579666482605,0.85599352966639,"hist+future",-0.10207901746688,0.855514629199893,0.00550064901572507,0.00642963758652435,1.00055978056967
0.1,"with_ssp245",26,10,-0.656181059158146,0.324320743123052,"hist",-0.657389059898724,0.324704316188475,0.00120800074057814,0.00372031008013135,0.998818700441297
0.1,"without_ssp245",26,10,-0.661836698808845,0.3273539046524,"hist",-0.657389059898724,0.324704316188475,0.00444763891012057,0.0136975047400938,1.00816000383065
0.1,"with_ssp245",26,10,0.960858827398222,0.458090569104198,"future",0.963341412780262,0.454544331085072,0.00248258538204005,0.00546170133969927,1.00780174292497
0.1,"without_ssp245",26,10,0.955820453678202,0.460693130554242,"future",0.963341412780262,0.454544331085072,0.00752095910205919,0.0165461509202093,1.01352739226665
