"tol","archive","draw","n_stitched","mean_gen","var_gen","time_period","mean_target","var_target","bias","E1","E2"
0.1,"with_ssp245",105,10,-0.0997196178904564,0.858550984409948,"hist+future",-0.10207901746688,0.855514629199893,0.00235939957642392,0.00275787169020185,1.0035491563866
0.1,"without_ssp245",105,10,-0.109134422444569,0.855029803910342,"hist+future",-0.10207901746688,0.855514629199893,0.0070554049776885,0.00824697174879051,0.999433293981187
0.1,"with_ssp245",105,10,-0.656575010774311,0.326854871760962,"hist",-0.657389059898724,0.324704316188475,0.000814049124413296,0.00250704743924864,1.00662311975933
0.1,"without_ssp245",105,10,-0.662146090402788,0.327265341792414,"hist",-0.657389059898724,0.324704316188475,0.00475703050406395,0.0146503457665858,1.00788725457672
0.1,"with_ssp245",105,10,0.96866572892159,0.457697470254886,"future",0.963341412780262,0.454544331085072,0.00532431614132822,0.0117135244622196,1.00693692331898
0.1,"without_ssp245",105,10,0.951876335847363,0.463965254421616,"future",0.963341412780262,0.454544331085072,0.0114650769328984,0.0252232315944397,1.02072608256725
