"tol","archive","draw","n_stitched","mean_gen","var_gen","time_period","mean_target","var_target","bias","E1","E2"
0.1,"with_ssp245",23,10,-0.108676240840068,0.858099209169695,"hist+future",-0.10207901746688,0.855514629199893,0.00659722337318784,0.0077114091892944,1.00302108214353
0.1,"without_ssp245",23,10,-0.116712217313559,0.85062266655789,"hist+future",-0.10207901746688,0.855514629199893,0.0146331998466791,0.0171045582941867,0.994281848053752
0.1,"with_ssp245",23,10,-0.664358836551536,0.324879141339477,"hist",-0.657389059898724,0.324704316188475,0.00696977665281251,0.0214649953983577,1.00053841338808
0.1,"without_ssp245",23,10,-0.666152774654331,0.326216665093533,"hist",-0.657389059898724,0.324704316188475,0.00876371475560711,0.026989831421028,1.00465761873082
0.1,"with_ssp245",23,10,0.957458971862168,0.465841646626598,"future",0.963341412780262,0.454544331085072,0.00588244091809387,0.0129414020059419,1.02485415562121
0.1,"without_ssp245",23,10,0.937446991537921,0.465504655197572,"future",0.963341412780262,0.454544331085072,0.0258944212423403,0.0569678675356616,1.02411277264494
