"tol","archive","draw","n_stitched","mean_gen","var_gen","time_period","mean_target","var_target","bias","E1","E2"
0.1,"with_ssp370",96,10,0.0253005489036519,1.10270411835594,"hist+future",0.0331826405707255,1.10039675800057,0.00788209166707352,0.00716295427968664,1.0020968440143
0.1,"without_ssp370",96,8,0.0275415446070641,1.10063756152582,"hist+future",0.0331826405707255,1.10039675800057,0.0056410959636614,0.00512642001409682,1.00021883336487
0.1,"with_ssp370",96,10,-0.665801022631364,0.327460003542875,"hist",-0.657389059898724,0.324704316188475,0.00841196273264033,0.0259065319222846,1.00848675923606
0.1,"without_ssp370",96,8,-0.660668708348587,0.326791242777298,"hist",-0.657389059898724,0.324704316188475,0.00327964844986306,0.0101004153205016,1.00642715998765
0.1,"with_ssp370",96,10,1.35125123847665,0.817398127019374,"future",1.35811671705281,0.812924565528037,0.00686547857616038,0.00844540670474251,1.00550304626166
0.1,"without_ssp370",96,8,1.3479449369057,0.823355004559061,"future",1.35811671705281,0.812924565528037,0.0101717801471117,0.0125125756785374,1.01283075881001
