"tol","archive","draw","n_stitched","mean_gen","var_gen","time_period","mean_target","var_target","bias","E1","E2"
0.1,"with_ssp370",128,10,0.0340342478649296,1.09983297389632,"hist+future",0.0331826405707255,1.10039675800057,0.000851607294204124,0.000773909308631096,0.999487653793824
0.1,"without_ssp370",128,7,0.0346006985164235,1.0997457548901,"hist+future",0.0331826405707255,1.10039675800057,0.00141805794569805,0.00128867877462187,0.999408392376898
0.1,"with_ssp370",128,10,-0.65645079196911,0.322136742555885,"hist",-0.657389059898724,0.324704316188475,0.000938267929614156,0.00288960719902946,0.992092579295745
0.1,"without_ssp370",128,7,-0.654337264366337,0.32585433272862,"hist",-0.657389059898724,0.324704316188475,0.00305179553238666,0.00939869099434835,1.00354173468848
0.1,"with_ssp370",128,10,1.35880205684884,0.81306971677879,"future",1.35811671705281,0.812924565528037,0.000685339796033801,0.000843054601983441,1.00017855439103
0.1,"without_ssp370",128,7,1.35640027846591,0.817094990936532,"future",1.35811671705281,0.812924565528037,0.00171643858690218,0.00211143648462298,1.0051301505519
