"tol","archive","draw","n_stitched","mean_gen","var_gen","time_period","mean_target","var_target","bias","E1","E2"
0.1,"with_ssp370",23,9,0.0256644398225083,1.10288560333087,"hist+future",0.0331826405707255,1.10039675800057,0.00751820074821714,0.00683226362996357,1.00226177086783
0.1,"without_ssp370",23,7,0.0255190239912808,1.10409387280487,"hist+future",0.0331826405707255,1.10039675800057,0.0076636165794447,0.00696441217563156,1.00335980161466
0.1,"with_ssp370",23,9,-0.662620493308097,0.329774126726835,"hist",-0.657389059898724,0.324704316188475,0.00523143340937271,0.0161113762538842,1.01561362225754
0.1,"without_ssp370",23,7,-0.663539299680659,0.329900769577017,"hist",-0.657389059898724,0.324704316188475,0.0061502397819353,0.0189410472091334,1.01600364740925
0.1,"with_ssp370",23,9,1.34621111385216,0.829527690033454,"future",1.35811671705281,0.812924565528037,0.011905603200651,0.0146453972551779,1.02042394240434
0.1,"without_ssp370",23,7,1.3475495287107,0.830431935859513,"future",1.35811671705281,0.812924565528037,0.0105671883421079,0.0129989777529283,1.02153627910125
