"tol","archive","draw","n_stitched","mean_gen","var_gen","time_period","mean_target","var_target","bias","E1","E2"
0.1,"with_ssp370",52,10,0.0274527850188468,1.1012930842294,"hist+future",0.0331826405707255,1.10039675800057,0.00572985555187866,0.0052070814551379,1.00081454822755
0.1,"without_ssp370",52,8,0.0294552835089304,1.11037698233974,"hist+future",0.0331826405707255,1.10039675800057,0.00372735706179506,0.00338728466318611,1.00906965989004
0.1,"with_ssp370",52,10,-0.663292274767963,0.325265705940382,"hist",-0.657389059898724,0.324704316188475,0.00590321486923895,0.0181802784100117,1.00172892605339
0.1,"without_ssp370",52,8,-0.663466023312363,0.327945688667386,"hist",-0.657389059898724,0.324704316188475,0.00607696341363861,0.0187153761458201,1.00998253585588
0.1,"with_ssp370",52,10,1.35271946949354,0.815210087451019,"future",1.35811671705281,0.812924565528037,0.00539724755926874,0.00663929691405369,1.00281148094165
0.1,"without_ssp370",52,8,1.35889732566606,0.83838178046511,"future",1.35811671705281,0.812924565528037,0.000780608613253575,0.000960247292744227,1.03131559312707
