"tol","archive","draw","n_stitched","mean_gen","var_gen","time_period","mean_target","var_target","bias","E1","E2"
0.1,"with_ssp370",115,10,0.0269658946340832,1.10496589129756,"hist+future",0.0331826405707255,1.10039675800057,0.00621674593664223,0.00564954948425883,1.00415225986787
0.1,"without_ssp370",115,8,0.0340799197775144,1.11001492036044,"hist+future",0.0331826405707255,1.10039675800057,0.000897279206788934,0.000815414258779983,1.00874063131314
0.1,"with_ssp370",115,10,-0.667023297638002,0.325327510932875,"hist",-0.657389059898724,0.324704316188475,0.00963423773927796,0.0296708028164484,1.00191926843387
0.1,"without_ssp370",115,8,-0.66137997708911,0.331646107693249,"hist",-0.657389059898724,0.324704316188475,0.0039909171903858,0.0122909274420278,1.02137880883833
0.1,"with_ssp370",115,10,1.35845678678401,0.814232127645345,"future",1.35811671705281,0.812924565528037,0.000340069731205483,0.000418328767054284,1.00160846672958
0.1,"without_ssp370",115,8,1.36839251260301,0.822243547830372,"future",1.35811671705281,0.812924565528037,0.0102757955502057,0.0126405277758227,1.01146352650357
