"tol","archive","draw","n_stitched","mean_gen","var_gen","time_period","mean_target","var_target","bias","E1","E2"
0.1,"with_ssp370",146,10,0.0288422438909647,1.104393790213,"hist+future",0.0331826405707255,1.10039675800057,0.00434039667976079,0.00394439246408478,1.00363235549666
0.1,"without_ssp370",146,9,0.0326295012567774,1.11226918930217,"hist+future",0.0331826405707255,1.10039675800057,0.000553139313948049,0.000502672613242796,1.01078922780831
0.1,"with_ssp370",146,10,-0.664892521991186,0.325716923840228,"hist",-0.657389059898724,0.324704316188475,0.00750346209246211,0.0231085997886974,1.00311855309976
0.1,"without_ssp370",146,9,-0.663960724552972,0.325615552600233,"hist",-0.657389059898724,0.324704316188475,0.00657166465424763,0.0202389199237903,1.00280635755772
0.1,"with_ssp370",146,10,1.35984499238579,0.812880550434158,"future",1.35811671705281,0.812924565528037,0.00172827533298014,0.00212599717891111,0.999945855869357
0.1,"without_ssp370",146,9,1.3691107484499,0.830407866727041,"future",1.35811671705281,0.812924565528037,0.010994031397092,0.0135240486796592,1.02150667102506
