"tol","archive","draw","n_stitched","mean_gen","var_gen","time_period","mean_target","var_target","bias","E1","E2"
0.1,"with_ssp245",190,10,-0.1130192374728,0.8546226015206,"hist+future",-0.10207901746688,0.855514629199893,0.0109402200059195,0.0127878818579071,0.998957320367359
0.1,"without_ssp245",190,10,-0.115763914820503,0.846491570995518,"hist+future",-0.10207901746688,0.855514629199893,0.0136848973536225,0.0159960997585992,0.989453063809308
0.1,"with_ssp245",190,10,-0.664930237011786,0.327698945587377,"hist",-0.657389059898724,0.324704316188475,0.00754117711306213,0.0232247516804946,1.00922263502393
0.1,"without_ssp245",190,10,-0.661205772872637,0.327742804678426,"hist",-0.657389059898724,0.324704316188475,0.00381671297391273,0.0117544263615434,1.00935770896309
0.1,"with_ssp245",190,10,0.945879773270604,0.468511607261794,"future",0.963341412780262,0.454544331085072,0.0174616395096573,0.0384157018699881,1.03072808353671
0.1,"without_ssp245",190,10,0.930723370977196,0.467808991560093,"future",0.963341412780262,0.454544331085072,0.0326180418030656,0.0717598693293588,1.02918232517246
