"tol","archive","draw","n_stitched","mean_gen","var_gen","time_period","mean_target","var_target","bias","E1","E2"
0.1,"with_ssp370",109,10,0.0348975594859489,1.10240584776083,"hist+future",0.0331826405707255,1.10039675800057,0.00171491891522345,0.00155845507791159,1.00182578669525
0.1,"without_ssp370",109,8,0.0385596447563882,1.10412183785548,"hist+future",0.0331826405707255,1.10039675800057,0.00537700418566273,0.00488642314380566,1.00338521522153
0.1,"with_ssp370",109,10,-0.657767876456524,0.326181546885842,"hist",-0.657389059898724,0.324704316188475,0.000378816557800143,0.00116665082326857,1.00454946430866
0.1,"without_ssp370",109,8,-0.655444388474576,0.326503618163046,"hist",-0.657389059898724,0.324704316188475,0.00194467142414767,0.00598905320069378,1.00554135527267
0.1,"with_ssp370",109,10,1.36384868658488,0.809747433343124,"future",1.35811671705281,0.812924565528037,0.00573196953207122,0.00705104726211344,0.996091725702925
0.1,"without_ssp370",109,8,1.37007901083905,0.809819572619708,"future",1.35811671705281,0.812924565528037,0.011962293786244,0.0147151338432907,0.996180466134256
