"tol","archive","draw","n_stitched","mean_gen","var_gen","time_period","mean_target","var_target","bias","E1","E2"
0.1,"with_ssp370",163,10,0.0343373064070671,1.0995851043973,"hist+future",0.0331826405707255,1.10039675800057,0.0011546658363417,0.00104931773739476,0.999262399132521
0.1,"without_ssp370",163,9,0.0368915037809276,1.10873030440844,"hist+future",0.0331826405707255,1.10039675800057,0.00370886321020212,0.00337047813276108,1.00757321970214
0.1,"with_ssp370",163,10,-0.654455106472438,0.32450553981961,"hist",-0.657389059898724,0.324704316188475,0.00293395342628588,0.00903576971420013,0.999387823447503
0.1,"without_ssp370",163,9,-0.656733305630567,0.327010124827916,"hist",-0.657389059898724,0.324704316188475,0.000655754268156783,0.00201954281314865,1.00710125651087
0.1,"with_ssp370",163,10,1.35585763344333,0.818313935361773,"future",1.35811671705281,0.812924565528037,0.00225908360948135,0.00277895847324279,1.00662960631561
0.1,"without_ssp370",163,9,1.36768328927973,0.829448857403354,"future",1.35811671705281,0.812924565528037,0.00956657222691715,0.011768093415535,1.02032696830189
