"tol","archive","draw","n_stitched","mean_gen","var_gen","time_period","mean_target","var_target","bias","E1","E2"
0.1,"with_ssp370",21,10,0.0285597968300235,1.10088863052363,"hist+future",0.0331826405707255,1.10039675800057,0.00462284374070195,0.00420106993872072,1.0004469956127
0.1,"without_ssp370",21,8,0.0222689333651287,1.09728205419014,"hist+future",0.0331826405707255,1.10039675800057,0.0109137072055967,0.00991797469980462,0.997169472021984
0.1,"with_ssp370",21,10,-0.660805489754679,0.324294065247676,"hist",-0.657389059898724,0.324704316188475,0.00341642985595469,0.010521664436304,0.998736539921568
0.1,"without_ssp370",21,8,-0.663954091744366,0.332645260801293,"hist",-0.657389059898724,0.324704316188475,0.00656503184564183,0.0202184926973104,1.02445592564347
0.1,"with_ssp370",21,10,1.3511792420216,0.82088550806585,"future",1.35811671705281,0.812924565528037,0.00693747503120523,0.00853397144752167,1.00979296588564
0.1,"without_ssp370",21,8,1.33885962107521,0.815029299503349,"future",1.35811671705281,0.812924565528037,0.0192570959776031,0.0236886628774646,1.00258908890758
