"tol","archive","draw","n_stitched","mean_gen","var_gen","time_period","mean_target","var_target","bias","E1","E2"
0.1,"with_ssp370",81,10,0.0259391620761789,1.10195861371889,"hist+future",0.0331826405707255,1.10039675800057,0.00724347849454652,0.00658260617534711,1.00141935688829
0.1,"without_ssp370",81,8,0.0216720125619253,1.10378232105946,"hist+future",0.0331826405707255,1.10039675800057,0.0115106280088001,0.0104604343161779,1.00307667487592
0.1,"with_ssp370",81,10,-0.665368824682033,0.328913812360495,"hist",-0.657389059898724,0.324704316188475,0.00797976478330864,0.0245754810930101,1.01296409059612
0.1,"without_ssp370",81,8,-0.671253503689173,0.326618703302734,"hist",-0.657389059898724,0.324704316188475,0.0138644437904488,0.0426986741451296,1.00589578585444
0.1,"with_ssp370",81,10,1.35228588085647,0.812346904249168,"future",1.35811671705281,0.812924565528037,0.00583083619633995,0.00717266575964833,0.999289403588765
0.1,"without_ssp370",81,8,1.35112213095066,0.813548884171738,"future",1.35811671705281,0.812924565528037,0.00699458610214854,0.00860422528578059,1.00076799086923
