"tol","archive","draw","n_stitched","mean_gen","var_gen","time_period","mean_target","var_target","bias","E1","E2"
0.1,"with_ssp245",126,10,-0.110739030546635,0.857592600598253,"hist+future",-0.10207901746688,0.855514629199893,0.00866001307975518,0.0101225774337188,1.00242891392787
0.1,"without_ssp245",126,10,-0.115053288422408,0.847767768427893,"hist+future",-0.10207901746688,0.855514629199893,0.0129742709555275,0.0151654577405199,0.99094479450428
0.1,"with_ssp245",126,10,-0.664942661377361,0.330976590854457,"hist",-0.657389059898724,0.324704316188475,0.00755360147863671,0.0232630153097571,1.01931688109234
0.1,"without_ssp245",126,10,-0.663783213411598,0.325280945498837,"hist",-0.657389059898724,0.324704316188475,0.00639415351287431,0.0196922344240192,1.00177585970255
0.1,"with_ssp245",126,10,0.9525586332565,0.464752894694013,"future",0.963341412780262,0.454544331085072,0.0107827795237614,0.0237221735843039,1.02245889544936
0.1,"without_ssp245",126,10,0.937742497894062,0.456155149978897,"future",0.963341412780262,0.454544331085072,0.0255989148861991,0.056317751945317,1.00354381032534
