"tol","archive","draw","n_stitched","mean_gen","var_gen","time_period","mean_target","var_target","bias","E1","E2"
0.1,"with_ssp370",58,10,0.032538829948283,1.09455573049924,"hist+future",0.0331826405707255,1.10039675800057,0.000643810622442495,0.000585071355183109,0.994691889576311
0.1,"without_ssp370",58,9,0.0269628330219827,1.11708085013746,"hist+future",0.0331826405707255,1.10039675800057,0.00621980754874278,0.00565233176444849,1.01516188776055
0.1,"with_ssp370",58,10,-0.653059059695272,0.323330009275269,"hist",-0.657389059898724,0.324704316188475,0.00433000020345209,0.0133352098742621,0.99576751264246
0.1,"without_ssp370",58,9,-0.671700982775459,0.328089575293946,"hist",-0.657389059898724,0.324704316188475,0.014311922876735,0.0440767866739031,1.01042566709679
0.1,"with_ssp370",58,10,1.3479301298458,0.814543874664265,"future",1.35811671705281,0.812924565528037,0.0101865872070077,0.0125307902343817,1.00199195497946
0.1,"without_ssp370",58,9,1.3674224796101,0.837606553731014,"future",1.35811671705281,0.812924565528037,0.00930576255728899,0.0114472645456893,1.03036196622616
