"tol","archive","draw","n_stitched","mean_gen","var_gen","time_period","mean_target","var_target","bias","E1","E2"
0.1,"with_ssp370",86,10,0.0312915338421688,1.10095880513464,"hist+future",0.0331826405707255,1.10039675800057,0.00189110672855661,0.00171856806629707,1.00051076771172
0.1,"without_ssp370",86,7,0.0243940710252134,1.10573356344045,"hist+future",0.0331826405707255,1.10039675800057,0.00878856954551207,0.0079867279520897,1.00484989200583
0.1,"with_ssp370",86,10,-0.658385872780588,0.323676106947329,"hist",-0.657389059898724,0.324704316188475,0.000996812881863596,0.00306990955206458,0.99683339829536
0.1,"without_ssp370",86,7,-0.668760079743636,0.330546649298896,"hist",-0.657389059898724,0.324704316188475,0.0113710198449125,0.0350196140857955,1.01799277933537
0.1,"with_ssp370",86,10,1.35450981399048,0.820158493983442,"future",1.35811671705281,0.812924565528037,0.0036069030623278,0.00443694681558175,1.00889864664221
0.1,"without_ssp370",86,7,1.35428284866312,0.817086905093866,"future",1.35811671705281,0.812924565528037,0.00383386838968569,0.00471614286523054,1.00512020394306
