"tol","archive","draw","n_stitched","mean_gen","var_gen","time_period","mean_target","var_target","bias","E1","E2"
0.1,"with_ssp245",183,10,-0.110598361977068,0.855831098085476,"hist+future",-0.10207901746688,0.855514629199893,0.00851934451018756,0.00995815175966675,1.00036991639276
0.1,"without_ssp245",183,10,-0.115075898562424,0.8462051592997,"hist+future",-0.10207901746688,0.855514629199893,0.012996881095544,0.0151918864411461,0.989118280877441
0.1,"with_ssp245",183,10,-0.664652484314562,0.328629593974342,"hist",-0.657389059898724,0.324704316188475,0.00726342441583827,0.0223693497551853,1.01208877612698
0.1,"without_ssp245",183,10,-0.662133202822626,0.32899309485147,"hist",-0.657389059898724,0.324704316188475,0.00474414292390202,0.0146106555637784,1.0132082588656
0.1,"with_ssp245",183,10,0.952412454135567,0.459434785431827,"future",0.963341412780262,0.454544331085072,0.0109289586446948,0.0240437684452154,1.01075902615501
0.1,"without_ssp245",183,10,0.934510789843777,0.45382680099653,"future",0.963341412780262,0.454544331085072,0.028830622936485,0.0634275272285577,0.998421429903593
