"tol","archive","draw","n_stitched","mean_gen","var_gen","time_period","mean_target","var_target","bias","E1","E2"
0.1,"with_ssp245",46,10,-0.104666859685883,0.857875051232834,"hist+future",-0.10207901746688,0.855514629199893,0.00258784221900263,0.00302489534448157,1.00275906682642
0.1,"without_ssp245",46,10,-0.122542635192435,0.849188036291669,"hist+future",-0.10207901746688,0.855514629199893,0.0204636177255543,0.0239196584454583,0.992604927265661
0.1,"with_ssp245",46,10,-0.659806569977896,0.329020454747389,"hist",-0.657389059898724,0.324704316188475,0.00241751007917246,0.00744526622728726,1.01329251982105
0.1,"without_ssp245",46,10,-0.668435824234847,0.328875908880686,"hist",-0.657389059898724,0.324704316188475,0.0110467643361227,0.0340209962891612,1.01284735830179
0.1,"with_ssp245",46,10,0.960426770525538,0.462674024566626,"future",0.963341412780262,0.454544331085072,0.00291464225472327,0.00641222880893825,1.01788536986513
0.1,"without_ssp245",46,10,0.924810576342426,0.477504674451441,"future",0.963341412780262,0.454544331085072,0.0385308364378358,0.0847680496770389,1.05051288025429
