"tol","archive","draw","n_stitched","mean_gen","var_gen","time_period","mean_target","var_target","bias","E1","E2"
0.1,"with_ssp370",2,10,0.0260765615253527,1.10170260961782,"hist+future",0.0331826405707255,1.10039675800057,0.00710607904537278,0.00645774262211073,1.00118670980058
0.1,"without_ssp370",2,8,0.0178016950857903,1.10553474339718,"hist+future",0.0331826405707255,1.10039675800057,0.0153809454849351,0.0139776361327003,1.00466921168137
0.1,"with_ssp370",2,10,-0.66453619083739,0.321075445644721,"hist",-0.657389059898724,0.324704316188475,0.00714713093866648,0.0220111978262646,0.988824076666577
0.1,"without_ssp370",2,8,-0.673004608943319,0.331630994056734,"hist",-0.657389059898724,0.324704316188475,0.0156155490445947,0.0480915967730181,1.02133226299412
0.1,"with_ssp370",2,10,1.35108940036085,0.820625582545701,"future",1.35811671705281,0.812924565528037,0.00702731669196033,0.00864448804963313,1.00947322463144
0.1,"without_ssp370",2,8,1.34318588304862,0.826608931997524,"future",1.35811671705281,0.812924565528037,0.0149308340041927,0.0183668136470871,1.01683350097878
