"tol","archive","draw","n_stitched","mean_gen","var_gen","time_period","mean_target","var_target","bias","E1","E2"
0.1,"with_ssp370",107,9,0.0357538931965982,1.10225120653099,"hist+future",0.0331826405707255,1.10039675800057,0.00257125262587277,0.00233665957953634,1.00168525444748
0.1,"without_ssp370",107,8,0.0293597520544822,1.11139922709466,"hist+future",0.0331826405707255,1.10039675800057,0.00382288851624326,0.00347410012656659,1.00999863823124
0.1,"with_ssp370",107,9,-0.656002629584292,0.32739721099637,"hist",-0.657389059898724,0.324704316188475,0.0013864303144322,0.00426982409937366,1.0082933754608
0.1,"without_ssp370",107,8,-0.664846510724199,0.330347301854827,"hist",-0.657389059898724,0.324704316188475,0.00745745082547511,0.0229668977395004,1.01737884402829
0.1,"with_ssp370",107,9,1.36296117527621,0.812506191081654,"future",1.35811671705281,0.812924565528037,0.00484445822340418,0.00595929613746812,0.999485346532601
0.1,"without_ssp370",107,8,1.361267116688,0.834558802286423,"future",1.35811671705281,0.812924565528037,0.00315039963519004,0.00387538988090941,1.0266128465983
