"tol","archive","draw","n_stitched","mean_gen","var_gen","time_period","mean_target","var_target","bias","E1","E2"
0.1,"with_ssp245",198,10,-0.101417347666072,0.858479332242728,"hist+future",-0.10207901746688,0.855514629199893,0.000661669800808257,0.000773417283848288,1.00346540309382
0.1,"without_ssp245",198,10,-0.113147695277917,0.853701487258254,"hist+future",-0.10207901746688,0.855514629199893,0.011068677811037,0.0129380345271112,0.997880641803478
0.1,"with_ssp245",198,10,-0.65753490733181,0.328314952509272,"hist",-0.657389059898724,0.324704316188475,0.000145847433085766,0.000449169985782107,1.01111976694114
0.1,"without_ssp245",198,10,-0.665357590272784,0.328615394790732,"hist",-0.657389059898724,0.324704316188475,0.00796853037405965,0.0245408822019917,1.01204504654625
0.1,"with_ssp245",198,10,0.965552388901913,0.460320523587077,"future",0.963341412780262,0.454544331085072,0.00221097612165144,0.00486415948995223,1.01270765491281
0.1,"without_ssp245",198,10,0.946324777677349,0.4603283991034,"future",0.963341412780262,0.454544331085072,0.0170166351029122,0.0374366897554099,1.01272498109155
