"tol","archive","draw","n_stitched","mean_gen","var_gen","time_period","mean_target","var_target","bias","E1","E2"
0.1,"with_ssp245",170,10,-0.101063116523652,0.860297449633872,"hist+future",-0.10207901746688,0.855514629199893,0.00101590094322795,0.00118747349087187,1.005590577029
0.1,"without_ssp245",170,10,-0.114921043037074,0.851782170161737,"hist+future",-0.10207901746688,0.855514629199893,0.0128420255701941,0.0150108778177228,0.995637176839809
0.1,"with_ssp245",170,10,-0.65968101819313,0.326459715622651,"hist",-0.657389059898724,0.324704316188475,0.00229195829440565,0.00705860125701341,1.00540614752148
0.1,"without_ssp245",170,10,-0.664158781454282,0.330756145240214,"hist",-0.657389059898724,0.324704316188475,0.00676972155555799,0.0208488807140725,1.01863796922313
0.1,"with_ssp245",170,10,0.970703787842205,0.455772694355744,"future",0.963341412780262,0.454544331085072,0.00736237506194359,0.0161972651696445,1.00270240587478
0.1,"without_ssp245",170,10,0.938849036484312,0.466887911097609,"future",0.963341412780262,0.454544331085072,0.0244923762959492,0.0538833610298954,1.02715594314656
