"tol","archive","draw","n_stitched","mean_gen","var_gen","time_period","mean_target","var_target","bias","E1","E2"
0.1,"with_ssp370",191,10,0.0322389221385893,1.10064982805973,"hist+future",0.0331826405707255,1.10039675800057,0.000943718432136149,0.000857616514475097,1.0002299807386
0.1,"without_ssp370",191,8,0.0293476468150224,1.10731339378323,"hist+future",0.0331826405707255,1.10039675800057,0.00383499375570303,0.00348510092184498,1.00628558357008
0.1,"with_ssp370",191,10,-0.65684405251339,0.324948789909604,"hist",-0.657389059898724,0.324704316188475,0.000545007385333585,0.00167847286950517,1.00075291183067
0.1,"without_ssp370",191,8,-0.664668466743257,0.327887180928288,"hist",-0.657389059898724,0.324704316188475,0.00727940684453254,0.0224185712403872,1.00980234810912
0.1,"with_ssp370",191,10,1.35431672234297,0.820781995574334,"future",1.35811671705281,0.812924565528037,0.00379999470983972,0.00467447395610615,1.00966563243318
0.1,"without_ssp370",191,8,1.36089019026986,0.821336958441317,"future",1.35811671705281,0.812924565528037,0.00277347321705146,0.0034117227288487,1.01034830692786
