"tol","archive","draw","n_stitched","mean_gen","var_gen","time_period","mean_target","var_target","bias","E1","E2"
0.1,"with_ssp370",5,9,0.0273016415607435,1.09979902504577,"hist+future",0.0331826405707255,1.10039675800057,0.00588099900998192,0.00534443505692231,0.999456802330197
0.1,"without_ssp370",5,7,0.0204636494666304,1.09378816206388,"hist+future",0.0331826405707255,1.10039675800057,0.012718991104095,0.0115585501425917,0.993994351683934
0.1,"with_ssp370",5,9,-0.662124126369209,0.327009052099396,"hist",-0.657389059898724,0.324704316188475,0.00473506647048461,0.0145827025832824,1.00709795280203
0.1,"without_ssp370",5,7,-0.662926198155722,0.329884349046109,"hist",-0.657389059898724,0.324704316188475,0.00553713825699809,0.0170528631155739,1.01595307668971
0.1,"with_ssp370",5,9,1.35003712654263,0.814205315213234,"future",1.35811671705281,0.812924565528037,0.00807959051018003,0.00993891789323886,1.00157548404798
0.1,"without_ssp370",5,7,1.33161858967231,0.816757712354957,"future",1.35811671705281,0.812924565528037,0.0264981273805018,0.0325960470431717,1.00471525525179
