"tol","archive","draw","n_stitched","mean_gen","var_gen","time_period","mean_target","var_target","bias","E1","E2"
0.1,"with_ssp370",51,10,0.0197735584240203,1.1043924997184,"hist+future",0.0331826405707255,1.10039675800057,0.0134090821467051,0.0121856794371782,1.00363118274275
0.1,"without_ssp370",51,7,0.033560325147097,1.10286457634621,"hist+future",0.0331826405707255,1.10039675800057,0.000377684576371572,0.00034322581707513,1.00224266231947
0.1,"with_ssp370",51,10,-0.671893122396535,0.323292582566169,"hist",-0.657389059898724,0.324704316188475,0.0145040624978108,0.044668523868318,0.995652248670799
0.1,"without_ssp370",51,7,-0.656209190776167,0.332199638367996,"hist",-0.657389059898724,0.324704316188475,0.00117986912255708,0.00363367243283646,1.02308353109532
0.1,"with_ssp370",51,10,1.34680846930067,0.824529747902743,"future",1.35811671705281,0.812924565528037,0.011308247752142,0.013910574525198,1.01427584165471
0.1,"without_ssp370",51,7,1.35695532662778,0.820528810877436,"future",1.35811671705281,0.812924565528037,0.00116139042503072,0.0014286570664479,1.00935418324388
