"tol","archive","draw","n_stitched","mean_gen","var_gen","time_period","mean_target","var_target","bias","E1","E2"
0.1,"with_ssp370",34,10,0.0278662423161589,1.10139612300765,"hist+future",0.0331826405707255,1.10039675800057,0.00531639825456653,0.00483134670827862,1.00090818606998
0.1,"without_ssp370",34,9,0.0317619784054096,1.10538296947768,"hist+future",0.0331826405707255,1.10039675800057,0.0014206621653159,0.00129104539338815,1.00453128513952
0.1,"with_ssp370",34,10,-0.663933337913798,0.318827330360394,"hist",-0.657389059898724,0.324704316188475,0.00654427801507429,0.0201545766064768,0.981900499823755
0.1,"without_ssp370",34,9,-0.661968401294891,0.327865059258061,"hist",-0.657389059898724,0.324704316188475,0.00457934139616711,0.0141031121788632,1.00973421944829
0.1,"with_ssp370",34,10,1.35515613461782,0.815486220527602,"future",1.35811671705281,0.812924565528037,0.00296058243498765,0.00364189072458967,1.00315115953951
0.1,"without_ssp370",34,9,1.36275631155134,0.815131938811501,"future",1.35811671705281,0.812924565528037,0.00463959449852669,0.00570728785334839,1.0027153482341
