"tol","archive","draw","n_stitched","mean_gen","var_gen","time_period","mean_target","var_target","bias","E1","E2"
0.1,"with_ssp245",142,10,-0.100276674122881,0.856594083541686,"hist+future",-0.10207901746688,0.855514629199893,0.00180234334399899,0.00210673585521806,1.00126176023758
0.1,"without_ssp245",142,10,-0.112974988789394,0.850145402148995,"hist+future",-0.10207901746688,0.855514629199893,0.0108959713225142,0.0127361601434034,0.993723979850679
0.1,"with_ssp245",142,10,-0.654584438181169,0.3272038798522,"hist",-0.657389059898724,0.324704316188475,0.00280462171755524,0.00863746361759878,1.00769796870293
0.1,"without_ssp245",142,10,-0.662304167495746,0.324600255643197,"hist",-0.657389059898724,0.324704316188475,0.00491510759702252,0.0151371797416131,0.999679522137251
0.1,"with_ssp245",142,10,0.963220780174996,0.463805422731844,"future",0.963341412780262,0.454544331085072,0.000120632605265736,0.000265392387531852,1.02037445198066
0.1,"without_ssp245",142,10,0.940970528496048,0.465863975777605,"future",0.963341412780262,0.454544331085072,0.0223708842842133,0.0492160670683326,1.02490327987484
