"tol","archive","draw","n_stitched","mean_gen","var_gen","time_period","mean_target","var_target","bias","E1","E2"
0.1,"with_ssp245",69,10,-0.101933286204658,0.852320668451907,"hist+future",-0.10207901746688,0.855514629199893,0.000145731262222504,0.000170343390105201,0.99626662053579
0.1,"without_ssp245",69,10,-0.118395009675719,0.848005911977426,"hist+future",-0.10207901746688,0.855514629199893,0.0163159922088383,0.0190715525508869,0.991223157423399
0.1,"with_ssp245",69,10,-0.654012210828286,0.325701076913434,"hist",-0.657389059898724,0.324704316188475,0.00337684907043823,0.0103997665016505,1.00306974892314
0.1,"without_ssp245",69,10,-0.66528428038844,0.324679909881552,"hist",-0.657389059898724,0.324704316188475,0.00789522048971636,0.0243151079184718,0.999924835286425
0.1,"with_ssp245",69,10,0.957287906387187,0.457704063351595,"future",0.963341412780262,0.454544331085072,0.00605350639307489,0.0133177469810792,1.00695142816759
0.1,"without_ssp245",69,10,0.930869288784736,0.470438834166784,"future",0.963341412780262,0.454544331085072,0.0324721239955257,0.0714388493593339,1.03496799320711
