"tol","archive","draw","n_stitched","mean_gen","var_gen","time_period","mean_target","var_target","bias","E1","E2"
0.1,"with_ssp370",120,10,0.0302291707285007,1.10440242202664,"hist+future",0.0331826405707255,1.10039675800057,0.00295346984222471,0.00268400449269877,1.00364019977062
0.1,"without_ssp370",120,7,0.0374666459224523,1.10278903313199,"hist+future",0.0331826405707255,1.10039675800057,0.0042840053517268,0.00389314610442043,1.0021740114318
0.1,"with_ssp370",120,10,-0.661745182196696,0.326994652594889,"hist",-0.657389059898724,0.324704316188475,0.00435612229797222,0.0134156587417942,1.00705360628802
0.1,"without_ssp370",120,7,-0.653512635363407,0.323989232089722,"hist",-0.657389059898724,0.324704316188475,0.00387642453531689,0.0119383215499569,0.99779773762435
0.1,"with_ssp370",120,10,1.35785438273615,0.820308045853352,"future",1.35811671705281,0.812924565528037,0.00026233431666256,0.000322704378471033,1.00908261435121
0.1,"without_ssp370",120,7,1.36318270885462,0.820826682718131,"future",1.35811671705281,0.812924565528037,0.00506599180181566,0.00623181044913439,1.00972060327019
