"tol","archive","draw","n_stitched","mean_gen","var_gen","time_period","mean_target","var_target","bias","E1","E2"
0.1,"with_ssp245",77,10,-0.106734414626813,0.855505345440395,"hist+future",-0.10207901746688,0.855514629199893,0.00465539715993228,0.00544163360980299,0.999989148333435
0.1,"without_ssp245",77,10,-0.111220943882313,0.852810788723854,"hist+future",-0.10207901746688,0.855514629199893,0.00914192641543288,0.010685879707262,0.996839515791136
0.1,"with_ssp245",77,10,-0.661269769703502,0.323937413311217,"hist",-0.657389059898724,0.324704316188475,0.00388070980477784,0.0119515190014452,0.997638150036747
0.1,"without_ssp245",77,10,-0.661743386466766,0.329151097565959,"hist",-0.657389059898724,0.324704316188475,0.00435432656804202,0.0134101283874359,1.0136948637754
0.1,"with_ssp245",77,10,0.957199696857533,0.460802748844409,"future",0.963341412780262,0.454544331085072,0.00614171592272861,0.0135118084259621,1.01376855310107
0.1,"without_ssp245",77,10,0.945013975029719,0.466066699571421,"future",0.963341412780262,0.454544331085072,0.0183274377505431,0.0403204627077683,1.02534927332356
