"tol","archive","draw","n_stitched","mean_gen","var_gen","time_period","mean_target","var_target","bias","E1","E2"
0.1,"with_ssp370",140,10,0.0353768151983954,1.09776934963453,"hist+future",0.0331826405707255,1.10039675800057,0.00219417462766994,0.00199398499833529,0.99761230815436
0.1,"without_ssp370",140,9,0.0289461908502562,1.10363713822278,"hist+future",0.0331826405707255,1.10039675800057,0.00423644972046926,0.00384992930019797,1.00294473806711
0.1,"with_ssp370",140,10,-0.652616339645169,0.328251363996619,"hist",-0.657389059898724,0.324704316188475,0.00477272025355469,0.0146986658803277,1.01092393180904
0.1,"without_ssp370",140,9,-0.663129100403983,0.325457812855189,"hist",-0.657389059898724,0.324704316188475,0.00574004050525934,0.0176777462419918,1.00232056252149
0.1,"with_ssp370",140,10,1.35536368204942,0.812070943206265,"future",1.35811671705281,0.812924565528037,0.00275303500338797,0.00338658114187966,0.998949936614085
0.1,"without_ssp370",140,9,1.35676506360548,0.817957274012642,"future",1.35811671705281,0.812924565528037,0.00135165344732524,0.00166270464030973,1.0061908677607
