"tol","archive","draw","n_stitched","mean_gen","var_gen","time_period","mean_target","var_target","bias","E1","E2"
0.1,"with_ssp245",175,10,-0.107360229727248,0.857769007570563,"hist+future",-0.10207901746688,0.855514629199893,0.00528121226036801,0.00617314079749541,1.00263511375928
0.1,"without_ssp245",175,10,-0.111686053799185,0.85091401747368,"hist+future",-0.10207901746688,0.855514629199893,0.00960703633230514,0.0112295406816012,0.994622404376048
0.1,"with_ssp245",175,10,-0.66282262058524,0.327322111159052,"hist",-0.657389059898724,0.324704316188475,0.00543356068651579,0.0167338726823757,1.00806208861436
0.1,"without_ssp245",175,10,-0.660784302416381,0.326219083178233,"hist",-0.657389059898724,0.324704316188475,0.00339524251765699,0.0104564132608765,1.00466506576672
0.1,"with_ssp245",175,10,0.958352496918898,0.462240874964116,"future",0.963341412780262,0.454544331085072,0.00498891586136341,0.0109756420225373,1.01693243838433
0.1,"without_ssp245",175,10,0.941816399943108,0.469305533855604,"future",0.963341412780262,0.454544331085072,0.0215250128371532,0.0473551452853223,1.03247472636012
