"tol","archive","draw","n_stitched","mean_gen","var_gen","time_period","mean_target","var_target","bias","E1","E2"
0.1,"with_ssp245",116,10,-0.10580334829287,0.854298495020221,"hist+future",-0.10207901746688,0.855514629199893,0.00372433082598989,0.00435332219797692,0.998578476465319
0.1,"without_ssp245",116,9,-0.119268024079833,0.842047106462466,"hist+future",-0.10207901746688,0.855514629199893,0.0171890066129532,0.020092007811753,0.9842579866226
0.1,"with_ssp245",116,10,-0.659042895207026,0.325743844203545,"hist",-0.657389059898724,0.324704316188475,0.00165383530830154,0.00509335794397501,1.00320146041565
0.1,"without_ssp245",116,9,-0.66329512790458,0.32493262609309,"hist",-0.657389059898724,0.324704316188475,0.00590606800585625,0.0181890652861789,1.00070313172087
0.1,"with_ssp245",116,10,0.955644619623823,0.460550324888294,"future",0.963341412780262,0.454544331085072,0.00769679315643834,0.016932986795952,1.01321321902505
0.1,"without_ssp245",116,9,0.924504907676948,0.457204837672919,"future",0.963341412780262,0.454544331085072,0.0388365051033136,0.0854405224031822,1.00585312895993
