"tol","archive","draw","n_stitched","mean_gen","var_gen","time_period","mean_target","var_target","bias","E1","E2"
0.1,"with_ssp370",91,10,0.0260405639974534,1.10393716511324,"hist+future",0.0331826405707255,1.10039675800057,0.00714207657327208,0.00649045584816995,1.00321739144261
0.1,"without_ssp370",91,8,0.0301154441625741,1.1025530425788,"hist+future",0.0331826405707255,1.10039675800057,0.0030671964081514,0.00278735500250338,1.00195955191848
0.1,"with_ssp370",91,10,-0.665153510705326,0.329036276567373,"hist",-0.657389059898724,0.324704316188475,0.00776445080660237,0.0239123732562135,1.01334124667559
0.1,"without_ssp370",91,8,-0.660274878518987,0.322974366343138,"hist",-0.657389059898724,0.324704316188475,0.00288581862026338,0.0088875277487482,0.994672230213495
0.1,"with_ssp370",91,10,1.35216873057837,0.820599554376082,"future",1.35811671705281,0.812924565528037,0.0059479864744405,0.00731677541393643,1.00944120669186
0.1,"without_ssp370",91,8,1.3547015283772,0.82349858639565,"future",1.35811671705281,0.812924565528037,0.00341518867561086,0.004201113879973,1.01300738262319
