"tol","archive","draw","n_stitched","mean_gen","var_gen","time_period","mean_target","var_target","bias","E1","E2"
0.1,"with_ssp245",177,10,-0.111940265406518,0.855260683820421,"hist+future",-0.10207901746688,0.855514629199893,0.00986124793963807,0.0115266853459428,0.999703166525967
0.1,"without_ssp245",177,10,-0.109554695532117,0.852867641974685,"hist+future",-0.10207901746688,0.855514629199893,0.00747567806523668,0.00873822353245811,0.996905970821699
0.1,"with_ssp245",177,10,-0.665751174380067,0.324232643878457,"hist",-0.657389059898724,0.324704316188475,0.00836211448134283,0.0257530130165841,0.998547378995283
0.1,"without_ssp245",177,10,-0.66153889359175,0.325172363372668,"hist",-0.657389059898724,0.324704316188475,0.00414983369302568,0.0127803465680355,1.00144145661409
0.1,"with_ssp245",177,10,0.950603920414825,0.463951164055536,"future",0.963341412780262,0.454544331085072,0.012737492365437,0.0280225524648618,1.02069508368525
0.1,"without_ssp245",177,10,0.949484754233457,0.462021838762636,"future",0.963341412780262,0.454544331085072,0.0138566585468043,0.0304847241494051,1.01645055755005
