"tol","archive","draw","n_stitched","mean_gen","var_gen","time_period","mean_target","var_target","bias","E1","E2"
0.1,"with_ssp245",70,10,-0.10688962070824,0.855987508396626,"hist+future",-0.10207901746688,0.855514629199893,0.00481060324135991,0.00562305199369759,1.00055274238522
0.1,"without_ssp245",70,10,-0.116976097281459,0.853327376775548,"hist+future",-0.10207901746688,0.855514629199893,0.0148970798145783,0.017413004180315,0.997443348892361
0.1,"with_ssp245",70,10,-0.661514708295249,0.328818272531335,"hist",-0.657389059898724,0.324704316188475,0.00412564839652485,0.0127058625057824,1.01266985419582
0.1,"without_ssp245",70,10,-0.667677235172027,0.3261632356192,"hist",-0.657389059898724,0.324704316188475,0.0102881752733032,0.0316847505880747,1.00449307064301
0.1,"with_ssp245",70,10,0.957216651987765,0.45615286437853,"future",0.963341412780262,0.454544331085072,0.00612476079249702,0.0134745070472581,1.00353878199211
0.1,"without_ssp245",70,10,0.939601667276027,0.471643942383305,"future",0.963341412780262,0.454544331085072,0.0237397455042342,0.0522275691956459,1.0376192378363
