"tol","archive","draw","n_stitched","mean_gen","var_gen","time_period","mean_target","var_target","bias","E1","E2"
0.1,"with_ssp245",71,9,-0.111911970360836,0.854900899265162,"hist+future",-0.10207901746688,0.855514629199893,0.00983295289395619,0.0114936116325121,0.999282619006405
0.1,"without_ssp245",71,10,-0.118095421973844,0.843124890040608,"hist+future",-0.10207901746688,0.855514629199893,0.0160164045069638,0.0187213683557263,0.985517793926129
0.1,"with_ssp245",71,9,-0.665049904080367,0.326563386627914,"hist",-0.657389059898724,0.324704316188475,0.00766084418164337,0.023593293343217,1.00572542570811
0.1,"without_ssp245",71,10,-0.662148375506254,0.325823285277823,"hist",-0.657389059898724,0.324704316188475,0.00475931560753018,0.0146573832568571,1.00344611707809
0.1,"with_ssp245",71,9,0.949341042008031,0.463319567025768,"future",0.963341412780262,0.454544331085072,0.0140003707722308,0.0308008918267875,1.01930556678542
0.1,"without_ssp245",71,10,0.925727105152292,0.461651305848686,"future",0.963341412780262,0.454544331085072,0.03761430762797,0.0827516813116522,1.01563538312456
