"tol","archive","draw","n_stitched","mean_gen","var_gen","time_period","mean_target","var_target","bias","E1","E2"
0.1,"with_ssp370",60,9,0.0258671243906751,1.10204420767773,"hist+future",0.0331826405707255,1.10039675800057,0.00731551618005032,0.00664807136776979,1.00149714152207
0.1,"without_ssp370",60,9,0.0281509927124846,1.1086384905503,"hist+future",0.0331826405707255,1.10039675800057,0.00503164785824084,0.00457257604737346,1.00748978265321
0.1,"with_ssp370",60,9,-0.664800125089546,0.328236600022804,"hist",-0.657389059898724,0.324704316188475,0.00741106519082224,0.0228240427408439,1.01087846282979
0.1,"without_ssp370",60,9,-0.666403761385351,0.325608504685604,"hist",-0.657389059898724,0.324704316188475,0.0090147014866272,0.0277628015310847,1.00278465191884
0.1,"with_ssp370",60,9,1.35098452164924,0.816223010260081,"future",1.35811671705281,0.812924565528037,0.00713219540356924,0.00877350212554655,1.00405750406854
0.1,"without_ssp370",60,9,1.36072697441182,0.825777627325379,"future",1.35811671705281,0.812924565528037,0.0026102573590121,0.00321094658680489,1.0158108911237
