"tol","archive","draw","n_stitched","mean_gen","var_gen","time_period","mean_target","var_target","bias","E1","E2"
0.1,"with_ssp245",56,10,-0.104860395225808,0.856981206222233,"hist+future",-0.10207901746688,0.855514629199893,0.00278137775892781,0.0032511165373397,1.00171426293868
0.1,"without_ssp245",56,10,-0.114268819822398,0.853527996995165,"hist+future",-0.10207901746688,0.855514629199893,0.012189802355518,0.0142485025263897,0.997677851275804
0.1,"with_ssp245",56,10,-0.658962700957187,0.326264497159051,"hist",-0.657389059898724,0.324704316188475,0.00157364105846258,0.00484638170793258,1.00480492833877
0.1,"without_ssp245",56,10,-0.665475222472748,0.328279130533114,"hist",-0.657389059898724,0.324704316188475,0.00808616257402439,0.0249031570289653,1.01100944510563
0.1,"with_ssp245",56,10,0.958242865770441,0.468516977165149,"future",0.963341412780262,0.454544331085072,0.00509854700982026,0.0112168311452685,1.03073989735329
0.1,"without_ssp245",56,10,0.943278348053273,0.466549778186923,"future",0.963341412780262,0.454544331085072,0.0200630647269883,0.0441388514935263,1.02641204890443
