"tol","archive","draw","n_stitched","mean_gen","var_gen","time_period","mean_target","var_target","bias","E1","E2"
0.1,"with_ssp245",176,10,-0.111835318314956,0.855695691811737,"hist+future",-0.10207901746688,0.855514629199893,0.00975630084807524,0.0114040140461417,1.00021164174833
0.1,"without_ssp245",176,10,-0.114997485891678,0.854427621693703,"hist+future",-0.10207901746688,0.855514629199893,0.0129184684247973,0.0151002308831108,0.998729410966115
0.1,"with_ssp245",176,10,-0.665113556166954,0.331743915098725,"hist",-0.657389059898724,0.324704316188475,0.00772449626822957,0.0237893242655447,1.02168002875011
0.1,"without_ssp245",176,10,-0.666777135912074,0.330076671335391,"hist",-0.657389059898724,0.324704316188475,0.00938807601335045,0.0289126923951979,1.01654537645196
0.1,"with_ssp245",176,10,0.949686882215041,0.45964332764885,"future",0.963341412780262,0.454544331085072,0.013654530565221,0.0300400414908386,1.01121782016642
0.1,"without_ssp245",176,10,0.943649517054433,0.465123797125999,"future",0.963341412780262,0.454544331085072,0.0196918957258289,0.0433222776727213,1.02327488281654
