"tol","archive","draw","n_stitched","mean_gen","var_gen","time_period","mean_target","var_target","bias","E1","E2"
0.1,"with_ssp370",133,10,0.0266574546694887,1.10424203520066,"hist+future",0.0331826405707255,1.10039675800057,0.00652518590123675,0.00592984835132834,1.00349444613693
0.1,"without_ssp370",133,9,0.0313655785476164,1.10883112778718,"hist+future",0.0331826405707255,1.10039675800057,0.00181706202310902,0.00165127896815202,1.00766484427119
0.1,"with_ssp370",133,10,-0.666167751765092,0.324122473197551,"hist",-0.657389059898724,0.324704316188475,0.00877869186636826,0.0270359568034589,0.998208083595088
0.1,"without_ssp370",133,9,-0.661154253546834,0.324123716200807,"hist",-0.657389059898724,0.324704316188475,0.00376519364811023,0.0115957610059138,0.99821191170329
0.1,"with_ssp370",133,10,1.3559151181777,0.817835630876042,"future",1.35811671705281,0.812924565528037,0.00220159887511207,0.00270824498172473,1.00604123132239
0.1,"without_ssp370",133,9,1.3600373494265,0.837158578809485,"future",1.35811671705281,0.812924565528037,0.00192063237369577,0.002362620660194,1.02981090043171
