"tol","archive","draw","n_stitched","mean_gen","var_gen","time_period","mean_target","var_target","bias","E1","E2"
0.1,"with_ssp245",96,10,-0.10977042357872,0.858320998505373,"hist+future",-0.10207901746688,0.855514629199893,0.00769140611183948,0.00899038525972695,1.00328032883331
0.1,"without_ssp245",96,10,-0.118308443041644,0.85134175254257,"hist+future",-0.10207901746688,0.855514629199893,0.0162294255747642,0.0189703659304371,0.995122378373325
0.1,"with_ssp245",96,10,-0.665139364587965,0.329168890928202,"hist",-0.657389059898724,0.324704316188475,0.00775030468924087,0.0238688071049299,1.01374966243792
0.1,"without_ssp245",96,10,-0.669156880378781,0.326706254397805,"hist",-0.657389059898724,0.324704316188475,0.0117678204800573,0.0362416509216547,1.00616541915066
0.1,"with_ssp245",96,10,0.955763009752971,0.463344359209394,"future",0.963341412780262,0.454544331085072,0.00757840302729029,0.0166725278680726,1.0193601097242
0.1,"without_ssp245",96,10,0.938551930919141,0.459316071768442,"future",0.963341412780262,0.454544331085072,0.0247894818611204,0.0545369948888017,1.01049785545005
