"tol","archive","draw","n_stitched","mean_gen","var_gen","time_period","mean_target","var_target","bias","E1","E2"
0.1,"with_ssp370",200,10,0.0347184066920373,1.09888746488221,"hist+future",0.0331826405707255,1.10039675800057,0.00153576612131183,0.00139564762450075,0.998628410064469
0.1,"without_ssp370",200,8,0.0220253241540344,1.10085315826517,"hist+future",0.0331826405707255,1.10039675800057,0.011157316416691,0.0101393577685233,1.00041475973214
0.1,"with_ssp370",200,10,-0.653645576153949,0.326210489816648,"hist",-0.657389059898724,0.324704316188475,0.00374348374477473,0.0115289004738755,1.00463860057622
0.1,"without_ssp370",200,8,-0.66718629505732,0.325529365755547,"hist",-0.657389059898724,0.324704316188475,0.00979723515859632,0.0301727900435715,1.00254092577751
0.1,"with_ssp370",200,10,1.35541674587329,0.816293972985294,"future",1.35811671705281,0.812924565528037,0.00269997117951792,0.00332130592924591,1.00414479719292
0.1,"without_ssp370",200,8,1.34434994240838,0.820454506264208,"future",1.35811671705281,0.812924565528037,0.0137667746444305,0.0169348734534653,1.00926277917469
