"tol","archive","draw","n_stitched","mean_gen","var_gen","time_period","mean_target","var_target","bias","E1","E2"
0.1,"with_ssp245",136,10,-0.108822837660612,0.858675978143083,"hist+future",-0.10207901746688,0.855514629199893,0.00674382019373151,0.00788276431934141,1.00369525994681
0.1,"without_ssp245",136,9,-0.119741375119172,0.84623555109931,"hist+future",-0.10207901746688,0.855514629199893,0.0176623576522918,0.0206453017276984,0.989153805459457
0.1,"with_ssp245",136,10,-0.664975982292189,0.325386428727682,"hist",-0.657389059898724,0.324704316188475,0.00758692239346503,0.023365634564159,1.00210071903944
0.1,"without_ssp245",136,9,-0.666864614284919,0.32429447988323,"hist",-0.657389059898724,0.324704316188475,0.00947555438619507,0.02918210172696,0.998737816885047
0.1,"with_ssp245",136,10,0.958215172388344,0.465117577952201,"future",0.963341412780262,0.454544331085072,0.00512624039191723,0.0112777567364663,1.02326120060037
0.1,"without_ssp245",136,9,0.929971816303482,0.459940663662634,"future",0.963341412780262,0.454544331085072,0.0333695964767797,0.0734132936981548,1.01187196101353
