"tol","archive","draw","n_stitched","mean_gen","var_gen","time_period","mean_target","var_target","bias","E1","E2"
0.1,"with_ssp245",193,10,-0.106714842499376,0.856625882300624,"hist+future",-0.10207901746688,0.855514629199893,0.004635825032496,0.00541875600284192,1.00129892939618
0.1,"without_ssp245",193,10,-0.119289179389497,0.850410766263127,"hist+future",-0.10207901746688,0.855514629199893,0.0172101619226163,0.0201167359799702,0.994034160536168
0.1,"with_ssp245",193,10,-0.660802591564169,0.327490308974201,"hist",-0.657389059898724,0.324704316188475,0.00341353166544511,0.0105127388065385,1.00858009163053
0.1,"without_ssp245",193,10,-0.668491688483602,0.325373230252292,"hist",-0.657389059898724,0.324704316188475,0.011102628584878,0.0341930428126291,1.00206007136483
0.1,"with_ssp245",193,10,0.956360490008656,0.465061016115271,"future",0.963341412780262,0.454544331085072,0.00698092277160522,0.0153580680567297,1.02313676425156
0.1,"without_ssp245",193,10,0.934413308988729,0.467079171913224,"future",0.963341412780262,0.454544331085072,0.0289281037915329,0.0636419856397212,1.0275767179809
