"tol","archive","draw","n_stitched","mean_gen","var_gen","time_period","mean_target","var_target","bias","E1","E2"
0.1,"with_ssp245",79,10,-0.106445990026584,0.857822367267511,"hist+future",-0.10207901746688,0.855514629199893,0.00436697255970339,0.00510449781997011,1.00269748521983
0.1,"without_ssp245",79,10,-0.106297174412548,0.854569702841801,"hist+future",-0.10207901746688,0.855514629199893,0.00421815694566745,0.00493054917086855,0.998895487784966
0.1,"with_ssp245",79,10,-0.661194838155316,0.327750363394942,"hist",-0.657389059898724,0.324704316188475,0.00380577825659223,0.0117207504392494,1.00938098773131
0.1,"without_ssp245",79,10,-0.658554093323898,0.325439733881857,"hist",-0.657389059898724,0.324704316188475,0.00116503342517449,0.0035879825647228,1.00226488425536
0.1,"with_ssp245",79,10,0.957897730220403,0.466729668191793,"future",0.963341412780262,0.454544331085072,0.00544368255985839,0.0119761312320482,1.02680780789331
0.1,"without_ssp245",79,10,0.953265518847602,0.468967353292881,"future",0.963341412780262,0.454544331085072,0.0100758939326596,0.022167021440146,1.03173072728325
