"tol","archive","draw","n_stitched","mean_gen","var_gen","time_period","mean_target","var_target","bias","E1","E2"
0.1,"with_ssp370",113,10,0.0258925194632751,1.10259412272559,"hist+future",0.0331826405707255,1.10039675800057,0.00729012110745033,0.00662499326215438,1.00199688404117
0.1,"without_ssp370",113,9,0.0331575844856347,1.10695033530332,"hist+future",0.0331826405707255,1.10039675800057,2.50560850907564e-05,2.27700462661153e-05,1.00595564941017
0.1,"with_ssp370",113,10,-0.664515153596254,0.32479695252405,"hist",-0.657389059898724,0.324704316188475,0.00712609369753014,0.0219464089088172,1.00028529443853
0.1,"without_ssp370",113,9,-0.660020002567395,0.325446150954435,"hist",-0.657389059898724,0.324704316188475,0.00263094266867125,0.00810257990886737,1.0022846470742
0.1,"with_ssp370",113,10,1.35051189219377,0.822277244421862,"future",1.35811671705281,0.812924565528037,0.00760482485904124,0.00935489611400967,1.01150497757163
0.1,"without_ssp370",113,9,1.36309132708738,0.825773303594878,"future",1.35811671705281,0.812924565528037,0.00497461003456956,0.00611939932131131,1.0158055723885
