"tol","archive","draw","n_stitched","mean_gen","var_gen","time_period","mean_target","var_target","bias","E1","E2"
0.1,"with_ssp370",141,10,0.0272993639067146,1.10248023512234,"hist+future",0.0331826405707255,1.10039675800057,0.00588327666401085,0.00534650490492247,1.00189338718659
0.1,"without_ssp370",141,8,0.033795473531256,1.1112880015342,"hist+future",0.0331826405707255,1.10039675800057,0.000612832960530552,0.000556919998241427,1.00989756054299
0.1,"with_ssp370",141,10,-0.663894640402514,0.325770268866964,"hist",-0.657389059898724,0.324704316188475,0.00650558050378991,0.0200353989135572,1.00328284111219
0.1,"without_ssp370",141,8,-0.661956495451014,0.326361587478173,"hist",-0.657389059898724,0.324704316188475,0.00456743555229,0.0140664454538351,1.00510393982178
0.1,"with_ssp370",141,10,1.35342739543023,0.817374015644311,"future",1.35811671705281,0.812924565528037,0.00468932162257407,0.00576845850331526,1.00547338622174
0.1,"without_ssp370",141,8,1.36866843727631,0.829905630139737,"future",1.35811671705281,0.812924565528037,0.0105517202235004,0.0129799500112861,1.02088885652099
