"tol","archive","draw","n_stitched","mean_gen","var_gen","time_period","mean_target","var_target","bias","E1","E2"
0.1,"with_ssp245",118,10,-0.102573522138531,0.858421735804033,"hist+future",-0.10207901746688,0.855514629199893,0.000494504671650797,0.000578020123528776,1.00339807936056
0.1,"without_ssp245",118,10,-0.109891533164588,0.856242662393276,"hist+future",-0.10207901746688,0.855514629199893,0.00781251569770737,0.00913194869036186,1.00085098859626
0.1,"with_ssp245",118,10,-0.658031508653842,0.325290695846072,"hist",-0.657389059898724,0.324704316188475,0.00064244875511843,0.00197856549201372,1.00180588809068
0.1,"without_ssp245",118,10,-0.664137788291819,0.328144783618256,"hist",-0.657389059898724,0.324704316188475,0.00674872839309459,0.0207842275468161,1.01059569355335
0.1,"with_ssp245",118,10,0.963130754315264,0.468519970346582,"future",0.963341412780262,0.454544331085072,0.000210658464997793,0.000463449768463543,1.03074648236872
0.1,"without_ssp245",118,10,0.953487909812076,0.46103784132974,"future",0.963341412780262,0.454544331085072,0.00985350296818532,0.021677760109038,1.01428575784713
