"tol","archive","draw","n_stitched","mean_gen","var_gen","time_period","mean_target","var_target","bias","E1","E2"
0.1,"with_ssp245",162,10,-0.10111577539233,0.856145714270352,"hist+future",-0.10207901746688,0.855514629199893,0.000963242074550535,0.00112592121943186,1.00073766718758
0.1,"without_ssp245",162,10,-0.118224675922799,0.852860034077163,"hist+future",-0.10207901746688,0.855514629199893,0.0161456584559187,0.0188724516271787,0.996897078048551
0.1,"with_ssp245",162,10,-0.655154239332639,0.326420009645587,"hist",-0.657389059898724,0.324704316188475,0.00223482056608493,0.00688263276669141,1.00528386403129
0.1,"without_ssp245",162,10,-0.668963018006418,0.32622848963306,"hist",-0.657389059898724,0.324704316188475,0.0115739581076936,0.0356446081270304,1.00469403506081
0.1,"with_ssp245",162,10,0.961864998446636,0.464251349339137,"future",0.963341412780262,0.454544331085072,0.00147641433362589,0.00324811956207097,1.02135549294145
0.1,"without_ssp245",162,10,0.938424468772516,0.468836383025403,"future",0.963341412780262,0.454544331085072,0.0249169440077459,0.0548174123044612,1.03144259198264
