"tol","archive","draw","n_stitched","mean_gen","var_gen","time_period","mean_target","var_target","bias","E1","E2"
0.1,"with_ssp245",11,10,-0.108899857610185,0.854195819157424,"hist+future",-0.10207901746688,0.855514629199893,0.00682084014330431,0.00797279194358534,0.998458459975486
0.1,"without_ssp245",11,10,-0.117933527009938,0.851912262263654,"hist+future",-0.10207901746688,0.855514629199893,0.0158545095430573,0.0185321314234976,0.995789239817433
0.1,"with_ssp245",11,10,-0.662357028859421,0.326505611501512,"hist",-0.657389059898724,0.324704316188475,0.00496796896069718,0.0152999782048278,1.00554749420698
0.1,"without_ssp245",11,10,-0.666695844945722,0.325548550686137,"hist",-0.657389059898724,0.324704316188475,0.009306785046998,0.0286623385738915,1.00260001008786
0.1,"with_ssp245",11,10,0.952965645368002,0.457482457412152,"future",0.963341412780262,0.454544331085072,0.0103757674122599,0.0228267447258471,1.00646389389582
0.1,"without_ssp245",11,10,0.934924408564533,0.477618231274041,"future",0.963341412780262,0.454544331085072,0.0284170042157289,0.062517563793817,1.05076270588149
