"tol","archive","draw","n_stitched","mean_gen","var_gen","time_period","mean_target","var_target","bias","E1","E2"
0.1,"with_ssp245",31,10,-0.107939034347107,0.856733082961308,"hist+future",-0.10207901746688,0.855514629199893,0.0058600168802268,0.00684969804164225,1.00142423486382
0.1,"without_ssp245",31,10,-0.115747754805331,0.852909630411245,"hist+future",-0.10207901746688,0.855514629199893,0.013668737338451,0.0159772105255926,0.996955050562859
0.1,"with_ssp245",31,10,-0.661216947651424,0.331246262382447,"hist",-0.657389059898724,0.324704316188475,0.00382788775270004,0.0117888416071382,1.02014739523873
0.1,"without_ssp245",31,10,-0.666181850358883,0.326167725800288,"hist",-0.657389059898724,0.324704316188475,0.00879279046015946,0.0270793765952149,1.00450689916596
0.1,"with_ssp245",31,10,0.953582543504199,0.465935751744595,"future",0.963341412780262,0.454544331085072,0.00975886927606295,0.0214695654717922,1.0250611873925
0.1,"without_ssp245",31,10,0.940317661082298,0.471178287950657,"future",0.963341412780262,0.454544331085072,0.0230237516979638,0.0506523789285905,1.03659479555245
