"tol","archive","draw","n_stitched","mean_gen","var_gen","time_period","mean_target","var_target","bias","E1","E2"
0.1,"with_ssp370",6,10,0.0388812517888875,1.09790223799856,"hist+future",0.0331826405707255,1.10039675800057,0.00569861121816209,0.00517868775669286,0.997733072199755
0.1,"without_ssp370",6,8,0.0344917503396657,1.11235910430382,"hist+future",0.0331826405707255,1.10039675800057,0.00130910976894028,0.0011896706887059,1.01087093924648
0.1,"with_ssp370",6,10,-0.649073668535516,0.325767184750114,"hist",-0.657389059898724,0.324704316188475,0.00831539136320825,0.025609118661612,1.00327334288043
0.1,"without_ssp370",6,8,-0.662776874697652,0.325270393038608,"hist",-0.657389059898724,0.324704316188475,0.00538781479892758,0.0165929879287475,1.00174336102697
0.1,"with_ssp370",6,10,1.35879476171361,0.814693367450313,"future",1.35811671705281,0.812924565528037,0.000678044660806121,0.000834080663272483,1.00217585000784
0.1,"without_ssp370",6,8,1.37227457744615,0.82777944620119,"future",1.35811671705281,0.812924565528037,0.0141578603933379,0.0174159583726463,1.01827338144654
