"tol","archive","draw","n_stitched","mean_gen","var_gen","time_period","mean_target","var_target","bias","E1","E2"
0.1,"with_ssp245",2,10,-0.110503226537384,0.857771822802332,"hist+future",-0.10207901746688,0.855514629199893,0.00842420907050422,0.00984694917301745,1.00263840444733
0.1,"without_ssp245",2,10,-0.117959448614959,0.851198318063882,"hist+future",-0.10207901746688,0.855514629199893,0.0158804311480783,0.0185624308527958,0.994954719663827
0.1,"with_ssp245",2,10,-0.664964876100731,0.32830658919487,"hist",-0.657389059898724,0.324704316188475,0.00757581620200687,0.0233314305486764,1.01109401023269
0.1,"without_ssp245",2,10,-0.6672741657879,0.326555169426579,"hist",-0.657389059898724,0.324704316188475,0.00988510588917635,0.0304434077292601,1.00570011898773
0.1,"with_ssp245",2,10,0.953289473206245,0.467620260473916,"future",0.963341412780262,0.454544331085072,0.0100519395740165,0.0221143217208779,1.02876711575663
0.1,"without_ssp245",2,10,0.93595832270522,0.46894239330817,"future",0.963341412780262,0.454544331085072,0.0273830900750412,0.0602429470623323,1.03167581518117
