"tol","archive","draw","n_stitched","mean_gen","var_gen","time_period","mean_target","var_target","bias","E1","E2"
0.1,"with_ssp370",33,10,0.0321392121330592,1.10062186995469,"hist+future",0.0331826405707255,1.10039675800057,0.00104342843766624,0.000948229291007863,1.00020457344361
0.1,"without_ssp370",33,9,0.0340109096006542,1.10581847311969,"hist+future",0.0331826405707255,1.10039675800057,0.000828269029928698,0.000752700354582711,1.00492705479155
0.1,"with_ssp370",33,10,-0.658665242369356,0.329281989809379,"hist",-0.657389059898724,0.324704316188475,0.00127618247063244,0.00393029105868637,1.01409797588969
0.1,"without_ssp370",33,9,-0.658952099909977,0.330840814641834,"hist",-0.657389059898724,0.324704316188475,0.00156304001125285,0.00481373339782025,1.01889872769599
0.1,"with_ssp370",33,10,1.35751985158537,0.809162564945175,"future",1.35811671705281,0.812924565528037,0.000596865467440422,0.000734219991313371,0.99537226362397
0.1,"without_ssp370",33,9,1.36353296273152,0.81820309276069,"future",1.35811671705281,0.812924565528037,0.00541624567870724,0.00666266700304364,1.00649325590158
