"tol","archive","draw","n_stitched","mean_gen","var_gen","time_period","mean_target","var_target","bias","E1","E2"
0.1,"with_ssp245",171,10,-0.108890558818463,0.860644190618741,"hist+future",-0.10207901746688,0.855514629199893,0.00681154135158318,0.00796192270604838,1.00599587808761
0.1,"without_ssp245",171,10,-0.114351862127868,0.849376213471544,"hist+future",-0.10207901746688,0.855514629199893,0.0122728446609873,0.0143455696046545,0.992824885140667
0.1,"with_ssp245",171,10,-0.667255843022782,0.326490448417082,"hist",-0.657389059898724,0.324704316188475,0.00986678312405798,0.0303869786514658,1.00550079607679
0.1,"without_ssp245",171,10,-0.661079359710359,0.324579810569312,"hist",-0.657389059898724,0.324704316188475,0.00369029981163516,0.0113651085854157,0.999616556932089
0.1,"with_ssp245",171,10,0.962391672503776,0.459363735537575,"future",0.963341412780262,0.454544331085072,0.000949740276486088,0.00208943377254074,1.01060271600132
0.1,"without_ssp245",171,10,0.934602057652494,0.478772325136431,"future",0.963341412780262,0.454544331085072,0.0287393551277675,0.0632267375531049,1.0533017186542
