"tol","archive","draw","n_stitched","mean_gen","var_gen","time_period","mean_target","var_target","bias","E1","E2"
0.1,"with_ssp245",167,10,-0.101584899749466,0.856356094588822,"hist+future",-0.10207901746688,0.855514629199893,0.000494117717414283,0.000577567817719726,1.00098357802451
0.1,"without_ssp245",167,10,-0.116234342233671,0.853566779436042,"hist+future",-0.10207901746688,0.855514629199893,0.0141553247667906,0.0165459762856764,0.997723183570019
0.1,"with_ssp245",167,10,-0.656329778830486,0.329060908392239,"hist",-0.657389059898724,0.324704316188475,0.00105928106823749,0.00326229438731154,1.01341710592241
0.1,"without_ssp245",167,10,-0.66808648109311,0.327459523836765,"hist",-0.657389059898724,0.324704316188475,0.0106974211943858,0.0329451154821621,1.00848528187316
0.1,"with_ssp245",167,10,0.96275120546412,0.457020199372972,"future",0.963341412780262,0.454544331085072,0.000590207316141789,0.00129845930480063,1.00544692369607
0.1,"without_ssp245",167,10,0.942551738136183,0.463573734287754,"future",0.963341412780262,0.454544331085072,0.020789674644079,0.0457373972621122,1.01986473614384
