"tol","archive","draw","n_stitched","mean_gen","var_gen","time_period","mean_target","var_target","bias","E1","E2"
0.1,"with_ssp370",142,10,0.0241393747237733,1.10187037744266,"hist+future",0.0331826405707255,1.10039675800057,0.00904326584695211,0.00821818655971303,1.00133917101389
0.1,"without_ssp370",142,7,0.0236942807709061,1.10158713633565,"hist+future",0.0331826405707255,1.10039675800057,0.00948835979981933,0.00862267153263858,1.00108177193946
0.1,"with_ssp370",142,10,-0.665834872773309,0.326266037789782,"hist",-0.657389059898724,0.324704316188475,0.00844581287458512,0.0260107810506675,1.00480967305775
0.1,"without_ssp370",142,7,-0.665462688060553,0.329771616706933,"hist",-0.657389059898724,0.324704316188475,0.00807362816182944,0.0248645544863749,1.0156058920865
0.1,"with_ssp370",142,10,1.34792717515422,0.820364418605601,"future",1.35811671705281,0.812924565528037,0.0101895418985862,0.012534424878608,1.00915195996412
0.1,"without_ssp370",142,7,1.34591404655219,0.820282534222696,"future",1.35811671705281,0.812924565528037,0.0122026705006137,0.0150108275946704,1.00905123181987
