"tol","archive","draw","n_stitched","mean_gen","var_gen","time_period","mean_target","var_target","bias","E1","E2"
0.1,"with_ssp370",99,10,0.0256790809002835,1.10487902368522,"hist+future",0.0331826405707255,1.10039675800057,0.00750355967044193,0.00681895835832516,1.00407331778475
0.1,"without_ssp370",99,7,0.0232100436836262,1.10469775713388,"hist+future",0.0331826405707255,1.10039675800057,0.00997259688709926,0.00906272834283837,1.00390858942653
0.1,"with_ssp370",99,10,-0.666474327612541,0.328612547226464,"hist",-0.657389059898724,0.324704316188475,0.00908526771381657,0.0279801261050778,1.01203627683138
0.1,"without_ssp370",99,7,-0.666226447608438,0.327502307154781,"hist",-0.657389059898724,0.324704316188475,0.00883738770971432,0.0272167238595764,1.00861704272721
0.1,"with_ssp370",99,10,1.35364782979117,0.820094607201034,"future",1.35811671705281,0.812924565528037,0.00446888726164163,0.00549729636813085,1.00882005782214
0.1,"without_ssp370",99,7,1.34596610255794,0.832837360788159,"future",1.35811671705281,0.812924565528037,0.0121506144948726,0.0149467921257616,1.02449525590014
