"tol","archive","draw","n_stitched","mean_gen","var_gen","time_period","mean_target","var_target","bias","E1","E2"
0.1,"with_ssp245",102,10,-0.104613365816099,0.86077849641902,"hist+future",-0.10207901746688,0.855514629199893,0.00253434834921901,0.00296236705103362,1.00615286640282
0.1,"without_ssp245",102,10,-0.112165209850492,0.853651142228871,"hist+future",-0.10207901746688,0.855514629199893,0.0100861923836115,0.0117896200010565,0.997821794148904
0.1,"with_ssp245",102,10,-0.660335509415515,0.33426772648133,"hist",-0.657389059898724,0.324704316188475,0.00294644951679091,0.00907425423652402,1.02945267375905
0.1,"without_ssp245",102,10,-0.66393111679679,0.32786264259843,"hist",-0.657389059898724,0.324704316188475,0.00654205689806575,0.0201477361768989,1.00972677680121
0.1,"with_ssp245",102,10,0.961597723647896,0.467261961588717,"future",0.963341412780262,0.454544331085072,0.00174368913236578,0.00383612557262194,1.02797885626092
0.1,"without_ssp245",102,10,0.946455425569731,0.464055686378363,"future",0.963341412780262,0.454544331085072,0.0168859872105306,0.0371492636817644,1.02092503336382
