"tol","archive","draw","n_stitched","mean_gen","var_gen","time_period","mean_target","var_target","bias","E1","E2"
0.1,"with_ssp370",63,10,0.0274442197915914,1.10252981232408,"hist+future",0.0331826405707255,1.10039675800057,0.00573842077913405,0.00521486521785177,1.00193844111953
0.1,"without_ssp370",63,9,0.0320291955572974,1.10403817525923,"hist+future",0.0331826405707255,1.10039675800057,0.00115344501342809,0.00104820829854488,1.00330918573885
0.1,"with_ssp370",63,10,-0.663910654512505,0.326069245366318,"hist",-0.657389059898724,0.324704316188475,0.00652159461378143,0.0200847179684423,1.0042036065115
0.1,"without_ssp370",63,9,-0.661493994215761,0.324200812082952,"hist",-0.657389059898724,0.324704316188475,0.00410493431703662,0.0126420688373416,0.998449345818887
0.1,"with_ssp370",63,10,1.3538808972355,0.81657736682801,"future",1.35811671705281,0.812924565528037,0.00423581981731047,0.00521059394306664,1.00449340745116
0.1,"without_ssp370",63,9,1.36262601314514,0.813608921327454,"future",1.35811671705281,0.812924565528037,0.00450929609233253,0.00554700433908465,1.00084184416173
