"tol","archive","draw","n_stitched","mean_gen","var_gen","time_period","mean_target","var_target","bias","E1","E2"
0.1,"with_ssp245",90,10,-0.0980057642903955,0.854025694805312,"hist+future",-0.10207901746688,0.855514629199893,0.00407325317648476,0.00476117302668945,0.998259603817677
0.1,"without_ssp245",90,10,-0.111600523456393,0.851423484572922,"hist+future",-0.10207901746688,0.855514629199893,0.00952150598951258,0.0111295653686453,0.995217913887929
0.1,"with_ssp245",90,10,-0.652388179740068,0.324707824184883,"hist",-0.657389059898724,0.324704316188475,0.00500088015865552,0.0154013356439425,1.00001080366424
0.1,"without_ssp245",90,10,-0.662112539486644,0.326441440166747,"hist",-0.657389059898724,0.324704316188475,0.00472347958791997,0.0145470181713822,1.00534986414306
0.1,"with_ssp245",90,10,0.96563491651421,0.452705614754047,"future",0.963341412780262,0.454544331085072,0.00229350373394799,0.00504572068575361,0.995954814073611
0.1,"without_ssp245",90,10,0.944614391020252,0.462371045560451,"future",0.963341412780262,0.454544331085072,0.01872702176001,0.041199549701358,1.01721881440408
