"tol","archive","draw","n_stitched","mean_gen","var_gen","time_period","mean_target","var_target","bias","E1","E2"
0.1,"with_ssp370",55,10,0.0245510058892527,1.09931912750599,"hist+future",0.0331826405707255,1.10039675800057,0.00863163468147271,0.00784411133413046,0.999020689140757
0.1,"without_ssp370",55,8,0.039919215843006,1.10309365140608,"hist+future",0.0331826405707255,1.10039675800057,0.0067365752722805,0.00612195121741442,1.00245083728746
0.1,"with_ssp370",55,10,-0.66388578553962,0.32611506479695,"hist",-0.657389059898724,0.324704316188475,0.00649672564089632,0.020008128370937,1.00434471775748
0.1,"without_ssp370",55,8,-0.652834284778406,0.320841643344699,"hist",-0.657389059898724,0.324704316188475,0.00455477512031821,0.0140274548049875,0.988104029878267
0.1,"with_ssp370",55,10,1.34538903595628,0.817719330535649,"future",1.35811671705281,0.812924565528037,0.012727681096532,0.0156566570088391,1.00589816719894
0.1,"without_ssp370",55,8,1.36903930424455,0.816051390543197,"future",1.35811671705281,0.812924565528037,0.0109225871917431,0.0134361632738313,1.00384639011755
