"tol","archive","draw","n_stitched","mean_gen","var_gen","time_period","mean_target","var_target","bias","E1","E2"
0.1,"with_ssp370",31,10,0.0354308986194352,1.10060485033085,"hist+future",0.0331826405707255,1.10039675800057,0.0022482580487098,0.0020431340172202,1.000189106637
0.1,"without_ssp370",31,8,0.0384206232654473,1.10952118129592,"hist+future",0.0331826405707255,1.10039675800057,0.00523798269472181,0.00476008553881897,1.00829193945639
0.1,"with_ssp370",31,10,-0.655134230745687,0.323694544939257,"hist",-0.657389059898724,0.324704316188475,0.00225482915303687,0.00694425371213131,0.996890182240041
0.1,"without_ssp370",31,8,-0.658549011029251,0.322521242723614,"hist",-0.657389059898724,0.324704316188475,0.00115995113052725,0.00357233049484305,0.993276734074598
0.1,"with_ssp370",31,10,1.36035236775019,0.814550110827257,"future",1.35811671705281,0.812924565528037,0.00223565069738485,0.00275013302855804,1.00199962624842
0.1,"without_ssp370",31,8,1.37562980534248,0.820094346810722,"future",1.35811671705281,0.812924565528037,0.0175130882896763,0.0215433129128047,1.00881973750913
