"tol","archive","draw","n_stitched","mean_gen","var_gen","time_period","mean_target","var_target","bias","E1","E2"
0.1,"with_ssp370",161,10,0.0228473555536699,1.10443680185289,"hist+future",0.0331826405707255,1.10039675800057,0.0103352850170556,0.00939232594235811,1.00367144288907
0.1,"without_ssp370",161,8,0.0249975251371553,1.11287275389916,"hist+future",0.0331826405707255,1.10039675800057,0.00818511543357016,0.00743833110563007,1.01133772505951
0.1,"with_ssp370",161,10,-0.669585825099318,0.328341840185082,"hist",-0.657389059898724,0.324704316188475,0.0121967652005944,0.0375626827008816,1.01120257358851
0.1,"without_ssp370",161,8,-0.668416132626232,0.333729155141685,"hist",-0.657389059898724,0.324704316188475,0.0110270727275081,0.0339603515498311,1.02779402214035
0.1,"with_ssp370",161,10,1.35135287657394,0.817233888417334,"future",1.35811671705281,0.812924565528037,0.00676384047887035,0.0083203789941775,1.00530101201518
0.1,"without_ssp370",161,8,1.35538419410179,0.841379328267912,"future",1.35811671705281,0.812924565528037,0.00273252295101467,0.00336134872396156,1.03500295592789
