"tol","archive","draw","n_stitched","mean_gen","var_gen","time_period","mean_target","var_target","bias","E1","E2"
0.1,"with_ssp370",103,10,0.0300533353888606,1.1008780947983,"hist+future",0.0331826405707255,1.10039675800057,0.00312930518186482,0.00284379716598837,1.00043742113399
0.1,"without_ssp370",103,7,0.0219631944829186,1.10496130390521,"hist+future",0.0331826405707255,1.10039675800057,0.0112194460878068,0.0101958189227971,1.00414809101485
0.1,"with_ssp370",103,10,-0.661485981183562,0.322171486418551,"hist",-0.657389059898724,0.324704316188475,0.00409692128483818,0.0126173909017585,0.992199580838175
0.1,"without_ssp370",103,7,-0.668269854331393,0.329356792639386,"hist",-0.657389059898724,0.324704316188475,0.0108807944326691,0.0335098546283362,1.0143283480353
0.1,"with_ssp370",103,10,1.35684388462665,0.812150821736845,"future",1.35811671705281,0.812924565528037,0.00127283242615994,0.00156574481831924,0.999048197306364
0.1,"without_ssp370",103,7,1.34624753232433,0.828743878068905,"future",1.35811671705281,0.812924565528037,0.011869184728478,0.0146005979297333,1.01945975458448
