"tol","archive","draw","n_stitched","mean_gen","var_gen","time_period","mean_target","var_target","bias","E1","E2"
0.1,"with_ssp245",117,10,-0.112701527657874,0.857127825267312,"hist+future",-0.10207901746688,0.855514629199893,0.010622510190994,0.0124165149588717,1.0018856440467
0.1,"without_ssp245",117,10,-0.118435214087816,0.849940011776895,"hist+future",-0.10207901746688,0.855514629199893,0.0163561966209356,0.0191185469688958,0.993483901697612
0.1,"with_ssp245",117,10,-0.668864330610407,0.323464412680821,"hist",-0.657389059898724,0.324704316188475,0.0114752707116833,0.0353406780864055,0.996181438170553
0.1,"without_ssp245",117,10,-0.666926214114111,0.326489346713914,"hist",-0.657389059898724,0.324704316188475,0.00953715421538726,0.029371812260886,1.005497403134
0.1,"with_ssp245",117,10,0.95435501289059,0.459248802234384,"future",0.963341412780262,0.454544331085072,0.00898639988967154,0.0197701286213811,1.01034986210934
0.1,"without_ssp245",117,10,0.933902169683565,0.467767922562084,"future",0.963341412780262,0.454544331085072,0.029439243096697,0.0647664948904338,1.02909197315352
