"tol","archive","draw","n_stitched","mean_gen","var_gen","time_period","mean_target","var_target","bias","E1","E2"
0.1,"with_ssp370",164,10,0.0319946600044451,1.10338903854359,"hist+future",0.0331826405707255,1.10039675800057,0.00118798056628034,0.00107959293558708,1.00271927422656
0.1,"without_ssp370",164,7,0.0294123114261051,1.09786228388559,"hist+future",0.0331826405707255,1.10039675800057,0.00377032914462039,0.00342633610759732,0.997696763375065
0.1,"with_ssp370",164,10,-0.660626251206239,0.32905958274005,"hist",-0.657389059898724,0.324704316188475,0.00323719130751521,0.00996965899780703,1.01341302327822
0.1,"without_ssp370",164,7,-0.659767612860064,0.324451157469417,"hist",-0.657389059898724,0.324704316188475,0.0023785529613396,0.00732528901759028,0.999220340764084
0.1,"with_ssp370",164,10,1.36086036174587,0.811634787200558,"future",1.35811671705281,0.812924565528037,0.00274364469306576,0.00337502987289309,0.998413409580455
0.1,"without_ssp370",164,7,1.35167611964957,0.809587743046891,"future",1.35811671705281,0.812924565528037,0.00644059740324043,0.00792274914100661,0.995895286447668
