"tol","archive","draw","n_stitched","mean_gen","var_gen","time_period","mean_target","var_target","bias","E1","E2"
0.1,"with_ssp245",163,10,-0.113904436215786,0.857599878484015,"hist+future",-0.10207901746688,0.855514629199893,0.0118254187489053,0.013822579235103,1.00243742095453
0.1,"without_ssp245",163,10,-0.117667504022474,0.844178553962427,"hist+future",-0.10207901746688,0.855514629199893,0.0155884865555942,0.018221180589481,0.986749408074918
0.1,"with_ssp245",163,10,-0.670144033482321,0.330803692457154,"hist",-0.657389059898724,0.324704316188475,0.012754973583597,0.0392818110129259,1.0187844015758
0.1,"without_ssp245",163,10,-0.661248222677738,0.329048805088574,"hist",-0.657389059898724,0.324704316188475,0.00385916277901432,0.0118851600875372,1.01337983107553
0.1,"with_ssp245",163,10,0.953299442260707,0.45119485872264,"future",0.963341412780262,0.454544331085072,0.010041970519555,0.0220923897468552,0.992631142589687
0.1,"without_ssp245",163,10,0.925248991071927,0.465982017962236,"future",0.963341412780262,0.454544331085072,0.0380924217083345,0.0838035348882288,1.02516297332289
