"tol","archive","draw","n_stitched","mean_gen","var_gen","time_period","mean_target","var_target","bias","E1","E2"
0.1,"with_ssp245",97,10,-0.102853585653922,0.859247414300206,"hist+future",-0.10207901746688,0.855514629199893,0.000774568187041677,0.000905382749288671,1.00436320429004
0.1,"without_ssp245",97,10,-0.115581878693111,0.848102920846543,"hist+future",-0.10207901746688,0.855514629199893,0.0135028612262304,0.0157833200805212,0.991336549837515
0.1,"with_ssp245",97,10,-0.659781358562238,0.327325485139574,"hist",-0.657389059898724,0.324704316188475,0.0023922986635142,0.00736762200021262,1.00807247954652
0.1,"without_ssp245",97,10,-0.662211331174589,0.330817889749542,"hist",-0.657389059898724,0.324704316188475,0.00482227127586488,0.0148512694024855,1.01882812533209
0.1,"with_ssp245",97,10,0.965670629809708,0.46036757284073,"future",0.963341412780262,0.454544331085072,0.00232921702944644,0.00512429013004345,1.01281116352668
0.1,"without_ssp245",97,10,0.933183931300423,0.464394668621948,"future",0.963341412780262,0.454544331085072,0.0301574814798384,0.0663466232388105,1.02167079614294
