"tol","archive","draw","n_stitched","mean_gen","var_gen","time_period","mean_target","var_target","bias","E1","E2"
0.1,"with_ssp245",185,10,-0.104670788773924,0.860253983620493,"hist+future",-0.10207901746688,0.855514629199893,0.00259177130704416,0.00302948800474409,1.00553977016738
0.1,"without_ssp245",185,10,-0.110148122162525,0.856903105671143,"hist+future",-0.10207901746688,0.855514629199893,0.00806910469564454,0.00943187225587369,1.00162297221329
0.1,"with_ssp245",185,10,-0.661442713504573,0.326522721994044,"hist",-0.657389059898724,0.324704316188475,0.00405365360584864,0.0124841383491056,1.00560018981858
0.1,"without_ssp245",185,10,-0.663410577627977,0.328759514443448,"hist",-0.657389059898724,0.324704316188475,0.00602151772925308,0.0185446186855055,1.01248889544363
0.1,"with_ssp245",185,10,0.963554415651156,0.467946942846011,"future",0.963341412780262,0.454544331085072,0.000213002870894763,0.000468607474184729,1.02948581875159
0.1,"without_ssp245",185,10,0.951343798207238,0.470312367605454,"future",0.963341412780262,0.454544331085072,0.0119976145730235,0.0263948172984211,1.03468976608451
