"tol","archive","draw","n_stitched","mean_gen","var_gen","time_period","mean_target","var_target","bias","E1","E2"
0.1,"with_ssp370",118,10,0.023317679940985,1.10660324666417,"hist+future",0.0331826405707255,1.10039675800057,0.00986496062974048,0.00896491248089931,1.00564022805272
0.1,"without_ssp370",118,8,0.0375162273320211,1.11609313639272,"hist+future",0.0331826405707255,1.10039675800057,0.00433358676129562,0.00393820386127797,1.01426428992818
0.1,"with_ssp370",118,10,-0.670553688541736,0.329879885232222,"hist",-0.657389059898724,0.324704316188475,0.0131646286430116,0.0405434359405625,1.01593932937049
0.1,"without_ssp370",118,8,-0.661580829172796,0.322637145479944,"hist",-0.657389059898724,0.324704316188475,0.00419176927407217,0.0129094966253514,0.993633682690774
0.1,"with_ssp370",118,10,1.35458251482062,0.81776616920497,"future",1.35811671705281,0.812924565528037,0.00353420223218537,0.00434751560237292,1.00595578468439
0.1,"without_ssp370",118,8,1.37880709155638,0.835754807509458,"future",1.35811671705281,0.812924565528037,0.0206903745035711,0.0254517766850011,1.02808408424291
