"tol","archive","draw","n_stitched","mean_gen","var_gen","time_period","mean_target","var_target","bias","E1","E2"
0.1,"with_ssp370",199,9,0.0272367583220813,1.09739804334351,"hist+future",0.0331826405707255,1.10039675800057,0.00594588224864418,0.00540339855185313,0.997274878687838
0.1,"without_ssp370",199,8,0.0287507857017104,1.10393984866758,"hist+future",0.0331826405707255,1.10039675800057,0.004431854869015,0.00402750629424582,1.00321983015784
0.1,"with_ssp370",199,9,-0.660298617440607,0.322263590498005,"hist",-0.657389059898724,0.324704316188475,0.00290955754188327,0.00896063709912132,0.992483236074223
0.1,"without_ssp370",199,8,-0.662845307964129,0.323713371038359,"hist",-0.657389059898724,0.324704316188475,0.00545624806540512,0.0168037435703135,0.99694816144809
0.1,"with_ssp370",199,9,1.34634532809933,0.817331083618143,"future",1.35811671705281,0.812924565528037,0.0117713889534761,0.0144802967613974,1.00542057440132
0.1,"without_ssp370",199,8,1.35565026773501,0.822695068046872,"future",1.35811671705281,0.812924565528037,0.00246644931780149,0.00303404451334227,1.01201895345909
