"tol","archive","draw","n_stitched","mean_gen","var_gen","time_period","mean_target","var_target","bias","E1","E2"
0.1,"with_ssp370",19,10,0.0338629246962661,1.0972790152247,"hist+future",0.0331826405707255,1.10039675800057,0.00068028412554063,0.000618217129952935,0.997166710322245
0.1,"without_ssp370",19,8,0.0250878388989083,1.10659234215934,"hist+future",0.0331826405707255,1.10039675800057,0.00809480167181712,0.00735625728898494,1.0056303184408
0.1,"with_ssp370",19,10,-0.655236623014702,0.322072197319183,"hist",-0.657389059898724,0.324704316188475,0.00215243688402167,0.00662891368149318,0.991893797716676
0.1,"without_ssp370",19,8,-0.668662629891457,0.32619795293792,"hist",-0.657389059898724,0.324704316188475,0.0112735699927334,0.0347194953398454,1.00459999043739
0.1,"with_ssp370",19,10,1.35597252204871,0.809622157191253,"future",1.35811671705281,0.812924565528037,0.00214419500410301,0.00263763096236395,0.995937620196482
0.1,"without_ssp370",19,8,1.35612071506647,0.821047823275982,"future",1.35811671705281,0.812924565528037,0.00199600198633787,0.00245533481331243,1.00999263411688
