"tol","archive","draw","n_stitched","mean_gen","var_gen","time_period","mean_target","var_target","bias","E1","E2"
0.1,"with_ssp370",17,10,0.032928789297495,1.10044114929657,"hist+future",0.0331826405707255,1.10039675800057,0.000253851273230417,0.000230690677144184,1.00004034117301
0.1,"without_ssp370",17,8,0.0259788028699031,1.10395541558303,"hist+future",0.0331826405707255,1.10039675800057,0.00720383770082238,0.00654658208364026,1.00323397679662
0.1,"with_ssp370",17,10,-0.657774723317135,0.323118425290223,"hist",-0.657389059898724,0.324704316188475,0.000385663418410842,0.0011877372710592,0.99511589215423
0.1,"without_ssp370",17,8,-0.662734010214454,0.328591182418897,"hist",-0.657389059898724,0.324704316188475,0.00534495031572979,0.0164609771082541,1.01197047909941
0.1,"with_ssp370",17,10,1.3581157611744,0.813684968771848,"future",1.35811671705281,0.812924565528037,9.55878407316035e-07,1.1758513001697e-06,1.00093539213361
0.1,"without_ssp370",17,8,1.34734640936896,0.832548315311736,"future",1.35811671705281,0.812924565528037,0.0107703076838488,0.0132488402252341,1.02413969341787
