"tol","archive","draw","n_stitched","mean_gen","var_gen","time_period","mean_target","var_target","bias","E1","E2"
0.1,"with_ssp370",131,9,0.0205847728244868,1.10288083945244,"hist+future",0.0331826405707255,1.10039675800057,0.0125978677462387,0.0114484777010149,1.00225744163076
0.1,"without_ssp370",131,9,0.00966704210739918,1.09813034466986,"hist+future",0.0331826405707255,1.10039675800057,0.0235155984633263,0.0213701088197081,0.997940367131918
0.1,"with_ssp370",131,9,-0.67054244468644,0.328813201244715,"hist",-0.657389059898724,0.324704316188475,0.0131533847877162,0.040508807958319,1.01265423602763
0.1,"without_ssp370",131,9,-0.678763557584225,0.327579224248943,"hist",-0.657389059898724,0.324704316188475,0.0213744976855007,0.0658275748730542,1.00885392622499
0.1,"with_ssp370",131,9,1.34658466688615,0.816895097818941,"future",1.35811671705281,0.812924565528037,0.0115320501666596,0.0141858797921415,1.00488425674321
0.1,"without_ssp370",131,9,1.33049319267854,0.81190420652987,"future",1.35811671705281,0.812924565528037,0.0276235243742706,0.0339804276382369,0.998744829420299
