"tol","archive","draw","n_stitched","mean_gen","var_gen","time_period","mean_target","var_target","bias","E1","E2"
0.1,"with_ssp370",29,9,0.0307771556707691,1.10172648718215,"hist+future",0.0331826405707255,1.10039675800057,0.00240548489995636,0.00218601598238724,1.00120840885063
0.1,"without_ssp370",29,8,0.0422643613208796,1.11347768528939,"hist+future",0.0331826405707255,1.10039675800057,0.00908172075015413,0.00825313295783937,1.01188746440201
0.1,"with_ssp370",29,9,-0.659393218169426,0.324839257808888,"hist",-0.657389059898724,0.324704316188475,0.00200415827070199,0.0061722563291665,1.00041558308185
0.1,"without_ssp370",29,8,-0.656049142351909,0.321950708611161,"hist",-0.657389059898724,0.324704316188475,0.00133991754681473,0.00412657756614782,0.99151964590543
0.1,"with_ssp370",29,9,1.35494124501533,0.819927502199161,"future",1.35811671705281,0.812924565528037,0.00317547203747925,0.00390623210582475,1.00861449754145
0.1,"without_ssp370",29,8,1.38205189743728,0.829722967188533,"future",1.35811671705281,0.812924565528037,0.0239351803844681,0.0294432981846488,1.0206641579955
