"tol","archive","draw","n_stitched","mean_gen","var_gen","time_period","mean_target","var_target","bias","E1","E2"
0.1,"with_ssp245",172,10,-0.101632083664462,0.856176860104808,"hist+future",-0.10207901746688,0.855514629199893,0.000446933802418087,0.000522415148921621,1.00077407315119
0.1,"without_ssp245",172,10,-0.111951907741116,0.84835624083411,"hist+future",-0.10207901746688,0.855514629199893,0.00987289027423618,0.0115402939204788,0.991632652299029
0.1,"with_ssp245",172,10,-0.656201958833568,0.32813006892403,"hist",-0.657389059898724,0.324704316188475,0.00118710106515585,0.0036559448272526,1.01055037634168
0.1,"without_ssp245",172,10,-0.659848470925649,0.323560358760072,"hist",-0.657389059898724,0.324704316188475,0.00245941102692504,0.00757430962358219,0.996476925709424
0.1,"with_ssp245",172,10,0.962368258229753,0.458512394777356,"future",0.963341412780262,0.454544331085072,0.000973154550508948,0.00214094530270759,1.00872976169962
0.1,"without_ssp245",172,10,0.939244986740835,0.467182379897482,"future",0.963341412780262,0.454544331085072,0.0240964260394262,0.0530122683125407,1.02780377610747
