"tol","archive","draw","n_stitched","mean_gen","var_gen","time_period","mean_target","var_target","bias","E1","E2"
0.1,"with_ssp245",144,10,-0.10308079709647,0.86034705958228,"hist+future",-0.10207901746688,0.855514629199893,0.00100177962958965,0.00117096726975499,1.00564856545692
0.1,"without_ssp245",144,10,-0.117823549571293,0.851249024066711,"hist+future",-0.10207901746688,0.855514629199893,0.0157445321044132,0.0184035802159667,0.9950139892556
0.1,"with_ssp245",144,10,-0.660296936776821,0.328914482659148,"hist",-0.657389059898724,0.324704316188475,0.00290787687809724,0.00895546111684379,1.01296615493164
0.1,"without_ssp245",144,10,-0.666762780024275,0.325809434409362,"hist",-0.657389059898724,0.324704316188475,0.00937372012555071,0.0288684802086515,1.00340346021223
0.1,"with_ssp245",144,10,0.965996680197227,0.462232101817975,"future",0.963341412780262,0.454544331085072,0.00265526741696565,0.0058416027555048,1.01691313741511
0.1,"without_ssp245",144,10,0.935373811181519,0.472657256287985,"future",0.963341412780262,0.454544331085072,0.0279676015987422,0.0615288755927919,1.03984853393656
