"tol","archive","draw","n_stitched","mean_gen","var_gen","time_period","mean_target","var_target","bias","E1","E2"
0.1,"with_ssp370",8,9,0.0209554712827017,1.10626178405955,"hist+future",0.0331826405707255,1.10039675800057,0.0122271692880238,0.0111116006105294,1.005329919428
0.1,"without_ssp370",8,8,0.0378609603004725,1.11011660080006,"hist+future",0.0331826405707255,1.10039675800057,0.00467831972974709,0.00425148447206226,1.00883303474753
0.1,"with_ssp370",8,9,-0.673131704287051,0.327255508717468,"hist",-0.657389059898724,0.324704316188475,0.0157426443883274,0.0484830154804273,1.00785697140999
0.1,"without_ssp370",8,8,-0.660301352145536,0.321754272077584,"hist",-0.657389059898724,0.324704316188475,0.00291229224681167,0.00896905923825547,0.990914675402163
0.1,"with_ssp370",8,9,1.35263435464327,0.81737864821079,"future",1.35811671705281,0.812924565528037,0.00548236240953415,0.00674399894161528,1.00547908486424
0.1,"without_ssp370",8,8,1.37735842022595,0.817333079155311,"future",1.35811671705281,0.812924565528037,0.0192417031731447,0.0236697277817483,1.00542302916435
