"tol","archive","draw","n_stitched","mean_gen","var_gen","time_period","mean_target","var_target","bias","E1","E2"
0.1,"with_ssp370",44,10,0.0257560227159279,1.09873271871762,"hist+future",0.0331826405707255,1.10039675800057,0.00742661785479754,0.0067490364732551,0.998487782455871
0.1,"without_ssp370",44,8,0.0253251827278733,1.10540731860482,"hist+future",0.0331826405707255,1.10039675800057,0.00785745784285211,0.00714056796852904,1.00455341272847
0.1,"with_ssp370",44,10,-0.661863979780015,0.324210234130259,"hist",-0.657389059898724,0.324704316188475,0.00447491988129123,0.0137815226290178,0.998478363133524
0.1,"without_ssp370",44,8,-0.66519737472913,0.328887954263297,"hist",-0.657389059898724,0.324704316188475,0.00780831483040645,0.0240474623869,1.01288445476775
0.1,"with_ssp370",44,10,1.34502695773721,0.820718662996276,"future",1.35811671705281,0.812924565528037,0.0130897593155945,0.0161020589986625,1.00958772535454
0.1,"without_ssp370",44,8,1.35016497319771,0.82953954348194,"future",1.35811671705281,0.812924565528037,0.00795174385510244,0.00978165034284253,1.0204385236447
