"tol","archive","draw","n_stitched","mean_gen","var_gen","time_period","mean_target","var_target","bias","E1","E2"
0.1,"with_ssp245",159,10,-0.0966533307285967,0.860534437018817,"hist+future",-0.10207901746688,0.855514629199893,0.00542568673828359,0.00634201514865722,1.00586758852227
0.1,"without_ssp245",159,10,-0.110985735997985,0.847823803016652,"hist+future",-0.10207901746688,0.855514629199893,0.00890671853110492,0.0104109482492834,0.991010292611321
0.1,"with_ssp245",159,10,-0.653911088692913,0.327132009946293,"hist",-0.657389059898724,0.324704316188475,0.0034779712058105,0.0107111948699558,1.007476629157
0.1,"without_ssp245",159,10,-0.65972370554696,0.324020522169313,"hist",-0.657389059898724,0.324704316188475,0.00233464564823582,0.00719006656776522,0.997894102464702
0.1,"with_ssp245",159,10,0.97250399559829,0.465387110841133,"future",0.963341412780262,0.454544331085072,0.00916258281802862,0.0201577320217723,1.02385417442162
0.1,"without_ssp245",159,10,0.941825484648303,0.458122899562855,"future",0.963341412780262,0.454544331085072,0.0215159281319585,0.0473351588844951,1.00787287010981
