"tol","archive","draw","n_stitched","mean_gen","var_gen","time_period","mean_target","var_target","bias","E1","E2"
0.1,"with_ssp245",173,10,-0.104816690593564,0.861594438739962,"hist+future",-0.10207901746688,0.855514629199893,0.00273767312668396,0.0032000307572114,1.00710661084283
0.1,"without_ssp245",173,10,-0.112916365744751,0.853384089708683,"hist+future",-0.10207901746688,0.855514629199893,0.0108373482778705,0.0126676364237114,0.997509639907383
0.1,"with_ssp245",173,10,-0.663100241990369,0.32956258779758,"hist",-0.657389059898724,0.324704316188475,0.00571118209164512,0.0175888702641392,1.01496214052875
0.1,"without_ssp245",173,10,-0.663990939780769,0.325564601612888,"hist",-0.657389059898724,0.324704316188475,0.00660187988204508,0.0203319745162027,1.00264944252824
0.1,"with_ssp245",173,10,0.966308727784026,0.460909678071856,"future",0.963341412780262,0.454544331085072,0.00296731500376479,0.00652810914324093,1.01400379798289
0.1,"without_ssp245",173,10,0.944377875138307,0.470290400048502,"future",0.963341412780262,0.454544331085072,0.0189635376419542,0.0417198859277051,1.03464143733977
