"tol","archive","draw","n_stitched","mean_gen","var_gen","time_period","mean_target","var_target","bias","E1","E2"
0.1,"with_ssp245",13,10,-0.10401384101837,0.86011829254722,"hist+future",-0.10207901746688,0.855514629199893,0.00193482355148959,0.00226159025860155,1.00538116262446
0.1,"without_ssp245",13,10,-0.117565200785467,0.855951962925825,"hist+future",-0.10207901746688,0.855514629199893,0.0154861833185863,0.0181015996571205,1.00051119374351
0.1,"with_ssp245",13,10,-0.660800321477864,0.329041304088383,"hist",-0.657389059898724,0.324704316188475,0.00341126157913962,0.0105057475649925,1.01335673005773
0.1,"without_ssp245",13,10,-0.671243886278682,0.32893322682855,"hist",-0.657389059898724,0.324704316188475,0.0138548263799581,0.0426690551656111,1.01302388181875
0.1,"with_ssp245",13,10,0.964239290095775,0.463715512765153,"future",0.963341412780262,0.454544331085072,0.000897877315513385,0.00197533497639274,1.02017664956504
0.1,"without_ssp245",13,10,0.944725300451517,0.4622043520643,"future",0.963341412780262,0.454544331085072,0.018616112328745,0.0409555483494983,1.01685208780614
