"tol","archive","draw","n_stitched","mean_gen","var_gen","time_period","mean_target","var_target","bias","E1","E2"
0.1,"with_ssp245",160,10,-0.102600158516485,0.85506907820008,"hist+future",-0.10207901746688,0.855514629199893,0.000521141049604365,0.000609155041675622,0.999479201191183
0.1,"without_ssp245",160,10,-0.117084185530864,0.8463197130195,"hist+future",-0.10207901746688,0.855514629199893,0.0150051680639833,0.0175393471389457,0.989252181240908
0.1,"with_ssp245",160,10,-0.656007876444239,0.325817209567444,"hist",-0.657389059898724,0.324704316188475,0.00138118345448535,0.00425366521362665,1.00342740556095
0.1,"without_ssp245",160,10,-0.66378091970367,0.327905697425713,"hist",-0.657389059898724,0.324704316188475,0.0063918598049465,0.0196851704343725,1.00985937382914
0.1,"with_ssp245",160,10,0.95917046308909,0.463485547910831,"future",0.963341412780262,0.454544331085072,0.00417094969117182,0.00917611200037426,1.01967072563509
0.1,"without_ssp245",160,10,0.931810711428592,0.458374570296419,"future",0.963341412780262,0.454544331085072,0.03153070135167,0.0693677144238077,1.00842654709212
