"tol","archive","draw","n_stitched","mean_gen","var_gen","time_period","mean_target","var_target","bias","E1","E2"
0.1,"with_ssp370",137,9,0.0298029246116278,1.10283002116537,"hist+future",0.0331826405707255,1.10039675800057,0.00337971595909762,0.00307136124722739,1.00221125984523
0.1,"without_ssp370",137,7,0.016316387454742,1.09964355139585,"hist+future",0.0331826405707255,1.10039675800057,0.0168662531159835,0.0153274289417478,0.999315513609752
0.1,"with_ssp370",137,9,-0.661873032711478,0.325555156669316,"hist",-0.657389059898724,0.324704316188475,0.0044839728127537,0.0138094031683613,1.0026203546994
0.1,"without_ssp370",137,7,-0.670138642000445,0.329580655755135,"hist",-0.657389059898724,0.324704316188475,0.0127495821017206,0.039265206731407,1.01501778486932
0.1,"with_ssp370",137,9,1.35685563342921,0.816595734745547,"future",1.35811671705281,0.812924565528037,0.00126108362359445,0.00155129230567083,1.00451600231213
0.1,"without_ssp370",137,7,1.33335219978155,0.825501336030144,"future",1.35811671705281,0.812924565528037,0.0247645172712554,0.0304634874149356,1.01547101789689
