"tol","archive","draw","n_stitched","mean_gen","var_gen","time_period","mean_target","var_target","bias","E1","E2"
0.1,"with_ssp245",179,10,-0.107814523790537,0.856501893884004,"hist+future",-0.10207901746688,0.855514629199893,0.00573550632365681,0.00670415926028157,1.00115400093747
0.1,"without_ssp245",179,10,-0.111671944302027,0.854841925038011,"hist+future",-0.10207901746688,0.855514629199893,0.00959292683514684,0.0112130482726151,0.999213684794016
0.1,"with_ssp245",179,10,-0.663571565930151,0.326233076187548,"hist",-0.657389059898724,0.324704316188475,0.00618250603142689,0.0190404183843317,1.00470816038733
0.1,"without_ssp245",179,10,-0.663915681486193,0.327880095985569,"hist",-0.657389059898724,0.324704316188475,0.00652662158746853,0.0201001996649781,1.00978052843391
0.1,"with_ssp245",179,10,0.958463522175001,0.454810713479805,"future",0.963341412780262,0.454544331085072,0.00487789060526067,0.0107313858554046,1.00058604271688
0.1,"without_ssp245",179,10,0.947865458435034,0.467237171970248,"future",0.963341412780262,0.454544331085072,0.0154759543452272,0.0340471837109563,1.02792431896549
