"tol","archive","draw","n_stitched","mean_gen","var_gen","time_period","mean_target","var_target","bias","E1","E2"
0.1,"with_ssp245",29,10,-0.103757765100722,0.856334986324014,"hist+future",-0.10207901746688,0.855514629199893,0.00167874763384204,0.00196226642601315,1.00095890484642
0.1,"without_ssp245",29,10,-0.115519814060978,0.853913696167638,"hist+future",-0.10207901746688,0.855514629199893,0.0134407965940977,0.0157107735336659,0.998128690056707
0.1,"with_ssp245",29,10,-0.657705824586312,0.329180276776003,"hist",-0.657389059898724,0.324704316188475,0.000316764687588011,0.000975548127312681,1.01378472771803
0.1,"without_ssp245",29,10,-0.667096798337376,0.328911193609712,"hist",-0.657389059898724,0.324704316188475,0.00970773843865158,0.0298971647577876,1.01295602556387
0.1,"with_ssp245",29,10,0.959049558330932,0.462129506037006,"future",0.963341412780262,0.454544331085072,0.00429185444932934,0.00944210312574787,1.01668742613911
0.1,"without_ssp245",29,10,0.942738353446064,0.465299639691667,"future",0.963341412780262,0.454544331085072,0.0206030593341976,0.0453268425656408,1.02366173741716
