"tol","archive","draw","n_stitched","mean_gen","var_gen","time_period","mean_target","var_target","bias","E1","E2"
0.1,"with_ssp370",147,10,0.0300784358054185,1.09923101908214,"hist+future",0.0331826405707255,1.10039675800057,0.00310420476530698,0.00282098683291955,0.998940619453887
0.1,"without_ssp370",147,10,0.0324076483755666,1.10672674557856,"hist+future",0.0331826405707255,1.10039675800057,0.000774992195158856,0.000704284331559665,1.00575245931248
0.1,"with_ssp370",147,10,-0.659056952090545,0.322801184518218,"hist",-0.657389059898724,0.324704316188475,0.00166789219182095,0.00513664927956431,0.994138877817835
0.1,"without_ssp370",147,10,-0.661334828601334,0.322230268578429,"hist",-0.657389059898724,0.324704316188475,0.0039457687026101,0.0121518825155369,0.992380613725475
0.1,"with_ssp370",147,10,1.35225679630349,0.816597845382042,"future",1.35811671705281,0.812924565528037,0.00585992074932085,0.00720844343720197,1.00451859866188
0.1,"without_ssp370",147,10,1.36342519141264,0.824693070664927,"future",1.35811671705281,0.812924565528037,0.00530847435983506,0.00653009465446148,1.01447674930237
