"tol","archive","draw","n_stitched","mean_gen","var_gen","time_period","mean_target","var_target","bias","E1","E2"
0.1,"with_ssp245",66,10,-0.111751492114985,0.85374228487131,"hist+future",-0.10207901746688,0.855514629199893,0.00967247464810489,0.0113060306837195,0.997928329606426
0.1,"without_ssp245",66,10,-0.119963384160796,0.848164619319586,"hist+future",-0.10207901746688,0.855514629199893,0.0178843666939153,0.0209048052289198,0.99140866838574
0.1,"with_ssp245",66,10,-0.664585977637781,0.329663714180778,"hist",-0.657389059898724,0.324704316188475,0.00719691773905684,0.0221645274800702,1.01527358197919
0.1,"without_ssp245",66,10,-0.667530312819493,0.327897506671387,"hist",-0.657389059898724,0.324704316188475,0.0101412529207691,0.0312322701459951,1.00983414855828
0.1,"with_ssp245",66,10,0.948919323132239,0.454875345389049,"future",0.963341412780262,0.454544331085072,0.0144220896480226,0.0317286756466519,1.00072823326866
0.1,"without_ssp245",66,10,0.930601071986705,0.462504338242179,"future",0.963341412780262,0.454544331085072,0.0327403407935563,0.0720289277734465,1.01751205902866
