"tol","archive","draw","n_stitched","mean_gen","var_gen","time_period","mean_target","var_target","bias","E1","E2"
0.1,"with_ssp370",49,10,0.0326309628228458,1.10002168890784,"hist+future",0.0331826405707255,1.10039675800057,0.000551677747879661,0.000501344395890499,0.999659151038015
0.1,"without_ssp370",49,8,0.0340654280838429,1.10464053538755,"hist+future",0.0331826405707255,1.10039675800057,0.000882787513117406,0.000802244741906942,1.00385658841334
0.1,"with_ssp370",49,10,-0.656856709957475,0.325288109091429,"hist",-0.657389059898724,0.324704316188475,0.000532349941249177,0.00163949142252909,1.00179792159774
0.1,"without_ssp370",49,8,-0.657213184575561,0.324332294791968,"hist",-0.657389059898724,0.324704316188475,0.000175875323163099,0.000541647629534473,0.998854276404841
0.1,"with_ssp370",49,10,1.35548521873858,0.816145983722562,"future",1.35811671705281,0.812924565528037,0.00263149831423126,0.00323707564738429,1.00396275168832
0.1,"without_ssp370",49,8,1.36035578958154,0.826462377670873,"future",1.35811671705281,0.812924565528037,0.00223907252872735,0.00275434231375817,1.01665322062699
