"tol","archive","draw","n_stitched","mean_gen","var_gen","time_period","mean_target","var_target","bias","E1","E2"
0.1,"with_ssp370",76,10,0.0254944395303895,1.10213840476312,"hist+future",0.0331826405707255,1.10039675800057,0.00768820104033591,0.0069867536272148,1.00158274436005
0.1,"without_ssp370",76,8,0.0233481435552902,1.10009311548752,"hist+future",0.0331826405707255,1.10039675800057,0.00983449701543522,0.00893722827146869,0.999724060880002
0.1,"with_ssp370",76,10,-0.66594729065467,0.323032735196098,"hist",-0.657389059898724,0.324704316188475,0.00855823075594586,0.0263569972102811,0.994851990229145
0.1,"without_ssp370",76,8,-0.663308224820966,0.330018924848959,"hist",-0.657389059898724,0.324704316188475,0.00591916492224243,0.0182294001869893,1.01636753315407
0.1,"with_ssp370",76,10,1.35209775907149,0.816938491365161,"future",1.35811671705281,0.812924565528037,0.0060189579813168,0.00740407934087607,1.00493763629165
0.1,"without_ssp370",76,8,1.34077024567253,0.826028626520328,"future",1.35811671705281,0.812924565528037,0.0173464713802818,0.0213383530475725,1.01611965186927
