"tol","archive","draw","n_stitched","mean_gen","var_gen","time_period","mean_target","var_target","bias","E1","E2"
0.1,"with_ssp370",127,10,0.0287974226496145,1.09920525011147,"hist+future",0.0331826405707255,1.10039675800057,0.00438521792111098,0.00398512435558148,0.998917201563493
0.1,"without_ssp370",127,8,0.0227478343849991,1.10685564630582,"hist+future",0.0331826405707255,1.10039675800057,0.0104348061857263,0.00948276711091592,1.00586959954061
0.1,"with_ssp370",127,10,-0.660197344672412,0.32633809238347,"hist",-0.657389059898724,0.324704316188475,0.00280828477368777,0.00864874482314458,1.00503158139126
0.1,"without_ssp370",127,8,-0.667503432414611,0.326646798490216,"hist",-0.657389059898724,0.324704316188475,0.0101143725158866,0.031149485891083,1.00598231130569
0.1,"with_ssp370",127,10,1.35070598786048,0.814460276705811,"future",1.35811671705281,0.812924565528037,0.00741072919232999,0.0091161339029241,1.00188911892062
0.1,"without_ssp370",127,8,1.34706712533774,0.838103558379674,"future",1.35811671705281,0.812924565528037,0.0110495917150699,0.0135923948956969,1.03097334478419
