"tol","archive","draw","n_stitched","mean_gen","var_gen","time_period","mean_target","var_target","bias","E1","E2"
0.1,"with_ssp245",7,10,-0.109809684123836,0.858838245651796,"hist+future",-0.10207901746688,0.855514629199893,0.00773066665695583,0.00903627640381302,1.00388493234185
0.1,"without_ssp245",7,10,-0.118213916267749,0.847649748289659,"hist+future",-0.10207901746688,0.855514629199893,0.016134898800869,0.0188598748053659,0.990806842289081
0.1,"with_ssp245",7,10,-0.666322690820822,0.328493037258462,"hist",-0.657389059898724,0.324704316188475,0.00893363092209787,0.0275131264867829,1.01166821899524
0.1,"without_ssp245",7,10,-0.665437374109646,0.329961357979072,"hist",-0.657389059898724,0.324704316188475,0.00804831421092245,0.0247865944789314,1.01619024302574
0.1,"with_ssp245",7,10,0.95791875895759,0.459351847083701,"future",0.963341412780262,0.454544331085072,0.0054226538226716,0.0119298678958922,1.01057656133815
0.1,"without_ssp245",7,10,0.9316915551731,0.45919679616847,"future",0.963341412780262,0.454544331085072,0.0316498576071617,0.0696298588338088,1.01023544848154
