"tol","archive","draw","n_stitched","mean_gen","var_gen","time_period","mean_target","var_target","bias","E1","E2"
0.1,"with_ssp245",12,10,-0.111457041387996,0.856433446758588,"hist+future",-0.10207901746688,0.855514629199893,0.00937802392111579,0.0109618510321518,1.00107399397665
0.1,"without_ssp245",12,9,-0.115776399668898,0.852101078270331,"hist+future",-0.10207901746688,0.855514629199893,0.013697382202018,0.0160106931366308,0.996009944408836
0.1,"with_ssp245",12,10,-0.665050225423389,0.330417543251957,"hist",-0.657389059898724,0.324704316188475,0.00766116552466478,0.0235942829913534,1.01759516821503
0.1,"without_ssp245",12,9,-0.666168029839281,0.328246737341116,"hist",-0.657389059898724,0.324704316188475,0.00877896994055727,0.0270368131954905,1.01090968298242
0.1,"with_ssp245",12,10,0.950669416354327,0.463349815038585,"future",0.963341412780262,0.454544331085072,0.0126719964259345,0.0278784610418183,1.01937211257809
0.1,"without_ssp245",12,9,0.940207541937069,0.464306506952534,"future",0.963341412780262,0.454544331085072,0.0231338708431925,0.0508946416468734,1.02147683999085
