"tol","archive","draw","n_stitched","mean_gen","var_gen","time_period","mean_target","var_target","bias","E1","E2"
0.1,"with_ssp370",179,10,0.0264593529652961,1.10039934381593,"hist+future",0.0331826405707255,1.10039675800057,0.00672328760542931,0.006109875875721,1.00000234989365
0.1,"without_ssp370",179,8,0.025384760735192,1.1075332403992,"hist+future",0.0331826405707255,1.10039675800057,0.00779787983553342,0.00708642567222953,1.00648537206852
0.1,"with_ssp370",179,10,-0.662573215578294,0.324585864554145,"hist",-0.657389059898724,0.324704316188475,0.00518415567956965,0.0159657738474918,0.999635201540526
0.1,"without_ssp370",179,8,-0.666898757030299,0.333438917879387,"hist",-0.657389059898724,0.324704316188475,0.00950969713157457,0.0292872519934557,1.02690017118788
0.1,"with_ssp370",179,10,1.34844044377567,0.820313786675812,"future",1.35811671705281,0.812924565528037,0.00967627327713672,0.0119030395776654,1.00908967628869
0.1,"without_ssp370",179,8,1.3536031378434,0.826097559893593,"future",1.35811671705281,0.812924565528037,0.00451357920940798,0.00555227311463539,1.01620444863417
