"tol","archive","draw","n_stitched","mean_gen","var_gen","time_period","mean_target","var_target","bias","E1","E2"
0.1,"with_ssp245",4,10,-0.100018380212751,0.855995710781747,"hist+future",-0.10207901746688,0.855514629199893,0.00206063725412915,0.00240865227057114,1.00056233004724
0.1,"without_ssp245",4,10,-0.118703289922791,0.849451409857867,"hist+future",-0.10207901746688,0.855514629199893,0.016624272455911,0.0194318973498544,0.992912781225382
0.1,"with_ssp245",4,10,-0.652788461557049,0.326899996343552,"hist",-0.657389059898724,0.324704316188475,0.00460059834167537,0.0141685777253572,1.00676209106442
0.1,"without_ssp245",4,10,-0.666022774828742,0.328004508247801,"hist",-0.657389059898724,0.324704316188475,0.00863371493001786,0.0265894677082346,1.01016368398814
0.1,"with_ssp245",4,10,0.960528868878052,0.471219099079651,"future",0.963341412780262,0.454544331085072,0.00281254390220942,0.00618761187824169,1.03668458025815
0.1,"without_ssp245",4,10,0.931386419489788,0.470823613943998,"future",0.963341412780262,0.454544331085072,0.0319549932904735,0.0703011589962889,1.03581451080924
