"tol","archive","draw","n_stitched","mean_gen","var_gen","time_period","mean_target","var_target","bias","E1","E2"
0.1,"with_ssp370",126,10,0.0395617594526972,1.09935750097522,"hist+future",0.0331826405707255,1.10039675800057,0.00637911888197171,0.00579710802998239,0.999055561534698
0.1,"without_ssp370",126,8,0.018121962003189,1.10100409495003,"hist+future",0.0331826405707255,1.10039675800057,0.0150606785675365,0.0136865893670041,1.00055192542602
0.1,"with_ssp370",126,10,-0.649937110632923,0.325340316469417,"hist",-0.657389059898724,0.324704316188475,0.00745194926580128,0.0229499544486369,1.00195870596488
0.1,"without_ssp370",126,8,-0.67139240181752,0.32600511756074,"hist",-0.657389059898724,0.324704316188475,0.0140033419187962,0.0431264421833798,1.0040061105055
0.1,"with_ssp370",126,10,1.36243749857046,0.813434528331342,"future",1.35811671705281,0.812924565528037,0.00432078151764759,0.00531510757685249,1.00062731872664
0.1,"without_ssp370",126,8,1.34102742747315,0.819256168326689,"future",1.35811671705281,0.812924565528037,0.0170892895796544,0.0210219869152976,1.00778867199632
