"tol","archive","draw","n_stitched","mean_gen","var_gen","time_period","mean_target","var_target","bias","E1","E2"
0.1,"with_ssp370",145,10,0.037849723945053,1.09698780611815,"hist+future",0.0331826405707255,1.10039675800057,0.00466708337432751,0.00424127328656222,0.996902070223637
0.1,"without_ssp370",145,8,0.0375633175926119,1.10924989057628,"hist+future",0.0331826405707255,1.10039675800057,0.0043806770218864,0.00398099775379756,1.00804540045337
0.1,"with_ssp370",145,10,-0.650516654123233,0.320413060540263,"hist",-0.657389059898724,0.324704316188475,0.00687240577549075,0.02116511987325,0.986784112701106
0.1,"without_ssp370",145,8,-0.655812480791302,0.324008201863106,"hist",-0.657389059898724,0.324704316188475,0.00157657910742204,0.00485543009076267,0.997856159309675
0.1,"with_ssp370",145,10,1.35855265861095,0.813221818117043,"future",1.35811671705281,0.812924565528037,0.000435941558142305,0.000536263236010267,1.00036565826844
0.1,"without_ssp370",145,8,1.3678773493757,0.834847791997433,"future",1.35811671705281,0.812924565528037,0.00976063232289381,0.0120068118701195,1.02696834048207
