"tol","archive","draw","n_stitched","mean_gen","var_gen","time_period","mean_target","var_target","bias","E1","E2"
0.1,"with_ssp245",122,10,-0.111162764321144,0.855924391250071,"hist+future",-0.10207901746688,0.855514629199893,0.00908374685426402,0.0106178743696756,1.00047896556785
0.1,"without_ssp245",122,9,-0.118054215349137,0.849900247363657,"hist+future",-0.10207901746688,0.855514629199893,0.0159751978822566,0.0186732024643426,0.993437421588587
0.1,"with_ssp245",122,10,-0.664598903235837,0.331908855351918,"hist",-0.657389059898724,0.324704316188475,0.00720984333711316,0.0222043347675373,1.02218799937128
0.1,"without_ssp245",122,9,-0.666575411664836,0.327921078896165,"hist",-0.657389059898724,0.324704316188475,0.00918635176611193,0.0282914371879791,1.00990674452822
0.1,"with_ssp245",122,10,0.950662385922162,0.459592778290491,"future",0.963341412780262,0.454544331085072,0.0126790268581,0.0278939280308106,1.01110661130316
0.1,"without_ssp245",122,9,0.934341103163541,0.465374647057233,"future",0.963341412780262,0.454544331085072,0.0290003096167202,0.0638008388477569,1.02382675402927
