"tol","archive","draw","n_stitched","mean_gen","var_gen","time_period","mean_target","var_target","bias","E1","E2"
0.1,"with_ssp370",143,10,0.0276542282851882,1.10598503388088,"hist+future",0.0331826405707255,1.10039675800057,0.00552841228553723,0.00502401724227394,1.00507841906992
0.1,"without_ssp370",143,8,0.0287692939943352,1.09962752851741,"hist+future",0.0331826405707255,1.10039675800057,0.00441334657639025,0.00401068664034355,0.999300952608617
0.1,"with_ssp370",143,10,-0.666192859426715,0.325977686939293,"hist",-0.657389059898724,0.324704316188475,0.00880379952799082,0.027113281496636,1.00392163173488
0.1,"without_ssp370",143,8,-0.657721839740826,0.324941429894607,"hist",-0.657389059898724,0.324704316188475,0.000332779842102116,0.00102487039904007,1.00073024500849
0.1,"with_ssp370",143,10,1.358872477965,0.818442504090862,"future",1.35811671705281,0.812924565528037,0.000755760912193537,0.000929681478751513,1.00678776210833
0.1,"without_ssp370",143,8,1.34587437616063,0.828847723958161,"future",1.35811671705281,0.812924565528037,0.0122423408921757,0.015059627192129,1.01958749815831
