"tol","archive","draw","n_stitched","mean_gen","var_gen","time_period","mean_target","var_target","bias","E1","E2"
0.1,"with_ssp370",67,10,0.0315891948556138,1.10380763662957,"hist+future",0.0331826405707255,1.10039675800057,0.00159344571511164,0.00144806471259233,1.00309968073261
0.1,"without_ssp370",67,8,0.0309003074244058,1.10277111874385,"hist+future",0.0331826405707255,1.10039675800057,0.00228233314631962,0.00207410020951591,1.0021577314964
0.1,"with_ssp370",67,10,-0.660417267685334,0.324215449815417,"hist",-0.657389059898724,0.324704316188475,0.00302820778661017,0.00932604722399946,0.998494426009495
0.1,"without_ssp370",67,8,-0.658445730455004,0.326097976256199,"hist",-0.657389059898724,0.324704316188475,0.00105667055628034,0.00325425472837568,1.00429208975133
0.1,"with_ssp370",67,10,1.35927601252139,0.819935490235345,"future",1.35811671705281,0.812924565528037,0.00115929546857751,0.00142608000512876,1.00862432383594
0.1,"without_ssp370",67,8,1.35348282196048,0.826887084524265,"future",1.35811671705281,0.812924565528037,0.00463389509232526,0.0057002768631002,1.01717566375566
