"tol","archive","draw","n_stitched","mean_gen","var_gen","time_period","mean_target","var_target","bias","E1","E2"
0.1,"with_ssp370",12,10,0.0308286572828251,1.10196594058617,"hist+future",0.0331826405707255,1.10039675800057,0.0023539832879004,0.00213921321631081,1.00142601527511
0.1,"without_ssp370",12,8,0.0333985854535541,1.10263537767697,"hist+future",0.0331826405707255,1.10039675800057,0.000215944882828625,0.000196242747226008,1.00203437501985
0.1,"with_ssp370",12,10,-0.660273873787845,0.324541354378151,"hist",-0.657389059898724,0.324704316188475,0.00288481388912132,0.00888443345313225,0.999498122438786
0.1,"without_ssp370",12,8,-0.65789638077112,0.324512330658079,"hist",-0.657389059898724,0.324704316188475,0.000507320872396133,0.00156240877346902,0.999408737362504
0.1,"with_ssp370",12,10,1.35678118782539,0.81672017700636,"future",1.35811671705281,0.812924565528037,0.0013355292274182,0.00164286981111304,1.00466908202713
0.1,"without_ssp370",12,8,1.35972032297764,0.818388093743298,"future",1.35811671705281,0.812924565528037,0.00160360592482989,0.00197263804395954,1.0067208305013
