"tol","archive","draw","n_stitched","mean_gen","var_gen","time_period","mean_target","var_target","bias","E1","E2"
0.1,"with_ssp370",139,10,0.0335841348926925,1.10075703426043,"hist+future",0.0331826405707255,1.10039675800057,0.000401494321967059,0.000364863235962796,1.0003274057809
0.1,"without_ssp370",139,8,0.015972050896201,1.10036800430394,"hist+future",0.0331826405707255,1.10039675800057,0.0172105896745244,0.0156403493098218,0.999973869700704
0.1,"with_ssp370",139,10,-0.657842612617254,0.321425951226934,"hist",-0.657389059898724,0.324704316188475,0.000453552718529759,0.00139681764583164,0.989903537470571
0.1,"without_ssp370",139,8,-0.672825041290734,0.332267474039829,"hist",-0.657389059898724,0.324704316188475,0.01543598139201,0.0475385777842575,1.02329244630972
0.1,"with_ssp370",139,10,1.36015870860364,0.812775696760629,"future",1.35811671705281,0.812924565528037,0.00204199155082718,0.00251190779245403,0.999816872593446
0.1,"without_ssp370",139,8,1.33750135567346,0.815303178549058,"future",1.35811671705281,0.812924565528037,0.0206153613793485,0.0253595010577122,1.00292599476247
