"tol","archive","draw","n_stitched","mean_gen","var_gen","time_period","mean_target","var_target","bias","E1","E2"
0.1,"with_ssp245",67,10,-0.10422282367846,0.858339112377043,"hist+future",-0.10207901746688,0.855514629199893,0.00214380621157984,0.00250586739070119,1.00330150190394
0.1,"without_ssp245",67,10,-0.11013701573015,0.851727380515213,"hist+future",-0.10207901746688,0.855514629199893,0.00805799826326931,0.00941889009052414,0.995573133929665
0.1,"with_ssp245",67,10,-0.660208440800747,0.328060717675613,"hist",-0.657389059898724,0.324704316188475,0.00281938090202327,0.00868291784697669,1.01033679356818
0.1,"without_ssp245",67,10,-0.661156156110961,0.325391487851848,"hist",-0.657389059898724,0.324704316188475,0.0037670962122367,0.0116016203802172,1.00211629975061
0.1,"with_ssp245",67,10,0.962493767311975,0.460798005304741,"future",0.963341412780262,0.454544331085072,0.000847645468287084,0.00186482463935611,1.01375811728801
0.1,"without_ssp245",67,10,0.947050869884197,0.462039918234742,"future",0.963341412780262,0.454544331085072,0.0162905428960645,0.0358392829521738,1.01649033248699
