"tol","archive","draw","n_stitched","mean_gen","var_gen","time_period","mean_target","var_target","bias","E1","E2"
0.1,"with_ssp370",119,10,0.0274047051884701,1.10284199709192,"hist+future",0.0331826405707255,1.10039675800057,0.00577793538225538,0.00525077463219168,1.00222214312572
0.1,"without_ssp370",119,8,0.027734959220771,1.10433256888969,"hist+future",0.0331826405707255,1.10039675800057,0.00544768134995446,0.00495065194471576,1.00357671981537
0.1,"with_ssp370",119,10,-0.664646772439269,0.323157064144313,"hist",-0.657389059898724,0.324704316188475,0.00725771254054541,0.0223517587500521,0.995234889199121
0.1,"without_ssp370",119,8,-0.663928631576992,0.322132982058239,"hist",-0.657389059898724,0.324704316188475,0.00653957167826824,0.0201400823833593,0.992080997997132
0.1,"with_ssp370",119,10,1.35517788900913,0.816722978042999,"future",1.35811671705281,0.812924565528037,0.00293882804367551,0.00361513007269818,1.00467252765636
0.1,"without_ssp370",119,8,1.35476394156532,0.825104109893796,"future",1.35811671705281,0.812924565528037,0.0033527754874918,0.00412433776719983,1.01498237952478
