"tol","archive","draw","n_stitched","mean_gen","var_gen","time_period","mean_target","var_target","bias","E1","E2"
0.1,"with_ssp370",53,10,0.0326920420413836,1.10253664156871,"hist+future",0.0331826405707255,1.10039675800057,0.00049059852934185,0.000445837854187493,1.00194464728524
0.1,"without_ssp370",53,8,0.0341234402292995,1.10775637871006,"hist+future",0.0331826405707255,1.10039675800057,0.000940799658574049,0.000854964040682459,1.00668815193791
0.1,"with_ssp370",53,10,-0.659751244376291,0.32531794773907,"hist",-0.657389059898724,0.324704316188475,0.00236218447756664,0.00727487858891137,1.00188981642683
0.1,"without_ssp370",53,8,-0.661503600733932,0.323047814184127,"hist",-0.657389059898724,0.324704316188475,0.00411454083520812,0.0126716542715122,0.994898429365546
0.1,"with_ssp370",53,10,1.36121695202878,0.811996523322102,"future",1.35811671705281,0.812924565528037,0.00310023497597323,0.00381368100736316,0.998858390747076
0.1,"without_ssp370",53,8,1.36875671649596,0.819118631861683,"future",1.35811671705281,0.812924565528037,0.0106399994431563,0.0130885446132939,1.00761948475456
