"tol","archive","draw","n_stitched","mean_gen","var_gen","time_period","mean_target","var_target","bias","E1","E2"
0.1,"with_ssp370",111,10,0.0343005477747807,1.10211899574586,"hist+future",0.0331826405707255,1.10039675800057,0.00111790720405524,0.00101591284773183,1.00156510616082
0.1,"without_ssp370",111,7,0.0241638645029645,1.11807554078072,"hist+future",0.0331826405707255,1.10039675800057,0.00901877606776098,0.00819593115136774,1.01606582594106
0.1,"with_ssp370",111,10,-0.658453831382903,0.326470864803455,"hist",-0.657389059898724,0.324704316188475,0.00106477148417927,0.0032792033585449,1.00544048393233
0.1,"without_ssp370",111,7,-0.676113395714147,0.336232264085954,"hist",-0.657389059898724,0.324704316188475,0.0187243358154231,0.0576658051091459,1.0355029093324
0.1,"with_ssp370",111,10,1.3634223217401,0.80795455016951,"future",1.35811671705281,0.812924565528037,0.00530560468729613,0.00652656459440349,0.993886252711161
0.1,"without_ssp370",111,7,1.36771907305905,0.827569799364779,"future",1.35811671705281,0.812924565528037,0.00960235600624193,0.0118121119885271,1.01801548933046
