"tol","archive","draw","n_stitched","mean_gen","var_gen","time_period","mean_target","var_target","bias","E1","E2"
0.1,"with_ssp370",168,10,0.0246862790168387,1.10267952638365,"hist+future",0.0331826405707255,1.10039675800057,0.00849636155388677,0.00772118010355165,1.00207449573663
0.1,"without_ssp370",168,8,0.0268043067605677,1.1034076869161,"hist+future",0.0331826405707255,1.10039675800057,0.00637833381015776,0.00579639458566492,1.00273622117989
0.1,"with_ssp370",168,10,-0.666609427311581,0.329248143712354,"hist",-0.657389059898724,0.324704316188475,0.00922036741285703,0.0283961960256329,1.01399373921855
0.1,"without_ssp370",168,8,-0.662837182977717,0.323379399731203,"hist",-0.657389059898724,0.324704316188475,0.00544812307899301,0.0167787208465398,0.995919621664338
0.1,"with_ssp370",168,10,1.35100943650741,0.814998469566511,"future",1.35811671705281,0.812924565528037,0.00710728054539711,0.00874285369981476,1.0025511641872
0.1,"without_ssp370",168,8,1.34995367660728,0.830030246631263,"future",1.35811671705281,0.812924565528037,0.00816304044553173,0.0100415718649484,1.0210421505618
