"tol","archive","draw","n_stitched","mean_gen","var_gen","time_period","mean_target","var_target","bias","E1","E2"
0.1,"with_ssp245",187,10,-0.111201410164004,0.859786098332134,"hist+future",-0.10207901746688,0.855514629199893,0.00912239269712418,0.010663046996234,1.00499286509716
0.1,"without_ssp245",187,10,-0.113511341429723,0.853873084695191,"hist+future",-0.10207901746688,0.855514629199893,0.0114323239628422,0.0133630958169987,0.998081219831113
0.1,"with_ssp245",187,10,-0.66721237451146,0.328129770616105,"hist",-0.657389059898724,0.324704316188475,0.00982331461273567,0.0302531075904569,1.0105494576353
0.1,"without_ssp245",187,10,-0.664694811208453,0.327962085669258,"hist",-0.657389059898724,0.324704316188475,0.00730575130972944,0.0224997049484516,1.01003303411246
0.1,"with_ssp245",187,10,0.955563812130532,0.468349556182873,"future",0.963341412780262,0.454544331085072,0.00777760064972988,0.0171107637205891,1.03037157028192
0.1,"without_ssp245",187,10,0.943991827331796,0.468967797570624,"future",0.963341412780262,0.454544331085072,0.0193495854484657,0.042569193201189,1.0317317046967
