"tol","archive","draw","n_stitched","mean_gen","var_gen","time_period","mean_target","var_target","bias","E1","E2"
0.1,"with_ssp370",14,10,0.0257287695013549,1.10295203882394,"hist+future",0.0331826405707255,1.10039675800057,0.00745387106937053,0.00677380318978243,1.00232214499433
0.1,"without_ssp370",14,9,0.0243097713653625,1.09757778732135,"hist+future",0.0331826405707255,1.10039675800057,0.00887286920536294,0.00806333637467724,0.997438223387405
0.1,"with_ssp370",14,10,-0.66585422032817,0.326150096499675,"hist",-0.657389059898724,0.324704316188475,0.00846516042944634,0.0260703661990521,1.00445260576814
0.1,"without_ssp370",14,9,-0.660852716952249,0.328788195029741,"hist",-0.657389059898724,0.324704316188475,0.00346365705352492,0.0106671112173157,1.01257722376223
0.1,"with_ssp370",14,10,1.35260311045335,0.817097737904507,"future",1.35811671705281,0.812924565528037,0.00551360659945765,0.0067824332456681,1.00513352966983
0.1,"without_ssp370",14,9,1.3388657082538,0.82419091052068,"future",1.35811671705281,0.812924565528037,0.0192510087990054,0.02368117487814,1.01385902883292
