"tol","archive","draw","n_stitched","mean_gen","var_gen","time_period","mean_target","var_target","bias","E1","E2"
0.1,"with_ssp370",87,10,0.034192961898052,1.09741226951498,"hist+future",0.0331826405707255,1.10039675800057,0.00101032132732651,0.000918142769851727,0.997287806907921
0.1,"without_ssp370",87,9,0.0312399910664183,1.10982907252411,"hist+future",0.0331826405707255,1.10039675800057,0.00194264950430712,0.00176540824042132,1.00857173965204
0.1,"with_ssp370",87,10,-0.652576467360075,0.319360136020259,"hist",-0.657389059898724,0.324704316188475,0.00481259253864896,0.0148214615535184,0.983541394734297
0.1,"without_ssp370",87,9,-0.664896480798125,0.329972882005656,"hist",-0.657389059898724,0.324704316188475,0.00750742089940104,0.0231207918253952,1.0162257338585
0.1,"with_ssp370",87,10,1.35183198314911,0.823197872723494,"future",1.35811671705281,0.812924565528037,0.0062847339036991,0.00773101732953147,1.01263746678486
0.1,"without_ssp370",87,9,1.36685066382979,0.819632701614519,"future",1.35811671705281,0.812924565528037,0.00873394677697781,0.0107438588367724,1.0082518555484
