"tol","archive","draw","n_stitched","mean_gen","var_gen","time_period","mean_target","var_target","bias","E1","E2"
0.1,"with_ssp245",47,10,-0.10664824986722,0.853225506058785,"hist+future",-0.10207901746688,0.855514629199893,0.00456923240033948,0.00534091673524365,0.997324273527329
0.1,"without_ssp245",47,10,-0.110413848107739,0.849520841833877,"hist+future",-0.10207901746688,0.855514629199893,0.00833483064085919,0.00974247588104275,0.992993939365337
0.1,"with_ssp245",47,10,-0.658948511380495,0.326715381705701,"hist",-0.657389059898724,0.324704316188475,0.00155945148177106,0.00480268171386386,1.00619352874896
0.1,"without_ssp245",47,10,-0.660637863239294,0.325556438744159,"hist",-0.657389059898724,0.324704316188475,0.00324880334056987,0.0100054208663001,1.00262430313735
0.1,"with_ssp245",47,10,0.952997600710576,0.459738901278543,"future",0.963341412780262,0.454544331085072,0.0103438120696857,0.0227564427984248,1.01142808267143
0.1,"without_ssp245",47,10,0.945248506505126,0.455213381177373,"future",0.963341412780262,0.454544331085072,0.0180929062751352,0.0398044921865914,1.00147191384106
