"tol","archive","draw","n_stitched","mean_gen","var_gen","time_period","mean_target","var_target","bias","E1","E2"
0.1,"with_ssp245",130,10,-0.109043794761337,0.854504678417574,"hist+future",-0.10207901746688,0.855514629199893,0.00696477729445681,0.00814103822043407,0.998819481575361
0.1,"without_ssp245",130,10,-0.114901289012418,0.852604434384706,"hist+future",-0.10207901746688,0.855514629199893,0.0128222715455375,0.0149877875934504,0.996598310869437
0.1,"with_ssp245",130,10,-0.661958204457889,0.325939741217737,"hist",-0.657389059898724,0.324704316188475,0.00456914455916502,0.0140717087250323,1.00380476934758
0.1,"without_ssp245",130,10,-0.665340295869381,0.327462829094187,"hist",-0.657389059898724,0.324704316188475,0.00795123597065728,0.0244876201954826,1.00849546115707
0.1,"with_ssp245",130,10,0.951780363377396,0.463580509312205,"future",0.963341412780262,0.454544331085072,0.0115610494028654,0.0254343715502232,1.01987964123447
0.1,"without_ssp245",130,10,0.94117354972478,0.467796199206596,"future",0.963341412780262,0.454544331085072,0.022167863055482,0.0487694192611833,1.0291541819252
