"tol","archive","draw","n_stitched","mean_gen","var_gen","time_period","mean_target","var_target","bias","E1","E2"
0.1,"with_ssp370",110,9,0.0290445874409184,1.10051090116808,"hist+future",0.0331826405707255,1.10039675800057,0.00413805312980709,0.00376051010666912,1.00010372910196
0.1,"without_ssp370",110,8,0.032206984659427,1.10787898076042,"hist+future",0.0331826405707255,1.10039675800057,0.000975655911298418,0.000886640117943631,1.00679956816071
0.1,"with_ssp370",110,9,-0.6609069186918,0.32458415682397,"hist",-0.657389059898724,0.324704316188475,0.00351785879307587,0.0108340376696253,0.999629942201214
0.1,"without_ssp370",110,8,-0.661230773251983,0.331904100341928,"hist",-0.657389059898724,0.324704316188475,0.003841713353259,0.0118314206548122,1.02217335524814
0.1,"with_ssp370",110,9,1.35278875618392,0.816377990865309,"future",1.35811671705281,0.812924565528037,0.00532796086888432,0.00655406552442357,1.00424814980837
0.1,"without_ssp370",110,8,1.36263989228016,0.823204729986851,"future",1.35811671705281,0.812924565528037,0.00452317522734691,0.00556407742999975,1.01264590208581
