"tol","archive","draw","n_stitched","mean_gen","var_gen","mean_target","var_target","bias","E1","E2"
0.1,"with_ssp245",7,11,0.0168719327707896,0.146307114780195,0.0123109293464732,0.104141659571487,0.00456100342431644,0.0437961469318203,1.4048855701187
0.1,"without_ssp245",7,9,-0.00320546800877728,0.166948426350014,0.0123109293464732,0.104141659571487,0.0155163973552504,0.148993183122835,1.60308974369104
