"tol","archive","draw","n_stitched","mean_gen","var_gen","mean_target","var_target","bias","E1","E2"
0.1,"with_ssp370",45,10,0.0173356874025256,0.143157092881461,0.0179248203526037,0.10661449936832,0.000589132950078133,0.00552582391296385,1.34275444456103
0.1,"without_ssp370",45,8,0.00744038007849516,0.158631594010441,0.0179248203526037,0.10661449936832,0.0104844402741085,0.0983397224226325,1.48789887820434
