"tol","archive","draw","n_stitched","mean_gen","var_gen","mean_target","var_target","bias","E1","E2"
0.1,"with_ssp370",186,10,0.0113997754225032,0.146710293831757,0.0179248203526037,0.10661449936832,0.00652504493010055,0.0612022282969086,1.37608200292643
0.1,"without_ssp370",186,8,0.0231726937025532,0.154234824678742,0.0179248203526037,0.10661449936832,0.00524787334994954,0.0492228860149664,1.44665899659584
