"tol","archive","draw","n_stitched","mean_gen","var_gen","mean_target","var_target","bias","E1","E2"
0.1,"with_ssp245",76,10,0.0125215720105742,0.107246600077443,0.0123109293464732,0.104141659571487,0.000210642664101056,0.00202265515037681,1.0298145863887
0.1,"without_ssp245",76,8,0.012526274211713,0.111440891024537,0.0123109293464732,0.104141659571487,0.000215344865239823,0.00206780712085736,1.0700894481909
