"tol","archive","draw","n_stitched","mean_gen","var_gen","mean_target","var_target","bias","E1","E2"
0.1,"with_ssp126",59,11,0.0125715053423269,0.154043200150827,0.007867262016478,0.102701343952847,0.00470424332584888,0.0458050804866656,1.49991416102162
0.1,"without_ssp126",59,10,-0.0101282484638699,0.175802056027664,0.007867262016478,0.102701343952847,0.0179955104803479,0.175221762322898,1.71177950804987
