"tol","archive","draw","n_stitched","mean_gen","var_gen","mean_target","var_target","bias","E1","E2"
0.1,"with_ssp126",162,11,0.00799906715545188,0.108611528061577,0.007867262016478,0.102701343952847,0.00013180513897388,0.00128338280591922,1.05754729082653
0.1,"without_ssp126",162,9,0.00812480883148146,0.113071980595526,0.007867262016478,0.102701343952847,0.000257546815003453,0.00250772584944653,1.10097858746075
