"tol","archive","draw","n_stitched","mean_gen","var_gen","mean_target","var_target","bias","E1","E2"
0.1,"with_ssp126",141,11,0.00781135892610373,0.110222757729518,0.007867262016478,0.102701343952847,5.59030903742683e-05,0.000544326765577042,1.07323578725635
0.1,"without_ssp126",141,9,0.00836795050248954,0.111870953001496,0.007867262016478,0.102701343952847,0.000500688486011539,0.00487518923064357,1.08928421669788
