"tol","archive","draw","n_stitched","mean_gen","var_gen","mean_target","var_target","bias","E1","E2"
0.1,"with_ssp126",73,11,0.00779639882713648,0.109623021725405,0.007867262016478,0.102701343952847,7.08631893415199e-05,0.000689992814252317,1.06739617522178
0.1,"without_ssp126",73,9,0.00829729167696219,0.112345037985716,0.007867262016478,0.102701343952847,0.000430029660484185,0.00418718630090785,1.09390036840508
