"tol","archive","draw","n_stitched","mean_gen","var_gen","mean_target","var_target","bias","E1","E2"
0.1,"with_ssp245",54,11,0.0122855962787309,0.109699781699578,0.0123109293464732,0.104141659571487,2.53330677422569e-05,0.00024325584829832,1.05337078505337
0.1,"without_ssp245",54,9,0.0128778339776309,0.113249403892628,0.0123109293464732,0.104141659571487,0.000566904631157748,0.0054435912918077,1.08745534072164
