"tol","archive","draw","n_stitched","mean_gen","var_gen","mean_target","var_target","bias","E1","E2"
0.1,"with_ssp370",71,10,0.0245255210672332,0.153602891331217,0.0179248203526037,0.10661449936832,0.00660070071462951,0.0619118483296172,1.44073172262027
0.1,"without_ssp370",71,9,0.0258328467940624,0.164701008107675,0.0179248203526037,0.10661449936832,0.00790802644145874,0.0741740240615767,1.54482747734606
