"tol","archive","draw","n_stitched","mean_gen","var_gen","mean_target","var_target","bias","E1","E2"
0.1,"with_ssp245",22,11,0.0166558446171005,0.139615582251779,0.0123109293464732,0.104141659571487,0.00434491527062734,0.0417212025284158,1.34063143247628
0.1,"without_ssp245",22,7,-0.00246893417244576,0.161583888008073,0.0123109293464732,0.104141659571487,0.0147798635189189,0.141920760430877,1.55157780923547
