"tol","archive","draw","n_stitched","mean_gen","var_gen","mean_target","var_target","bias","E1","E2"
0.1,"with_ssp245",157,11,0.0125902999217063,0.109939175686356,0.0123109293464732,0.104141659571487,0.000279370575233102,0.0026826015293268,1.0556695191792
0.1,"without_ssp245",157,7,0.0128723231227509,0.111646169115574,0.0123109293464732,0.104141659571487,0.0005613937762777,0.00539067438129636,1.07206059107341
