"tol","archive","draw","n_stitched","mean_gen","var_gen","mean_target","var_target","bias","E1","E2"
0.1,"with_ssp245",130,11,0.0124939077483622,0.108800342019237,0.0123109293464732,0.104141659571487,0.000182978401889048,0.00175701446128237,1.04473409072718
0.1,"without_ssp245",130,8,0.0127927554030418,0.110479688411381,0.0123109293464732,0.104141659571487,0.00048182605656869,0.00462664085200166,1.06085968733333
