"tol","archive","draw","n_stitched","mean_gen","var_gen","mean_target","var_target","bias","E1","E2"
0.1,"with_ssp245",54,11,0.0183858145395666,0.15026690582093,0.0123109293464732,0.104141659571487,0.00607488519309341,0.0583329017233816,1.44290869224896
0.1,"without_ssp245",54,9,-0.000719387096873842,0.153015541825757,0.0123109293464732,0.104141659571487,0.013030316443347,0.125121075436699,1.46930193407108
