"tol","archive","draw","n_stitched","mean_gen","var_gen","mean_target","var_target","bias","E1","E2"
0.1,"with_ssp370",67,10,0.028784315924456,0.154934732550368,0.0179248203526037,0.10661449936832,0.0108594955718523,0.101857586315123,1.45322384355168
0.1,"without_ssp370",67,8,0.0197356246040976,0.152903038950395,0.0179248203526037,0.10661449936832,0.00181080425149387,0.0169845964875574,1.43416739614527
