"tol","archive","draw","n_stitched","mean_gen","var_gen","mean_target","var_target","bias","E1","E2"
0.1,"with_ssp245",72,11,0.0135024109082545,0.151193748007978,0.0123109293464732,0.104141659571487,0.0011914815617813,0.0114409696050928,1.45180851380799
0.1,"without_ssp245",72,8,-0.00402663600926051,0.149516095669155,0.0123109293464732,0.104141659571487,0.0163375653557337,0.156878288889942,1.43569918401887
