"tol","archive","draw","n_stitched","mean_gen","var_gen","mean_target","var_target","bias","E1","E2"
0.1,"with_ssp370",82,10,0.0178393361761049,0.112741992959033,0.0179248203526037,0.10661449936832,8.54841764987846e-05,0.00080180629281448,1.05747336081881
0.1,"without_ssp370",82,8,0.0181338425471346,0.114787732721762,0.0179248203526037,0.10661449936832,0.000209022194530905,0.00196054191286682,1.07666155543447
