"tol","archive","draw","n_stitched","mean_gen","var_gen","mean_target","var_target","bias","E1","E2"
0.1,"with_ssp245",191,11,0.0155310505392033,0.145851610807649,0.0123109293464732,0.104141659571487,0.00322012119273011,0.0309205864970848,1.40051168195117
0.1,"without_ssp245",191,7,-0.000967038098224881,0.158449760738681,0.0123109293464732,0.104141659571487,0.013277967444698,0.127499095936564,1.52148296263624
