"tol","archive","draw","n_stitched","mean_gen","var_gen","mean_target","var_target","bias","E1","E2"
0.1,"with_ssp370",8,11,0.0198329048003579,0.145809863324414,0.0179248203526037,0.10661449936832,0.00190808444775416,0.0178970445770449,1.36763633641129
0.1,"without_ssp370",8,8,0.00916743101775388,0.162173275690585,0.0179248203526037,0.10661449936832,0.00875738933484982,0.0821406974354937,1.52111839057019
