"tol","archive","draw","n_stitched","mean_gen","var_gen","mean_target","var_target","bias","E1","E2"
0.1,"with_ssp245",131,11,0.0152386735522146,0.155189811134496,0.0123109293464732,0.104141659571487,0.00292774420574149,0.0281130934324296,1.49017993157644
0.1,"without_ssp245",131,7,-0.000121178158266132,0.162714686578134,0.0123109293464732,0.104141659571487,0.0124321075047393,0.119376890630453,1.56243608223317
