"tol","archive","draw","n_stitched","mean_gen","var_gen","mean_target","var_target","bias","E1","E2"
0.1,"with_ssp126",145,11,0.00789766950685308,0.107172144865636,0.007867262016478,0.102701343952847,3.0407490375077e-05,0.000296076849676261,1.0435320584981
0.1,"without_ssp126",145,10,0.00825629715178543,0.112302024767212,0.007867262016478,0.102701343952847,0.000389035135307423,0.00378802380118843,1.09348154994713
