"tol","archive","draw","n_stitched","mean_gen","var_gen","mean_target","var_target","bias","E1","E2"
0.1,"with_ssp245",39,11,0.012223864193148,0.111414551599896,0.0123109293464732,0.104141659571487,8.70651533251641e-05,0.000836026175148469,1.06983652899651
0.1,"without_ssp245",39,9,0.0125352311626641,0.112399132309875,0.0123109293464732,0.104141659571487,0.000224301816190976,0.00215381449761713,1.07929077347495
