"tol","archive","draw","n_stitched","mean_gen","var_gen","mean_target","var_target","bias","E1","E2"
0.1,"with_ssp245",194,11,0.0107622771300954,0.153123181093817,0.0123109293464732,0.104141659571487,0.00154865221637774,0.0148706312416184,1.47033551917528
0.1,"without_ssp245",194,6,-0.0102659890232567,0.160605380519992,0.0123109293464732,0.104141659571487,0.0225769183697298,0.216790460826411,1.54218188168729
