"tol","archive","draw","n_stitched","mean_gen","var_gen","mean_target","var_target","bias","E1","E2"
0.1,"with_ssp245",24,11,0.0126607437195764,0.106503301471511,0.0123109293464732,0.104141659571487,0.000349814373103299,0.00335902437643768,1.02267720631438
0.1,"without_ssp245",24,7,0.0128580343102189,0.111851027420993,0.0123109293464732,0.104141659571487,0.000547104963745739,0.00525346884231459,1.0740277030463
