"tol","archive","draw","n_stitched","mean_gen","var_gen","mean_target","var_target","bias","E1","E2"
0.1,"with_ssp126",132,11,0.00807820468926465,0.108532730050331,0.007867262016478,0.102701343952847,0.000210942672786651,0.00205394267170935,1.0567800368821
0.1,"without_ssp126",132,9,0.00845633736886905,0.113432138120069,0.007867262016478,0.102701343952847,0.000589075352391043,0.00573580957870917,1.10448543080555
