"tol","archive","draw","n_stitched","mean_gen","var_gen","mean_target","var_target","bias","E1","E2"
0.1,"with_ssp126",155,11,0.017032484493868,0.150632708321929,0.007867262016478,0.102701343952847,0.00916522247738999,0.0892415047810671,1.4667063012446
0.1,"without_ssp126",155,9,-0.018910664308255,0.16457873144812,0.007867262016478,0.102701343952847,0.026777926324733,0.260735890048601,1.60249832293999
