"tol","archive","draw","n_stitched","mean_gen","var_gen","mean_target","var_target","bias","E1","E2"
0.1,"with_ssp245",82,11,0.0159116259153829,0.150210626404907,0.0123109293464732,0.104141659571487,0.00360069656890979,0.0345749874135445,1.44236828011941
0.1,"without_ssp245",82,7,0.00268562288797224,0.1602417290466,0.0123109293464732,0.104141659571487,0.00962530645850091,0.0924251303283076,1.53868998925069
