"tol","archive","draw","n_stitched","mean_gen","var_gen","mean_target","var_target","bias","E1","E2"
0.1,"with_ssp245",50,11,0.0179687237520903,0.143885743336162,0.0123109293464732,0.104141659571487,0.00565779440561713,0.0543278686828819,1.38163482249285
0.1,"without_ssp245",50,7,0.00509490804827216,0.150006194311836,0.0123109293464732,0.104141659571487,0.00721602129820099,0.0692904388876926,1.44040526076758
