"tol","archive","draw","n_stitched","mean_gen","var_gen","mean_target","var_target","bias","E1","E2"
0.1,"with_ssp126",36,11,0.00817334019405071,0.110338988670357,0.007867262016478,0.102701343952847,0.000306078177572704,0.00298027431572107,1.07436752454785
0.1,"without_ssp126",36,10,0.00820794914615417,0.112345001842672,0.007867262016478,0.102701343952847,0.00034068712967617,0.00331726067608803,1.09390001648131
