"tol","archive","draw","n_stitched","mean_gen","var_gen","mean_target","var_target","bias","E1","E2"
0.1,"with_ssp126",85,11,0.00774973140144206,0.109320303350573,0.007867262016478,0.102701343952847,0.000117530615035945,0.00114439218137113,1.06444861520765
0.1,"without_ssp126",85,9,0.00824108472704034,0.115234467921334,0.007867262016478,0.102701343952847,0.000373822710562334,0.00363990086375079,1.12203466367725
