"tol","archive","draw","n_stitched","mean_gen","var_gen","mean_target","var_target","bias","E1","E2"
0.1,"with_ssp370",114,9,0.021707185572817,0.152037919040127,0.0179248203526037,0.10661449936832,0.00378236522021327,0.0354770246319534,1.4260529284566
0.1,"without_ssp370",114,8,0.0152924344479824,0.14948645260052,0.0179248203526037,0.10661449936832,0.0026323859046213,0.0246906932942321,1.40212122634549
