"tol","archive","draw","n_stitched","mean_gen","var_gen","mean_target","var_target","bias","E1","E2"
0.1,"with_ssp126",26,11,0.00799882937175374,0.108718629075762,0.007867262016478,0.102701343952847,0.000131567355275733,0.001281067512964,1.05859013028766
0.1,"without_ssp126",26,9,0.00833553527334359,0.110630840279961,0.007867262016478,0.102701343952847,0.000468273256865586,0.00455956308693082,1.07720927518489
