"tol","archive","draw","n_stitched","mean_gen","var_gen","mean_target","var_target","bias","E1","E2"
0.1,"with_ssp126",121,11,0.00818198300441616,0.109519710530919,0.007867262016478,0.102701343952847,0.000314720987938161,0.00306442910895751,1.06639023712487
0.1,"without_ssp126",121,10,0.00842822133525749,0.113928483096707,0.007867262016478,0.102701343952847,0.00056095931877949,0.00546204457691463,1.10931832741171
