"tol","archive","draw","n_stitched","mean_gen","var_gen","mean_target","var_target","bias","E1","E2"
0.1,"with_ssp370",166,10,0.0180048089691789,0.112459419551894,0.0179248203526037,0.10661449936832,7.99886165752071e-05,0.000750260208969055,1.05482293888922
0.1,"without_ssp370",166,8,0.0179796176497809,0.114028054603732,0.0179248203526037,0.10661449936832,5.47972971772191e-05,0.000513976030482602,1.06953608823693
