"tol","archive","draw","n_stitched","mean_gen","var_gen","mean_target","var_target","bias","E1","E2"
0.1,"with_ssp370",139,11,0.0293898866528393,0.144465246253718,0.0179248203526037,0.10661449936832,0.0114650663002356,0.107537589804059,1.3550243832655
0.1,"without_ssp370",139,8,0.0228041099774984,0.168900854850133,0.0179248203526037,0.10661449936832,0.00487928962489469,0.0457657228032207,1.58422030634532
