"tol","archive","draw","n_stitched","mean_gen","var_gen","mean_target","var_target","bias","E1","E2"
0.1,"with_ssp370",62,10,0.0438472583030885,0.15658223162644,0.0179248203526037,0.10661449936832,0.0259224379504848,0.243141768746958,1.46867670489636
0.1,"without_ssp370",62,8,0.0162440030388288,0.15785664676808,0.0179248203526037,0.10661449936832,0.00168081731377489,0.0157653726625699,1.48063019292277
