"tol","archive","draw","n_stitched","mean_gen","var_gen","mean_target","var_target","bias","E1","E2"
0.1,"with_ssp370",19,10,0.0176952363704876,0.113933426538864,0.0179248203526037,0.10661449936832,0.000229583982116144,0.00215340299374292,1.06864851604526
0.1,"without_ssp370",19,8,0.0183596314949438,0.116163578473716,0.0179248203526037,0.10661449936832,0.000434811142340136,0.00407834905117359,1.08956642072113
