"tol","archive","draw","n_stitched","mean_gen","var_gen","mean_target","var_target","bias","E1","E2"
0.1,"with_ssp370",172,10,0.0180839486438232,0.113174378834601,0.0179248203526037,0.10661449936832,0.000159128291219446,0.00149255769301797,1.06152896186867
0.1,"without_ssp370",172,8,0.0181015596464894,0.114580462916969,0.0179248203526037,0.10661449936832,0.000176739293885661,0.00165774162926077,1.07471745021405
