"tol","archive","draw","n_stitched","mean_gen","var_gen","mean_target","var_target","bias","E1","E2"
0.1,"with_ssp245",41,11,0.0125407395750138,0.108331393725274,0.0123109293464732,0.104141659571487,0.000229810228540617,0.00220670795420604,1.0402311060821
0.1,"without_ssp245",41,9,0.0126114282937662,0.113262200734963,0.0123109293464732,0.104141659571487,0.000300498947293091,0.00288548260638018,1.08757821990743
