"tol","archive","draw","n_stitched","mean_gen","var_gen","mean_target","var_target","bias","E1","E2"
0.1,"with_ssp245",178,11,0.0126005441461687,0.1100792423685,0.0123109293464732,0.104141659571487,0.000289614799695545,0.00278096969922725,1.05701448221053
0.1,"without_ssp245",178,7,0.0126294506171682,0.112576661520246,0.0123109293464732,0.104141659571487,0.000318521270695019,0.00305853845623013,1.08099546313614
