"tol","archive","draw","n_stitched","mean_gen","var_gen","mean_target","var_target","bias","E1","E2"
0.1,"with_ssp370",133,10,0.0263710516021208,0.149648578818751,0.0179248203526037,0.10661449936832,0.00844623124951714,0.0792221630224799,1.40364190335652
0.1,"without_ssp370",133,8,0.0213452481257666,0.171940293852248,0.0179248203526037,0.10661449936832,0.00342042777316287,0.0320822007647041,1.61272898968692
