"tol","archive","draw","n_stitched","mean_gen","var_gen","mean_target","var_target","bias","E1","E2"
0.1,"with_ssp126",169,12,0.0200358415300572,0.151304576407826,0.007867262016478,0.102701343952847,0.0121685795135792,0.118485104919037,1.47324826126223
0.1,"without_ssp126",169,10,-0.0143957094576188,0.171822738220022,0.007867262016478,0.102701343952847,0.0222629714740968,0.216773905941468,1.67303300625658
