"tol","archive","draw","n_stitched","mean_gen","var_gen","mean_target","var_target","bias","E1","E2"
0.1,"with_ssp126",126,11,0.0328472059735824,0.154522305411044,0.007867262016478,0.102701343952847,0.0249799439571044,0.243228988011817,1.50457919501024
0.1,"without_ssp126",126,10,-0.00622041197794153,0.172245132113356,0.007867262016478,0.102701343952847,0.0140876739944195,0.137171272080798,1.67714584331475
