"tol","archive","draw","n_stitched","mean_gen","var_gen","mean_target","var_target","bias","E1","E2"
0.1,"with_ssp245",166,11,0.0124227236845455,0.111307646428121,0.0123109293464732,0.104141659571487,0.000111794338072325,0.00107348335461838,1.06880999290889
0.1,"without_ssp245",166,7,0.0125977673343469,0.113462492955834,0.0123109293464732,0.104141659571487,0.000286837987873777,0.00275430590461141,1.08950148694288
