"tol","archive","draw","n_stitched","mean_gen","var_gen","mean_target","var_target","bias","E1","E2"
0.1,"with_ssp370",20,10,0.0231535438246024,0.137535831055348,0.0179248203526037,0.10661449936832,0.00522872347199869,0.0490432680637092,1.29002932875203
0.1,"without_ssp370",20,9,0.0265778286664308,0.165363806700588,0.0179248203526037,0.10661449936832,0.00865300831382707,0.0811616465405291,1.55104425458405
