"tol","archive","draw","n_stitched","mean_gen","var_gen","mean_target","var_target","bias","E1","E2"
0.1,"with_ssp370",3,10,0.0178482055237206,0.109577561070117,0.0179248203526037,0.10661449936832,7.66148288831488e-05,0.000718615472914882,1.02779229578859
0.1,"without_ssp370",3,8,0.0183791110905193,0.112472516999829,0.0179248203526037,0.10661449936832,0.000454290737915575,0.00426105961766177,1.054945787545
