"tol","archive","draw","n_stitched","mean_gen","var_gen","mean_target","var_target","bias","E1","E2"
0.1,"with_ssp370",7,10,0.015200255844356,0.150762558244127,0.0129954144906448,0.104774574217289,0.00220484135371111,0.0210436679908481,1.43892312968473
0.1,"without_ssp370",7,9,0.0217384895619798,0.1589237717906,0.0129954144906448,0.104774574217289,0.008743075071335,0.0834465340150461,1.51681620257422
