"tol","archive","draw","n_stitched","mean_gen","var_gen","mean_target","var_target","bias","E1","E2"
0.1,"with_ssp126",160,11,0.0173970529680568,0.153788932838402,0.007867262016478,0.102701343952847,0.00952979095157884,0.0927912974143186,1.49743836759343
0.1,"without_ssp126",160,9,-0.0078289671906617,0.174713343537988,0.007867262016478,0.102701343952847,0.0156962292071397,0.152833727417884,1.7011787461925
