"tol","archive","draw","n_stitched","mean_gen","var_gen","mean_target","var_target","bias","E1","E2"
0.1,"with_ssp126",131,11,0.024551179033429,0.148101963820667,0.007867262016478,0.102701343952847,0.016683917016951,0.162450814904731,1.44206451561788
0.1,"without_ssp126",131,8,-0.0177755791832045,0.168101117926214,0.007867262016478,0.102701343952847,0.0256428411996825,0.249683599188885,1.63679569766287
