"tol","archive","draw","n_stitched","mean_gen","var_gen","mean_target","var_target","bias","E1","E2"
0.1,"with_ssp126",115,11,0.0176089833608043,0.139276743196186,0.007867262016478,0.102701343952847,0.00974172134432634,0.0948548574865686,1.35613359899294
0.1,"without_ssp126",115,9,-0.0160741106179121,0.17865927883411,0.007867262016478,0.102701343952847,0.0239413726343901,0.233116449239284,1.73960020344172
