"tol","archive","draw","n_stitched","mean_gen","var_gen","mean_target","var_target","bias","E1","E2"
0.1,"with_ssp126",174,11,0.0257714211863299,0.140221580675479,0.007867262016478,0.102701343952847,0.0179041591698519,0.174332277268662,1.36533345405742
0.1,"without_ssp126",174,9,-0.0129184724986057,0.165456918244697,0.007867262016478,0.102701343952847,0.0207857345150837,0.202390092622615,1.61104920224475
