"tol","archive","draw","n_stitched","mean_gen","var_gen","mean_target","var_target","bias","E1","E2"
0.1,"with_ssp126",79,11,0.00833292202381724,0.109316342373212,0.007867262016478,0.102701343952847,0.000465660007339242,0.00453411795227373,1.06441004728626
0.1,"without_ssp126",79,9,0.0082998614143932,0.114006766401053,0.007867262016478,0.102701343952847,0.000432599397915201,0.00421220775955785,1.11008056967002
