"tol","archive","draw","n_stitched","mean_gen","var_gen","mean_target","var_target","bias","E1","E2"
0.1,"with_ssp126",89,11,0.030166378208036,0.146492990556637,0.007867262016478,0.102701343952847,0.022299116191558,0.217125846004471,1.42639798972735
0.1,"without_ssp126",89,10,-0.0124287044793708,0.170222082610777,0.007867262016478,0.102701343952847,0.0202959664958488,0.19762123565946,1.65744746912885
