"tol","archive","draw","n_stitched","mean_gen","var_gen","mean_target","var_target","bias","E1","E2"
0.1,"with_ssp126",195,12,0.00793325654776775,0.109146189823843,0.007867262016478,0.102701343952847,6.59945312897481e-05,0.000642586832359741,1.06275327686028
0.1,"without_ssp126",195,10,0.0081871236077259,0.11468271241056,0.007867262016478,0.102701343952847,0.000319861591247897,0.00311448301392001,1.11666223631128
