"tol","archive","draw","n_stitched","mean_gen","var_gen","mean_target","var_target","bias","E1","E2"
0.1,"with_ssp126",196,12,0.00808045635742595,0.108999538749974,0.007867262016478,0.102701343952847,0.000213194340947943,0.002075867099128,1.06132533961794
0.1,"without_ssp126",196,9,0.00806700885719137,0.115298875813193,0.007867262016478,0.102701343952847,0.000199746840713362,0.00194492918033353,1.1226618014476
