"tol","archive","draw","n_stitched","mean_gen","var_gen","mean_target","var_target","bias","E1","E2"
0.1,"with_ssp126",7,11,0.0103775754941875,0.156357736817931,0.007867262016478,0.102701343952847,0.00251031347770953,0.0244428493444262,1.52245073725344
0.1,"without_ssp126",7,9,-0.0200655988996312,0.174189877613179,0.007867262016478,0.102701343952847,0.0279328609161092,0.2719814545848,1.69608177370254
