"tol","archive","draw","n_stitched","mean_gen","var_gen","mean_target","var_target","bias","E1","E2"
0.1,"with_ssp126",189,11,0.0272341521564429,0.153036275574816,0.007867262016478,0.102701343952847,0.0193668901399649,0.18857484619536,1.4901097657016
0.1,"without_ssp126",189,9,-0.000953760078705908,0.172528023524159,0.007867262016478,0.102701343952847,0.00882102209518391,0.0858900356672441,1.6799003487566
