"tol","archive","draw","n_stitched","mean_gen","var_gen","mean_target","var_target","bias","E1","E2"
0.1,"with_ssp245",179,12,0.012535459285242,0.10787558055291,0.0123109293464732,0.104141659571487,0.000224529938768868,0.00215600500023472,1.03585424888356
0.1,"without_ssp245",179,7,0.0125280131253417,0.113047621527724,0.0123109293464732,0.104141659571487,0.000217083778868539,0.00208450470024942,1.08551776486838
