"tol","archive","draw","n_stitched","mean_gen","var_gen","mean_target","var_target","bias","E1","E2"
0.1,"with_ssp245",170,11,0.0126352599022529,0.111797583268835,0.0123109293464732,0.104141659571487,0.000324330555779784,0.00311432098465025,1.07351451598573
0.1,"without_ssp245",170,9,0.0128490798374541,0.11281955164835,0.0123109293464732,0.104141659571487,0.000538150490980931,0.00516748526185646,1.08332776827804
