"tol","archive","draw","n_stitched","mean_gen","var_gen","mean_target","var_target","bias","E1","E2"
0.1,"with_ssp245",135,11,0.0125272537449841,0.109995211686671,0.0123109293464732,0.104141659571487,0.000216324398510982,0.00207721289828772,1.05620759395683
0.1,"without_ssp245",135,6,0.01260566104255,0.113709508387285,0.0123109293464732,0.104141659571487,0.000294731696076859,0.00283010369999475,1.09187340450658
