"tol","archive","draw","n_stitched","mean_gen","var_gen","mean_target","var_target","bias","E1","E2"
0.1,"with_ssp245",142,11,0.0125661256307478,0.110370761382034,0.0123109293464732,0.104141659571487,0.000255196284274622,0.00245047260937344,1.05981373675221
0.1,"without_ssp245",142,9,0.0128406512697629,0.113726906812485,0.0123109293464732,0.104141659571487,0.00052972192328978,0.00508655158242565,1.09204046949548
