"tol","archive","draw","n_stitched","mean_gen","var_gen","mean_target","var_target","bias","E1","E2"
0.1,"with_ssp245",31,11,0.0125722338612899,0.109476752749534,0.0123109293464732,0.104141659571487,0.000261304514816769,0.00250912570331568,1.05122919300498
0.1,"without_ssp245",31,6,0.0127488227701368,0.109024759564154,0.0123109293464732,0.104141659571487,0.000437893423663639,0.00420478630228715,1.04688901648735
