"tol","archive","draw","n_stitched","mean_gen","var_gen","mean_target","var_target","bias","E1","E2"
0.1,"with_ssp245",55,11,0.0124752914224142,0.112172484389451,0.0123109293464732,0.104141659571487,0.000164362075941052,0.00157825481769116,1.07711443096844
0.1,"without_ssp245",55,9,0.0126029839253259,0.114587430912348,0.0123109293464732,0.104141659571487,0.000292054578852789,0.00280439720333351,1.1003034845406
