"tol","archive","draw","n_stitched","mean_gen","var_gen","mean_target","var_target","bias","E1","E2"
0.1,"with_ssp126",30,11,0.0169943162960171,0.14457424596833,0.007867262016478,0.102701343952847,0.00912705427953912,0.0888698621483437,1.40771522945901
0.1,"without_ssp126",30,8,-0.0259784126706972,0.177899457382388,0.007867262016478,0.102701343952847,0.0338456746871752,0.329554350357039,1.73220184405831
