"tol","archive","draw","n_stitched","mean_gen","var_gen","mean_target","var_target","bias","E1","E2"
0.1,"with_ssp370",178,10,0.0178614801905595,0.110878016683295,0.0179248203526037,0.10661449936832,6.33401620441579e-05,0.000594104576951932,1.03999003269007
0.1,"without_ssp370",178,8,0.0178071845061698,0.111730361716427,0.0179248203526037,0.10661449936832,0.000117635846433855,0.00110337568652327,1.04798467730391
