"tol","archive","draw","n_stitched","mean_gen","var_gen","mean_target","var_target","bias","E1","E2"
0.1,"with_ssp370",146,10,0.0123569957090228,0.14826124181391,0.0179248203526037,0.10661449936832,0.0055678246435809,0.0522238970925126,1.39062925486066
0.1,"without_ssp370",146,8,0.014490477521801,0.154444397995447,0.0179248203526037,0.10661449936832,0.00343434283080267,0.0322127182620638,1.44862470780723
