"tol","archive","draw","n_stitched","mean_gen","var_gen","mean_target","var_target","bias","E1","E2"
0.1,"with_ssp370",130,10,0.0177449474382655,0.114068944716875,0.0179248203526037,0.10661449936832,0.00017987291433819,0.0016871336957348,1.06991962062122
0.1,"without_ssp370",130,8,0.0179601577664893,0.110894084108153,0.0179248203526037,0.10661449936832,3.53374138856444e-05,0.000331450357081024,1.04014073850357
