"tol","archive","draw","n_stitched","mean_gen","var_gen","mean_target","var_target","bias","E1","E2"
0.1,"with_ssp126",122,11,0.0174128934913029,0.150215536482923,0.007867262016478,0.102701343952847,0.0095456314748249,0.0929455361285981,1.46264431117758
0.1,"without_ssp126",122,9,-0.00854823116988,0.162002483340865,0.007867262016478,0.102701343952847,0.016415493186358,0.159837179870741,1.57741347002474
