"tol","archive","draw","n_stitched","mean_gen","var_gen","mean_target","var_target","bias","E1","E2"
0.1,"with_ssp370",161,11,0.0179601471982736,0.110451466153283,0.0179248203526037,0.10661449936832,3.53268456698558e-05,0.000331351231578853,1.03598916477305
0.1,"without_ssp370",161,8,0.0181639859455483,0.11371721993219,0.0179248203526037,0.10661449936832,0.000239165592944644,0.00224327454859963,1.06662058731179
