"tol","archive","draw","n_stitched","mean_gen","var_gen","mean_target","var_target","bias","E1","E2"
0.1,"with_ssp126",32,11,0.02773430238073,0.142182882947886,0.007867262016478,0.102701343952847,0.019867040364252,0.193444794387243,1.38443059725846
0.1,"without_ssp126",32,9,-0.0141497653253277,0.167421250382574,0.007867262016478,0.102701343952847,0.0220170273418057,0.214379155076241,1.63017584715777
