"tol","archive","draw","n_stitched","mean_gen","var_gen","mean_target","var_target","bias","E1","E2"
0.1,"with_ssp245",6,11,0.0176968629746455,0.151195475100017,0.0123109293464732,0.104141659571487,0.00538593362817233,0.0517173785239635,1.45182509787287
0.1,"without_ssp245",6,8,0.010488960165226,0.157798482279755,0.0123109293464732,0.104141659571487,0.00182196918124713,0.0174951041566268,1.5152291880987
