"tol","archive","draw","n_stitched","mean_gen","var_gen","mean_target","var_target","bias","E1","E2"
0.1,"with_ssp245",197,11,0.0249696336367953,0.14643623911299,0.0123109293464732,0.104141659571487,0.0126587042903222,0.121552742124613,1.40612546137188
0.1,"without_ssp245",197,8,-0.00347931381544975,0.149193719139106,0.0123109293464732,0.104141659571487,0.0157902431619229,0.151622734138242,1.43260362618567
