"tol","archive","draw","n_stitched","mean_gen","var_gen","mean_target","var_target","bias","E1","E2"
0.1,"with_ssp245",144,11,0.0226536014551505,0.148428512782837,0.0123109293464732,0.104141659571487,0.0103426721086773,0.0993134942465336,1.42525588120622
0.1,"without_ssp245",144,8,0.00810649701052052,0.1574261591769,0.0123109293464732,0.104141659571487,0.00420443233595263,0.0403722425132523,1.51165402802935
