"tol","archive","draw","n_stitched","mean_gen","var_gen","mean_target","var_target","bias","E1","E2"
0.1,"with_ssp245",32,11,0.0125220641756687,0.111849209124964,0.0123109293464732,0.104141659571487,0.000211134829195582,0.00202738106982682,1.07401024321287
0.1,"without_ssp245",32,6,0.0127868691117205,0.114484201095726,0.0123109293464732,0.104141659571487,0.000475939765247386,0.00457011888619542,1.0993122403349
