"tol","archive","draw","n_stitched","mean_gen","var_gen","mean_target","var_target","bias","E1","E2"
0.1,"with_ssp126",61,12,0.0078314956234298,0.109605133517332,0.007867262016478,0.102701343952847,3.57663930482029e-05,0.000348256329192969,1.06722199825988
0.1,"without_ssp126",61,8,0.00816860455342513,0.112619019716467,0.007867262016478,0.102701343952847,0.000301342536947123,0.0029341635206398,1.09656812055132
