"tol","archive","draw","n_stitched","mean_gen","var_gen","mean_target","var_target","bias","E1","E2"
0.1,"with_ssp245",5,11,0.0168497040543811,0.144609670855319,0.0123109293464732,0.104141659571487,0.00453877470790796,0.0435827000124995,1.38858619547976
0.1,"without_ssp245",5,7,-0.00082296242811988,0.149120556116183,0.0123109293464732,0.104141659571487,0.013133891774593,0.12611563737927,1.43190109250968
