"tol","archive","draw","n_stitched","mean_gen","var_gen","mean_target","var_target","bias","E1","E2"
0.1,"with_ssp126",72,11,0.0157843146976699,0.15121206846925,0.007867262016478,0.102701343952847,0.00791705268119193,0.0770881117663551,1.47234751415401
0.1,"without_ssp126",72,10,-0.0111556011743088,0.162404773424858,0.007867262016478,0.102701343952847,0.0190228631907868,0.185225065793888,1.58133055687589
