"tol","archive","draw","n_stitched","mean_gen","var_gen","mean_target","var_target","bias","E1","E2"
0.1,"with_ssp126",198,11,0.00831086791369473,0.111261517102199,0.007867262016478,0.102701343952847,0.000443605897216724,0.00431937772323989,1.08335015706593
0.1,"without_ssp126",198,10,0.00814173825404966,0.114239425280352,0.007867262016478,0.102701343952847,0.000274476237571661,0.00267256714476571,1.11234596241314
