"tol","archive","draw","n_stitched","mean_gen","var_gen","mean_target","var_target","bias","E1","E2"
0.1,"with_ssp370",169,9,0.0178486421783944,0.112866387764827,0.0179248203526037,0.10661449936832,7.61781742092717e-05,0.00071451983229879,1.05864013275444
0.1,"without_ssp370",169,8,0.018214247100856,0.113540698670901,0.0179248203526037,0.10661449936832,0.000289426748252327,0.00271470344059345,1.0649648907383
