"tol","archive","draw","n_stitched","mean_gen","var_gen","mean_target","var_target","bias","E1","E2"
0.1,"with_ssp370",51,10,0.0176682012118206,0.113400449965367,0.0179248203526037,0.10661449936832,0.00025661914078309,0.00240698162354587,1.06364941576665
0.1,"without_ssp370",51,8,0.0178179763355742,0.115089194650684,0.0179248203526037,0.10661449936832,0.000106844017029501,0.00100215278093074,1.07948914390234
