"tol","archive","draw","n_stitched","mean_gen","var_gen","mean_target","var_target","bias","E1","E2"
0.1,"with_ssp370",125,10,0.0180616341771144,0.111444132854733,0.0179248203526037,0.10661449936832,0.000136813824510688,0.00128325720536415,1.04529996871934
0.1,"without_ssp370",125,8,0.0179762396906375,0.114788182616693,0.0179248203526037,0.10661449936832,5.14193380337646e-05,0.000482292167936058,1.07666577526323
