"tol","archive","draw","n_stitched","mean_gen","var_gen","mean_target","var_target","bias","E1","E2"
0.1,"with_ssp126",6,11,0.0191576098321177,0.14590351827464,0.007867262016478,0.102701343952847,0.0112903478156397,0.10993378841102,1.4206583152566
0.1,"without_ssp126",6,10,-0.0176103823568688,0.171333105441117,0.007867262016478,0.102701343952847,0.0254776443733468,0.248075082493997,1.66826546612458
