"tol","archive","draw","n_stitched","mean_gen","var_gen","mean_target","var_target","bias","E1","E2"
0.1,"with_ssp370",163,10,0.0283669214058305,0.150883845251824,0.0179248203526037,0.10661449936832,0.0104421010532268,0.0979425980058543,1.4152281926548
0.1,"without_ssp370",163,8,0.0153227946196196,0.160205679946857,0.0179248203526037,0.10661449936832,0.00260202573298408,0.0244059274151341,1.5026631545996
