"tol","archive","draw","n_stitched","mean_gen","var_gen","mean_target","var_target","bias","E1","E2"
0.1,"with_ssp126",80,11,0.0248595799430567,0.1508345339788,0.007867262016478,0.102701343952847,0.0169923179265787,0.165453705594937,1.46867147179741
0.1,"without_ssp126",80,9,-0.0143634206311359,0.183387051570886,0.007867262016478,0.102701343952847,0.0222306826476139,0.21645951057681,1.78563438911846
