"tol","archive","draw","n_stitched","mean_gen","var_gen","mean_target","var_target","bias","E1","E2"
0.1,"with_ssp245",14,11,0.0123112569702251,0.11147564701233,0.0123109293464732,0.104141659571487,3.27623751916056e-07,3.14594325905823e-06,1.07042318579347
0.1,"without_ssp245",14,8,0.0125947789655597,0.112239247182891,0.0123109293464732,0.104141659571487,0.000283849619086569,0.00272561067544467,1.07775550768754
