"tol","archive","draw","n_stitched","mean_gen","var_gen","mean_target","var_target","bias","E1","E2"
0.1,"with_ssp370",143,11,0.0305129699775027,0.154088577330548,0.0179248203526037,0.10661449936832,0.012588149624899,0.118071647847924,1.44528725683192
0.1,"without_ssp370",143,9,0.0273976986036404,0.161111398356079,0.0179248203526037,0.10661449936832,0.00947287825103669,0.0888516881583884,1.51115841945183
