"tol","archive","draw","n_stitched","mean_gen","var_gen","mean_target","var_target","bias","E1","E2"
0.1,"with_ssp245",189,11,0.0195790448156846,0.148609594784876,0.0123109293464732,0.104141659571487,0.00726811546921149,0.0697906630172566,1.42699468585735
0.1,"without_ssp245",189,7,-0.00726254564264563,0.152309763323435,0.0123109293464732,0.104141659571487,0.0195734749891188,0.187950480812943,1.46252483348303
