"tol","archive","draw","n_stitched","mean_gen","var_gen","mean_target","var_target","bias","E1","E2"
0.1,"with_ssp126",172,11,0.00783835210709878,0.110773025525936,0.007867262016478,0.102701343952847,2.89099093792253e-05,0.000281494947062218,1.07859372879088
0.1,"without_ssp126",172,9,0.008266697380032,0.114106473494399,0.007867262016478,0.102701343952847,0.000399435363553996,0.00388929052123591,1.11105141473892
