"tol","archive","draw","n_stitched","mean_gen","var_gen","mean_target","var_target","bias","E1","E2"
0.1,"with_ssp370",23,10,0.0238180785423964,0.140942594417451,0.0179248203526037,0.10661449936832,0.0058932581897927,0.0552763294365179,1.32198336298085
0.1,"without_ssp370",23,9,0.0168963997356224,0.163537074290625,0.0179248203526037,0.10661449936832,0.00102842061698132,0.00964616091689783,1.53391025854424
