"tol","archive","draw","n_stitched","mean_gen","var_gen","mean_target","var_target","bias","E1","E2"
0.1,"with_ssp370",16,10,0.0178022500082644,0.110270516359699,0.0179248203526037,0.10661449936832,0.000122570344339327,0.00114965924021163,1.03429193039446
0.1,"without_ssp370",16,9,0.018015674047805,0.114190985168517,0.0179248203526037,0.10661449936832,9.0853695201322e-05,0.000852170162028811,1.07106430968665
