"tol","archive","draw","n_stitched","mean_gen","var_gen","mean_target","var_target","bias","E1","E2"
0.1,"with_ssp245",133,11,0.0205043209762118,0.148291302222237,0.0123109293464732,0.104141659571487,0.00819339162973868,0.078675447111676,1.42393834352567
0.1,"without_ssp245",133,8,-0.00726925594446097,0.158307590960671,0.0123109293464732,0.104141659571487,0.0195801852909341,0.188014915179007,1.52011780503654
