"tol","archive","draw","n_stitched","mean_gen","var_gen","mean_target","var_target","bias","E1","E2"
0.1,"with_ssp245",95,11,0.00723829075117451,0.144878018013489,0.0123109293464732,0.104141659571487,0.00507263859529864,0.0487090239983797,1.39116294679402
0.1,"without_ssp245",95,8,0.00603995994542278,0.161187293075204,0.0123109293464732,0.104141659571487,0.00627096940105037,0.0602157621345158,1.54776958364639
