"tol","archive","draw","n_stitched","mean_gen","var_gen","mean_target","var_target","bias","E1","E2"
0.1,"with_ssp370",102,10,0.0227459473727463,0.139746267481917,0.0179248203526037,0.10661449936832,0.00482112702014255,0.0452201815766826,1.31076231009758
0.1,"without_ssp370",102,9,0.0135813408462436,0.168580270990955,0.0179248203526037,0.10661449936832,0.00434347950636006,0.0407400450416662,1.58121336206403
