"tol","archive","draw","n_stitched","mean_gen","var_gen","mean_target","var_target","bias","E1","E2"
0.1,"with_ssp126",124,11,0.00802379227291453,0.108514563968037,0.007867262016478,0.102701343952847,0.00015653025643653,0.00152413055576369,1.05660315426699
0.1,"without_ssp126",124,9,0.00838858948556122,0.113844815340891,0.007867262016478,0.102701343952847,0.000521327469083217,0.00507615040872857,1.10850365690599
