"tol","archive","draw","n_stitched","mean_gen","var_gen","mean_target","var_target","bias","E1","E2"
0.1,"with_ssp245",177,11,0.0169886181427928,0.148738567966688,0.0123109293464732,0.104141659571487,0.00467768879631961,0.0449165954870219,1.42823312571266
0.1,"without_ssp245",177,10,0.0166501396484467,0.150969279673417,0.0123109293464732,0.104141659571487,0.00433921030197356,0.0416664216782042,1.44965310035017
