"tol","archive","draw","n_stitched","mean_gen","var_gen","mean_target","var_target","bias","E1","E2"
0.1,"with_ssp126",40,11,0.00798752154507737,0.110736775319195,0.007867262016478,0.102701343952847,0.000120259528599363,0.00117096353339425,1.07824076158183
0.1,"without_ssp126",40,9,0.00806322997004314,0.115932542885443,0.007867262016478,0.102701343952847,0.000195967953565135,0.00190813426604339,1.12883179930606
