"tol","archive","draw","n_stitched","mean_gen","var_gen","mean_target","var_target","bias","E1","E2"
0.1,"with_ssp245",109,11,0.0124194517107045,0.111636864091611,0.0123109293464732,0.104141659571487,0.000108522364231369,0.00104206486316722,1.07197124139336
0.1,"without_ssp245",109,8,0.0128516164589766,0.113404990182182,0.0123109293464732,0.104141659571487,0.000540687112503442,0.00519184267591101,1.08894932776001
