"tol","archive","draw","n_stitched","mean_gen","var_gen","mean_target","var_target","bias","E1","E2"
0.1,"with_ssp370",18,9,0.0273333106550216,0.156118620794892,0.0179248203526037,0.10661449936832,0.00940849030241794,0.0882477557758303,1.46432822664721
0.1,"without_ssp370",18,8,0.019044077075776,0.159471727647077,0.0179248203526037,0.10661449936832,0.00111925672317229,0.0104981661012692,1.49577898495918
