"tol","archive","draw","n_stitched","mean_gen","var_gen","mean_target","var_target","bias","E1","E2"
0.1,"with_ssp245",33,11,0.018790768252966,0.144685799646258,0.0123109293464732,0.104141659571487,0.0064798389064928,0.0622213908742715,1.38931720736542
0.1,"without_ssp245",33,8,-0.00243725178222797,0.152654828507701,0.0123109293464732,0.104141659571487,0.0147481811287011,0.141616536450309,1.46583825469876
