"tol","archive","draw","n_stitched","mean_gen","var_gen","mean_target","var_target","bias","E1","E2"
0.1,"with_ssp126",155,11,0.00800468222163547,0.111271291600104,0.007867262016478,0.102701343952847,0.000137420205157468,0.00133805654208928,1.08344533106784
0.1,"without_ssp126",155,9,0.0083144261016822,0.111456184100826,0.007867262016478,0.102701343952847,0.000447164085204199,0.00435402369621868,1.08524562397157
