"tol","archive","draw","n_stitched","mean_gen","var_gen","mean_target","var_target","bias","E1","E2"
0.1,"with_ssp245",5,11,0.0123232934736116,0.107772090351062,0.0123109293464732,0.104141659571487,1.2364127138443e-05,0.000118724122405172,1.03486050437945
0.1,"without_ssp245",5,7,0.0131544933110853,0.110819608970038,0.0123109293464732,0.104141659571487,0.000843563964612144,0.00810015865008459,1.06412370828379
