"tol","archive","draw","n_stitched","mean_gen","var_gen","mean_target","var_target","bias","E1","E2"
0.1,"with_ssp245",161,11,0.0126017284093964,0.107244155192222,0.0123109293464732,0.104141659571487,0.000290799062923248,0.00279234135618544,1.0297911098546
0.1,"without_ssp245",161,9,0.0125495840903617,0.113030340378777,0.0123109293464732,0.104141659571487,0.000238654743888527,0.0022916356899873,1.08535182600186
