"tol","archive","draw","n_stitched","mean_gen","var_gen","mean_target","var_target","bias","E1","E2"
0.1,"with_ssp245",200,11,0.0125811431803665,0.111800034559901,0.0123109293464732,0.104141659571487,0.000270213833893335,0.00259467570427807,1.0735380540307
0.1,"without_ssp245",200,9,0.0126188186592179,0.112250700872274,0.0123109293464732,0.104141659571487,0.000307889312744721,0.00295644715104021,1.07786548950875
