"tol","archive","draw","n_stitched","mean_gen","var_gen","mean_target","var_target","bias","E1","E2"
0.1,"with_ssp245",161,11,0.0258361841214333,0.138479648609951,0.0123109293464732,0.104141659571487,0.0135252547749601,0.129873624355639,1.32972385095221
0.1,"without_ssp245",161,9,-0.00634629055062826,0.16764928815191,0.0123109293464732,0.104141659571487,0.0186572198971014,0.179152319771651,1.60981963262097
