"tol","archive","draw","n_stitched","mean_gen","var_gen","mean_target","var_target","bias","E1","E2"
0.1,"with_ssp126",177,12,0.0160916227797407,0.152483126231904,0.007867262016478,0.102701343952847,0.00822436076326266,0.0800803616264136,1.48472376663263
0.1,"without_ssp126",177,10,-0.0277125190194889,0.178399087930308,0.007867262016478,0.102701343952847,0.0355797810359669,0.34643929345562,1.73706673217652
