"tol","archive","draw","n_stitched","mean_gen","var_gen","mean_target","var_target","bias","E1","E2"
0.1,"with_ssp126",152,11,0.0162690371431736,0.142657817565567,0.007867262016478,0.102701343952847,0.00840177512669558,0.0818078401247903,1.38905502182197
0.1,"without_ssp126",152,9,-0.00780495985057178,0.171822572349333,0.007867262016478,0.102701343952847,0.0156722218670498,0.152599968645448,1.6730313911785
