"tol","archive","draw","n_stitched","mean_gen","var_gen","mean_target","var_target","bias","E1","E2"
0.1,"with_ssp245",87,11,0.0125983541327929,0.110135528777361,0.0123109293464732,0.104141659571487,0.000287424786319726,0.00275994052238458,1.05755496148743
0.1,"without_ssp245",87,9,0.012952636131836,0.111815356786702,0.0123109293464732,0.104141659571487,0.000641706785362814,0.00616186440664815,1.07368518272889
