"tol","archive","draw","n_stitched","mean_gen","var_gen","mean_target","var_target","bias","E1","E2"
0.1,"with_ssp370",196,10,0.0178489341659609,0.111923345716939,0.0179248203526037,0.10661449936832,7.58861866427818e-05,0.000711781109440081,1.04979478757648
0.1,"without_ssp370",196,9,0.0182501952376962,0.111778148670658,0.0179248203526037,0.10661449936832,0.000325374885092489,0.00305188212691802,1.048432899211
