"tol","archive","draw","n_stitched","mean_gen","var_gen","mean_target","var_target","bias","E1","E2"
0.1,"with_ssp126",190,12,0.0178795622573495,0.154021309837733,0.007867262016478,0.102701343952847,0.0100123002408715,0.0974894763350751,1.49970101567949
0.1,"without_ssp126",190,9,-0.0144870738648284,0.163895885602605,0.007867262016478,0.102701343952847,0.0223543358813064,0.217663518518024,1.59584947279613
