"tol","archive","draw","n_stitched","mean_gen","var_gen","mean_target","var_target","bias","E1","E2"
0.1,"with_ssp126",30,11,0.00809665182914773,0.107596548530025,0.007867262016478,0.102701343952847,0.000229389812669725,0.00223356193639535,1.04766446463861
0.1,"without_ssp126",30,8,0.00832894476470508,0.116186946939878,0.007867262016478,0.102701343952847,0.000461682748227077,0.00449539149593845,1.13130892418723
