"tol","archive","draw","n_stitched","mean_gen","var_gen","mean_target","var_target","bias","E1","E2"
0.1,"with_ssp126",26,11,0.00309472365917969,0.138827270928822,0.007867262016478,0.102701343952847,0.00477253835729832,0.0464700672221926,1.35175710059414
0.1,"without_ssp126",26,9,-0.0224576566150898,0.162916634300186,0.007867262016478,0.102701343952847,0.0303249186315678,0.295272851010507,1.58631453133647
