"tol","archive","draw","n_stitched","mean_gen","var_gen","mean_target","var_target","bias","E1","E2"
0.1,"with_ssp245",47,11,0.0121890583827009,0.144205201161605,0.0123109293464732,0.104141659571487,0.000121870963772211,0.00117024219004839,1.38470235403361
0.1,"without_ssp245",47,6,-0.00401205881424899,0.153525430566541,0.0123109293464732,0.104141659571487,0.0163229881607221,0.156738314214375,1.47419804138185
