"tol","archive","draw","n_stitched","mean_gen","var_gen","mean_target","var_target","bias","E1","E2"
0.1,"with_ssp370",197,9,0.0290638988874182,0.140542024090454,0.0179248203526037,0.10661449936832,0.0111390785348145,0.10447995911262,1.31822617864503
0.1,"without_ssp370",197,9,0.0216768099548015,0.155663003895471,0.0179248203526037,0.10661449936832,0.00375198960219776,0.0351921138722022,1.46005472818198
