"tol","archive","draw","n_stitched","mean_gen","var_gen","mean_target","var_target","bias","E1","E2"
0.1,"with_ssp370",63,10,0.0367914030478132,0.146505811625103,0.0179248203526037,0.10661449936832,0.0188665826952095,0.176960758686596,1.37416404422602
0.1,"without_ssp370",63,8,0.0133554192017229,0.158422731799856,0.0179248203526037,0.10661449936832,0.00456940115088084,0.042859096820358,1.48593983687485
