"tol","archive","draw","n_stitched","mean_gen","var_gen","mean_target","var_target","bias","E1","E2"
0.1,"with_ssp245",94,11,0.0350162935141238,0.142576170418776,0.0123109293464732,0.104141659571487,0.0227053641676506,0.218023836580641,1.36905990364889
0.1,"without_ssp245",94,7,0.00689841564798861,0.170773890120459,0.0123109293464732,0.104141659571487,0.00541251369848455,0.0519726084715328,1.63982301437431
