"tol","archive","draw","n_stitched","mean_gen","var_gen","mean_target","var_target","bias","E1","E2"
0.1,"with_ssp245",91,11,0.0184223744187092,0.13969269980655,0.0123109293464732,0.104141659571487,0.00611144507223607,0.0586839608412514,1.34137193877402
0.1,"without_ssp245",91,7,0.000440107530924788,0.152886288113578,0.0123109293464732,0.104141659571487,0.0118708218155484,0.113987254134353,1.46806080047756
