"tol","archive","draw","n_stitched","mean_gen","var_gen","mean_target","var_target","bias","E1","E2"
0.1,"with_ssp126",175,11,0.018800866219318,0.154376642896108,0.007867262016478,0.102701343952847,0.01093360420284,0.106460186225605,1.50316088333748
0.1,"without_ssp126",175,9,-0.0104189911670753,0.168461685940333,0.007867262016478,0.102701343952847,0.0182862531835533,0.178052715570587,1.64030653793273
