"tol","archive","draw","n_stitched","mean_gen","var_gen","mean_target","var_target","bias","E1","E2"
0.1,"with_ssp245",4,11,0.0125078007899521,0.109062568973901,0.0123109293464732,0.104141659571487,0.000196871443478972,0.00189041968688651,1.04725207397945
0.1,"without_ssp245",4,8,0.0125725652646727,0.112362125008714,0.0123109293464732,0.104141659571487,0.000261635918199582,0.00251230793974418,1.0789354180743
