"tol","archive","draw","n_stitched","mean_gen","var_gen","mean_target","var_target","bias","E1","E2"
0.1,"with_ssp126",120,11,0.0182336917071666,0.14145871566333,0.007867262016478,0.102701343952847,0.0103664296906886,0.100937624491537,1.37737940146409
0.1,"without_ssp126",120,9,-0.0104862109004351,0.172229346211387,0.007867262016478,0.102701343952847,0.0183534729169131,0.178707232159881,1.67699213644626
