"tol","archive","draw","n_stitched","mean_gen","var_gen","mean_target","var_target","bias","E1","E2"
0.1,"with_ssp370",101,10,0.017931592392414,0.111119640857778,0.0179248203526037,0.10661449936832,6.77203981025096e-06,6.35189383280378e-05,1.04225636771875
0.1,"without_ssp370",101,8,0.0180850016502177,0.112176939739184,0.0179248203526037,0.10661449936832,0.000160181297614043,0.00150243445838137,1.05217339483673
