"tol","archive","draw","n_stitched","mean_gen","var_gen","mean_target","var_target","bias","E1","E2"
0.1,"with_ssp126",162,11,0.0170136873531393,0.144103571158416,0.007867262016478,0.102701343952847,0.00914642533666126,0.0890584775683233,1.40313228251987
0.1,"without_ssp126",162,9,-0.0197262689642357,0.172590566275033,0.007867262016478,0.102701343952847,0.0275935309807137,0.268677408869963,1.68050932570342
