"tol","archive","draw","n_stitched","mean_gen","var_gen","mean_target","var_target","bias","E1","E2"
0.1,"with_ssp126",84,11,0.00809555001947704,0.108450783725338,0.007867262016478,0.102701343952847,0.000228288002999035,0.00222283364766725,1.05598212789825
0.1,"without_ssp126",84,9,0.00836281430104002,0.116761133608566,0.007867262016478,0.102701343952847,0.000495552284562013,0.00482517818646595,1.13689976308562
