"tol","archive","draw","n_stitched","mean_gen","var_gen","mean_target","var_target","bias","E1","E2"
0.1,"with_ssp370",99,10,0.0178426417956339,0.114027058656869,0.0179248203526037,0.10661449936832,8.21785569697989e-05,0.000770800945994196,1.06952674666642
0.1,"without_ssp370",99,9,0.0183524544696674,0.111503752158447,0.0179248203526037,0.10661449936832,0.000427634117063733,0.00401103151632677,1.0458591731809
