"tol","archive","draw","n_stitched","mean_gen","var_gen","mean_target","var_target","bias","E1","E2"
0.1,"with_ssp126",50,12,0.019524597080646,0.150677951100959,0.007867262016478,0.102701343952847,0.011657335064168,0.113507132579689,1.46714682886857
0.1,"without_ssp126",50,10,-0.0128518411133504,0.177183765428255,0.007867262016478,0.102701343952847,0.0207191031298284,0.20174130476171,1.72523317230985
