"tol","archive","draw","n_stitched","mean_gen","var_gen","mean_target","var_target","bias","E1","E2"
0.1,"with_ssp126",5,11,0.0180995220597117,0.143709570625513,0.007867262016478,0.102701343952847,0.0102322600432337,0.0996312185352866,1.39929591078666
0.1,"without_ssp126",5,9,-0.0203588271845029,0.172842557270446,0.007867262016478,0.102701343952847,0.0282260892009809,0.274836609868906,1.68296295469904
