"tol","archive","draw","n_stitched","mean_gen","var_gen","mean_target","var_target","bias","E1","E2"
0.1,"with_ssp126",22,11,0.0078758311592089,0.149750291474388,0.007867262016478,0.102701343952847,8.56914273089995e-06,8.34374936206706e-05,1.45811423405659
0.1,"without_ssp126",22,10,-0.0181202787554642,0.159890736924608,0.007867262016478,0.102701343952847,0.0259875407719422,0.253039928901747,1.55685145656924
