"tol","archive","draw","n_stitched","mean_gen","var_gen","mean_target","var_target","bias","E1","E2"
0.1,"with_ssp126",95,11,0.00780165722646701,0.109634676659348,0.007867262016478,0.102701343952847,6.56047900109901e-05,0.000638791932860307,1.06750965897471
0.1,"without_ssp126",95,10,0.00835149623017237,0.113676851532002,0.007867262016478,0.102701343952847,0.000484234213694366,0.00471497445950359,1.10686819818244
