"tol","archive","draw","n_stitched","mean_gen","var_gen","mean_target","var_target","bias","E1","E2"
0.1,"with_ssp126",196,12,0.0226382848350743,0.145257443624187,0.007867262016478,0.102701343952847,0.0147710228185963,0.143825019713258,1.41436750516993
0.1,"without_ssp126",196,9,-0.00575029354704588,0.176455590983908,0.007867262016478,0.102701343952847,0.0136175555635239,0.132593742587985,1.71814295891711
