"tol","archive","draw","n_stitched","mean_gen","var_gen","mean_target","var_target","bias","E1","E2"
0.1,"with_ssp245",38,11,0.0124747658205248,0.1072996481874,0.0123109293464732,0.104141659571487,0.000163836474051628,0.00157320782793138,1.03032397053118
0.1,"without_ssp245",38,8,0.0127458441766565,0.113629961642088,0.0123109293464732,0.104141659571487,0.000434914830183352,0.00417618493860097,1.09110957238096
