"tol","archive","draw","n_stitched","mean_gen","var_gen","mean_target","var_target","bias","E1","E2"
0.1,"with_ssp126",71,11,0.0151651067599886,0.155338734904802,0.007867262016478,0.102701343952847,0.00729784474351056,0.0710589020807869,1.51252874525306
0.1,"without_ssp126",71,8,-0.0129101446870787,0.181192244346732,0.007867262016478,0.102701343952847,0.0207774067035567,0.20230900496391,1.76426361499148
