"tol","archive","draw","n_stitched","mean_gen","var_gen","mean_target","var_target","bias","E1","E2"
0.1,"with_ssp245",81,11,0.0105636516905089,0.141558455716953,0.0123109293464732,0.104141659571487,0.00174727765596426,0.016777893334462,1.35928749646803
0.1,"without_ssp245",81,8,-0.000188528201304322,0.159189838555169,0.0123109293464732,0.104141659571487,0.0124994575477775,0.120023606299431,1.52858941570731
