"tol","archive","draw","n_stitched","mean_gen","var_gen","mean_target","var_target","bias","E1","E2"
0.1,"with_ssp370",129,10,0.0179875143882003,0.11325226111197,0.0179248203526037,0.10661449936832,6.2694035596611e-05,0.000588044177556211,1.06225946548526
0.1,"without_ssp370",129,8,0.0181401377102488,0.113783627645155,0.0179248203526037,0.10661449936832,0.000215317357645076,0.00201958794461175,1.06724346425028
