"tol","archive","draw","n_stitched","mean_gen","var_gen","mean_target","var_target","bias","E1","E2"
0.1,"with_ssp370",110,11,0.0294850909615651,0.144220394647177,0.0179248203526037,0.10661449936832,0.0115602706089614,0.108430566925276,1.35272777625621
0.1,"without_ssp370",110,9,0.0219623367551462,0.150381880399908,0.0179248203526037,0.10661449936832,0.00403751640254253,0.0378702374110876,1.41051996952483
