"tol","archive","draw","n_stitched","mean_gen","var_gen","mean_target","var_target","bias","E1","E2"
0.1,"with_ssp370",126,10,0.0252032500944357,0.144060123950614,0.0179248203526037,0.10661449936832,0.00727842974183197,0.0682686668788571,1.35122450327258
0.1,"without_ssp370",126,8,0.0136512793444791,0.154852196371133,0.0179248203526037,0.10661449936832,0.00427354100812456,0.0400840507946372,1.45244968825644
