"tol","archive","draw","n_stitched","mean_gen","var_gen","mean_target","var_target","bias","E1","E2"
0.1,"with_ssp245",96,11,0.0162413880476376,0.155008398536014,0.0123109293464732,0.104141659571487,0.00393045870116445,0.0377414640532633,1.48843795243737
0.1,"without_ssp245",96,8,-0.0121256612813831,0.157624909913382,0.0123109293464732,0.104141659571487,0.0244365906278562,0.234647601434487,1.51356249326123
