"tol","archive","draw","n_stitched","mean_gen","var_gen","mean_target","var_target","bias","E1","E2"
0.1,"with_ssp370",35,10,0.0179549644263294,0.111725888641236,0.0179248203526037,0.10661449936832,3.01440737256881e-05,0.000282738969880162,1.04794272170484
0.1,"without_ssp370",35,8,0.0179690142755578,0.113950163613431,0.0179248203526037,0.10661449936832,4.41939229541069e-05,0.00041452075670712,1.06880550289664
