"tol","archive","draw","n_stitched","mean_gen","var_gen","mean_target","var_target","bias","E1","E2"
0.1,"with_ssp370",40,9,0.0189476555739517,0.148478068020007,0.0179248203526037,0.10661449936832,0.00102283522134795,0.00959377221117339,1.392662995181
0.1,"without_ssp370",40,8,0.0244878548382212,0.151396788887177,0.0179248203526037,0.10661449936832,0.00656303448561747,0.0615585546478458,1.42003939224202
