"tol","archive","draw","n_stitched","mean_gen","var_gen","mean_target","var_target","bias","E1","E2"
0.1,"with_ssp126",150,11,0.015801255250963,0.149847504784816,0.007867262016478,0.102701343952847,0.007933993234485,0.0772530614412187,1.45906079723373
0.1,"without_ssp126",150,11,-0.0143527384403939,0.170426655173448,0.007867262016478,0.102701343952847,0.0222200004568719,0.216355498396143,1.65943938622358
