"tol","archive","draw","n_stitched","mean_gen","var_gen","mean_target","var_target","bias","E1","E2"
0.1,"with_ssp245",169,11,0.0238478010447843,0.142859140396987,0.0123109293464732,0.104141659571487,0.0115368716983111,0.110780563184628,1.37177706774418
0.1,"without_ssp245",169,7,0.000451306662246274,0.156875010274022,0.0123109293464732,0.104141659571487,0.0118596226842269,0.113879716657348,1.50636172804925
