"tol","archive","draw","n_stitched","mean_gen","var_gen","mean_target","var_target","bias","E1","E2"
0.1,"with_ssp245",152,12,0.00786303703016587,0.142020932726856,0.0123109293464732,0.104141659571487,0.00444789231630728,0.0427100195503806,1.36372834186849
0.1,"without_ssp245",152,7,-0.000365558758700593,0.154650080041862,0.0123109293464732,0.104141659571487,0.0126764881051737,0.121723507742568,1.4849972688951
