"tol","archive","draw","n_stitched","mean_gen","var_gen","mean_target","var_target","bias","E1","E2"
0.1,"with_ssp370",109,10,0.0208641318377488,0.146723567160416,0.0179248203526037,0.10661449936832,0.00293931148514506,0.0275695285590625,1.37620650127082
0.1,"without_ssp370",109,9,0.0205765421911024,0.161006363885051,0.0179248203526037,0.10661449936832,0.0026517218384987,0.0248720563732876,1.51017323946552
