"tol","archive","draw","n_stitched","mean_gen","var_gen","mean_target","var_target","bias","E1","E2"
0.1,"with_ssp370",96,10,0.0178021464637319,0.109522329795403,0.0179248203526037,0.10661449936832,0.000122673888871844,0.00115063044518967,1.02727424922793
0.1,"without_ssp370",96,8,0.0179111768961552,0.113985163392837,0.0179248203526037,0.10661449936832,1.36434564484943e-05,0.000127969990285846,1.06913378638166
