"tol","archive","draw","n_stitched","mean_gen","var_gen","mean_target","var_target","bias","E1","E2"
0.1,"with_ssp126",33,12,0.00786218512828147,0.109773600045274,0.007867262016478,0.102701343952847,5.07688819652817e-06,4.94335127577213e-05,1.06886235194424
0.1,"without_ssp126",33,8,0.00824699880477306,0.111874589145609,0.007867262016478,0.102701343952847,0.000379736788295053,0.00369748606668089,1.08931962172738
