"tol","archive","draw","n_stitched","mean_gen","var_gen","mean_target","var_target","bias","E1","E2"
0.1,"with_ssp245",122,11,0.0203501183332568,0.142645248029207,0.0123109293464732,0.104141659571487,0.00803918898678361,0.0771947462702493,1.36972320794725
0.1,"without_ssp245",122,6,-0.00151564050111082,0.150194566176078,0.0123109293464732,0.104141659571487,0.013826569847584,0.132766943646533,1.4422140649005
