"tol","archive","draw","n_stitched","mean_gen","var_gen","mean_target","var_target","bias","E1","E2"
0.1,"with_ssp245",106,11,0.0125385333842192,0.110264259507194,0.0123109293464732,0.104141659571487,0.000227604037746082,0.00218552343685137,1.05879107324484
0.1,"without_ssp245",106,7,0.0125703362754337,0.112250960599948,0.0123109293464732,0.104141659571487,0.000259406928960529,0.00249090450476701,1.07786798349315
