"tol","archive","draw","n_stitched","mean_gen","var_gen","mean_target","var_target","bias","E1","E2"
0.1,"with_ssp245",23,11,0.0125868250240504,0.112198348127354,0.0123109293464732,0.104141659571487,0.000275895677577262,0.0026492345014713,1.07736278247358
0.1,"without_ssp245",23,9,0.0126036737701104,0.108967564770839,0.0123109293464732,0.104141659571487,0.000292744423637286,0.00281102130349992,1.04633981462567
