"tol","archive","draw","n_stitched","mean_gen","var_gen","mean_target","var_target","bias","E1","E2"
0.1,"with_ssp126",102,11,0.00986359735959687,0.147317392477642,0.007867262016478,0.102701343952847,0.00199633534311887,0.0194382591919678,1.43442516726246
0.1,"without_ssp126",102,9,-0.0105941790953686,0.156297198082534,0.007867262016478,0.102701343952847,0.0184614411118466,0.179758515334744,1.52186127334706
