"tol","archive","draw","n_stitched","mean_gen","var_gen","mean_target","var_target","bias","E1","E2"
0.1,"with_ssp245",2,11,0.0126047551377888,0.109666450350709,0.0123109293464732,0.104141659571487,0.000293825791315693,0.00282140492598929,1.05305072726856
0.1,"without_ssp245",2,8,0.0125916241238581,0.111598120410098,0.0123109293464732,0.104141659571487,0.000280694777384904,0.00269531692254457,1.07159921273861
