"tol","archive","draw","n_stitched","mean_gen","var_gen","mean_target","var_target","bias","E1","E2"
0.1,"with_ssp126",147,11,0.00819804893760313,0.111362581667996,0.007867262016478,0.102701343952847,0.000330786921125125,0.00322086263327771,1.08433421980462
0.1,"without_ssp126",147,8,0.00846627893815969,0.114807138546327,0.007867262016478,0.102701343952847,0.000599016921681687,0.00583261034983839,1.11787376997752
