"tol","archive","draw","n_stitched","mean_gen","var_gen","mean_target","var_target","bias","E1","E2"
0.1,"with_ssp370",77,10,0.01796826731017,0.112595453809785,0.0179248203526037,0.10661449936832,4.34469575662719e-05,0.000407514529671767,1.05609888408145
0.1,"without_ssp370",77,8,0.0178724634831405,0.110887337005788,0.0179248203526037,0.10661449936832,5.23568694631646e-05,0.000491085825787051,1.04007745346819
