"tol","archive","draw","n_stitched","mean_gen","var_gen","mean_target","var_target","bias","E1","E2"
0.1,"with_ssp370",195,10,0.0312117241446853,0.142603387612279,0.0179248203526037,0.10661449936832,0.0132869037920816,0.12462567353226,1.33756091767245
0.1,"without_ssp370",195,9,0.0225694491630838,0.151469834693315,0.0179248203526037,0.10661449936832,0.00464462881048008,0.0435647012179302,1.42072453175467
