"tol","archive","draw","n_stitched","mean_gen","var_gen","mean_target","var_target","bias","E1","E2"
0.1,"with_ssp245",140,11,0.0124611908031377,0.109375603749945,0.0123109293464732,0.104141659571487,0.000150261456664542,0.00144285636778619,1.05025792943951
0.1,"without_ssp245",140,7,0.0128224813297702,0.114069649737453,0.0123109293464732,0.104141659571487,0.000511551983297049,0.00491207827301715,1.09533159166867
