"tol","archive","draw","n_stitched","mean_gen","var_gen","mean_target","var_target","bias","E1","E2"
0.1,"with_ssp370",127,10,0.017817329730235,0.113619564830205,0.0179248203526037,0.10661449936832,0.000107490622368728,0.00100821767213276,1.06570462276135
0.1,"without_ssp370",127,8,0.0178207443470193,0.113285615909642,0.0179248203526037,0.10661449936832,0.00010407600558442,0.000976189976045091,1.06257231972056
