"tol","archive","draw","n_stitched","mean_gen","var_gen","mean_target","var_target","bias","E1","E2"
0.1,"with_ssp126",116,11,0.00802907561964025,0.109958917741527,0.007867262016478,0.102701343952847,0.00016181360316225,0.00157557434921731,1.07066678496449
0.1,"without_ssp126",116,10,0.00809040189322248,0.111972645908258,0.007867262016478,0.102701343952847,0.000223139876744475,0.00217270649200973,1.09027439757427
