"tol","archive","draw","n_stitched","mean_gen","var_gen","mean_target","var_target","bias","E1","E2"
0.1,"with_ssp245",132,11,0.0124375252075188,0.107450047441252,0.0123109293464732,0.104141659571487,0.000126595861045641,0.001215612095741,1.03176815006961
0.1,"without_ssp245",132,10,0.0126207899487291,0.113760936861313,0.0123109293464732,0.104141659571487,0.000309860602255935,0.00297537607457882,1.09236723641055
