"tol","archive","draw","n_stitched","mean_gen","var_gen","mean_target","var_target","bias","E1","E2"
0.1,"with_ssp126",75,11,0.00824908387671325,0.108131077123515,0.007867262016478,0.102701343952847,0.000381821860235252,0.00371778835153859,1.05286915401186
0.1,"without_ssp126",75,9,0.00826657171169647,0.111846812481578,0.007867262016478,0.102701343952847,0.000399309695218463,0.00388806689230667,1.08904916115733
