"tol","archive","draw","n_stitched","mean_gen","var_gen","mean_target","var_target","bias","E1","E2"
0.1,"with_ssp126",105,11,0.0264508872094515,0.151858304732635,0.007867262016478,0.102701343952847,0.0185836251929734,0.180948218180141,1.4786398978611
0.1,"without_ssp126",105,10,-0.00567814720404796,0.166739767008895,0.007867262016478,0.102701343952847,0.013545409220526,0.131891255743888,1.62354026336257
