"tol","archive","draw","n_stitched","mean_gen","var_gen","mean_target","var_target","bias","E1","E2"
0.1,"with_ssp370",170,10,0.0259521907910327,0.132984299184314,0.0179248203526037,0.10661449936832,0.00802737043842896,0.075293421495109,1.24733783840127
0.1,"without_ssp370",170,9,0.0244004881893098,0.152760896605314,0.0179248203526037,0.10661449936832,0.00647566783670614,0.0607390915407735,1.43283415961624
