"tol","archive","draw","n_stitched","mean_gen","var_gen","mean_target","var_target","bias","E1","E2"
0.1,"with_ssp126",167,11,0.00800784594611875,0.109293263962481,0.007867262016478,0.102701343952847,0.000140583929640751,0.00136886163539688,1.06418533347198
0.1,"without_ssp126",167,9,0.00807209793641267,0.114455314597073,0.007867262016478,0.102701343952847,0.000204835919934669,0.00199448139674506,1.11444807041301
