"tol","archive","draw","n_stitched","mean_gen","var_gen","mean_target","var_target","bias","E1","E2"
0.1,"with_ssp126",140,12,0.00790850802833353,0.10967097739314,0.007867262016478,0.102701343952847,4.1246011855527e-05,0.00040161121819851,1.0678631181642
0.1,"without_ssp126",140,10,0.00819055279547517,0.112440361677262,0.007867262016478,0.102701343952847,0.000323290778997164,0.00314787291533007,1.0948285324181
