"tol","archive","draw","n_stitched","mean_gen","var_gen","mean_target","var_target","bias","E1","E2"
0.1,"with_ssp245",100,10,0.0125849977609201,0.107563675740525,0.0123109293464732,0.104141659571487,0.000274068414446901,0.00263168856319953,1.03285924367941
0.1,"without_ssp245",100,9,0.0126760016775052,0.112066751939043,0.0123109293464732,0.104141659571487,0.000365072331032026,0.00350553594530944,1.07609915570931
