"tol","archive","draw","n_stitched","mean_gen","var_gen","mean_target","var_target","bias","E1","E2"
0.1,"with_ssp126",14,11,0.00798807259237935,0.109405487194821,0.007867262016478,0.102701343952847,0.000120810575901343,0.00117632906495178,1.06527804782236
0.1,"without_ssp126",14,9,0.00803260987272738,0.111220788571512,0.007867262016478,0.102701343952847,0.000165347856249382,0.00160998726876737,1.08295358454683
