"tol","archive","draw","n_stitched","mean_gen","var_gen","mean_target","var_target","bias","E1","E2"
0.1,"with_ssp245",25,11,0.0123407257635561,0.108344890952397,0.0123109293464732,0.104141659571487,2.97964170829328e-05,0.000286114290914284,1.0403607105764
0.1,"without_ssp245",25,10,0.0127634074495835,0.112633463040403,0.0123109293464732,0.104141659571487,0.000452478103110344,0.00434483284568502,1.08154088866893
