"tol","archive","draw","n_stitched","mean_gen","var_gen","mean_target","var_target","bias","E1","E2"
0.1,"with_ssp126",64,11,0.00806156516541106,0.110836154265596,0.007867262016478,0.102701343952847,0.000194303148933058,0.0018919241117455,1.07920841149347
0.1,"without_ssp126",64,9,0.00813158699788659,0.117145229668128,0.007867262016478,0.102701343952847,0.000264324981408588,0.00257372465865634,1.14063969524988
