"tol","archive","draw","n_stitched","mean_gen","var_gen","mean_target","var_target","bias","E1","E2"
0.1,"with_ssp370",142,9,0.0179998289698185,0.112783385241046,0.0179248203526037,0.10661449936832,7.50086172148327e-05,0.000703549870413977,1.05786160333984
0.1,"without_ssp370",142,8,0.0178472658518135,0.112241001427341,0.0179248203526037,0.10661449936832,7.75545007901564e-05,0.000727429207562374,1.05277426703082
