"tol","archive","draw","n_stitched","mean_gen","var_gen","mean_target","var_target","bias","E1","E2"
0.1,"with_ssp126",139,11,0.0273901283996112,0.155533566988835,0.007867262016478,0.102701343952847,0.0195228663831332,0.19009358234004,1.5144258195905
0.1,"without_ssp126",139,9,-0.012572017802473,0.165312317753734,0.007867262016478,0.102701343952847,0.020439279818951,0.199016673319634,1.60964123146854
