"tol","archive","draw","n_stitched","mean_gen","var_gen","mean_target","var_target","bias","E1","E2"
0.1,"with_ssp370",117,9,0.0243326899943624,0.138816588840663,0.0179248203526037,0.10661449936832,0.00640786964175866,0.0601031724551971,1.30204230815824
0.1,"without_ssp370",117,9,0.023163090471588,0.160872257133815,0.0179248203526037,0.10661449936832,0.00523827011898428,0.0491328116721504,1.50891537349016
