"tol","archive","draw","n_stitched","mean_gen","var_gen","mean_target","var_target","bias","E1","E2"
0.1,"with_ssp126",111,11,0.023812299808086,0.154013831515702,0.007867262016478,0.102701343952847,0.015945037791608,0.155256369370675,1.4996281994753
0.1,"without_ssp126",111,10,-0.0174419045996988,0.169337910649155,0.007867262016478,0.102701343952847,0.0253091666161768,0.246434619470968,1.64883831244607
