"tol","archive","draw","n_stitched","mean_gen","var_gen","mean_target","var_target","bias","E1","E2"
0.1,"with_ssp245",34,11,0.0158570416907769,0.151289886356847,0.0123109293464732,0.104141659571487,0.00354611234430379,0.034050853029374,1.45273166357596
0.1,"without_ssp245",34,8,-0.00911827879120021,0.15754684917801,0.0123109293464732,0.104141659571487,0.0214292081376734,0.205769796888665,1.51281293025548
