"tol","archive","draw","n_stitched","mean_gen","var_gen","mean_target","var_target","bias","E1","E2"
0.1,"with_ssp245",55,11,0.0135218358312506,0.162098283374075,0.0123109293464732,0.104141659571487,0.00121090648477749,0.0116274936443304,1.55651719053703
0.1,"without_ssp245",55,9,-0.00113063681640764,0.166342137074861,0.0123109293464732,0.104141659571487,0.0134415661628808,0.129070020760078,1.59726796902711
