"tol","archive","draw","n_stitched","mean_gen","var_gen","mean_target","var_target","bias","E1","E2"
0.1,"with_ssp245",188,11,0.0126730835212608,0.112546982158596,0.0123109293464732,0.104141659571487,0.000362154174787625,0.00347751491840812,1.08071047284723
0.1,"without_ssp245",188,6,0.0124012189281231,0.112443958010857,0.0123109293464732,0.104141659571487,9.02895816499473e-05,0.000866988120042096,1.07972120353691
