"tol","archive","draw","n_stitched","mean_gen","var_gen","mean_target","var_target","bias","E1","E2"
0.1,"with_ssp370",154,11,0.0179256053369269,0.112830753849689,0.0179248203526037,0.10661449936832,7.84984323189131e-07,7.36282895703756e-06,1.058305901338
0.1,"without_ssp370",154,9,0.0183478080449134,0.11127068184769,0.0179248203526037,0.10661449936832,0.000422987692309709,0.00396744996989966,1.04367306986345
