"tol","archive","draw","n_stitched","mean_gen","var_gen","mean_target","var_target","bias","E1","E2"
0.1,"with_ssp245",74,11,0.022655962755088,0.150478881189376,0.0123109293464732,0.104141659571487,0.0103450334086149,0.0993361681692202,1.4449441444332
0.1,"without_ssp245",74,8,-0.00162051082841447,0.153988158848525,0.0123109293464732,0.104141659571487,0.0139314401748876,0.133773940536492,1.47864129957351
