"tol","archive","draw","n_stitched","mean_gen","var_gen","mean_target","var_target","bias","E1","E2"
0.1,"with_ssp245",75,11,0.0233136931677316,0.153297419512625,0.0123109293464732,0.104141659571487,0.0110027638212585,0.105651896335546,1.4720086096515
0.1,"without_ssp245",75,7,-0.00934339608723932,0.138731460188279,0.0123109293464732,0.104141659571487,0.0216543254337125,0.207931441872675,1.33214182258204
