"tol","archive","draw","n_stitched","mean_gen","var_gen","mean_target","var_target","bias","E1","E2"
0.1,"with_ssp245",192,11,0.00296892813261423,0.146084823157385,0.0123109293464732,0.104141659571487,0.00934200121385892,0.0897047469024268,1.40275105811145
0.1,"without_ssp245",192,7,0.00337219185427878,0.156609940614101,0.0123109293464732,0.104141659571487,0.00893873749219437,0.0858324855679728,1.5038164482735
