"tol","archive","draw","n_stitched","mean_gen","var_gen","mean_target","var_target","bias","E1","E2"
0.1,"with_ssp370",123,10,0.0178082755904838,0.110916553615625,0.0179248203526037,0.10661449936832,0.000116544762119943,0.00109314176599298,1.0403514932096
0.1,"without_ssp370",123,9,0.0181684351222291,0.113186016337673,0.0179248203526037,0.10661449936832,0.000243614769625356,0.00228500598951126,1.06163811684422
