"tol","archive","draw","n_stitched","mean_gen","var_gen","mean_target","var_target","bias","E1","E2"
0.1,"with_ssp370",98,10,0.0391785127773822,0.163633968826643,0.0179248203526037,0.10661449936832,0.0212536924247785,0.19935086269414,1.53481908929983
0.1,"without_ssp370",98,8,0.0203759122855241,0.154777489058048,0.0179248203526037,0.10661449936832,0.00245109193292039,0.0229902306669623,1.4517489644944
