"tol","archive","draw","n_stitched","mean_gen","var_gen","mean_target","var_target","bias","E1","E2"
0.1,"with_ssp370",65,9,0.0248670961926257,0.154837052707299,0.0179248203526037,0.10661449936832,0.00694227584002196,0.0651156820240607,1.45230764694007
0.1,"without_ssp370",65,9,0.0228107059297723,0.155657513556314,0.0179248203526037,0.10661449936832,0.00488588557716865,0.0458275901131367,1.46000323106677
