"tol","archive","draw","n_stitched","mean_gen","var_gen","mean_target","var_target","bias","E1","E2"
0.1,"with_ssp370",98,10,0.0180285382690802,0.11697383513251,0.0179248203526037,0.10661449936832,0.00010371791647654,0.000972831248010899,1.09716629375524
0.1,"without_ssp370",98,8,0.0182229597257701,0.111793436822439,0.0179248203526037,0.10661449936832,0.000298139373166362,0.00279642426623777,1.04857629576468
