"tol","archive","draw","n_stitched","mean_gen","var_gen","mean_target","var_target","bias","E1","E2"
0.1,"with_ssp245",16,10,0.0125805912393664,0.144217517140125,0.0123109293464732,0.104141659571487,0.000269661892893297,0.00258937579833928,1.38482061581828
0.1,"without_ssp245",16,7,-0.00686400883325203,0.153295077279276,0.0123109293464732,0.104141659571487,0.0191749381797252,0.184123608732803,1.47198611881202
