"tol","archive","draw","n_stitched","mean_gen","var_gen","mean_target","var_target","bias","E1","E2"
0.1,"with_ssp245",80,11,0.0125863073987516,0.108400184219435,0.0123109293464732,0.104141659571487,0.000275378052278461,0.00264426410536919,1.04089165340241
0.1,"without_ssp245",80,9,0.0127818368128517,0.109893662634042,0.0123109293464732,0.104141659571487,0.000470907466378531,0.00452179721656233,1.05523248895997
