"tol","archive","draw","n_stitched","mean_gen","var_gen","mean_target","var_target","bias","E1","E2"
0.1,"with_ssp245",62,12,0.0182651547719217,0.148027963675844,0.0123109293464732,0.104141659571487,0.00595422542544858,0.0571742898082142,1.42140968643035
0.1,"without_ssp245",62,7,-0.00452390521959315,0.156211980493535,0.0123109293464732,0.104141659571487,0.0168348345660663,0.161653219617748,1.49999511373549
