"tol","archive","draw","n_stitched","mean_gen","var_gen","mean_target","var_target","bias","E1","E2"
0.1,"with_ssp245",145,11,0.0222921604709644,0.147022706107563,0.0123109293464732,0.104141659571487,0.00998123112449126,0.0958428276019527,1.41175689644777
0.1,"without_ssp245",145,7,0.00900508955500444,0.164842976487649,0.0123109293464732,0.104141659571487,0.00330583979146871,0.0317436826441147,1.58287257151395
