"tol","archive","draw","n_stitched","mean_gen","var_gen","mean_target","var_target","bias","E1","E2"
0.1,"with_ssp370",24,10,0.025327866125787,0.150919314429198,0.0179248203526037,0.10661449936832,0.00740304577318334,0.0694375138189047,1.41556087889902
0.1,"without_ssp370",24,9,0.0120593568646766,0.161996504571,0.0179248203526037,0.10661449936832,0.00586546348792713,0.0550156266050058,1.519460350429
