"tol","archive","draw","n_stitched","mean_gen","var_gen","mean_target","var_target","bias","E1","E2"
0.1,"with_ssp370",78,10,0.0177042959318624,0.114599652423004,0.0179248203526037,0.10661449936832,0.000220524420741296,0.00206842804729075,1.07489743986038
0.1,"without_ssp370",78,9,0.0183200673709791,0.111735388218622,0.0179248203526037,0.10661449936832,0.000395247018375407,0.00370725389808332,1.04803182381986
