"tol","archive","draw","n_stitched","mean_gen","var_gen","mean_target","var_target","bias","E1","E2"
0.1,"with_ssp245",174,11,0.0070037336894722,0.136418888002347,0.0123109293464732,0.104141659571487,0.00530719565700095,0.0509613124933724,1.30993579863882
0.1,"without_ssp245",174,7,0.00958858335619148,0.157623877110953,0.0123109293464732,0.104141659571487,0.00272234599028167,0.02614079707855,1.51355257597709
