"tol","archive","draw","n_stitched","mean_gen","var_gen","mean_target","var_target","bias","E1","E2"
0.1,"with_ssp245",126,11,0.0206664287279601,0.145744711292194,0.0123109293464732,0.104141659571487,0.00835549938148694,0.0802320552204318,1.39948520017726
0.1,"without_ssp245",126,8,0.000884788857493291,0.168303903274546,0.0123109293464732,0.104141659571487,0.0114261404889799,0.109717288316656,1.61610544682184
