"tol","archive","draw","n_stitched","mean_gen","var_gen","mean_target","var_target","bias","E1","E2"
0.1,"with_ssp126",63,12,0.0246074086094344,0.147540159738871,0.007867262016478,0.102701343952847,0.0167401465929564,0.162998320651406,1.43659424560803
0.1,"without_ssp126",63,9,0.00442257963849348,0.164389641284478,0.007867262016478,0.102701343952847,0.00344468237798452,0.0335407721593797,1.60065715751446
