"tol","archive","draw","n_stitched","mean_gen","var_gen","mean_target","var_target","bias","E1","E2"
0.1,"with_ssp370",198,10,0.0395989658837848,0.149174978669069,0.0179248203526037,0.10661449936832,0.0216741455311811,0.203294539294356,1.39919972942625
0.1,"without_ssp370",198,9,0.0157981315359292,0.156029825304748,0.0179248203526037,0.10661449936832,0.00212668881667452,0.0199474633307377,1.46349536159911
