"tol","archive","draw","n_stitched","mean_gen","var_gen","mean_target","var_target","bias","E1","E2"
0.1,"with_ssp370",193,10,0.0178416720219267,0.112919955116151,0.0179248203526037,0.10661449936832,8.31483306770187e-05,0.00077989702310346,1.05914257240047
0.1,"without_ssp370",193,9,0.0183360778886986,0.114447705351094,0.0179248203526037,0.10661449936832,0.000411257536094931,0.00385742594611041,1.07347223904051
