"tol","archive","draw","n_stitched","mean_gen","var_gen","mean_target","var_target","bias","E1","E2"
0.1,"with_ssp126",136,11,0.00787441308260539,0.111243849061999,0.007867262016478,0.102701343952847,7.1510661273904e-06,6.96297229632522e-05,1.08317812387221
0.1,"without_ssp126",136,9,0.008148251906343,0.112264710201306,0.007867262016478,0.102701343952847,0.000280989889864993,0.00273599038775971,1.09311821910383
