"tol","archive","draw","n_stitched","mean_gen","var_gen","mean_target","var_target","bias","E1","E2"
0.1,"with_ssp126",75,11,0.0209000245977068,0.146485861215097,0.007867262016478,0.102701343952847,0.0130327625812288,0.126899630322389,1.42632857153605
0.1,"without_ssp126",75,9,-0.0114032461401729,0.159743440298771,0.007867262016478,0.102701343952847,0.0192705081566509,0.187636377626164,1.55541723360615
