"tol","archive","draw","n_stitched","mean_gen","var_gen","mean_target","var_target","bias","E1","E2"
0.1,"with_ssp126",34,11,0.00799638189708567,0.107903038323212,0.007867262016478,0.102701343952847,0.000129119880607669,0.00125723652328203,1.0506487468436
0.1,"without_ssp126",34,9,0.00816256687323635,0.113208085626155,0.007867262016478,0.102701343952847,0.000295304856758345,0.00287537480418881,1.10230383818669
