"tol","archive","draw","n_stitched","mean_gen","var_gen","mean_target","var_target","bias","E1","E2"
0.1,"with_ssp370",112,10,0.0180372322909022,0.11116776938044,0.0179248203526037,0.10661449936832,0.000112411938298491,0.00105437758432971,1.04270779339675
0.1,"without_ssp370",112,9,0.0182466364354995,0.11612989315447,0.0179248203526037,0.10661449936832,0.000321816082895762,0.00301850203117295,1.08925046632989
