"tol","archive","draw","n_stitched","mean_gen","var_gen","mean_target","var_target","bias","E1","E2"
0.1,"with_ssp370",132,10,0.0176326509558221,0.110571782737436,0.0179248203526037,0.10661449936832,0.000292169396781648,0.00274042835179756,1.03711768467293
0.1,"without_ssp370",132,9,0.0181612399001242,0.114681955227262,0.0179248203526037,0.10661449936832,0.00023641954752052,0.0022175177759243,1.07566940619466
