"tol","archive","draw","n_stitched","mean_gen","var_gen","mean_target","var_target","bias","E1","E2"
0.1,"with_ssp245",123,11,0.00831031758407286,0.152898583619759,0.0123109293464732,0.104141659571487,0.00400061176240029,0.0384150951584761,1.46817886568058
0.1,"without_ssp245",123,9,0.00411752306954741,0.155511266383468,0.0123109293464732,0.104141659571487,0.00819340627692574,0.0786755877584366,1.49326664298757
