"tol","archive","draw","n_stitched","mean_gen","var_gen","mean_target","var_target","bias","E1","E2"
0.1,"with_ssp126",134,12,0.0193192601806159,0.137077933566252,0.007867262016478,0.102701343952847,0.0114519981641379,0.11150777315432,1.33472385355725
0.1,"without_ssp126",134,9,-0.00718001790453173,0.169695631087788,0.007867262016478,0.102701343952847,0.0150472799210097,0.146514927087209,1.65232142595622
