"tol","archive","draw","n_stitched","mean_gen","var_gen","mean_target","var_target","bias","E1","E2"
0.1,"with_ssp126",20,11,0.00782091444952297,0.109211806961337,0.007867262016478,0.102701343952847,4.63475669550337e-05,0.000451284911873336,1.06339218902023
0.1,"without_ssp126",20,8,0.00802246567098885,0.113141638690983,0.007867262016478,0.102701343952847,0.000155203654510844,0.00151121347138459,1.10165684631089
