"tol","archive","draw","n_stitched","mean_gen","var_gen","mean_target","var_target","bias","E1","E2"
0.1,"with_ssp126",99,12,0.0225918045655194,0.15218203677181,0.007867262016478,0.102701343952847,0.0147245425490414,0.143372442680028,1.48179206731395
0.1,"without_ssp126",99,10,-0.0141575046744982,0.16966068857308,0.007867262016478,0.102701343952847,0.0220247666909762,0.214454512894091,1.65198119170647
