"tol","archive","draw","n_stitched","mean_gen","var_gen","mean_target","var_target","bias","E1","E2"
0.1,"with_ssp370",18,9,0.0177100631046081,0.113344626440129,0.0179248203526037,0.10661449936832,0.000214757247995651,0.00201433434727983,1.06312581414051
0.1,"without_ssp370",18,8,0.0179935177487118,0.115326082312127,0.0179248203526037,0.10661449936832,6.86973961081354e-05,0.000644353221326933,1.08171105239365
