"tol","archive","draw","n_stitched","mean_gen","var_gen","mean_target","var_target","bias","E1","E2"
0.1,"with_ssp245",110,11,0.0101524675991659,0.150405310917704,0.0123109293464732,0.104141659571487,0.0021584617473072,0.0207262084759227,1.44423770023043
0.1,"without_ssp245",110,8,-0.00532586062992467,0.154948584242732,0.0123109293464732,0.104141659571487,0.0176367899763978,0.169353840230395,1.48786359733753
