"tol","archive","draw","n_stitched","mean_gen","var_gen","mean_target","var_target","bias","E1","E2"
0.1,"with_ssp245",175,11,0.0124782787092588,0.10638995217541,0.0123109293464732,0.104141659571487,0.000167349362785604,0.0016069396577143,1.02158879177819
0.1,"without_ssp245",175,8,0.012994019122843,0.110517962901428,0.0123109293464732,0.104141659571487,0.00068308977636984,0.00655923651668851,1.06122721066841
