"tol","archive","draw","n_stitched","mean_gen","var_gen","mean_target","var_target","bias","E1","E2"
0.1,"with_ssp126",65,12,0.0143685873383444,0.151992352528624,0.007867262016478,0.102701343952847,0.00650132532186635,0.0633032156312511,1.47994511735317
0.1,"without_ssp126",65,9,-0.00320114693184733,0.177524996149678,0.007867262016478,0.102701343952847,0.0110684089483253,0.107772776112912,1.72855572592297
