"tol","archive","draw","n_stitched","mean_gen","var_gen","mean_target","var_target","bias","E1","E2"
0.1,"with_ssp126",174,11,0.00812268460847728,0.1061774791069,0.007867262016478,0.102701343952847,0.000255422591999272,0.00248704235181717,1.03384702692547
0.1,"without_ssp126",174,9,0.0082787753163296,0.112684604415277,0.007867262016478,0.102701343952847,0.000411513299851601,0.00400689303579648,1.09720671685673
