"tol","archive","draw","n_stitched","mean_gen","var_gen","mean_target","var_target","bias","E1","E2"
0.1,"with_ssp126",43,11,0.0278008794447619,0.149764434297059,0.007867262016478,0.102701343952847,0.0199336174282839,0.194093053323976,1.45825194230973
0.1,"without_ssp126",43,9,-0.00603354572133459,0.155807085968214,0.007867262016478,0.102701343952847,0.0139008077378126,0.135351760773402,1.51708906594007
