"tol","archive","draw","n_stitched","mean_gen","var_gen","mean_target","var_target","bias","E1","E2"
0.1,"with_ssp245",157,11,0.015824099729678,0.151585942567891,0.0123109293464732,0.104141659571487,0.00351317038320484,0.0337345342647748,1.45557448567292
0.1,"without_ssp245",157,7,-0.00238399375155305,0.152123953459856,0.0123109293464732,0.104141659571487,0.0146949230980262,0.141105136585029,1.46074063046241
