"tol","archive","draw","n_stitched","mean_gen","var_gen","mean_target","var_target","bias","E1","E2"
0.1,"with_ssp126",157,12,0.00801932798254866,0.111029791602132,0.007867262016478,0.102701343952847,0.000152065966070659,0.00148066189027163,1.08109385260926
0.1,"without_ssp126",157,9,0.00821097151792787,0.11177496550011,0.007867262016478,0.102701343952847,0.000343709501449869,0.00334668942217228,1.08834958918775
