"tol","archive","draw","n_stitched","mean_gen","var_gen","mean_target","var_target","bias","E1","E2"
0.1,"with_ssp370",152,10,0.0262031452893571,0.152582377856006,0.0179248203526037,0.10661449936832,0.00827832493675344,0.0776472711104179,1.43115972742957
0.1,"without_ssp370",152,8,0.0317313744330184,0.155818154561636,0.0179248203526037,0.10661449936832,0.0138065540804147,0.129499778756334,1.46150997739372
