"tol","archive","draw","n_stitched","mean_gen","var_gen","mean_target","var_target","bias","E1","E2"
0.1,"with_ssp245",58,11,0.0123786875111499,0.110547822878259,0.0123109293464732,0.104141659571487,6.77581646767404e-05,0.000650634577512456,1.06151393527943
0.1,"without_ssp245",58,7,0.012701605300388,0.11507026639873,0.0123109293464732,0.104141659571487,0.000390675953914895,0.00375138974664332,1.10493981824575
