"tol","archive","draw","n_stitched","mean_gen","var_gen","mean_target","var_target","bias","E1","E2"
0.1,"with_ssp245",27,11,0.0214997727774802,0.159728764237106,0.0123109293464732,0.104141659571487,0.00918884343100708,0.0882340791266103,1.53376434458932
0.1,"without_ssp245",27,9,0.00363023270171954,0.152647540604964,0.0123109293464732,0.104141659571487,0.00868069664475361,0.0833546985948966,1.46576827403236
