"tol","archive","draw","n_stitched","mean_gen","var_gen","mean_target","var_target","bias","E1","E2"
0.1,"with_ssp245",30,11,0.0122755437066005,0.106860791963254,0.0123109293464732,0.104141659571487,3.53856398726728e-05,0.000339783714012957,1.0261099391248
0.1,"without_ssp245",30,7,0.0126489059428232,0.110385319385362,0.0123109293464732,0.104141659571487,0.000337976596350098,0.00324535443107758,1.05995352714338
