"tol","archive","draw","n_stitched","mean_gen","var_gen","mean_target","var_target","bias","E1","E2"
0.1,"with_ssp245",105,11,0.0176106459304073,0.15536931774196,0.0123109293464732,0.104141659571487,0.00529971658393413,0.0508894961511171,1.49190360880804
0.1,"without_ssp245",105,8,-0.00830474157887414,0.149825798756196,0.0123109293464732,0.104141659571487,0.0206156709253473,0.197957964278415,1.43867304758429
