"tol","archive","draw","n_stitched","mean_gen","var_gen","mean_target","var_target","bias","E1","E2"
0.1,"with_ssp126",40,11,0.0262823691709953,0.147308987795773,0.007867262016478,0.102701343952847,0.0184151071545173,0.179307362939401,1.43434333111948
0.1,"without_ssp126",40,9,-0.00639939262804052,0.185283359078767,0.007867262016478,0.102701343952847,0.0142666546445185,0.138914001466902,1.80409868018705
