"tol","archive","draw","n_stitched","mean_gen","var_gen","mean_target","var_target","bias","E1","E2"
0.1,"with_ssp245",67,11,0.012552154140982,0.110602994015574,0.0123109293464732,0.104141659571487,0.000241224794508853,0.00231631410044188,1.06204370537856
0.1,"without_ssp245",67,7,0.0126819090920026,0.110335432169438,0.0123109293464732,0.104141659571487,0.000370979745529455,0.00356226074229977,1.05947449487013
