"tol","archive","draw","n_stitched","mean_gen","var_gen","mean_target","var_target","bias","E1","E2"
0.1,"with_ssp126",15,11,0.00817554516669458,0.110523682870218,0.007867262016478,0.102701343952847,0.000308283150216578,0.0030017440702443,1.07616588660186
0.1,"without_ssp126",15,10,0.00824671292676139,0.113778507416959,0.007867262016478,0.102701343952847,0.000379450910283385,0.00369470248079326,1.10785801857859
