"tol","archive","draw","n_stitched","mean_gen","var_gen","mean_target","var_target","bias","E1","E2"
0.1,"with_ssp126",181,11,0.0205727185577098,0.147466945867522,0.007867262016478,0.102701343952847,0.0127054565412318,0.123712660927448,1.43588136427142
0.1,"without_ssp126",181,9,-0.00894068943626077,0.170443185693359,0.007867262016478,0.102701343952847,0.0168079514527388,0.163658534599662,1.65960034341532
