"tol","archive","draw","n_stitched","mean_gen","var_gen","mean_target","var_target","bias","E1","E2"
0.1,"with_ssp126",78,11,0.0286561985540236,0.143333232315483,0.007867262016478,0.102701343952847,0.0207889365375456,0.202421270622227,1.39563151560404
0.1,"without_ssp126",78,9,-0.0186176347922443,0.16722070187179,0.007867262016478,0.102701343952847,0.0264848968087223,0.257882670171115,1.62822311213927
