"tol","archive","draw","n_stitched","mean_gen","var_gen","mean_target","var_target","bias","E1","E2"
0.1,"with_ssp126",29,11,0.0242387286888948,0.143875524160387,0.007867262016478,0.102701343952847,0.0163714666724167,0.159408494984578,1.40091179553059
0.1,"without_ssp126",29,9,-0.0152224678353135,0.17077072024233,0.007867262016478,0.102701343952847,0.0230897298517915,0.224824028226862,1.66278953779549
