"tol","archive","draw","n_stitched","mean_gen","var_gen","mean_target","var_target","bias","E1","E2"
0.1,"with_ssp126",109,11,0.032693745166437,0.149439651471703,0.007867262016478,0.102701343952847,0.024826483149959,0.241734744594555,1.45508954138239
0.1,"without_ssp126",109,9,-0.0147824267032428,0.176272191455586,0.007867262016478,0.102701343952847,0.0226496887197208,0.220539360518203,1.71635720304223
