"tol","archive","draw","n_stitched","mean_gen","var_gen","mean_target","var_target","bias","E1","E2"
0.1,"with_ssp370",175,10,0.020623073466172,0.151278379721502,0.0179248203526037,0.10661449936832,0.00269825311356829,0.0253085005281192,1.4189287631402
0.1,"without_ssp370",175,9,0.0173183735997957,0.161083384565817,0.0179248203526037,0.10661449936832,0.000606446752807997,0.00568822023646999,1.51089566166159
