"tol","archive","draw","n_stitched","mean_gen","var_gen","mean_target","var_target","bias","E1","E2"
0.1,"with_ssp245",117,10,0.0193387687444233,0.157062992948303,0.0123109293464732,0.104141659571487,0.00702783939795019,0.067483458846995,1.50816679506139
0.1,"without_ssp245",117,7,-0.00900975993800382,0.161693574472754,0.0123109293464732,0.104141659571487,0.021320689284477,0.204727765739527,1.55263105214644
