"tol","archive","draw","n_stitched","mean_gen","var_gen","mean_target","var_target","bias","E1","E2"
0.1,"with_ssp370",66,9,0.0215956243334312,0.145391499547328,0.0179248203526037,0.10661449936832,0.0036708039808275,0.0344306262523074,1.36371225685772
0.1,"without_ssp370",66,9,0.0238640510481392,0.164541199681589,0.0179248203526037,0.10661449936832,0.0059392306955355,0.0557075325656907,1.54332854026871
