"tol","archive","draw","n_stitched","mean_gen","var_gen","mean_target","var_target","bias","E1","E2"
0.1,"with_ssp245",97,11,0.0125081715738587,0.111494370540475,0.0123109293464732,0.104141659571487,0.000197242227385536,0.0018939800671233,1.07060297482528
0.1,"without_ssp245",97,10,0.0124486761812555,0.112673264023276,0.0123109293464732,0.104141659571487,0.000137746834782347,0.00132268714891942,1.08192306985402
