"tol","archive","draw","n_stitched","mean_gen","var_gen","mean_target","var_target","bias","E1","E2"
0.1,"with_ssp370",113,10,0.0178168263447599,0.1108942977113,0.0179248203526037,0.10661449936832,0.000107994007843851,0.00101293922012207,1.04014274201292
0.1,"without_ssp370",113,9,0.0181209523924381,0.110077874905259,0.0179248203526037,0.10661449936832,0.000196132039834356,0.00183963758209641,1.03248503306266
