"tol","archive","draw","n_stitched","mean_gen","var_gen","mean_target","var_target","bias","E1","E2"
0.1,"with_ssp126",56,11,0.00805529509452607,0.109414962900785,0.007867262016478,0.102701343952847,0.000188033078048067,0.00183087261384231,1.06537031249582
0.1,"without_ssp126",56,10,0.00836011861654831,0.114676169497935,0.007867262016478,0.102701343952847,0.000492856600070306,0.00479893038494794,1.11659852816129
