"tol","archive","draw","n_stitched","mean_gen","var_gen","mean_target","var_target","bias","E1","E2"
0.1,"with_ssp370",113,10,0.0233323229552041,0.140183790698449,0.0179248203526037,0.10661449936832,0.00540750260260041,0.0507201425194443,1.3148660972853
0.1,"without_ssp370",113,9,0.019868996881258,0.14258166385811,0.0179248203526037,0.10661449936832,0.00194417652865425,0.0182355733992402,1.33735715782461
