"tol","archive","draw","n_stitched","mean_gen","var_gen","mean_target","var_target","bias","E1","E2"
0.1,"with_ssp370",116,9,0.0141237076612575,0.142556720217286,0.0179248203526037,0.10661449936832,0.00380111269134623,0.0356528681733482,1.33712319676892
0.1,"without_ssp370",116,8,0.014518254526923,0.16468151854763,0.0179248203526037,0.10661449936832,0.00340656582568073,0.0319521814187027,1.54464467331696
