"tol","archive","draw","n_stitched","mean_gen","var_gen","mean_target","var_target","bias","E1","E2"
0.1,"with_ssp370",67,10,0.0179222399997301,0.112869836414337,0.0179248203526037,0.10661449936832,2.58035287365246e-06,2.42026449398608e-05,1.05867247966346
0.1,"without_ssp370",67,8,0.0180995844935782,0.109425098652945,0.0179248203526037,0.10661449936832,0.000174764140974462,0.00163921551017846,1.02636226124286
