"tol","archive","draw","n_stitched","mean_gen","var_gen","mean_target","var_target","bias","E1","E2"
0.1,"with_ssp245",115,11,0.0124654919119083,0.111636458044111,0.0123109293464732,0.104141659571487,0.000154562565435152,0.00148415692693138,1.07196734240134
0.1,"without_ssp245",115,7,0.0125678294003253,0.111722099940134,0.0123109293464732,0.104141659571487,0.000256900053852127,0.00246683272485955,1.07278970202548
