"tol","archive","draw","n_stitched","mean_gen","var_gen","mean_target","var_target","bias","E1","E2"
0.1,"with_ssp370",165,10,0.0215505171016652,0.135851888222131,0.0179248203526037,0.10661449936832,0.00362569674906151,0.034007539035904,1.27423464000712
0.1,"without_ssp370",165,8,0.0240984848809119,0.146728544452814,0.0179248203526037,0.10661449936832,0.00617366452830815,0.0579064251568639,1.37625318621918
