"tol","archive","draw","n_stitched","mean_gen","var_gen","mean_target","var_target","bias","E1","E2"
0.1,"with_ssp245",118,11,0.0247153093236036,0.156900521354211,0.0123109293464732,0.104141659571487,0.0124043799771304,0.119110642447709,1.50660669322739
0.1,"without_ssp245",118,7,-0.00277415877370371,0.149792512089377,0.0123109293464732,0.104141659571487,0.0150850881201769,0.144851620208932,1.43835341885015
