"tol","archive","draw","n_stitched","mean_gen","var_gen","mean_target","var_target","bias","E1","E2"
0.1,"with_ssp370",97,10,0.0179178629441602,0.113881877935875,0.0179248203526037,0.10661449936832,6.95740844355169e-06,6.52576195993379e-05,1.0681650114254
0.1,"without_ssp370",97,8,0.0180339737147019,0.113352268311949,0.0179248203526037,0.10661449936832,0.000109153362098241,0.0010238134845163,1.06319749174408
