"tol","archive","draw","n_stitched","mean_gen","var_gen","mean_target","var_target","bias","E1","E2"
0.1,"with_ssp370",190,10,0.0177382222836862,0.113493267474393,0.0179248203526037,0.10661449936832,0.000186598068917465,0.0017502128699477,1.0645200056918
0.1,"without_ssp370",190,8,0.0177697922963789,0.115503621650316,0.0179248203526037,0.10661449936832,0.000155028056224849,0.00145409918109989,1.08337629810826
