"tol","archive","draw","n_stitched","mean_gen","var_gen","mean_target","var_target","bias","E1","E2"
0.1,"with_ssp245",156,11,0.0124301319197977,0.110388988974521,0.0123109293464732,0.104141659571487,0.0001192025733245,0.00114461949055723,1.05998876365847
0.1,"without_ssp245",156,8,0.0126701697664454,0.110334347696028,0.0123109293464732,0.104141659571487,0.000359240419972292,0.00344953615537205,1.05946408142546
