"tol","archive","draw","n_stitched","mean_gen","var_gen","mean_target","var_target","bias","E1","E2"
0.1,"with_ssp126",163,11,0.0145315538789698,0.144272976391389,0.007867262016478,0.102701343952847,0.00666429186249178,0.0648900160990254,1.40478177634782
0.1,"without_ssp126",163,9,-0.0104676569926095,0.160829653431622,0.007867262016478,0.102701343952847,0.0183349190090876,0.178526573298843,1.56599365929878
