"tol","archive","draw","n_stitched","mean_gen","var_gen","mean_target","var_target","bias","E1","E2"
0.1,"with_ssp370",125,10,0.0242583827291816,0.149478213003335,0.0179248203526037,0.10661449936832,0.00633356237657787,0.0594062009773864,1.40204394232471
0.1,"without_ssp370",125,8,0.0202815073554334,0.167183889801723,0.0179248203526037,0.10661449936832,0.00235668700282965,0.0221047513874077,1.56811588285149
