"tol","archive","draw","n_stitched","mean_gen","var_gen","mean_target","var_target","bias","E1","E2"
0.1,"with_ssp370",183,11,0.0181628036723677,0.110924041829323,0.0179248203526037,0.10661449936832,0.000237983319764035,0.00223218531413702,1.04042172956339
0.1,"without_ssp370",183,8,0.0181901166641972,0.113697020486309,0.0179248203526037,0.10661449936832,0.00026529631159353,0.00248836990433181,1.06643112484654
