"tol","archive","draw","n_stitched","mean_gen","var_gen","mean_target","var_target","bias","E1","E2"
0.1,"with_ssp245",70,11,0.0123374805928794,0.111011744554404,0.0123109293464732,0.104141659571487,2.6551246406244e-05,0.000254953171626944,1.06596865280605
0.1,"without_ssp245",70,7,0.0125362248708392,0.114366716928819,0.0123109293464732,0.104141659571487,0.000225295524366058,0.00216335638680125,1.09818412150723
