"tol","archive","draw","n_stitched","mean_gen","var_gen","mean_target","var_target","bias","E1","E2"
0.1,"with_ssp370",91,10,0.0180977992609285,0.113807302183545,0.0179248203526037,0.10661449936832,0.000172978908324812,0.00162247076476177,1.06746552164895
0.1,"without_ssp370",91,9,0.018338523757614,0.114315609545294,0.0179248203526037,0.10661449936832,0.000413703405010287,0.00388036718702837,1.07223323490334
