"tol","archive","draw","n_stitched","mean_gen","var_gen","mean_target","var_target","bias","E1","E2"
0.1,"with_ssp370",49,10,0.0177855541544158,0.111531610629763,0.0179248203526037,0.10661449936832,0.000139266198187934,0.00130625945826385,1.04612047414354
0.1,"without_ssp370",49,8,0.0179935344689823,0.113900276653937,0.0179248203526037,0.10661449936832,6.87141163786126e-05,0.000644510050562883,1.06833758380693
