"tol","archive","draw","n_stitched","mean_gen","var_gen","mean_target","var_target","bias","E1","E2"
0.1,"with_ssp126",35,11,0.00781897958606799,0.109021802758935,0.007867262016478,0.102701343952847,4.82824304100134e-05,0.000470124621077805,1.06154212362586
0.1,"without_ssp126",35,8,0.00845429490774572,0.114130422916045,0.007867262016478,0.102701343952847,0.000587032891267715,0.00571592219413642,1.11128460956115
