"tol","archive","draw","n_stitched","mean_gen","var_gen","mean_target","var_target","bias","E1","E2"
0.1,"with_ssp126",55,11,0.0155128603089472,0.146018756556408,0.007867262016478,0.102701343952847,0.00764559829246916,0.07444496827597,1.42178038705559
0.1,"without_ssp126",55,10,-0.0160881663603401,0.156892147923567,0.007867262016478,0.102701343952847,0.0239554283768181,0.233253309594631,1.52765428265087
