"tol","archive","draw","n_stitched","mean_gen","var_gen","mean_target","var_target","bias","E1","E2"
0.1,"with_ssp370",108,10,0.0277055097387936,0.146686999661933,0.0179248203526037,0.10661449936832,0.00978068938618985,0.0917388295601388,1.37586351322792
0.1,"without_ssp370",108,8,0.0190918480048975,0.150230179642746,0.0179248203526037,0.10661449936832,0.00116702765229383,0.0109462376994532,1.40909707903563
