"tol","archive","draw","n_stitched","mean_gen","var_gen","mean_target","var_target","bias","E1","E2"
0.1,"with_ssp245",78,11,0.0126660335793822,0.110559419298585,0.0123109293464732,0.104141659571487,0.000355104232909086,0.00340981922479667,1.0616252876467
0.1,"without_ssp245",78,8,0.0125925944240597,0.113094685699655,0.0123109293464732,0.104141659571487,0.000281665077586592,0.00270463404122388,1.08596968941158
