"tol","archive","draw","n_stitched","mean_gen","var_gen","mean_target","var_target","bias","E1","E2"
0.1,"with_ssp245",159,11,0.0122470410277943,0.10670752022777,0.0123109293464732,0.104141659571487,6.38883186788522e-05,0.000613475135135491,1.02463817714103
0.1,"without_ssp245",159,9,0.0127929146430414,0.110470040710599,0.0123109293464732,0.104141659571487,0.00048198529656826,0.00462816992307874,1.06076704716587
