"tol","archive","draw","n_stitched","mean_gen","var_gen","mean_target","var_target","bias","E1","E2"
0.1,"with_ssp370",140,10,0.0179693387011179,0.112046531068144,0.0179248203526037,0.10661449936832,4.45183485142109e-05,0.000417563734557471,1.05095021532726
0.1,"without_ssp370",140,8,0.0181093981934923,0.112269712112711,0.0179248203526037,0.10661449936832,0.000184577840888628,0.00173126396486624,1.05304356140954
