"tol","archive","draw","n_stitched","mean_gen","var_gen","mean_target","var_target","bias","E1","E2"
0.1,"with_ssp370",102,10,0.0178775132578107,0.110229555120475,0.0179248203526037,0.10661449936832,4.73070947929685e-05,0.000443721023624911,1.03390773087689
0.1,"without_ssp370",102,9,0.0182123167678632,0.114423540763272,0.0179248203526037,0.10661449936832,0.000287496415259509,0.00269659771384657,1.07324558518043
