"tol","archive","draw","n_stitched","mean_gen","var_gen","mean_target","var_target","bias","E1","E2"
0.1,"with_ssp126",176,11,0.00838374696936341,0.107056913092909,0.007867262016478,0.102701343952847,0.000516484952885405,0.00502899896930793,1.04241005007746
0.1,"without_ssp126",176,10,0.0081219301062845,0.112900625473591,0.007867262016478,0.102701343952847,0.000254668089806499,0.00247969578590349,1.09931010762066
