"tol","archive","draw","n_stitched","mean_gen","var_gen","mean_target","var_target","bias","E1","E2"
0.1,"with_ssp126",64,11,0.0162894016326332,0.150703397199267,0.007867262016478,0.102701343952847,0.00842213961615523,0.0820061285665559,1.46739459678794
0.1,"without_ssp126",64,9,-0.00841854172279904,0.174696471174436,0.007867262016478,0.102701343952847,0.016285803739277,0.158574397495269,1.70101446047916
