"tol","archive","draw","n_stitched","mean_gen","var_gen","mean_target","var_target","bias","E1","E2"
0.1,"with_ssp126",183,11,0.0318746481895871,0.148811677823083,0.007867262016478,0.102701343952847,0.0240073861731091,0.23375922114643,1.44897498022428
0.1,"without_ssp126",183,10,-0.0149917472813385,0.167257951384162,0.007867262016478,0.102701343952847,0.0228590092978165,0.222577508901069,1.6285858095582
