"tol","archive","draw","n_stitched","mean_gen","var_gen","mean_target","var_target","bias","E1","E2"
0.1,"with_ssp126",38,11,0.00921297111468682,0.154509046962777,0.007867262016478,0.102701343952847,0.00134570909820881,0.0131031303624096,1.50445009788496
0.1,"without_ssp126",38,8,-0.00767679675150942,0.168542940812444,0.007867262016478,0.102701343952847,0.0155440587679874,0.151352048276254,1.64109771425997
