"tol","archive","draw","n_stitched","mean_gen","var_gen","mean_target","var_target","bias","E1","E2"
0.1,"with_ssp126",167,11,0.0195844504432689,0.146102256071593,0.007867262016478,0.102701343952847,0.0117171884267909,0.114089923031296,1.42259341940718
0.1,"without_ssp126",167,9,-0.00847539334768966,0.167265089458531,0.007867262016478,0.102701343952847,0.0163426553641677,0.159127960113853,1.62865531278079
