"tol","archive","draw","n_stitched","mean_gen","var_gen","mean_target","var_target","bias","E1","E2"
0.1,"with_ssp126",11,11,0.0272631464726549,0.157739324606748,0.007867262016478,0.102701343952847,0.0193958844561769,0.188857163009299,1.53590321738312
0.1,"without_ssp126",11,10,-0.00342022109150024,0.175372288151216,0.007867262016478,0.102701343952847,0.0112874831079782,0.109905894835813,1.70759487073251
