"tol","archive","draw","n_stitched","mean_gen","var_gen","mean_target","var_target","bias","E1","E2"
0.1,"with_ssp245",45,11,0.0123635331323746,0.11154029095255,0.0123109293464732,0.104141659571487,5.26037859014273e-05,0.000505117607284893,1.07104391663727
0.1,"without_ssp245",45,8,0.0126462632007159,0.112575804349764,0.0123109293464732,0.104141659571487,0.000335333854242727,0.00321997801477843,1.08098723232356
