"tol","archive","draw","n_stitched","mean_gen","var_gen","mean_target","var_target","bias","E1","E2"
0.1,"with_ssp370",137,11,0.018110720835748,0.111780860492677,0.0179248203526037,0.10661449936832,0.000185900483144253,0.00174366980331657,1.04845833498227
0.1,"without_ssp370",137,8,0.0181081984944299,0.114235385711822,0.0179248203526037,0.10661449936832,0.000183378141826167,0.00172001128282422,1.07148076845696
