"tol","archive","draw","n_stitched","mean_gen","var_gen","mean_target","var_target","bias","E1","E2"
0.1,"with_ssp370",4,10,0.0206138507512127,0.14795892998912,0.0129954144906448,0.104774574217289,0.00761843626056781,0.0727126434774923,1.41216445969298
0.1,"without_ssp370",4,9,0.0265445790561017,0.159670280644667,0.0129954144906448,0.104774574217289,0.0135491645654568,0.129317295409453,1.52394110725309
