"tol","archive","draw","n_stitched","mean_gen","var_gen","mean_target","var_target","bias","E1","E2"
0.1,"with_ssp245",28,11,0.0128272924151961,0.111213726446809,0.0123109293464732,0.104141659571487,0.000516363068722983,0.00495827578365535,1.06790814458327
0.1,"without_ssp245",28,8,0.0127707484618397,0.1099800605938,0.0123109293464732,0.104141659571487,0.000459819115366522,0.00441532348589936,1.05606210853885
