"tol","archive","draw","n_stitched","mean_gen","var_gen","mean_target","var_target","bias","E1","E2"
0.1,"with_ssp126",79,11,0.0269531089136835,0.153976258055284,0.007867262016478,0.102701343952847,0.0190858468972055,0.185838336312019,1.49926234778368
0.1,"without_ssp126",79,9,-0.010686879899546,0.169827395942012,0.007867262016478,0.102701343952847,0.018554141916024,0.180661140369719,1.6536044165107
