"tol","archive","draw","n_stitched","mean_gen","var_gen","mean_target","var_target","bias","E1","E2"
0.1,"with_ssp245",44,11,0.0124104899479248,0.109344441735984,0.0123109293464732,0.104141659571487,9.95606014516821e-05,0.000956011281761262,1.04995870227059
0.1,"without_ssp245",44,7,0.0124866236839599,0.107811816438808,0.0123109293464732,0.104141659571487,0.000175694337486723,0.00168707065174163,1.03524196639868
