"tol","archive","draw","n_stitched","mean_gen","var_gen","mean_target","var_target","bias","E1","E2"
0.1,"with_ssp126",194,11,0.0187766345990472,0.157023266487856,0.007867262016478,0.102701343952847,0.0109093725825692,0.106224243643569,1.52893098029905
0.1,"without_ssp126",194,10,-0.0145139077117301,0.173922441685146,0.007867262016478,0.102701343952847,0.0223811697282081,0.217924798905105,1.69347775784706
