"tol","archive","draw","n_stitched","mean_gen","var_gen","mean_target","var_target","bias","E1","E2"
0.1,"with_ssp126",140,12,0.0060244997745638,0.141949599396974,0.007867262016478,0.102701343952847,0.0018427622419142,0.0179429223707167,1.38215912210601
0.1,"without_ssp126",140,10,-0.0066287490648969,0.169828400557826,0.007867262016478,0.102701343952847,0.0144960110813749,0.141147238423973,1.65361419842568
