"tol","archive","draw","n_stitched","mean_gen","var_gen","mean_target","var_target","bias","E1","E2"
0.1,"with_ssp126",63,12,0.0078547408000796,0.107901289768369,0.007867262016478,0.102701343952847,1.25212163984059e-05,0.000121918720013583,1.05063172121593
0.1,"without_ssp126",63,9,0.00840982892970224,0.112590104810743,0.007867262016478,0.102701343952847,0.000542566913224241,0.00528295825878724,1.09628657695499
