"tol","archive","draw","n_stitched","mean_gen","var_gen","mean_target","var_target","bias","E1","E2"
0.1,"with_ssp126",133,11,0.00787229936222976,0.111562494155065,0.007867262016478,0.102701343952847,5.03734575175475e-06,4.90484891226696e-05,1.08628076187871
0.1,"without_ssp126",133,9,0.00826460188975395,0.111390168181352,0.007867262016478,0.102701343952847,0.000397339873275946,0.00386888679332548,1.08460282888309
