"tol","archive","draw","n_stitched","mean_gen","var_gen","mean_target","var_target","bias","E1","E2"
0.1,"with_ssp126",189,11,0.00797191482902235,0.110975797473182,0.007867262016478,0.102701343952847,0.000104652812544348,0.00101900139293598,1.08056811334557
0.1,"without_ssp126",189,9,0.00802412973083417,0.113279696872186,0.007867262016478,0.102701343952847,0.000156867714356171,0.00152741637371556,1.10300111480718
