"tol","archive","draw","n_stitched","mean_gen","var_gen","mean_target","var_target","bias","E1","E2"
0.1,"with_ssp370",21,9,0.0178967471848771,0.111951223996297,0.0179248203526037,0.10661449936832,2.80731677266416e-05,0.000263314726354972,1.05005627433038
0.1,"without_ssp370",21,9,0.0179818819990735,0.112280215221461,0.0179248203526037,0.10661449936832,5.70616464697915e-05,0.000535214692259269,1.05314207623456
