"tol","archive","draw","n_stitched","mean_gen","var_gen","mean_target","var_target","bias","E1","E2"
0.1,"with_ssp245",75,11,0.0124425989358983,0.110725056468344,0.0123109293464732,0.104141659571487,0.000131669589425133,0.00126433158417981,1.0632157863044
0.1,"without_ssp245",75,7,0.0126323970120205,0.107212590567277,0.0123109293464732,0.104141659571487,0.0003214676655473,0.00308683063886295,1.02948801669213
