"tol","archive","draw","n_stitched","mean_gen","var_gen","mean_target","var_target","bias","E1","E2"
0.1,"with_ssp245",141,11,0.0125891647587823,0.113178976497517,0.0123109293464732,0.104141659571487,0.000278235412309121,0.00267170134847073,1.08677907537882
0.1,"without_ssp245",141,7,0.0125499179497215,0.112334687186095,0.0123109293464732,0.104141659571487,0.000238988603248325,0.0022948415094564,1.07867195172729
