"tol","archive","draw","n_stitched","mean_gen","var_gen","mean_target","var_target","bias","E1","E2"
0.1,"with_ssp245",124,11,0.0124837027716575,0.108643569102112,0.0123109293464732,0.104141659571487,0.000172773425184309,0.0016590231603301,1.04322870932871
0.1,"without_ssp245",124,8,0.0126345364158636,0.11068536533195,0.0123109293464732,0.104141659571487,0.000323607069390486,0.00310737384752689,1.06283465989873
