"tol","archive","draw","n_stitched","mean_gen","var_gen","mean_target","var_target","bias","E1","E2"
0.1,"with_ssp245",151,11,0.0184391608591632,0.146674953432694,0.0123109293464732,0.104141659571487,0.00612823151269009,0.0588451493658351,1.40841766912703
0.1,"without_ssp245",151,7,-0.00773370381441689,0.140529299652688,0.0123109293464732,0.104141659571487,0.02004463316089,0.192474685379203,1.34940522583302
