"tol","archive","draw","n_stitched","mean_gen","var_gen","mean_target","var_target","bias","E1","E2"
0.1,"with_ssp126",88,12,0.0201238718672823,0.15131808572093,0.007867262016478,0.102701343952847,0.0122566098508043,0.119342253753093,1.47337980105114
0.1,"without_ssp126",88,8,-0.0126094421127487,0.172755932265514,0.007867262016478,0.102701343952847,0.0204767041292267,0.199381072740666,1.68211948954467
