"tol","archive","draw","n_stitched","mean_gen","var_gen","mean_target","var_target","bias","E1","E2"
0.1,"with_ssp370",41,10,0.0179057883590159,0.110653623980764,0.0179248203526037,0.10661449936832,1.90319935878223e-05,0.000178512244587602,1.03788532175619
0.1,"without_ssp370",41,8,0.0181457605615378,0.116269145999902,0.0179248203526037,0.10661449936832,0.000220940208934067,0.00207232796892651,1.09055660054481
