"tol","archive","draw","n_stitched","mean_gen","var_gen","mean_target","var_target","bias","E1","E2"
0.1,"with_ssp245",36,11,0.0151625782048798,0.144051408465932,0.0123109293464732,0.104141659571487,0.00285164885840667,0.0273824026824653,1.38322558963111
0.1,"without_ssp245",36,9,-0.0029920378305048,0.160023392307823,0.0123109293464732,0.104141659571487,0.015302967176978,0.146943761410614,1.53659345324699
