"tol","archive","draw","n_stitched","mean_gen","var_gen","mean_target","var_target","bias","E1","E2"
0.1,"with_ssp245",99,11,0.0122453396182682,0.111433592445595,0.0123109293464732,0.104141659571487,6.55897282049456e-05,0.000629812588687645,1.07001936500832
0.1,"without_ssp245",99,6,0.0125763881082856,0.113247915083566,0.0123109293464732,0.104141659571487,0.000265458761812493,0.00254901605087512,1.08744104472263
