"tol","archive","draw","n_stitched","mean_gen","var_gen","mean_target","var_target","bias","E1","E2"
0.1,"with_ssp370",158,10,0.0231559701519234,0.152443856634268,0.0179248203526037,0.10661449936832,0.00523114979931972,0.0490660260125381,1.42986045554293
0.1,"without_ssp370",158,8,0.0180764258012591,0.167355006875972,0.0179248203526037,0.10661449936832,0.000151605448655428,0.00142199653474597,1.56972089038107
