"tol","archive","draw","n_stitched","mean_gen","var_gen","mean_target","var_target","bias","E1","E2"
0.1,"with_ssp370",150,10,0.0180853421145173,0.114293200675372,0.0179248203526037,0.10661449936832,0.000160521761913567,0.00150562787298765,1.07202304895251
0.1,"without_ssp370",150,9,0.018237848413055,0.116960294472347,0.0179248203526037,0.10661449936832,0.000313028060451279,0.00293607400781261,1.09703928795169
