"tol","archive","draw","n_stitched","mean_gen","var_gen","mean_target","var_target","bias","E1","E2"
0.1,"with_ssp245",190,11,0.0120483629774234,0.108232929219521,0.0123109293464732,0.104141659571487,0.000262566369049767,0.00252124241278805,1.03928561984578
0.1,"without_ssp245",190,8,0.0126865206632117,0.110229698113116,0.0123109293464732,0.104141659571487,0.000375591316738519,0.0036065424565344,1.05845920419052
