"tol","archive","draw","n_stitched","mean_gen","var_gen","mean_target","var_target","bias","E1","E2"
0.1,"with_ssp126",49,11,0.00793724433813978,0.111815195339725,0.007867262016478,0.102701343952847,6.9982321661782e-05,0.00068141583126617,1.08874130596639
0.1,"without_ssp126",49,9,0.0082076901089074,0.116736101184263,0.007867262016478,0.102701343952847,0.000340428092429398,0.00331473843794779,1.13665602309801
