"tol","archive","draw","n_stitched","mean_gen","var_gen","mean_target","var_target","bias","E1","E2"
0.1,"with_ssp126",165,11,0.00810425404480694,0.109427748170675,0.007867262016478,0.102701343952847,0.000236992028328935,0.00230758448923263,1.06549480229701
0.1,"without_ssp126",165,9,0.00831267910837465,0.115898604406586,0.007867262016478,0.102701343952847,0.000445417091896643,0.00433701327317729,1.1285013413242
