"tol","archive","draw","n_stitched","mean_gen","var_gen","mean_target","var_target","bias","E1","E2"
0.1,"with_ssp245",163,11,0.0277517050784422,0.148209571071343,0.0123109293464732,0.104141659571487,0.015440775731969,0.148267041215815,1.42315353606984
0.1,"without_ssp245",163,8,0.0053125616549576,0.170436794495495,0.0123109293464732,0.104141659571487,0.00699836769151555,0.0672004625268296,1.63658611929936
