"tol","archive","draw","n_stitched","mean_gen","var_gen","mean_target","var_target","bias","E1","E2"
0.1,"with_ssp126",164,11,0.0170336078943155,0.153311455386387,0.007867262016478,0.102701343952847,0.00916634587783753,0.0892524432985617,1.49278918352594
0.1,"without_ssp126",164,9,-0.0164978293586876,0.167595239517176,0.007867262016478,0.102701343952847,0.0243650913751656,0.237242186298481,1.63186997430261
