"tol","archive","draw","n_stitched","mean_gen","var_gen","mean_target","var_target","bias","E1","E2"
0.1,"with_ssp245",26,11,0.0221095777220112,0.154054271732337,0.0123109293464732,0.104141659571487,0.00979864837553805,0.0940896123209164,1.479276135662
0.1,"without_ssp245",26,7,-0.00883725494727445,0.167307773754731,0.0123109293464732,0.104141659571487,0.0211481842937476,0.203071320168762,1.60654030714658
