"tol","archive","draw","n_stitched","mean_gen","var_gen","mean_target","var_target","bias","E1","E2"
0.1,"with_ssp370",32,10,0.0278176955898378,0.148606978915754,0.0179248203526037,0.10661449936832,0.00989287523723407,0.0927910865393387,1.39387212617641
0.1,"without_ssp370",32,8,0.0352280840199044,0.154444037830489,0.0179248203526037,0.10661449936832,0.0173032636673007,0.1622974714492,1.44862132960858
