"tol","archive","draw","n_stitched","mean_gen","var_gen","mean_target","var_target","bias","E1","E2"
0.1,"with_ssp370",81,10,0.0311267308668257,0.162658878081573,0.0179248203526037,0.10661449936832,0.013201910514222,0.123828471666067,1.52567314057009
0.1,"without_ssp370",81,8,0.0180906383068659,0.169946763101361,0.0179248203526037,0.10661449936832,0.000165817954262189,0.00155530397126697,1.59403049405361
