"tol","archive","draw","n_stitched","mean_gen","var_gen","mean_target","var_target","bias","E1","E2"
0.1,"with_ssp370",175,10,0.0177224359476311,0.110630835092364,0.0179248203526037,0.10661449936832,0.000202384404972646,0.00189828218649201,1.03767157138888
0.1,"without_ssp370",175,9,0.0180708140371714,0.112299577200274,0.0179248203526037,0.10661449936832,0.000145993684567702,0.00136936050380294,1.05332368360436
