"tol","archive","draw","n_stitched","mean_gen","var_gen","mean_target","var_target","bias","E1","E2"
0.1,"with_ssp370",128,9,0.0179727579701631,0.113839615993982,0.0179248203526037,0.10661449936832,4.79376175593557e-05,0.000449635066931619,1.06776861185364
0.1,"without_ssp370",128,8,0.0182309030951508,0.115339758837189,0.0179248203526037,0.10661449936832,0.000306082742547106,0.0028709297924824,1.08183933255388
