"tol","archive","draw","n_stitched","mean_gen","var_gen","mean_target","var_target","bias","E1","E2"
0.1,"with_ssp370",31,10,0.030555706627401,0.15505391855665,0.0179248203526037,0.10661449936832,0.0126308862747973,0.118472499984843,1.45434175909777
0.1,"without_ssp370",31,9,0.033602157982782,0.163772263803465,0.0179248203526037,0.10661449936832,0.0156773376301783,0.147046956305801,1.53611623910255
