"tol","archive","draw","n_stitched","mean_gen","var_gen","mean_target","var_target","bias","E1","E2"
0.1,"with_ssp245",186,11,0.0127217922973909,0.110032246396739,0.0123109293464732,0.104141659571487,0.000410862950917768,0.00394523145308373,1.05656321254616
0.1,"without_ssp245",186,9,0.0129076731364256,0.113643444275411,0.0123109293464732,0.104141659571487,0.000596743789952477,0.00573011600168374,1.09123903674112
