"tol","archive","draw","n_stitched","mean_gen","var_gen","mean_target","var_target","bias","E1","E2"
0.1,"with_ssp126",107,11,0.0121857602440655,0.154240080057862,0.007867262016478,0.102701343952847,0.00431849822758752,0.042049091680536,1.50183117495209
0.1,"without_ssp126",107,9,-0.0104428382194258,0.170617588480754,0.007867262016478,0.102701343952847,0.0183101002359038,0.178284913625965,1.66129849828537
