"tol","archive","draw","n_stitched","mean_gen","var_gen","mean_target","var_target","bias","E1","E2"
0.1,"with_ssp126",51,11,0.00806687833551047,0.109574708784362,0.007867262016478,0.102701343952847,0.000199616319032472,0.00194365829452165,1.06692575351956
0.1,"without_ssp126",51,9,0.00818314311612706,0.112868834612226,0.007867262016478,0.102701343952847,0.000315881099649055,0.00307572508295593,1.09900056092788
