"tol","archive","draw","n_stitched","mean_gen","var_gen","mean_target","var_target","bias","E1","E2"
0.1,"with_ssp126",18,12,0.00803589984126631,0.107356492891407,0.007867262016478,0.102701343952847,0.000168637824788306,0.00164202159677417,1.04532704986507
0.1,"without_ssp126",18,8,0.00812484251189971,0.109021273145022,0.007867262016478,0.102701343952847,0.000257580495421711,0.00250805379469984,1.06153696679059
