"tol","archive","draw","n_stitched","mean_gen","var_gen","mean_target","var_target","bias","E1","E2"
0.1,"with_ssp245",98,11,0.0175085477688183,0.159861917046501,0.0123109293464732,0.104141659571487,0.0051976184223452,0.0499091184424361,1.53504291850435
0.1,"without_ssp245",98,6,-0.00110612131962493,0.160840263165821,0.0123109293464732,0.104141659571487,0.0134170506660981,0.128834615477662,1.54443729654043
