"tol","archive","draw","n_stitched","mean_gen","var_gen","mean_target","var_target","bias","E1","E2"
0.1,"with_ssp245",179,12,0.0253865817529153,0.136705554106702,0.0123109293464732,0.104141659571487,0.0130756524064421,0.125556405191205,1.31268845406541
0.1,"without_ssp245",179,7,-0.0149107597349762,0.161489429845451,0.0123109293464732,0.104141659571487,0.0272216890814494,0.261390966818263,1.55067079312864
