"tol","archive","draw","n_stitched","mean_gen","var_gen","mean_target","var_target","bias","E1","E2"
0.1,"with_ssp245",176,12,0.0123489564484471,0.108666290999626,0.0123109293464732,0.104141659571487,3.80271019739635e-05,0.000365147839303062,1.04344689192353
0.1,"without_ssp245",176,7,0.0126687570386056,0.113155143494796,0.0123109293464732,0.104141659571487,0.000357827692132414,0.0034359707114787,1.0865502236127
