"tol","archive","draw","n_stitched","mean_gen","var_gen","mean_target","var_target","bias","E1","E2"
0.1,"with_ssp370",188,10,0.0221466555888707,0.148490482605722,0.0179248203526037,0.10661449936832,0.00422183523626699,0.0395990719956565,1.392779438871
0.1,"without_ssp370",188,8,0.0234821187260455,0.154946504318584,0.0179248203526037,0.10661449936832,0.00555729837344175,0.0521251650232207,1.45333425787886
