"tol","archive","draw","n_stitched","mean_gen","var_gen","mean_target","var_target","bias","E1","E2"
0.1,"with_ssp126",101,11,0.00794257331841092,0.108043134829565,0.007867262016478,0.102701343952847,7.53113019329212e-05,0.000733303957224735,1.05201286245262
0.1,"without_ssp126",101,9,0.00840080767463509,0.112949228803694,0.007867262016478,0.102701343952847,0.000533545658157084,0.00519511856049373,1.09978335683272
