"tol","archive","draw","n_stitched","mean_gen","var_gen","mean_target","var_target","bias","E1","E2"
0.1,"with_ssp245",83,11,0.0255062858418847,0.136820853772173,0.0123109293464732,0.104141659571487,0.0131953564954115,0.126705840388051,1.31379559664357
0.1,"without_ssp245",83,8,-0.00161084322452417,0.162306284973885,0.0123109293464732,0.104141659571487,0.0139217725709973,0.133681109253314,1.55851448538202
