"tol","archive","draw","n_stitched","mean_gen","var_gen","mean_target","var_target","bias","E1","E2"
0.1,"with_ssp370",80,10,0.0179219966184766,0.111059548794863,0.0179248203526037,0.10661449936832,2.82373412715045e-06,2.64854606444788e-05,1.04169272897101
0.1,"without_ssp370",80,8,0.0181218841331736,0.115347114467493,0.0179248203526037,0.10661449936832,0.000197063780569877,0.00184837692562887,1.08190832533016
