"tol","archive","draw","n_stitched","mean_gen","var_gen","mean_target","var_target","bias","E1","E2"
0.1,"with_ssp245",110,11,0.0123490207082024,0.110295274213738,0.0123109293464732,0.104141659571487,3.80913617292911e-05,0.000365764881086265,1.059088885923
0.1,"without_ssp245",110,8,0.0125838823654332,0.110569531011789,0.0123109293464732,0.104141659571487,0.000272953018960074,0.00262097819530818,1.06172238340306
