"tol","archive","draw","n_stitched","mean_gen","var_gen","mean_target","var_target","bias","E1","E2"
0.1,"with_ssp370",101,10,0.0237952760838267,0.136845311379973,0.0179248203526037,0.10661449936832,0.00587045573122296,0.0550624517866219,1.28355253920215
0.1,"without_ssp370",101,8,0.018071875085242,0.167031777065449,0.0179248203526037,0.10661449936832,0.000147054732638267,0.0013793126967678,1.56668912816826
