"tol","archive","draw","n_stitched","mean_gen","var_gen","mean_target","var_target","bias","E1","E2"
0.1,"with_ssp245",14,11,0.022382348236592,0.161997844634253,0.0123109293464732,0.104141659571487,0.0100714188901189,0.0967088380534736,1.55555274710263
0.1,"without_ssp245",14,8,-0.0063289838279773,0.164732354221189,0.0123109293464732,0.104141659571487,0.0186399131744504,0.178986135338618,1.58181034274867
