"tol","archive","draw","n_stitched","mean_gen","var_gen","mean_target","var_target","bias","E1","E2"
0.1,"with_ssp370",4,10,0.0176939787821697,0.112243475208063,0.0179248203526037,0.10661449936832,0.000230841570434008,0.00216519865310741,1.05279747007297
0.1,"without_ssp370",4,9,0.0181804726270488,0.114126127191408,0.0179248203526037,0.10661449936832,0.000255652274445076,0.00239791281635978,1.07045596863085
