"tol","archive","draw","n_stitched","mean_gen","var_gen","mean_target","var_target","bias","E1","E2"
0.1,"with_ssp126",137,11,0.00801076365150125,0.110008415316903,0.007867262016478,0.102701343952847,0.000143501635023248,0.00139727124787319,1.07114874141678
0.1,"without_ssp126",137,9,0.00808317403839955,0.1098620003004,0.007867262016478,0.102701343952847,0.000215912021921547,0.00210232907975068,1.06972310265814
