"tol","archive","draw","n_stitched","mean_gen","var_gen","mean_target","var_target","bias","E1","E2"
0.1,"with_ssp370",164,11,0.017936443339702,0.113859216703853,0.0179248203526037,0.10661449936832,1.1622987098267e-05,0.000109018821709355,1.06795245842223
0.1,"without_ssp370",164,8,0.0178895430918528,0.112785503458848,0.0179248203526037,0.10661449936832,3.52772607508725e-05,0.000330886145504473,1.05788147134856
