"tol","archive","draw","n_stitched","mean_gen","var_gen","mean_target","var_target","bias","E1","E2"
0.1,"with_ssp370",96,10,0.018941164447519,0.144204177304743,0.0179248203526037,0.10661449936832,0.00101634409491533,0.00953288812438327,1.35257566427773
0.1,"without_ssp370",96,8,0.017710643883719,0.161334474792811,0.0179248203526037,0.10661449936832,0.000214176468884747,0.00200888687893035,1.51325078435579
