"tol","archive","draw","n_stitched","mean_gen","var_gen","mean_target","var_target","bias","E1","E2"
0.1,"with_ssp370",3,10,0.0247921711145426,0.128873380815058,0.0129954144906448,0.104774574217289,0.0117967566238978,0.112591787769357,1.2300062470098
0.1,"without_ssp370",3,8,0.0328116042293797,0.157716700370597,0.0129954144906448,0.104774574217289,0.0198161897387349,0.189131665642836,1.50529555045972
