"tol","archive","draw","n_stitched","mean_gen","var_gen","mean_target","var_target","bias","E1","E2"
0.1,"with_ssp370",200,10,0.0180464067737255,0.114371401834627,0.0179248203526037,0.10661449936832,0.000121586421121794,0.0011404304465357,1.07275654354957
0.1,"without_ssp370",200,8,0.017937381952229,0.112766003191467,0.0179248203526037,0.10661449936832,1.2561599625302e-05,0.000117822619809952,1.05769856688906
