"tol","archive","draw","n_stitched","mean_gen","var_gen","mean_target","var_target","bias","E1","E2"
0.1,"with_ssp370",74,10,0.0176813700299258,0.139866928310662,0.0179248203526037,0.10661449936832,0.000243450322677932,0.00228346354501827,1.31189405886965
0.1,"without_ssp370",74,8,0.0200760298818854,0.166844484974019,0.0179248203526037,0.10661449936832,0.00215120952928173,0.0201774574943129,1.56493240565359
