"tol","archive","draw","n_stitched","mean_gen","var_gen","mean_target","var_target","bias","E1","E2"
0.1,"with_ssp245",195,11,0.0127019890997309,0.106294940676004,0.0123109293464732,0.104141659571487,0.000391059753257728,0.00375507510507156,1.02067646236268
0.1,"without_ssp245",195,8,0.0127682182813435,0.113098040156419,0.0123109293464732,0.104141659571487,0.000457288934870358,0.00439102792054565,1.08600189992924
