"tol","archive","draw","n_stitched","mean_gen","var_gen","mean_target","var_target","bias","E1","E2"
0.1,"with_ssp370",153,10,0.0335430486437213,0.152163569809003,0.0179248203526037,0.10661449936832,0.0156182282911176,0.146492535102204,1.42723148080755
0.1,"without_ssp370",153,8,0.0234353120093885,0.175867251897005,0.0179248203526037,0.10661449936832,0.00551049165678475,0.051686137339985,1.64956223533384
