"tol","archive","draw","n_stitched","mean_gen","var_gen","mean_target","var_target","bias","E1","E2"
0.1,"with_ssp370",79,11,0.024004955776065,0.152992092824804,0.0179248203526037,0.10661449936832,0.00608013542346126,0.0570291607566084,1.43500268473112
0.1,"without_ssp370",79,8,0.0184495972578459,0.165802812430612,0.0179248203526037,0.10661449936832,0.000524776905242181,0.00492219077472041,1.55516194713642
