"tol","archive","draw","n_stitched","mean_gen","var_gen","mean_target","var_target","bias","E1","E2"
0.1,"with_ssp245",1,11,0.0256606007416775,0.1623650651434,0.0123109293464732,0.104141659571487,0.0133496713952043,0.128187619153895,1.55907891050984
0.1,"without_ssp245",1,8,-0.0036467987817931,0.161616287022557,0.0123109293464732,0.104141659571487,0.0159577281282662,0.153230975902705,1.55188891446095
