"tol","archive","draw","n_stitched","mean_gen","var_gen","mean_target","var_target","bias","E1","E2"
0.1,"with_ssp370",52,10,0.0168815828158565,0.142264106669451,0.0179248203526037,0.10661449936832,0.00104323753674716,0.0097851375087651,1.33437860246356
0.1,"without_ssp370",52,8,0.0225968231002617,0.169689742279598,0.0179248203526037,0.10661449936832,0.00467200274765802,0.0438214574503388,1.59161974482826
