"tol","archive","draw","n_stitched","mean_gen","var_gen","mean_target","var_target","bias","E1","E2"
0.1,"with_ssp126",190,12,0.00794297893004475,0.110686692391134,0.007867262016478,0.102701343952847,7.57169135667517e-05,0.000737253385910078,1.07775310556747
0.1,"without_ssp126",190,9,0.00856872237852468,0.111369885302102,0.007867262016478,0.102701343952847,0.000701460362046682,0.0068300991501021,1.08440533507756
