"tol","archive","draw","n_stitched","mean_gen","var_gen","mean_target","var_target","bias","E1","E2"
0.1,"with_ssp245",3,11,0.0234731944103719,0.138269202455005,0.0123109293464732,0.104141659571487,0.0111622650638987,0.107183475948321,1.32770308274271
0.1,"without_ssp245",3,8,0.00136274602656915,0.166014103705821,0.0123109293464732,0.104141659571487,0.010948183319904,0.105127797703173,1.5941180924994
