"tol","archive","draw","n_stitched","mean_gen","var_gen","mean_target","var_target","bias","E1","E2"
0.1,"with_ssp245",126,11,0.0122944250269417,0.110268744451627,0.0123109293464732,0.104141659571487,1.65043195314574e-05,0.000158479513379832,1.05883413905013
0.1,"without_ssp245",126,8,0.012808375871591,0.116528274840338,0.0123109293464732,0.104141659571487,0.000497446525117861,0.0047766333584918,1.11894006029689
