"tol","archive","draw","n_stitched","mean_gen","var_gen","mean_target","var_target","bias","E1","E2"
0.1,"with_ssp126",83,11,0.00798819357586719,0.110558929197145,0.007867262016478,0.102701343952847,0.000120931559389187,0.00117750707765529,1.07650907906235
0.1,"without_ssp126",83,10,0.0081541254523205,0.114035650712942,0.007867262016478,0.102701343952847,0.000286863435842494,0.00279318093416773,1.11036181537506
