"tol","archive","draw","n_stitched","mean_gen","var_gen","mean_target","var_target","bias","E1","E2"
0.1,"with_ssp370",160,10,0.0180512579770706,0.112455989081711,0.0179248203526037,0.10661449936832,0.000126437624466857,0.00118593273162643,1.05479076249479
0.1,"without_ssp370",160,9,0.0180640353965562,0.113366376864347,0.0179248203526037,0.10661449936832,0.000139215043952541,0.00130577965264927,1.06332982414241
