"tol","archive","draw","n_stitched","mean_gen","var_gen","mean_target","var_target","bias","E1","E2"
0.1,"with_ssp370",168,10,0.0254603115848918,0.15688478915475,0.0179248203526037,0.10661449936832,0.00753549123228808,0.0706797975597605,1.4715145696343
0.1,"without_ssp370",168,9,0.0123553744815467,0.150004604922091,0.0179248203526037,0.10661449936832,0.00556944587105699,0.0522391035370928,1.4069812812596
