"tol","archive","draw","n_stitched","mean_gen","var_gen","mean_target","var_target","bias","E1","E2"
0.1,"with_ssp245",27,11,0.0124850505299237,0.113845744194459,0.0123109293464732,0.104141659571487,0.000174121183450572,0.00167196474654841,1.09318158230723
0.1,"without_ssp245",27,9,0.013070112472056,0.111015731638976,0.0123109293464732,0.104141659571487,0.000759183125582824,0.00728990808007713,1.06600693800899
