"tol","archive","draw","n_stitched","mean_gen","var_gen","mean_target","var_target","bias","E1","E2"
0.1,"with_ssp245",85,10,0.0126039568098693,0.103832349054771,0.0123109293464732,0.104141659571487,0.000293027463396175,0.00281373913765058,0.997029906014664
0.1,"without_ssp245",85,9,0.0124134863458967,0.111508224519617,0.0123109293464732,0.104141659571487,0.000102556999423594,0.000984783609610094,1.07073600496134
