"tol","archive","draw","n_stitched","mean_gen","var_gen","mean_target","var_target","bias","E1","E2"
0.1,"with_ssp245",162,11,0.0166928792712358,0.150130075349693,0.0123109293464732,0.104141659571487,0.00438194992476263,0.0420768205806696,1.44159480430248
0.1,"without_ssp245",162,7,-0.0076269747605252,0.156645346641601,0.0123109293464732,0.104141659571487,0.0199379041069983,0.191449840429249,1.50415642775573
