"tol","archive","draw","n_stitched","mean_gen","var_gen","mean_target","var_target","bias","E1","E2"
0.1,"with_ssp370",107,10,0.0180907321785954,0.114181344733115,0.0179248203526037,0.10661449936832,0.000165911825991665,0.00155618444934484,1.07097388638157
0.1,"without_ssp370",107,9,0.0180108571065859,0.110720789071222,0.0179248203526037,0.10661449936832,8.60367539821695e-05,0.000806989241537767,1.03851530258296
