"tol","archive","draw","n_stitched","mean_gen","var_gen","mean_target","var_target","bias","E1","E2"
0.1,"with_ssp126",179,11,0.0176288285836067,0.143358515934459,0.007867262016478,0.102701343952847,0.00976156656712869,0.09504808984399,1.39587770146688
0.1,"without_ssp126",179,10,0.000634560539942911,0.168145292017452,0.007867262016478,0.102701343952847,0.00723270147653509,0.0704246039843046,1.63722581950488
