"tol","archive","draw","n_stitched","mean_gen","var_gen","mean_target","var_target","bias","E1","E2"
0.1,"with_ssp245",112,12,0.0125193830343109,0.10746756006105,0.0123109293464732,0.104141659571487,0.000208453687837709,0.00200163593220462,1.03193631158989
0.1,"without_ssp245",112,7,0.0127663320137622,0.110928175326863,0.0123109293464732,0.104141659571487,0.00045540266728902,0.004372915403527,1.06516619557726
