"tol","archive","draw","n_stitched","mean_gen","var_gen","mean_target","var_target","bias","E1","E2"
0.1,"with_ssp370",87,10,0.01782658412782,0.112183334403156,0.0179248203526037,0.10661449936832,9.82362247836967e-05,0.000921415242445784,1.05223337414545
0.1,"without_ssp370",87,9,0.0181500758199213,0.114913664308583,0.0179248203526037,0.10661449936832,0.000225255467317557,0.00211280331148363,1.07784274174183
