"tol","archive","draw","n_stitched","mean_gen","var_gen","mean_target","var_target","bias","E1","E2"
0.1,"with_ssp126",39,12,0.00812564821188372,0.111816923101837,0.007867262016478,0.102701343952847,0.000258386195405717,0.00251589887201817,1.08875812913583
0.1,"without_ssp126",39,9,0.0083253529465767,0.112111754773011,0.007867262016478,0.102701343952847,0.000458090930098701,0.00446041806725552,1.09162889654574
