"tol","archive","draw","n_stitched","mean_gen","var_gen","mean_target","var_target","bias","E1","E2"
0.1,"with_ssp370",14,10,0.0178354584337995,0.110425368029015,0.0179248203526037,0.10661449936832,8.93619188042476e-05,0.000838177915140132,1.03574437513916
0.1,"without_ssp370",14,8,0.0178701752346238,0.114529766354496,0.0179248203526037,0.10661449936832,5.46451179799443e-05,0.000512548652422615,1.07424193738256
