"tol","archive","draw","n_stitched","mean_gen","var_gen","mean_target","var_target","bias","E1","E2"
0.1,"with_ssp126",8,12,0.00783992934404373,0.112074450657745,0.007867262016478,0.102701343952847,2.73326724342712e-05,0.000266137436787783,1.09126566746002
0.1,"without_ssp126",8,10,0.00846165888769633,0.113879764279093,0.007867262016478,0.102701343952847,0.000594396871218329,0.00578762505280587,1.10884395370112
