"tol","archive","draw","n_stitched","mean_gen","var_gen","mean_target","var_target","bias","E1","E2"
0.1,"with_ssp370",123,10,0.030708302208647,0.143893193433894,0.0179248203526037,0.10661449936832,0.0127834818560433,0.11990378355462,1.34965876392467
0.1,"without_ssp370",123,9,0.0228037666514115,0.151616670712538,0.0179248203526037,0.10661449936832,0.00487894629880784,0.0457625025462305,1.42210179300987
