"tol","archive","draw","n_stitched","mean_gen","var_gen","mean_target","var_target","bias","E1","E2"
0.1,"with_ssp245",136,11,0.0125891044461899,0.109052765220268,0.0123109293464732,0.104141659571487,0.000278175099716789,0.00267112220855131,1.04715793534488
0.1,"without_ssp245",136,9,0.0128493021993742,0.11005926100364,0.0123109293464732,0.104141659571487,0.000538372852901075,0.00516962044888016,1.05682261504668
