"tol","archive","draw","n_stitched","mean_gen","var_gen","mean_target","var_target","bias","E1","E2"
0.1,"with_ssp245",40,11,0.0187586406259601,0.135280396306884,0.0123109293464732,0.104141659571487,0.00644771127948696,0.0619128915941751,1.29900365390301
0.1,"without_ssp245",40,7,0.0165953791023039,0.161067379452545,0.0123109293464732,0.104141659571487,0.00428444975583072,0.0411405942008223,1.54661813644311
