"tol","archive","draw","n_stitched","mean_gen","var_gen","mean_target","var_target","bias","E1","E2"
0.1,"with_ssp370",164,11,0.0314489939637535,0.153460168522607,0.0179248203526037,0.10661449936832,0.0135241736111498,0.126851166504361,1.43939304158292
0.1,"without_ssp370",164,8,0.022222828433712,0.157312302756328,0.0179248203526037,0.10661449936832,0.00429800808110831,0.0403135418406836,1.47552447076511
