"tol","archive","draw","n_stitched","mean_gen","var_gen","mean_target","var_target","bias","E1","E2"
0.1,"with_ssp370",31,10,0.0176917226195685,0.113766644785865,0.0179248203526037,0.10661449936832,0.000233097733035235,0.00218636052709823,1.06708417203964
0.1,"without_ssp370",31,9,0.018081256886067,0.11483483245628,0.0179248203526037,0.10661449936832,0.000156436533463311,0.00146731011626168,1.07710333150429
