"tol","archive","draw","n_stitched","mean_gen","var_gen","mean_target","var_target","bias","E1","E2"
0.1,"with_ssp245",18,11,0.021401523550768,0.141380579302523,0.0123109293464732,0.104141659571487,0.00909059420429488,0.0872906600653386,1.3575794728475
0.1,"without_ssp245",18,8,0.000558717644470299,0.168456166622581,0.0123109293464732,0.104141659571487,0.0117522117020029,0.112848323623417,1.61756752596156
