"tol","archive","draw","n_stitched","mean_gen","var_gen","mean_target","var_target","bias","E1","E2"
0.1,"with_ssp245",86,11,0.0145880197036082,0.153084643103818,0.0123109293464732,0.104141659571487,0.00227709035713506,0.0218653165938073,1.46996546563323
0.1,"without_ssp245",86,7,0.00176639394259782,0.144558315703901,0.0123109293464732,0.104141659571487,0.0105445354038753,0.101251847217176,1.38809306764187
