"tol","archive","draw","n_stitched","mean_gen","var_gen","mean_target","var_target","bias","E1","E2"
0.1,"with_ssp245",19,11,0.0307034256289091,0.150395975884957,0.0123109293464732,0.104141659571487,0.018392496282436,0.176610362828054,1.44414806239687
0.1,"without_ssp245",19,7,-0.00870120351978225,0.159835966573508,0.0123109293464732,0.104141659571487,0.0210121328662554,0.201764912838093,1.53479373414239
