"tol","archive","draw","n_stitched","mean_gen","var_gen","mean_target","var_target","bias","E1","E2"
0.1,"with_ssp126",76,11,0.00816062169388244,0.113583681256068,0.007867262016478,0.102701343952847,0.000293359677404435,0.0028564346493764,1.10596100191461
0.1,"without_ssp126",76,10,0.00814595638250746,0.114078367908662,0.007867262016478,0.102701343952847,0.000278694366029456,0.00271363893891606,1.11077775146778
