"tol","archive","draw","n_stitched","mean_gen","var_gen","mean_target","var_target","bias","E1","E2"
0.1,"with_ssp370",131,9,0.017891748115315,0.114943767594078,0.0179248203526037,0.10661449936832,3.30722372887116e-05,0.000310203935530919,1.07812509813494
0.1,"without_ssp370",131,8,0.0181578175025508,0.115612482538436,0.0179248203526037,0.10661449936832,0.000232997149947137,0.00218541709924654,1.08439736830758
