"tol","archive","draw","n_stitched","mean_gen","var_gen","mean_target","var_target","bias","E1","E2"
0.1,"with_ssp126",12,11,0.0188072476839841,0.150579333173154,0.007867262016478,0.102701343952847,0.0109399856675061,0.106522322361516,1.46618658897287
0.1,"without_ssp126",12,9,-0.0196995923150114,0.171343018751556,0.007867262016478,0.102701343952847,0.0275668543314894,0.268417659112097,1.66836199174009
