"tol","archive","draw","n_stitched","mean_gen","var_gen","mean_target","var_target","bias","E1","E2"
0.1,"with_ssp126",55,11,0.00813263987052313,0.107634574073987,0.007867262016478,0.102701343952847,0.000265377854045125,0.00258397644890575,1.04803471825457
0.1,"without_ssp126",55,10,0.00836923306809462,0.111041095331299,0.007867262016478,0.102701343952847,0.000501971051616621,0.00488767753464931,1.0812039166915
