"tol","archive","draw","n_stitched","mean_gen","var_gen","mean_target","var_target","bias","E1","E2"
0.1,"with_ssp126",5,11,0.00799799257641937,0.108441366514344,0.007867262016478,0.102701343952847,0.000130730559941372,0.00127291966112336,1.05589043278861
0.1,"without_ssp126",5,9,0.0082953905508682,0.112950553673048,0.007867262016478,0.102701343952847,0.0004281285343902,0.00416867509140647,1.0997962570471
