"tol","archive","draw","n_stitched","mean_gen","var_gen","mean_target","var_target","bias","E1","E2"
0.1,"with_ssp370",147,9,0.0177542194454094,0.11125855853976,0.0179248203526037,0.10661449936832,0.000170600907194316,0.00160016609565405,1.04355935823885
0.1,"without_ssp370",147,8,0.018142732875548,0.108700693554535,0.0179248203526037,0.10661449936832,0.000217912522944248,0.00204392952398929,1.01956764041078
