"tol","archive","draw","n_stitched","mean_gen","var_gen","mean_target","var_target","bias","E1","E2"
0.1,"with_ssp245",15,11,0.0116035754392607,0.141642587711275,0.0123109293464732,0.104141659571487,0.000707353907212473,0.0067922281066293,1.36009535755522
0.1,"without_ssp245",15,8,0.00485233351006121,0.155930952142611,0.0123109293464732,0.104141659571487,0.00745859583641194,0.0716197136391136,1.49729659373801
