"tol","archive","draw","n_stitched","mean_gen","var_gen","mean_target","var_target","bias","E1","E2"
0.1,"with_ssp126",119,11,0.00814364867484069,0.109754127978886,0.007867262016478,0.102701343952847,0.000276386658362691,0.00269116885646198,1.06867275299997
0.1,"without_ssp126",119,8,0.00853854013754671,0.113478810178643,0.007867262016478,0.102701343952847,0.000671278121068703,0.00653621554725619,1.10493987528288
