"tol","archive","draw","n_stitched","mean_gen","var_gen","mean_target","var_target","bias","E1","E2"
0.1,"with_ssp245",56,11,0.0254226746823111,0.150805828264182,0.0123109293464732,0.104141659571487,0.0131117453358379,0.125902980515089,1.44808359003213
0.1,"without_ssp245",56,8,-0.00763749510810087,0.16474529743072,0.0123109293464732,0.104141659571487,0.019948424454574,0.191550860017558,1.58193462739695
