"tol","archive","draw","n_stitched","mean_gen","var_gen","mean_target","var_target","bias","E1","E2"
0.1,"with_ssp370",97,10,0.0318533288693965,0.157514652080764,0.0179248203526037,0.10661449936832,0.0139285085167928,0.130643661034079,1.47742242391065
0.1,"without_ssp370",97,8,0.00702278806265734,0.156032371988963,0.0179248203526037,0.10661449936832,0.0109020322899464,0.102256563174238,1.46351924844593
