"tol","archive","draw","n_stitched","mean_gen","var_gen","mean_target","var_target","bias","E1","E2"
0.1,"with_ssp370",186,10,0.0177070765758323,0.112052336615442,0.0179248203526037,0.10661449936832,0.000217743776771424,0.00204234675453652,1.05100466896473
0.1,"without_ssp370",186,8,0.0180433323951899,0.112827927842078,0.0179248203526037,0.10661449936832,0.000118512042586238,0.00111159404479137,1.05827939455301
