"tol","archive","draw","n_stitched","mean_gen","var_gen","mean_target","var_target","bias","E1","E2"
0.1,"with_ssp245",9,11,0.0124776433324337,0.109005743351118,0.0123109293464732,0.104141659571487,0.000166713985960555,0.00160083857551853,1.04670641700589
0.1,"without_ssp245",9,8,0.0127821104900726,0.110720933471816,0.0123109293464732,0.104141659571487,0.000471181143599448,0.00452442514876586,1.06317619603337
