"tol","archive","draw","n_stitched","mean_gen","var_gen","mean_target","var_target","bias","E1","E2"
0.1,"with_ssp370",162,10,0.0180752125460111,0.113608461646136,0.0179248203526037,0.10661449936832,0.00015039219340739,0.00141061670127842,1.0656004794775
0.1,"without_ssp370",162,8,0.0179702178226505,0.110080493879521,0.0179248203526037,0.10661449936832,4.53974700468027e-05,0.000425809531684508,1.03250959796028
