"tol","archive","draw","n_stitched","mean_gen","var_gen","mean_target","var_target","bias","E1","E2"
0.1,"with_ssp370",53,11,0.0256154466666978,0.153896443215958,0.0179248203526037,0.10661449936832,0.00769062631409409,0.0721349005966379,1.44348511813851
0.1,"without_ssp370",53,9,0.0178262424102327,0.154664158149637,0.0179248203526037,0.10661449936832,9.8577942371024e-05,0.000924620412374377,1.45068596734971
