"tol","archive","draw","n_stitched","mean_gen","var_gen","mean_target","var_target","bias","E1","E2"
0.1,"with_ssp126",92,11,0.0292643433802912,0.144406393322277,0.007867262016478,0.102701343952847,0.0213970813638132,0.208342759113622,1.40608085312475
0.1,"without_ssp126",92,10,-0.0101619811465715,0.174653368258555,0.007867262016478,0.102701343952847,0.0180292431630495,0.175550216473577,1.70059476864045
