"tol","archive","draw","n_stitched","mean_gen","var_gen","mean_target","var_target","bias","E1","E2"
0.1,"with_ssp370",94,10,0.0178292231653771,0.111963312021672,0.0179248203526037,0.10661449936832,9.55971872265704e-05,0.000896662159396459,1.05016965501919
0.1,"without_ssp370",94,8,0.0183789994430371,0.115083253703472,0.0179248203526037,0.10661449936832,0.000454179090433441,0.00426001241036074,1.07943342026955
