"tol","archive","draw","n_stitched","mean_gen","var_gen","mean_target","var_target","bias","E1","E2"
0.1,"with_ssp245",29,11,0.0123034232231536,0.11323199437328,0.0123109293464732,0.104141659571487,7.50612331953081e-06,7.20760870377557e-05,1.08728816920334
0.1,"without_ssp245",29,8,0.0126661233301736,0.11275524996645,0.0123109293464732,0.104141659571487,0.000355193983700481,0.00341068103928824,1.08271032390309
