"tol","archive","draw","n_stitched","mean_gen","var_gen","mean_target","var_target","bias","E1","E2"
0.1,"with_ssp245",105,11,0.0125239972213144,0.110032567524265,0.0123109293464732,0.104141659571487,0.000213067874841249,0.00204594276409616,1.05656629611068
0.1,"without_ssp245",105,8,0.0126224229948874,0.111594170444518,0.0123109293464732,0.104141659571487,0.000311493648414237,0.00299105708220845,1.07156128396356
