"tol","archive","draw","n_stitched","mean_gen","var_gen","mean_target","var_target","bias","E1","E2"
0.1,"with_ssp245",139,11,0.0167960425009286,0.148359010578669,0.0123109293464732,0.104141659571487,0.00448511315445541,0.0430674253983504,1.42458849982921
0.1,"without_ssp245",139,8,0.000548364408290469,0.164759667403671,0.0123109293464732,0.104141659571487,0.0117625649381827,0.112947738557099,1.58207261226305
