"tol","archive","draw","n_stitched","mean_gen","var_gen","mean_target","var_target","bias","E1","E2"
0.1,"with_ssp245",97,11,0.0347014149295021,0.154749722748927,0.0123109293464732,0.104141659571487,0.0223904855830289,0.215000276307861,1.48595406858003
0.1,"without_ssp245",97,10,-0.0157039468718857,0.168000187016853,0.0123109293464732,0.104141659571487,0.0280148762183589,0.269007391793371,1.61318907061905
