"tol","archive","draw","n_stitched","mean_gen","var_gen","mean_target","var_target","bias","E1","E2"
0.1,"with_ssp126",123,11,0.0204334939090801,0.153127438390188,0.007867262016478,0.102701343952847,0.0125662318926021,0.122357034571734,1.49099741538429
0.1,"without_ssp126",123,8,-0.0137110144177151,0.157766236725219,0.007867262016478,0.102701343952847,0.0215782764341931,0.210107050245616,1.53616525989819
