"tol","archive","draw","n_stitched","mean_gen","var_gen","mean_target","var_target","bias","E1","E2"
0.1,"with_ssp245",66,11,0.0121726850189555,0.110773388881086,0.0123109293464732,0.104141659571487,0.000138244327517672,0.00132746422600243,1.06367988888296
0.1,"without_ssp245",66,9,0.0126948097468723,0.111577721403167,0.0123109293464732,0.104141659571487,0.000383880400399121,0.00368613676773233,1.07140333524813
