"tol","archive","draw","n_stitched","mean_gen","var_gen","mean_target","var_target","bias","E1","E2"
0.1,"with_ssp126",66,11,0.0238507616800882,0.147230274354296,0.007867262016478,0.102701343952847,0.0159834996636102,0.155630871500072,1.43357690062843
0.1,"without_ssp126",66,9,0.00163886933873801,0.168018494837608,0.007867262016478,0.102701343952847,0.00622839267773999,0.0606456784109819,1.6359911990514
