"tol","archive","draw","n_stitched","mean_gen","var_gen","mean_target","var_target","bias","E1","E2"
0.1,"with_ssp126",37,11,0.00815429128726582,0.106266529742284,0.007867262016478,0.102701343952847,0.000287029270787813,0.00279479566420861,1.03471411037303
0.1,"without_ssp126",37,10,0.00815908535844814,0.113444716846549,0.007867262016478,0.102701343952847,0.000291823341970142,0.00284147539592205,1.10460790949956
