"tol","archive","draw","n_stitched","mean_gen","var_gen","mean_target","var_target","bias","E1","E2"
0.1,"with_ssp126",199,11,0.00818145095294831,0.110443853119536,0.007867262016478,0.102701343952847,0.000314188936470311,0.00305924853928459,1.07538858664054
0.1,"without_ssp126",199,9,0.00839169382571233,0.113840040235671,0.007867262016478,0.102701343952847,0.000524431809234324,0.00510637727852039,1.1084571618453
