"tol","archive","draw","n_stitched","mean_gen","var_gen","mean_target","var_target","bias","E1","E2"
0.1,"with_ssp370",78,10,0.0217205439358002,0.156404751469938,0.0179248203526037,0.10661449936832,0.00379572358319649,0.0356023205632044,1.46701201428154
0.1,"without_ssp370",78,9,0.0162306167753824,0.160890776328642,0.0179248203526037,0.10661449936832,0.00169420357722128,0.0158909302886499,1.50908907589402
