"tol","archive","draw","n_stitched","mean_gen","var_gen","mean_target","var_target","bias","E1","E2"
0.1,"with_ssp245",200,11,0.0229698940582388,0.162644931270643,0.0123109293464732,0.104141659571487,0.0106589647117657,0.102350632356199,1.5617662704808
0.1,"without_ssp245",200,9,-0.00165530745283676,0.160615395920216,0.0123109293464732,0.104141659571487,0.0139662367993099,0.134108068344378,1.542278052617
