"tol","archive","draw","n_stitched","mean_gen","var_gen","mean_target","var_target","bias","E1","E2"
0.1,"with_ssp370",6,10,0.0257298929320869,0.150652400237428,0.0129954144906448,0.104774574217289,0.0127344784414421,0.121541686392658,1.43787174858849
0.1,"without_ssp370",6,8,0.0147297277199449,0.153568815052753,0.0129954144906448,0.104774574217289,0.0017343132293001,0.0165528062724774,1.46570688738158
