"tol","archive","draw","n_stitched","mean_gen","var_gen","mean_target","var_target","bias","E1","E2"
0.1,"with_ssp126",103,11,0.00818573568043775,0.109648171355394,0.007867262016478,0.102701343952847,0.000318473663959746,0.00310096880626963,1.06764105643775
0.1,"without_ssp126",103,10,0.00828118357090543,0.114433643051342,0.007867262016478,0.102701343952847,0.000413921554427423,0.00403034214058063,1.11423705520233
