"tol","archive","draw","n_stitched","mean_gen","var_gen","mean_target","var_target","bias","E1","E2"
0.1,"with_ssp370",90,10,0.0177959663621024,0.111126363273212,0.0179248203526037,0.10661449936832,0.000128853990501276,0.00120859724769823,1.04231942120091
0.1,"without_ssp370",90,8,0.0178989960367746,0.114241180716411,0.0179248203526037,0.10661449936832,2.58243158291309e-05,0.000242221423747588,1.07153512320817
