"tol","archive","draw","n_stitched","mean_gen","var_gen","mean_target","var_target","bias","E1","E2"
0.1,"with_ssp370",192,10,0.0252695077361981,0.137261779003538,0.0179248203526037,0.10661449936832,0.00734468738359442,0.0688901362114058,1.28745883361831
0.1,"without_ssp370",192,7,0.0310489727882751,0.161666216810075,0.0179248203526037,0.10661449936832,0.0131241524356714,0.123099132983137,1.51636238755452
