"tol","archive","draw","n_stitched","mean_gen","var_gen","mean_target","var_target","bias","E1","E2"
0.1,"with_ssp370",58,10,0.0296146843374687,0.137006738563362,0.0179248203526037,0.10661449936832,0.011689863984865,0.109646099302874,1.28506665955487
0.1,"without_ssp370",58,8,0.0248317856549502,0.172270465110212,0.0179248203526037,0.10661449936832,0.00690696530234646,0.0647844837547379,1.61582585981172
