"tol","archive","draw","n_stitched","mean_gen","var_gen","mean_target","var_target","bias","E1","E2"
0.1,"with_ssp370",126,10,0.0178092054687279,0.112739842794683,0.0179248203526037,0.10661449936832,0.000115614883875802,0.00108441989186094,1.05745319316467
0.1,"without_ssp370",126,8,0.0178391749686083,0.113731913056311,0.0179248203526037,0.10661449936832,8.56453839953551e-05,0.00080331835259552,1.0667584027516
