"tol","archive","draw","n_stitched","mean_gen","var_gen","mean_target","var_target","bias","E1","E2"
0.1,"with_ssp126",108,12,0.0250921762714706,0.151793957498676,0.007867262016478,0.102701343952847,0.0172249142549926,0.167718489281903,1.47801335071496
0.1,"without_ssp126",108,8,-0.0234369960711767,0.167040729842336,0.007867262016478,0.102701343952847,0.0313042580876547,0.30480865081987,1.62647072972121
