"tol","archive","draw","n_stitched","mean_gen","var_gen","mean_target","var_target","bias","E1","E2"
0.1,"with_ssp245",181,11,0.0124369597253955,0.109577611999988,0.0123109293464732,0.104141659571487,0.000126030378922365,0.00121018216380403,1.05219767431083
0.1,"without_ssp245",181,7,0.0126347752897076,0.116389298582402,0.0123109293464732,0.104141659571487,0.000323845943234459,0.00310966758708275,1.11760556785163
