"tol","archive","draw","n_stitched","mean_gen","var_gen","mean_target","var_target","bias","E1","E2"
0.1,"with_ssp370",9,10,0.0231684639157034,0.14532738214373,0.0179248203526037,0.10661449936832,0.00524364356309969,0.0491832123601173,1.3631108620758
0.1,"without_ssp370",9,9,0.023039103224012,0.16222510642448,0.0179248203526037,0.10661449936832,0.00511428287140825,0.0479698624643912,1.5216045414615
