"tol","archive","draw","n_stitched","mean_gen","var_gen","mean_target","var_target","bias","E1","E2"
0.1,"with_ssp370",12,9,0.0181994532815786,0.113257011470663,0.0179248203526037,0.10661449936832,0.000274632928974873,0.00257594352177278,1.06230402188913
0.1,"without_ssp370",12,9,0.0179053910189551,0.114731266892867,0.0179248203526037,0.10661449936832,1.94293336486379e-05,0.000182239130359891,1.07613192926514
