"tol","archive","draw","n_stitched","mean_gen","var_gen","mean_target","var_target","bias","E1","E2"
0.1,"with_ssp245",51,11,0.0124969105852052,0.110992379157353,0.0123109293464732,0.104141659571487,0.000185981238732039,0.00178584861713649,1.0657827003531
0.1,"without_ssp245",51,7,0.0125775816569376,0.110690217691331,0.0123109293464732,0.104141659571487,0.000266652310464499,0.00256047686931144,1.06288125373448
