"tol","archive","draw","n_stitched","mean_gen","var_gen","mean_target","var_target","bias","E1","E2"
0.1,"with_ssp126",134,12,0.00780188367725793,0.107479529863231,0.007867262016478,0.102701343952847,6.53783392200709e-05,0.000636586988093243,1.04652505728239
0.1,"without_ssp126",134,9,0.0082268570187168,0.113475061772383,0.007867262016478,0.102701343952847,0.000359595002238797,0.00350136608147891,1.10490337716011
