"tol","archive","draw","n_stitched","mean_gen","var_gen","mean_target","var_target","bias","E1","E2"
0.1,"with_ssp370",13,9,0.0179442381838695,0.115122255691069,0.0179248203526037,0.10661449936832,1.94178312658e-05,0.000182131242756366,1.07979924281553
0.1,"without_ssp370",13,9,0.0179591971308678,0.114890331275443,0.0179248203526037,0.10661449936832,3.43767782641016e-05,0.000322439991443757,1.07762388752146
