"tol","archive","draw","n_stitched","mean_gen","var_gen","mean_target","var_target","bias","E1","E2"
0.1,"with_ssp245",156,11,0.0189818953336099,0.144674389987015,0.0123109293464732,0.104141659571487,0.0066709659871367,0.0640566514359942,1.38920764833505
0.1,"without_ssp245",156,8,-0.00328659322336757,0.14096855165264,0.0123109293464732,0.104141659571487,0.0155975225698407,0.149772172193338,1.35362305759948
