"tol","archive","draw","n_stitched","mean_gen","var_gen","mean_target","var_target","bias","E1","E2"
0.1,"with_ssp126",110,11,0.0265776388397826,0.15524716790244,0.007867262016478,0.102701343952847,0.0187103768233046,0.182182395119338,1.5116371600134
0.1,"without_ssp126",110,8,-0.00775655468414999,0.164329154796756,0.007867262016478,0.102701343952847,0.015623816700628,0.152128648947392,1.60006820234217
