"tol","archive","draw","n_stitched","mean_gen","var_gen","mean_target","var_target","bias","E1","E2"
0.1,"with_ssp370",27,11,0.0178734917540459,0.111481661406041,0.0179248203526037,0.10661449936832,5.13285985578316e-05,0.000481441069103622,1.04565197104107
0.1,"without_ssp370",27,9,0.0181147381395926,0.113042947070348,0.0179248203526037,0.10661449936832,0.000189917786988944,0.00178135045527754,1.06029618616713
