"tol","archive","draw","n_stitched","mean_gen","var_gen","mean_target","var_target","bias","E1","E2"
0.1,"with_ssp126",186,12,0.00816339543571161,0.11157650654643,0.007867262016478,0.102701343952847,0.00029613341923361,0.0028834424929198,1.086417200126
0.1,"without_ssp126",186,8,0.00809659711763277,0.115984941461939,0.007867262016478,0.102701343952847,0.000229335101154764,0.00223302921196492,1.1293420027219
