"tol","archive","draw","n_stitched","mean_gen","var_gen","mean_target","var_target","bias","E1","E2"
0.1,"with_ssp126",102,11,0.00811711441414342,0.10758685321756,0.007867262016478,0.102701343952847,0.000249852397665418,0.00243280553154331,1.04757006166303
0.1,"without_ssp126",102,9,0.00847350491097704,0.111564859847315,0.007867262016478,0.102701343952847,0.000606242894499041,0.00590296943706389,1.08630379655536
