"tol","archive","draw","n_stitched","mean_gen","var_gen","mean_target","var_target","bias","E1","E2"
0.1,"with_ssp245",37,11,0.0177817057268906,0.159229011019502,0.0123109293464732,0.104141659571487,0.00547077638041748,0.0525320645256486,1.52896556166556
0.1,"without_ssp245",37,6,0.0160357871535204,0.164360570928078,0.0123109293464732,0.104141659571487,0.00372485780704727,0.0357672215170566,1.57824036609724
