"tol","archive","draw","n_stitched","mean_gen","var_gen","mean_target","var_target","bias","E1","E2"
0.1,"with_ssp370",52,10,0.0179969341830361,0.110447741400461,0.0179248203526037,0.10661449936832,7.21138304323916e-05,0.000676397965189149,1.03595422812893
0.1,"without_ssp370",52,8,0.0179437248751428,0.115354367614987,0.0179248203526037,0.10661449936832,1.89045225391267e-05,0.000177316618763245,1.08197635685999
