"tol","archive","draw","n_stitched","mean_gen","var_gen","mean_target","var_target","bias","E1","E2"
0.1,"with_ssp245",69,11,0.0126515216516257,0.109164142944589,0.0123109293464732,0.104141659571487,0.000340592305152577,0.00327047126533241,1.04822741824711
0.1,"without_ssp245",69,8,0.0128545625813357,0.114542745818203,0.0123109293464732,0.104141659571487,0.000543633234862522,0.00522013224198094,1.09987440462841
