"tol","archive","draw","n_stitched","mean_gen","var_gen","mean_target","var_target","bias","E1","E2"
0.1,"with_ssp245",92,11,0.0133015373248412,0.143660957823063,0.0123109293464732,0.104141659571487,0.000990607978368087,0.00951212014907537,1.37947636338989
0.1,"without_ssp245",92,9,-0.00842297037506789,0.156753018356377,0.0123109293464732,0.104141659571487,0.020733899721541,0.199093233263759,1.5051903244232
