"tol","archive","draw","n_stitched","mean_gen","var_gen","mean_target","var_target","bias","E1","E2"
0.1,"with_ssp370",148,10,0.0178303976302121,0.10782844828083,0.0179248203526037,0.10661449936832,9.4422722391567e-05,0.000885646163992813,1.01138633975399
0.1,"without_ssp370",148,8,0.0177773074775684,0.115877361230526,0.0179248203526037,0.10661449936832,0.000147512875035307,0.00138360988335832,1.08688182111333
