"tol","archive","draw","n_stitched","mean_gen","var_gen","mean_target","var_target","bias","E1","E2"
0.1,"with_ssp370",189,10,0.0290124262137421,0.146465677825531,0.0179248203526037,0.10661449936832,0.0110876058611384,0.103997166678373,1.37378760575086
0.1,"without_ssp370",189,8,0.018109276119994,0.165057220693948,0.0179248203526037,0.10661449936832,0.00018445576739029,0.00173011896583646,1.5481686043821
