"tol","archive","draw","n_stitched","mean_gen","var_gen","mean_target","var_target","bias","E1","E2"
0.1,"with_ssp370",24,10,0.0180904715860579,0.112618996951723,0.0179248203526037,0.10661449936832,0.000165651233454179,0.0015537401989002,1.05631970903563
0.1,"without_ssp370",24,9,0.0180086689285457,0.113024566476281,0.0179248203526037,0.10661449936832,8.38485759419513e-05,0.000786465034669256,1.06012378378119
