"tol","archive","draw","n_stitched","mean_gen","var_gen","mean_target","var_target","bias","E1","E2"
0.1,"with_ssp126",156,11,0.00771904492766145,0.108211087869383,0.007867262016478,0.102701343952847,0.000148217088816556,0.00144318548435556,1.05364821631805
0.1,"without_ssp126",156,9,0.00819344736603711,0.11580355756488,0.007867262016478,0.102701343952847,0.00032618534955911,0.00317605726473133,1.12757587299003
