"tol","archive","draw","n_stitched","mean_gen","var_gen","mean_target","var_target","bias","E1","E2"
0.1,"with_ssp370",118,10,0.0180064915302868,0.113082072222361,0.0179248203526037,0.10661449936832,8.16711776831236e-05,0.000766041937700939,1.06066316394449
0.1,"without_ssp370",118,9,0.0182161601479229,0.113663647361878,0.0179248203526037,0.10661449936832,0.000291339795319191,0.00273264703248947,1.06611809871381
