"tol","archive","draw","n_stitched","mean_gen","var_gen","mean_target","var_target","bias","E1","E2"
0.1,"with_ssp126",195,12,0.020724475068728,0.144064091989408,0.007867262016478,0.102701343952847,0.01285721305225,0.125190309662872,1.4027478749991
0.1,"without_ssp126",195,10,-0.0140053847945095,0.174315934334513,0.007867262016478,0.102701343952847,0.0218726468109875,0.212973326045566,1.69730918433304
