"tol","archive","draw","n_stitched","mean_gen","var_gen","mean_target","var_target","bias","E1","E2"
0.1,"with_ssp245",58,11,0.0240202042937244,0.141976960993382,0.0123109293464732,0.104141659571487,0.0117092749472513,0.112436031799681,1.36330611186317
0.1,"without_ssp245",58,7,0.0012044366574514,0.157564793690763,0.0123109293464732,0.104141659571487,0.0111064926890217,0.106647932582617,1.51298523894374
