"tol","archive","draw","n_stitched","mean_gen","var_gen","mean_target","var_target","bias","E1","E2"
0.1,"with_ssp126",118,11,0.00996682460193486,0.157522401952747,0.007867262016478,0.102701343952847,0.00209956258545685,0.0204433798492532,1.5337910478082
0.1,"without_ssp126",118,9,-0.0118670026735929,0.176647229710425,0.007867262016478,0.102701343952847,0.0197342646900709,0.19215196150823,1.72000893962526
