"tol","archive","draw","n_stitched","mean_gen","var_gen","mean_target","var_target","bias","E1","E2"
0.1,"with_ssp245",86,11,0.0124734917906023,0.108841029599715,0.0123109293464732,0.104141659571487,0.000162562444129185,0.00156097420377285,1.04512478529308
0.1,"without_ssp245",86,7,0.0129565388257362,0.108513567633384,0.0123109293464732,0.104141659571487,0.000645609479263044,0.00619933926460883,1.04198039554858
