"tol","archive","draw","n_stitched","mean_gen","var_gen","mean_target","var_target","bias","E1","E2"
0.1,"with_ssp126",28,11,0.0218229495125628,0.157747659106643,0.007867262016478,0.102701343952847,0.0139556874960848,0.135886123384055,1.53598437016627
0.1,"without_ssp126",28,9,-0.015146580095052,0.176847572843281,0.007867262016478,0.102701343952847,0.02301384211153,0.224085111506392,1.72195967488485
