"tol","archive","draw","n_stitched","mean_gen","var_gen","mean_target","var_target","bias","E1","E2"
0.1,"with_ssp245",61,11,0.0126792371093859,0.108340753865682,0.0123109293464732,0.104141659571487,0.000368307762912761,0.00353660354970568,1.04032098500708
0.1,"without_ssp245",61,9,0.012594353832542,0.111423019643577,0.0123109293464732,0.104141659571487,0.00028342448606883,0.00272152841845464,1.06991784173645
