"tol","archive","draw","n_stitched","mean_gen","var_gen","mean_target","var_target","bias","E1","E2"
0.1,"with_ssp245",59,11,0.0154872334151443,0.153638539394696,0.0123109293464732,0.104141659571487,0.00317630406867119,0.0304998410985649,1.47528414687143
0.1,"without_ssp245",59,9,0.00286328286708961,0.166115723023202,0.0123109293464732,0.104141659571487,0.00944764647938354,0.0907191849857003,1.59509387219985
