"tol","archive","draw","n_stitched","mean_gen","var_gen","mean_target","var_target","bias","E1","E2"
0.1,"with_ssp245",71,11,0.0126898746032369,0.105918530702014,0.0123109293464732,0.104141659571487,0.000378945256763718,0.00363874801230333,1.01706205890936
0.1,"without_ssp245",71,7,0.0124469978266677,0.112053163890673,0.0123109293464732,0.104141659571487,0.000136068480194561,0.00130657107592143,1.07596867912169
