"tol","archive","draw","n_stitched","mean_gen","var_gen","mean_target","var_target","bias","E1","E2"
0.1,"with_ssp245",184,11,0.0124887406927595,0.1083288018798,0.0123109293464732,0.104141659571487,0.000177811346286364,0.00170739881636232,1.04020621839081
0.1,"without_ssp245",184,8,0.0128191193095672,0.114790059249799,0.0123109293464732,0.104141659571487,0.000508189963094093,0.00487979512891526,1.10224918368046
