"tol","archive","draw","n_stitched","mean_gen","var_gen","mean_target","var_target","bias","E1","E2"
0.1,"with_ssp370",156,9,0.0309662376846716,0.150023633931205,0.0179248203526037,0.10661449936832,0.0130414173320679,0.122323111859428,1.40715976551107
0.1,"without_ssp370",156,8,0.0131820215345352,0.171755862112243,0.0179248203526037,0.10661449936832,0.00474279881806851,0.0444854953704149,1.61099909608804
