"tol","archive","draw","n_stitched","mean_gen","var_gen","mean_target","var_target","bias","E1","E2"
0.1,"with_ssp126",180,11,0.00802852532326491,0.107322830443459,0.007867262016478,0.102701343952847,0.00016126330678691,0.00157021612941064,1.04499927958815
0.1,"without_ssp126",180,9,0.00813351324387205,0.11680747413663,0.007867262016478,0.102701343952847,0.00026625122739405,0.00259248045981067,1.13735097946001
