"tol","archive","draw","n_stitched","mean_gen","var_gen","mean_target","var_target","bias","E1","E2"
0.1,"with_ssp126",96,11,0.00809642226098069,0.110326772467133,0.007867262016478,0.102701343952847,0.00022916024450269,0.00223132663782768,1.07424857573224
0.1,"without_ssp126",96,9,0.00834736711982398,0.112796006694806,0.007867262016478,0.102701343952847,0.000480105103345974,0.00467476943209628,1.09829143761345
