"tol","archive","draw","n_stitched","mean_gen","var_gen","mean_target","var_target","bias","E1","E2"
0.1,"with_ssp370",111,10,0.0179441453582233,0.112063797990934,0.0179248203526037,0.10661449936832,1.93250056196199e-05,0.00018126057650806,1.05111217193628
0.1,"without_ssp370",111,8,0.0183590261941957,0.113868650464865,0.0179248203526037,0.10661449936832,0.000434205841592029,0.00407267157998821,1.06804094320683
