"tol","archive","draw","n_stitched","mean_gen","var_gen","mean_target","var_target","bias","E1","E2"
0.1,"with_ssp370",144,9,0.0338651087757438,0.151059934186362,0.0179248203526037,0.10661449936832,0.0159402884231401,0.149513326213458,1.4168798341818
0.1,"without_ssp370",144,8,0.00668219225857422,0.149237183744715,0.0179248203526037,0.10661449936832,0.0112426280940295,0.105451211239005,1.39978318736129
