"tol","archive","draw","n_stitched","mean_gen","var_gen","mean_target","var_target","bias","E1","E2"
0.1,"with_ssp245",74,11,0.0122679191049887,0.109101732143851,0.0123109293464732,0.104141659571487,4.30102414844171e-05,0.000412997465772986,1.0476281306902
0.1,"without_ssp245",74,8,0.0124534585305363,0.111918615819441,0.0123109293464732,0.104141659571487,0.000142529184063146,0.00136860872632155,1.07467670747666
