"tol","archive","draw","n_stitched","mean_gen","var_gen","mean_target","var_target","bias","E1","E2"
0.1,"with_ssp370",110,11,0.0180877960242737,0.112571891630908,0.0179248203526037,0.10661449936832,0.000162975671669955,0.00152864453367571,1.05587788056863
0.1,"without_ssp370",110,9,0.0180916832991531,0.111754561168434,0.0179248203526037,0.10661449936832,0.000166862946549395,0.00156510556761079,1.04821165817565
