"tol","archive","draw","n_stitched","mean_gen","var_gen","mean_target","var_target","bias","E1","E2"
0.1,"with_ssp370",42,9,0.0268317833373167,0.144853640701597,0.0179248203526037,0.10661449936832,0.00890696298471299,0.083543636536173,1.35866736288066
0.1,"without_ssp370",42,9,0.0113794248167047,0.158865296352464,0.0179248203526037,0.10661449936832,0.00654539553589903,0.0613931085797881,1.49009090971419
