"tol","archive","draw","n_stitched","mean_gen","var_gen","mean_target","var_target","bias","E1","E2"
0.1,"with_ssp245",154,11,0.0163888392788042,0.143576555687271,0.0123109293464732,0.104141659571487,0.00407790993233103,0.0391573357781167,1.37866590832187
0.1,"without_ssp245",154,8,-0.00189086503460255,0.150244839920384,0.0123109293464732,0.104141659571487,0.0142017943810757,0.136369964138386,1.44269680873724
