"tol","archive","draw","n_stitched","mean_gen","var_gen","mean_target","var_target","bias","E1","E2"
0.1,"with_ssp370",146,10,0.0180417486919239,0.111279920055584,0.0179248203526037,0.10661449936832,0.000116928339320237,0.00109673956181406,1.04375972044052
0.1,"without_ssp370",146,8,0.0177865058384222,0.113536233800755,0.0179248203526037,0.10661449936832,0.00013831451418149,0.00129733305508152,1.06492301209915
