"tol","archive","draw","n_stitched","mean_gen","var_gen","mean_target","var_target","bias","E1","E2"
0.1,"with_ssp245",193,11,0.0208843985945849,0.147699967982217,0.0123109293464732,0.104141659571487,0.00857346924811176,0.0823250684057574,1.41826017167347
0.1,"without_ssp245",193,8,-0.00321948097146701,0.175222736822614,0.0123109293464732,0.104141659571487,0.0155304103179402,0.14912773986744,1.68254219822889
