"tol","archive","draw","n_stitched","mean_gen","var_gen","mean_target","var_target","bias","E1","E2"
0.1,"with_ssp370",172,10,0.0302746198970314,0.144505979111258,0.0179248203526037,0.10661449936832,0.0123497995444277,0.115836022469729,1.35540644065714
0.1,"without_ssp370",172,8,0.0225806032657198,0.167599507309885,0.0179248203526037,0.10661449936832,0.00465578291311608,0.0436693220969109,1.57201420353605
