"tol","archive","draw","n_stitched","mean_gen","var_gen","mean_target","var_target","bias","E1","E2"
0.1,"with_ssp245",94,11,0.0127059070614848,0.110445847726575,0.0123109293464732,0.104141659571487,0.000394977715011626,0.00379269656962301,1.06053473874939
0.1,"without_ssp245",94,7,0.0127884494435784,0.114302050182358,0.0123109293464732,0.104141659571487,0.000477520097105248,0.00458529371502343,1.09756317167096
