"tol","archive","draw","n_stitched","mean_gen","var_gen","mean_target","var_target","bias","E1","E2"
0.1,"with_ssp370",127,10,0.0268100762378131,0.155861993172162,0.0179248203526037,0.10661449936832,0.00888525588520945,0.0833400329022193,1.46192116546649
0.1,"without_ssp370",127,8,0.0251736829923141,0.157136465300167,0.0179248203526037,0.10661449936832,0.00724886263971036,0.0679913396644839,1.47387518800149
