"tol","archive","draw","n_stitched","mean_gen","var_gen","mean_target","var_target","bias","E1","E2"
0.1,"with_ssp245",70,11,0.0233644795609067,0.150206864944242,0.0123109293464732,0.104141659571487,0.0110535502144336,0.106139562783192,1.44233216142609
0.1,"without_ssp245",70,7,-0.00261722647136322,0.157200403174555,0.0123109293464732,0.104141659571487,0.0149281558178364,0.143344708344974,1.50948624999246
