"tol","archive","draw","n_stitched","mean_gen","var_gen","mean_target","var_target","bias","E1","E2"
0.1,"with_ssp370",65,9,0.0176031882318683,0.113036228161934,0.0179248203526037,0.10661449936832,0.000321632120735431,0.0030167765420376,1.06023316557937
0.1,"without_ssp370",65,9,0.0180785087580054,0.112716555116501,0.0179248203526037,0.10661449936832,0.000153688405401652,0.00144153380930586,1.05723476435508
