"tol","archive","draw","n_stitched","mean_gen","var_gen","mean_target","var_target","bias","E1","E2"
0.1,"with_ssp370",134,10,0.0203353456927388,0.148643282861236,0.0179248203526037,0.10661449936832,0.00241052534013512,0.0226097327700944,1.39421264220094
0.1,"without_ssp370",134,9,0.0245432265485634,0.160249407031509,0.0179248203526037,0.10661449936832,0.00661840619595972,0.0620779184367331,1.50307329660571
