"tol","archive","draw","n_stitched","mean_gen","var_gen","mean_target","var_target","bias","E1","E2"
0.1,"with_ssp370",60,10,0.0180330210898527,0.114286772811311,0.0179248203526037,0.10661449936832,0.000108200737249018,0.00101487825661703,1.07196275824066
0.1,"without_ssp370",60,9,0.018078872088251,0.113428245676227,0.0179248203526037,0.10661449936832,0.000154051735647292,0.00144494169704902,1.06391012806211
