"tol","archive","draw","n_stitched","mean_gen","var_gen","mean_target","var_target","bias","E1","E2"
0.1,"with_ssp245",127,11,0.0127069218031941,0.109564890897656,0.0123109293464732,0.104141659571487,0.000395992456720949,0.00380244042922251,1.05207552240365
0.1,"without_ssp245",127,9,0.0125009442757398,0.110632181621771,0.0123109293464732,0.104141659571487,0.000190014929266609,0.00182458134476122,1.06232397368153
