"tol","archive","draw","n_stitched","mean_gen","var_gen","mean_target","var_target","bias","E1","E2"
0.1,"with_ssp370",53,11,0.0177172680136923,0.11189956468793,0.0179248203526037,0.10661449936832,0.000207552338911357,0.00194675527382376,1.04957173133977
0.1,"without_ssp370",53,9,0.0179999433176486,0.115314726078857,0.0179248203526037,0.10661449936832,7.5122965044902e-05,0.000704622405864097,1.08160453561274
