"tol","archive","draw","n_stitched","mean_gen","var_gen","mean_target","var_target","bias","E1","E2"
0.1,"with_ssp370",21,9,0.0201814341985938,0.151922249805478,0.0179248203526037,0.10661449936832,0.00225661384599007,0.0211661064804531,1.42496799877692
0.1,"without_ssp370",21,9,0.0189683697558258,0.161662727654852,0.0179248203526037,0.10661449936832,0.00104354940322206,0.00978806268757982,1.51632966071863
