"tol","archive","draw","n_stitched","mean_gen","var_gen","mean_target","var_target","bias","E1","E2"
0.1,"with_ssp245",13,11,0.0244762473019724,0.144109066706985,0.0123109293464732,0.104141659571487,0.0121653179554993,0.116815095952533,1.38377924165942
0.1,"without_ssp245",13,6,-0.014127985027644,0.155080732798383,0.0123109293464732,0.104141659571487,0.0264389143741172,0.253874525169906,1.48913252810159
