"tol","archive","draw","n_stitched","mean_gen","var_gen","mean_target","var_target","bias","E1","E2"
0.1,"with_ssp126",198,11,0.0143226615666309,0.15079040095142,0.007867262016478,0.102701343952847,0.00645539955015291,0.0628560377273814,1.468241749793
0.1,"without_ssp126",198,10,-0.0155095015886462,0.171475080073794,0.007867262016478,0.102701343952847,0.0233767636051242,0.22761886753748,1.66964786899501
