"tol","archive","draw","n_stitched","mean_gen","var_gen","mean_target","var_target","bias","E1","E2"
0.1,"with_ssp370",171,10,0.0179955433510989,0.10819512056971,0.0179248203526037,0.10661449936832,7.0722998495195e-05,0.000663352535670302,1.01482557448335
0.1,"without_ssp370",171,9,0.0181256885751098,0.112957063310566,0.0179248203526037,0.10661449936832,0.000200868222506055,0.00188406102074463,1.05949063194804
