"tol","archive","draw","n_stitched","mean_gen","var_gen","mean_target","var_target","bias","E1","E2"
0.1,"with_ssp126",21,11,0.0177161816983534,0.147211776415492,0.007867262016478,0.102701343952847,0.00984891968187538,0.0958986445824634,1.43339678673613
0.1,"without_ssp126",21,9,-0.00854982443186043,0.156442964684947,0.007867262016478,0.102701343952847,0.0164170864483384,0.15985269341632,1.52328059851656
