"tol","archive","draw","n_stitched","mean_gen","var_gen","mean_target","var_target","bias","E1","E2"
0.1,"with_ssp370",43,10,0.0311738829443538,0.159457807416164,0.0179248203526037,0.10661449936832,0.0132490625917501,0.12427073869173,1.49564841893865
0.1,"without_ssp370",43,9,0.0151069096393973,0.150396105291706,0.0179248203526037,0.10661449936832,0.00281791071320638,0.0264308394252396,1.41065339313871
