"tol","archive","draw","n_stitched","mean_gen","var_gen","mean_target","var_target","bias","E1","E2"
0.1,"with_ssp245",42,11,0.0124635433162558,0.110536499871281,0.0123109293464732,0.104141659571487,0.000152613969782696,0.00146544591675089,1.06140520831055
0.1,"without_ssp245",42,8,0.0125301819311437,0.110852279386725,0.0123109293464732,0.104141659571487,0.000219252584670513,0.00210533023549533,1.06443741959606
