"tol","archive","draw","n_stitched","mean_gen","var_gen","mean_target","var_target","bias","E1","E2"
0.1,"with_ssp370",163,10,0.0175822701297293,0.114294315405889,0.0179248203526037,0.10661449936832,0.000342550222874383,0.00321297970636224,1.07203350466466
0.1,"without_ssp370",163,8,0.018005387661222,0.115975357562648,0.0179248203526037,0.10661449936832,8.05673086183428e-05,0.00075568810148428,1.08780098626162
