"tol","archive","draw","n_stitched","mean_gen","var_gen","mean_target","var_target","bias","E1","E2"
0.1,"with_ssp370",1,10,0.0176773421301658,0.111745380942038,0.0129954144906448,0.104774574217289,0.00468192763952099,0.0446857233684507,1.06653147270532
0.1,"without_ssp370",1,8,0.018008421162282,0.114280463382179,0.0129954144906448,0.104774574217289,0.00501300667163715,0.0478456410735758,1.09072706079602
