"tol","archive","draw","n_stitched","mean_gen","var_gen","mean_target","var_target","bias","E1","E2"
0.1,"with_ssp245",125,11,0.0125603193273333,0.107414346892007,0.0123109293464732,0.104141659571487,0.000249389980860189,0.00239471871186188,1.03142534249969
0.1,"without_ssp245",125,8,0.0126362314191714,0.11350208845906,0.0123109293464732,0.104141659571487,0.000325302072698271,0.00312364978661561,1.08988169504969
