"tol","archive","draw","n_stitched","mean_gen","var_gen","mean_target","var_target","bias","E1","E2"
0.1,"with_ssp370",87,10,0.024930911761662,0.152784039058611,0.0179248203526037,0.10661449936832,0.00700609140905832,0.06571424572238,1.43305122627636
0.1,"without_ssp370",87,9,0.0180095520526474,0.166197352701407,0.0179248203526037,0.10661449936832,8.47317000437393e-05,0.000794748374243333,1.55886257203391
