"tol","archive","draw","n_stitched","mean_gen","var_gen","mean_target","var_target","bias","E1","E2"
0.1,"with_ssp245",160,11,0.0218126577454125,0.14998141555498,0.0123109293464732,0.104141659571487,0.00950172839893937,0.0912384960834719,1.44016732758159
0.1,"without_ssp245",160,7,-0.00536477157416974,0.1663753023748,0.0123109293464732,0.104141659571487,0.0176757009206429,0.169727474992941,1.59758643235941
