"tol","archive","draw","n_stitched","mean_gen","var_gen","mean_target","var_target","bias","E1","E2"
0.1,"with_ssp245",180,11,0.0125152594592181,0.108690170918658,0.0123109293464732,0.104141659571487,0.000204330112744974,0.00196204010561896,1.0436761941944
0.1,"without_ssp245",180,7,0.012393711126903,0.112974674635612,0.0123109293464732,0.104141659571487,8.27817804298532e-05,0.000794895921291024,1.08481730654639
