"tol","archive","draw","n_stitched","mean_gen","var_gen","mean_target","var_target","bias","E1","E2"
0.1,"with_ssp126",188,11,0.024677494765612,0.153555270584893,0.007867262016478,0.102701343952847,0.016810232749134,0.163680747516333,1.4951632050248
0.1,"without_ssp126",188,10,-0.00510209223271966,0.16331087749968,0.007867262016478,0.102701343952847,0.0129693542491977,0.126282225237016,1.59015326590722
