"tol","archive","draw","n_stitched","mean_gen","var_gen","mean_target","var_target","bias","E1","E2"
0.1,"with_ssp126",146,11,0.0200270842015434,0.150423278229273,0.007867262016478,0.102701343952847,0.0121598221850654,0.11839983506592,1.46466708652164
0.1,"without_ssp126",146,9,-0.0146943060841472,0.164553543932617,0.007867262016478,0.102701343952847,0.0225615681006252,0.219681332612199,1.60225307283387
