"tol","archive","draw","n_stitched","mean_gen","var_gen","mean_target","var_target","bias","E1","E2"
0.1,"with_ssp126",158,11,0.00798168998705498,0.110657103038845,0.007867262016478,0.102701343952847,0.000114427970576982,0.00111418182248442,1.07746499490455
0.1,"without_ssp126",158,7,0.00844098702587683,0.112800117574896,0.007867262016478,0.102701343952847,0.000573725009398828,0.00558634373530927,1.09833146513337
