"tol","archive","draw","n_stitched","mean_gen","var_gen","mean_target","var_target","bias","E1","E2"
0.1,"with_ssp245",138,11,0.0124384626588794,0.109304814107299,0.0123109293464732,0.104141659571487,0.000127533312406241,0.00122461378982248,1.04957818568532
0.1,"without_ssp245",138,8,0.0124926332736278,0.114241963305948,0.0123109293464732,0.104141659571487,0.000181703927154622,0.00174477656590342,1.09698619914471
