"tol","archive","draw","n_stitched","mean_gen","var_gen","time_period","mean_target","var_target","bias","E1","E2"
0.1,"with_ssp245",68,11,0.196467446157233,1.08064366792119,"hist+future",0.175822310447923,1.08019275864387,0.0206451357093106,0.0191124552021897,1.00041743408638
0.1,"without_ssp245",68,7,0.161276918679801,1.06944172947599,"hist+future",0.175822310447923,1.08019275864387,0.0145453917681222,0.0134655520060913,0.990047119755395
0.1,"with_ssp245",68,11,-0.515638846297494,0.259424551748585,"hist",-0.535322134057386,0.263759506318041,0.0196832877598914,0.0746258894500556,0.983564745665586
0.1,"without_ssp245",68,7,-0.545195658856429,0.264053960147902,"hist",-0.535322134057386,0.263759506318041,0.00987352479904358,0.037433815891125,1.00111637238776
0.1,"with_ssp245",68,11,1.56271789098316,0.662525582693781,"future",1.54022734932439,0.662927335954257,0.0224905416587777,0.0339261038714047,0.999393970894416
0.1,"without_ssp245",68,7,1.51671849185978,0.639015577144826,"future",1.54022734932439,0.662927335954257,0.0235088574646103,0.0354621935008461,0.963930045553166
