"tol","archive","draw","n_stitched","mean_gen","var_gen","time_period","mean_target","var_target","bias","E1","E2"
0.1,"with_ssp126",27,11,0.0733769505681214,0.844107578448401,"hist+future",0.0573355284352127,0.839525692055952,0.0160414221329087,0.0191077203291113,1.00545770836534
0.1,"without_ssp126",27,9,0.0769101711624114,0.855948880064836,"hist+future",0.0573355284352127,0.839525692055952,0.0195746427271987,0.0233163117131788,1.01956246028476
0.1,"with_ssp126",27,11,-0.500989654388063,0.250354025123093,"hist",-0.512099442080232,0.252552251192804,0.0111097876921687,0.0439900560763059,0.991295955354471
0.1,"without_ssp126",27,9,-0.504763542431644,0.250857708616558,"hist",-0.512099442080232,0.252552251192804,0.00733589964858705,0.0290470570503316,0.993290328760713
0.1,"with_ssp126",27,11,1.17535939030964,0.33380861052341,"future",1.14985611140089,0.344006334614739,0.0255032789087473,0.0741360735037306,0.97035599910464
0.1,"without_ssp126",27,9,1.1929120635231,0.34965378565886,"future",1.14985611140089,0.344006334614739,0.0430559521222096,0.125160346743117,1.01641670654247
