"tol","archive","draw","n_stitched","mean_gen","var_gen","time_period","mean_target","var_target","bias","E1","E2"
0.1,"with_ssp126",194,11,0.0602371390775418,0.843552930507914,"hist+future",0.0573355284352127,0.839525692055952,0.00290161064232909,0.00345624996326581,1.00479704015025
0.1,"without_ssp126",194,10,0.0705785625631889,0.851928942903693,"hist+future",0.0573355284352127,0.839525692055952,0.0132430341279762,0.0157744238839728,1.01477411705813
0.1,"with_ssp126",194,11,-0.512547826589046,0.249795299526043,"hist",-0.512099442080232,0.252552251192804,0.000448384508814015,0.00177541283713091,0.989083638519396
0.1,"without_ssp126",194,10,-0.505886487524594,0.253089733564908,"hist",-0.512099442080232,0.252552251192804,0.0062129545556372,0.0246006698665065,1.00212820265733
0.1,"with_ssp126",194,11,1.15918503832158,0.345545027865349,"future",1.14985611140089,0.344006334614739,0.00932892692068488,0.0271184742313904,1.00447286313007
0.1,"without_ssp126",194,10,1.1765870888944,0.365970609506457,"future",1.14985611140089,0.344006334614739,0.0267309774935103,0.077704899020092,1.06384846057069
