"tol","archive","draw","n_stitched","mean_gen","var_gen","time_period","mean_target","var_target","bias","E1","E2"
0.1,"with_ssp126",171,11,0.0745638837261828,0.845933122299375,"hist+future",0.0573355284352127,0.839525692055952,0.0172283552909701,0.0205215343068046,1.00763220268784
0.1,"without_ssp126",171,9,0.0615931215413897,0.858126509577413,"hist+future",0.0573355284352127,0.839525692055952,0.00425759310617697,0.00507142681452709,1.02215634101192
0.1,"with_ssp126",171,11,-0.499729486845923,0.251981002608902,"hist",-0.512099442080232,0.252552251192804,0.0123699552343088,0.0489797860675781,0.997738097438435
0.1,"without_ssp126",171,9,-0.517224947901545,0.257231807962314,"hist",-0.512099442080232,0.252552251192804,0.00512550582131333,0.0202948332359168,1.01852906377753
0.1,"with_ssp126",171,11,1.17640581563778,0.345458767827378,"future",1.14985611140089,0.344006334614739,0.0265497042368901,0.0771779515822687,1.00422211182322
0.1,"without_ssp126",171,9,1.17211616175167,0.381476844990904,"future",1.14985611140089,0.344006334614739,0.0222600503507804,0.0647082571188985,1.10892389646873
