"tol","archive","draw","n_stitched","mean_gen","var_gen","time_period","mean_target","var_target","bias","E1","E2"
0.1,"with_ssp370",61,10,0.323138319845211,1.32048173675924,"hist+future",0.321521785460596,1.32469738968709,0.00161653438461523,0.00122030465010358,0.996817648346958
0.1,"without_ssp370",61,8,0.333958612736961,1.32385106266901,"hist+future",0.321521785460596,1.32469738968709,0.0124368272763645,0.00938842891454799,0.999361116716413
0.1,"with_ssp370",61,10,-0.506885033905517,0.255823642952265,"hist",-0.512099442080232,0.252552251192804,0.00521440817471441,0.0206468489197256,1.01295332646615
0.1,"without_ssp370",61,8,-0.502244582104447,0.24353838148942,"hist",-0.512099442080232,0.252552251192804,0.00985485997578484,0.0390210735768157,0.964308891879556
0.1,"with_ssp370",61,10,1.9156249869251,1.05121042822009,"future",1.92091134992846,1.05225971735422,0.00528636300336593,0.00502381961048346,0.999002823051359
0.1,"without_ssp370",61,8,1.93830195167687,1.04160447702197,"future",1.92091134992846,1.05225971735422,0.0173906017484071,0.0165269100979496,0.989873944467777
