"tol","archive","draw","n_stitched","mean_gen","var_gen","time_period","mean_target","var_target","bias","E1","E2"
0.1,"with_ssp126",22,11,0.0629389010993076,0.843952730861341,"hist+future",0.0573355284352127,0.839525692055952,0.00560337266409491,0.00667445048688451,1.00527326185164
0.1,"without_ssp126",22,10,0.0741075976652484,0.850282154627486,"hist+future",0.0573355284352127,0.839525692055952,0.0167720692300357,0.0199780297240955,1.0128125472196
0.1,"with_ssp126",22,11,-0.510544662868961,0.253422882223218,"hist",-0.512099442080232,0.252552251192804,0.00155477921127067,0.00615626748099632,1.00344733031007
0.1,"without_ssp126",22,10,-0.50189433758472,0.251334755237709,"hist",-0.512099442080232,0.252552251192804,0.010205104495511,0.0404078936034517,0.995179231428964
0.1,"with_ssp126",22,11,1.16322713429424,0.336717771627076,"future",1.14985611140089,0.344006334614739,0.0133710228933506,0.0388685368492563,0.978812707051381
0.1,"without_ssp126",22,10,1.17922758971461,0.361162562393225,"future",1.14985611140089,0.344006334614739,0.0293714783137167,0.0853806321520517,1.0498718368012
