"tol","archive","draw","n_stitched","mean_gen","var_gen","time_period","mean_target","var_target","bias","E1","E2"
0.1,"with_ssp245",73,11,0.195014051348251,1.07766234090013,"hist+future",0.175822310447923,1.08019275864387,0.0191917409003287,0.0177669594123396,0.997657438708522
0.1,"without_ssp245",73,7,0.11914469281951,1.06404299250774,"hist+future",0.175822310447923,1.08019275864387,0.0566776176284128,0.0524699107403469,0.985049181262423
0.1,"with_ssp245",73,11,-0.51556315619837,0.254290079111786,"hist",-0.535322134057386,0.263759506318041,0.0197589778590158,0.074912855786098,0.964098252463225
0.1,"without_ssp245",73,7,-0.582947605492662,0.265588701866978,"hist",-0.535322134057386,0.263759506318041,0.0476254714352761,0.180563999759119,1.00693508861338
0.1,"with_ssp245",73,11,1.55833078675747,0.661365670052494,"future",1.54022734932439,0.662927335954257,0.01810343743308,0.0273083284565733,0.997644287967828
0.1,"without_ssp245",73,7,1.46618224190682,0.638539961001071,"future",1.54022734932439,0.662927335954257,0.0740451074175705,0.1116941531925,0.963212597172387
