"tol","archive","draw","n_stitched","mean_gen","var_gen","time_period","mean_target","var_target","bias","E1","E2"
0.1,"with_ssp126",100,11,0.0736253306235385,0.843513671486142,"hist+future",0.0573355284352127,0.839525692055952,0.0162898021883258,0.0194035779279523,1.00475027681455
0.1,"without_ssp126",100,9,0.0821242879317146,0.860722287816497,"hist+future",0.0573355284352127,0.839525692055952,0.0247887594965019,0.0295271005176692,1.02524829908259
0.1,"with_ssp126",100,11,-0.49971593956297,0.248703328653228,"hist",-0.512099442080232,0.252552251192804,0.0123835025172612,0.0490334275730028,0.984759896134769
0.1,"without_ssp126",100,9,-0.502634139270984,0.245839018114718,"hist",-0.512099442080232,0.252552251192804,0.00946530280924773,0.0374785921113081,0.973418438971027
0.1,"with_ssp126",100,11,1.17364055830696,0.341582715962216,"future",1.14985611140089,0.344006334614739,0.023784446906066,0.0691395608534439,0.992954726676073
0.1,"without_ssp126",100,9,1.20404452616945,0.361670603065383,"future",1.14985611140089,0.344006334614739,0.0541884147685592,0.157521560843483,1.05134867202497
