"tol","archive","draw","n_stitched","mean_gen","var_gen","time_period","mean_target","var_target","bias","E1","E2"
0.1,"with_ssp126",137,11,0.0708278991720913,0.840116518433125,"hist+future",0.0573355284352127,0.839525692055952,0.0134923707368787,0.0160714208803266,1.00070376211564
0.1,"without_ssp126",137,9,0.070742653013938,0.858845941860614,"hist+future",0.0573355284352127,0.839525692055952,0.0134071245787254,0.0159698800234357,1.02301329189503
0.1,"with_ssp126",137,11,-0.500299719740034,0.248622777686293,"hist",-0.512099442080232,0.252552251192804,0.011799722340198,0.0467219052076072,0.984440948405915
0.1,"without_ssp126",137,9,-0.511060632845616,0.252960988571633,"hist",-0.512099442080232,0.252552251192804,0.0010388092346153,0.00411324480264581,1.00161842698649
0.1,"with_ssp126",137,11,1.16659600522442,0.338012431792023,"future",1.14985611140089,0.344006334614739,0.0167398938235335,0.0486615859625982,0.982576184739653
0.1,"without_ssp126",137,9,1.18699314332587,0.365909448856468,"future",1.14985611140089,0.344006334614739,0.0371370319249831,0.107954500217485,1.06367067125743
