"tol","archive","draw","n_stitched","mean_gen","var_gen","time_period","mean_target","var_target","bias","E1","E2"
0.1,"with_ssp245",179,12,0.19468881498332,1.07789192934711,"hist+future",0.175822310447923,1.08019275864387,0.0188665045353976,0.0174658683687934,0.997869982668976
0.1,"without_ssp245",179,7,0.132588552827853,1.07708821254354,"hist+future",0.175822310447923,1.08019275864387,0.0432337576200694,0.0400241135427972,0.997125933241562
0.1,"with_ssp245",179,12,-0.514679243354153,0.252107290928423,"hist",-0.535322134057386,0.263759506318041,0.0206428907032324,0.0782640633181246,0.955822576587751
0.1,"without_ssp245",179,7,-0.577037543943562,0.274682784218114,"hist",-0.535322134057386,0.263759506318041,0.0417154098861758,0.158156991073055,1.04141377898585
0.1,"with_ssp245",179,12,1.55568567109592,0.671307104524685,"future",1.54022734932439,0.662927335954257,0.0154583217715283,0.0233182747687975,1.01264055367149
0.1,"without_ssp245",179,7,1.49408048267999,0.648270523007147,"future",1.54022734932439,0.662927335954257,0.0461468666444003,0.0696107463693192,0.977890769995157
