"tol","archive","draw","n_stitched","mean_gen","var_gen","time_period","mean_target","var_target","bias","E1","E2"
0.1,"with_ssp126",46,12,0.06623008964508,0.838760559510603,"hist+future",0.0573355284352127,0.839525692055952,0.00889456120986732,0.0105947456927554,0.999088613305597
0.1,"without_ssp126",46,9,0.0606004175027844,0.853494861562252,"hist+future",0.0573355284352127,0.839525692055952,0.0032648890675717,0.00388896861461877,1.01663935915063
0.1,"with_ssp126",46,12,-0.504319781593685,0.248858145017103,"hist",-0.512099442080232,0.252552251192804,0.00777966048654621,0.0308041621082484,0.985372903396213
0.1,"without_ssp126",46,9,-0.517312554939601,0.253027049226742,"hist",-0.512099442080232,0.252552251192804,0.00521311285936943,0.0206417200193144,1.0018799992148
0.1,"with_ssp126",46,12,1.16088972632411,0.333351273236196,"future",1.14985611140089,0.344006334614739,0.011033614923216,0.0320738713592957,0.969026554727615
0.1,"without_ssp126",46,9,1.16938693439806,0.363808189013885,"future",1.14985611140089,0.344006334614739,0.0195308229971682,0.0567746027672463,1.05756247024149
