"tol","archive","draw","n_stitched","mean_gen","var_gen","time_period","mean_target","var_target","bias","E1","E2"
0.1,"with_ssp245",157,11,0.192517648795328,1.08205184358136,"hist+future",0.175822310447923,1.08019275864387,0.0166953383474055,0.0154558880475793,1.00172106776556
0.1,"without_ssp245",157,7,0.131763031459875,1.07896746341921,"hist+future",0.175822310447923,1.08019275864387,0.0440592789880479,0.0407883487789368,0.998865669840083
0.1,"with_ssp245",157,11,-0.519693427841055,0.25680757914338,"hist",-0.535322134057386,0.263759506318041,0.0156287062163306,0.059253622493081,0.973642932261638
0.1,"without_ssp245",157,7,-0.57858184011606,0.269194362662529,"hist",-0.535322134057386,0.263759506318041,0.0432597060586746,0.16401193140888,1.0206053477289
0.1,"with_ssp245",157,11,1.55896913303955,0.670515833510707,"future",1.54022734932439,0.662927335954257,0.0187417837151653,0.0282712488966642,1.01144695224481
0.1,"without_ssp245",157,7,1.4946340059951,0.657343165490772,"future",1.54022734932439,0.662927335954257,0.0455933433292874,0.0687757780627007,0.991576496909052
