"tol","archive","draw","n_stitched","mean_gen","var_gen","time_period","mean_target","var_target","bias","E1","E2"
0.1,"with_ssp245",41,11,0.201860706900863,1.08017519217555,"hist+future",0.175822310447923,1.08019275864387,0.0260383964529402,0.0241053240216406,0.999983737654064
0.1,"without_ssp245",41,9,0.152894506358338,1.0709414786333,"hist+future",0.175822310447923,1.08019275864387,0.0229278040895851,0.0212256598705308,0.991435528579006
0.1,"with_ssp245",41,11,-0.508772918002523,0.255055684594258,"hist",-0.535322134057386,0.263759506318041,0.0265492160548625,0.10065690683713,0.967000917444515
0.1,"without_ssp245",41,9,-0.555733769968391,0.262890271584714,"hist",-0.535322134057386,0.263759506318041,0.0204116359110053,0.0773872994984792,0.996704442067468
0.1,"with_ssp245",41,11,1.56528568491317,0.672341554759026,"future",1.54022734932439,0.662927335954257,0.025058335588787,0.0377995207464428,1.01420098145631
0.1,"without_ssp245",41,9,1.51247201326427,0.634063840345471,"future",1.54022734932439,0.662927335954257,0.0277553360601159,0.041867840643746,0.956460543949002
