"tol","archive","draw","n_stitched","mean_gen","var_gen","time_period","mean_target","var_target","bias","E1","E2"
0.1,"with_ssp245",89,11,0.205520685942731,1.08084132169846,"hist+future",0.175822310447923,1.08019275864387,0.0296983754948082,0.027493588766595,1.00060041418478
0.1,"without_ssp245",89,9,0.135001452989789,1.07397969777266,"hist+future",0.175822310447923,1.08019275864387,0.0408208574581336,0.0377903454096308,0.994248192443907
0.1,"with_ssp245",89,11,-0.505570106203844,0.255098904903304,"hist",-0.535322134057386,0.263759506318041,0.0297520278535414,0.11279983144064,0.967164780008746
0.1,"without_ssp245",89,9,-0.571451638602961,0.274593511531234,"hist",-0.535322134057386,0.263759506318041,0.0361295045455753,0.136978966369502,1.04107531654282
0.1,"with_ssp245",89,11,1.56982278715418,0.672727071835451,"future",1.54022734932439,0.662927335954257,0.0295954378297971,0.0446435623101824,1.01478251891225
0.1,"without_ssp245",89,9,1.49040564034797,0.652882233640201,"future",1.54022734932439,0.662927335954257,0.0498217089764141,0.0751541025302536,0.984847355404952
