"tol","archive","draw","n_stitched","mean_gen","var_gen","time_period","mean_target","var_target","bias","E1","E2"
0.1,"with_ssp245",172,11,0.200874627293367,1.07734023880268,"hist+future",0.175822310447923,1.08019275864387,0.025052316845444,0.0231924502779449,0.997359249246616
0.1,"without_ssp245",172,9,0.120575764627441,1.07270171800456,"hist+future",0.175822310447923,1.08019275864387,0.0552465458204813,0.0511450807074849,0.993065089004387
0.1,"with_ssp245",172,11,-0.508547210549705,0.256758534607907,"hist",-0.535322134057386,0.263759506318041,0.0267749235076804,0.101512638848342,0.973456988118214
0.1,"without_ssp245",172,9,-0.584852666757696,0.273851506008077,"hist",-0.535322134057386,0.263759506318041,0.0495305327003102,0.187786720530885,1.03826212685531
0.1,"with_ssp245",172,11,1.56197466501554,0.664945364519696,"future",1.54022734932439,0.662927335954257,0.0217473156911532,0.0328049765210674,1.00304411729007
0.1,"without_ssp245",172,9,1.47401403414544,0.653555047272187,"future",1.54022734932439,0.662927335954257,0.066213315178949,0.0998802004199112,0.985862268496472
