"tol","archive","draw","n_stitched","mean_gen","var_gen","time_period","mean_target","var_target","bias","E1","E2"
0.1,"with_ssp245",155,11,0.192282846546312,1.08003754722816,"hist+future",0.175822310447923,1.08019275864387,0.0164605360983896,0.0152385173541203,0.999856311371777
0.1,"without_ssp245",155,8,0.12303659691713,1.0781474977145,"hist+future",0.175822310447923,1.08019275864387,0.0527857135307932,0.0488669388943722,0.998106577818639
0.1,"with_ssp245",155,11,-0.520477505121069,0.254251757802907,"hist",-0.535322134057386,0.263759506318041,0.0148446289363164,0.0562809247846286,0.963952963637756
0.1,"without_ssp245",155,8,-0.58617671835199,0.276524720537257,"hist",-0.535322134057386,0.263759506318041,0.0508545842946043,0.192806640429801,1.04839717209594
0.1,"with_ssp245",155,11,1.55978817241978,0.659538986498764,"future",1.54022734932439,0.662927335954257,0.0195608230953905,0.0295067378195131,0.994888807156193
0.1,"without_ssp245",155,8,1.48373656225905,0.654520768353359,"future",1.54022734932439,0.662927335954257,0.0564907870653417,0.0852141464102178,0.987319021037505
