"tol","archive","draw","n_stitched","mean_gen","var_gen","time_period","mean_target","var_target","bias","E1","E2"
0.1,"with_ssp370",175,10,0.323086464349084,1.32095335163918,"hist+future",0.321521785460596,1.32469738968709,0.00156467888848788,0.00118115948643749,0.997173665414411
0.1,"without_ssp370",175,9,0.321036309833028,1.31669797930641,"hist+future",0.321521785460596,1.32469738968709,0.000485475627568177,0.000366480398729292,0.993961330004151
0.1,"with_ssp370",175,10,-0.508302284837349,0.252072765301088,"hist",-0.512099442080232,0.252552251192804,0.00379715724288254,0.0150351352044916,0.998101438852944
0.1,"without_ssp370",175,9,-0.50838052875176,0.253901505873246,"hist",-0.512099442080232,0.252552251192804,0.00371891332847107,0.0147253224269697,1.00534247734506
0.1,"with_ssp370",175,10,1.91819278546259,1.04862841612437,"future",1.92091134992846,1.05225971735422,0.00271856446587404,0.00258354892907003,0.996549044717795
0.1,"without_ssp370",175,9,1.91235931409454,1.04083881629954,"future",1.92091134992846,1.05225971735422,0.00855203583392261,0.00812730516324016,0.989146309731022
