"tol","archive","draw","n_stitched","mean_gen","var_gen","time_period","mean_target","var_target","bias","E1","E2"
0.1,"with_ssp126",39,12,0.0744265555293631,0.840752151978529,"hist+future",0.0573355284352127,0.839525692055952,0.0170910270941504,0.0203579559933364,1.00146089623484
0.1,"without_ssp126",39,9,0.0869759398316033,0.858048148541248,"hist+future",0.0573355284352127,0.839525692055952,0.0296404113963906,0.0353061397368351,1.02206300135965
0.1,"with_ssp126",39,12,-0.497157803522914,0.248269778874698,"hist",-0.512099442080232,0.252552251192804,0.0149416385573177,0.0591625633378772,0.983043222549473
0.1,"without_ssp126",39,9,-0.494816299147445,0.249768861488823,"hist",-0.512099442080232,0.252552251192804,0.017283142932786,0.0684339294191906,0.988978955084204
0.1,"with_ssp126",39,12,1.17107096533896,0.338866720763183,"future",1.14985611140089,0.344006334614739,0.0212148539380734,0.0616699514031695,0.985059537181743
0.1,"without_ssp126",39,9,1.20320523554722,0.364748607766725,"future",1.14985611140089,0.344006334614739,0.0533491241463298,0.155081807450077,1.0602961953454
