"tol","archive","draw","n_stitched","mean_gen","var_gen","time_period","mean_target","var_target","bias","E1","E2"
0.1,"with_ssp126",187,11,0.0757419688375921,0.841958599994882,"hist+future",0.0573355284352127,0.839525692055952,0.0184064404023794,0.0219248089445638,1.00289795531209
0.1,"without_ssp126",187,10,0.063837342824197,0.852518530114519,"hist+future",0.0573355284352127,0.839525692055952,0.00650181438898433,0.00774462824724488,1.01547640314229
0.1,"with_ssp126",187,11,-0.496788143709713,0.246628422061085,"hist",-0.512099442080232,0.252552251192804,0.0153112983705188,0.0606262597074608,0.976544144414709
0.1,"without_ssp126",187,10,-0.513260309587595,0.250608863808099,"hist",-0.512099442080232,0.252552251192804,0.00116086750736377,0.00459654389094136,0.992305008664437
0.1,"with_ssp126",187,11,1.17420090570161,0.340891244019265,"future",1.14985611140089,0.344006334614739,0.0243447943007167,0.0707684477030953,0.990944670832986
0.1,"without_ssp126",187,10,1.17105958291659,0.367664876506869,"future",1.14985611140089,0.344006334614739,0.0212034715156988,0.0616368635753323,1.06877356464562
