"tol","archive","draw","n_stitched","mean_gen","var_gen","time_period","mean_target","var_target","bias","E1","E2"
0.1,"with_ssp370",113,10,0.3236145449611,1.31988243806201,"hist+future",0.321521785460596,1.32469738968709,0.00209275950050353,0.00157980193574463,0.996365244120983
0.1,"without_ssp370",113,9,0.31831539128758,1.32689134207795,"hist+future",0.321521785460596,1.32469738968709,0.00320639417301566,0.00242047293063139,1.00165619137468
0.1,"with_ssp370",113,10,-0.506578179302282,0.248819574677234,"hist",-0.512099442080232,0.252552251192804,0.0055212627779494,0.0218618632456154,0.985220181178586
0.1,"without_ssp370",113,9,-0.517846810369991,0.249767897704797,"hist",-0.512099442080232,0.252552251192804,0.00574736828975952,0.0227571453535445,0.988975138907467
0.1,"with_ssp370",113,10,1.91642616709433,1.05148956919185,"future",1.92091134992846,1.05225971735422,0.00448518283413102,0.00426242947454878,0.999268100688762
0.1,"without_ssp370",113,9,1.92258008051432,1.050268553436,"future",1.92091134992846,1.05225971735422,0.00166873058585315,0.00158585428894776,0.998107725796792
