"tol","archive","draw","n_stitched","mean_gen","var_gen","time_period","mean_target","var_target","bias","E1","E2"
0.1,"with_ssp370",65,9,0.315200087664497,1.32652430424461,"hist+future",0.321521785460596,1.32469738968709,0.00632169779609931,0.00477218257189484,1.00137911840979
0.1,"without_ssp370",65,9,0.318938793049747,1.32414892842095,"hist+future",0.321521785460596,1.32469738968709,0.00258299241084903,0.00194987355675183,0.999585972411202
0.1,"with_ssp370",65,9,-0.520019616040194,0.251668293287335,"hist",-0.512099442080232,0.252552251192804,0.00792017395996203,0.0313605359784166,0.996499900906471
0.1,"without_ssp370",65,9,-0.514393691630847,0.253624738146874,"hist",-0.512099442080232,0.252552251192804,0.00229424955061508,0.0090842569796125,1.00424659431466
0.1,"with_ssp370",65,9,1.91765649593512,1.05224623821289,"future",1.92091134992846,1.05225971735422,0.00325485399333947,0.00309320402526041,0.999987190290469
0.1,"without_ssp370",65,9,1.91777437412298,1.05099371366599,"future",1.92091134992846,1.05225971735422,0.00313697580548378,0.00298118017229749,0.998796871468754
