"tol","archive","draw","n_stitched","mean_gen","var_gen","time_period","mean_target","var_target","bias","E1","E2"
0.1,"with_ssp370",97,10,0.32477095741341,1.32173446809746,"hist+future",0.321521785460596,1.32469738968709,0.00324917195281349,0.00245276542258529,0.997763321938508
0.1,"without_ssp370",97,8,0.308458666415232,1.32455228431981,"hist+future",0.321521785460596,1.32469738968709,0.0130631190453646,0.00986120992391348,0.999890461498291
0.1,"with_ssp370",97,10,-0.506397467848109,0.250405116184297,"hist",-0.512099442080232,0.252552251192804,0.00570197423212238,0.0225774041022876,0.9914982543281
0.1,"without_ssp370",97,8,-0.525905753044232,0.254309712767729,"hist",-0.512099442080232,0.252552251192804,0.013806310964001,0.0546671466945703,1.00695880383811
0.1,"with_ssp370",97,10,1.91945456401981,1.05323930598873,"future",1.92091134992846,1.05225971735422,0.00145678590865139,0.00138443569075732,1.00093093807389
0.1,"without_ssp370",97,8,1.9092741223549,1.04751879856416,"future",1.92091134992846,1.05225971735422,0.0116372275735623,0.0110592730878482,0.995494535510698
