"tol","archive","draw","n_stitched","mean_gen","var_gen","time_period","mean_target","var_target","bias","E1","E2"
0.1,"with_ssp126",153,11,0.0667688794348899,0.841023747412768,"hist+future",0.0573355284352127,0.839525692055952,0.00943335099967719,0.0112365244910795,1.00178440680374
0.1,"without_ssp126",153,10,0.0510304513088641,0.850502595059724,"hist+future",0.0573355284352127,0.839525692055952,0.0063050771263486,0.00751028489778296,1.01307512457051
0.1,"with_ssp126",153,11,-0.504803984070658,0.246749800771043,"hist",-0.512099442080232,0.252552251192804,0.00729545800957354,0.028886925280282,0.977024752722035
0.1,"without_ssp126",153,10,-0.523157575896103,0.257333596229341,"hist",-0.512099442080232,0.252552251192804,0.011058133815872,0.0437855285931699,1.01893210222421
0.1,"with_ssp126",153,11,1.16339123383507,0.342980916688945,"future",1.14985611140089,0.344006334614739,0.0135351224341782,0.0393455616139642,0.997019188827025
0.1,"without_ssp126",153,10,1.1526702709463,0.370637442459447,"future",1.14985611140089,0.344006334614739,0.0028141595454112,0.00818054571164465,1.07741458561957
