"tol","archive","draw","n_stitched","mean_gen","var_gen","time_period","mean_target","var_target","bias","E1","E2"
0.1,"with_ssp370",16,10,0.304490081909976,1.32171142840636,"hist+future",0.321521785460596,1.32469738968709,0.0170317035506206,0.0128570522469616,0.997745929520224
0.1,"without_ssp370",16,9,0.340346145201411,1.33213029245752,"hist+future",0.321521785460596,1.32469738968709,0.0188243597408152,0.014210309378855,1.00561101941341
0.1,"with_ssp370",16,10,-0.526706364968984,0.247741021402147,"hist",-0.512099442080232,0.252552251192804,0.014606922888753,0.0578372309879025,0.980949566800797
0.1,"without_ssp370",16,9,-0.496630826668326,0.251892425968606,"hist",-0.512099442080232,0.252552251192804,0.0154686154119059,0.0612491685932224,0.997387371440637
0.1,"with_ssp370",16,10,1.89922745092193,1.05423982702273,"future",1.92091134992846,1.05225971735422,0.0216838990065296,0.0206069838547569,1.0018817689548
0.1,"without_ssp370",16,9,1.94617405634684,1.06492564600167,"future",1.92091134992846,1.05225971735422,0.0252627064183737,0.0240080523864333,1.01203688446736
