"tol","archive","draw","n_stitched","mean_gen","var_gen","time_period","mean_target","var_target","bias","E1","E2"
0.1,"with_ssp370",28,10,0.322598496006374,1.32146512659157,"hist+future",0.321521785460596,1.32469738968709,0.00107671054577818,0.000812797363503912,0.997559998894326
0.1,"without_ssp370",28,9,0.324010028755315,1.32509856298816,"hist+future",0.321521785460596,1.32469738968709,0.00248824329471842,0.0018783484545902,1.00030284146718
0.1,"with_ssp370",28,10,-0.508407617856003,0.253319317877105,"hist",-0.512099442080232,0.252552251192804,0.00369182422422865,0.014618061041991,1.00303725934209
0.1,"without_ssp370",28,9,-0.512277312083745,0.255936699475064,"hist",-0.512099442080232,0.252552251192804,0.000177870003513436,0.000704289914951684,1.01340098243542
0.1,"with_ssp370",28,10,1.91697069120745,1.05163116898375,"future",1.92091134992846,1.05225971735422,0.00394065872101623,0.00374494875744605,0.999402668029471
0.1,"without_ssp370",28,9,1.9285148105977,1.04019877700757,"future",1.92091134992846,1.05225971735422,0.00760346066923301,0.007225840297632,0.9885380575273
