"tol","archive","draw","n_stitched","mean_gen","var_gen","time_period","mean_target","var_target","bias","E1","E2"
0.1,"with_ssp245",50,11,0.190739712335109,1.07929449032555,"hist+future",0.175822310447923,1.08019275864387,0.0149174018871861,0.0138099443528155,0.999168418496492
0.1,"without_ssp245",50,7,0.12426946703845,1.07533859658993,"hist+future",0.175822310447923,1.08019275864387,0.0515528434094733,0.0477255961928458,0.995506207558707
0.1,"with_ssp245",50,11,-0.520646184546462,0.255943653128647,"hist",-0.535322134057386,0.263759506318041,0.0146759495109233,0.0556414049896919,0.970367501446678
0.1,"without_ssp245",50,7,-0.585765272502495,0.269182252279929,"hist",-0.535322134057386,0.263759506318041,0.0504431384451089,0.19124671239066,1.02055943324124
0.1,"with_ssp245",50,11,1.5556080028637,0.663039223642683,"future",1.54022734932439,0.662927335954257,0.0153806535393182,0.0232011152733328,1.00016877820895
0.1,"without_ssp245",50,7,1.48654542080887,0.641670968948491,"future",1.54022734932439,0.662927335954257,0.053681928515521,0.0809770929693946,0.967935600400052
