"tol","archive","draw","n_stitched","mean_gen","var_gen","time_period","mean_target","var_target","bias","E1","E2"
0.1,"with_ssp370",9,10,0.327849771631226,1.32044255548818,"hist+future",-0.0246924640321492,1.12633698279611,0.352542235663376,0.312998899128922,1.17233348070504
0.1,"without_ssp370",9,9,0.327473840853205,1.32912654629687,"hist+future",-0.0246924640321492,1.12633698279611,0.352166304885354,0.312665135092259,1.18004342092837
0.1,"with_ssp370",9,10,-0.502441732081118,0.250094518159182,"hist",-0.531728609488551,0.259011752207887,0.0292868774074327,0.113071616086079,0.965572087086044
0.1,"without_ssp370",9,9,-0.511329858020273,0.255060881561508,"hist",-0.531728609488551,0.259011752207887,0.0203987514682779,0.0787560845961364,0.984746365318559
0.1,"with_ssp370",9,10,1.92085091247468,1.0525252040015,"future",1.92091134992846,1.05225971735422,6.04374537847008e-05,5.74358713803691e-05,1.00025230144507
0.1,"without_ssp370",9,9,1.93680651892441,1.04425511949541,"future",1.92091134992846,1.05225971735422,0.0158951689959508,0.0151057469309166,0.992392944701007
