"tol","archive","draw","n_stitched","mean_gen","var_gen","time_period","mean_target","var_target","bias","E1","E2"
0.1,"with_ssp126",190,12,0.0720878003555517,0.843489286052498,"hist+future",0.0573355284352127,0.839525692055952,0.014752271920339,0.0175721506321164,1.00472123013513
0.1,"without_ssp126",190,9,0.0641174462970771,0.859349411974772,"hist+future",0.0573355284352127,0.839525692055952,0.00678191786186436,0.00807827315594812,1.02361299970496
0.1,"with_ssp126",190,12,-0.501779801750516,0.246839322435741,"hist",-0.512099442080232,0.252552251192804,0.0103196403297157,0.0408614070196405,0.977379220616403
0.1,"without_ssp126",190,9,-0.517441307621403,0.251337698758453,"hist",-0.512099442080232,0.252552251192804,0.00534186554117144,0.0211515261334707,0.995190886525009
0.1,"with_ssp126",190,12,1.17311285090789,0.339107969060836,"future",1.14985611140089,0.344006334614739,0.023256739507,0.0676055559646766,0.985760827458632
0.1,"without_ssp126",190,9,1.17989877648951,0.373608445796405,"future",1.14985611140089,0.344006334614739,0.0300426650886192,0.0873317205692293,1.0860510641899
