"tol","archive","draw","n_stitched","mean_gen","var_gen","time_period","mean_target","var_target","bias","E1","E2"
0.1,"with_ssp126",148,12,0.0741226625544776,0.842163644377731,"hist+future",0.0573355284352127,0.839525692055952,0.0167871341192649,0.0199959742484523,1.00314219367762
0.1,"without_ssp126",148,10,0.063950157223579,0.849988541183565,"hist+future",0.0573355284352127,0.839525692055952,0.00661462878836628,0.00787900698091492,1.01246280992544
0.1,"with_ssp126",148,12,-0.498742718617968,0.247411819000817,"hist",-0.512099442080232,0.252552251192804,0.013356723462264,0.0528869705147358,0.979646064655103
0.1,"without_ssp126",148,10,-0.51157306298266,0.250785533245736,"hist",-0.512099442080232,0.252552251192804,0.000526379097571139,0.00208423839061046,0.993004544846765
0.1,"with_ssp126",148,12,1.17322484736208,0.338181748179531,"future",1.14985611140089,0.344006334614739,0.0233687359611854,0.0679311210572811,0.983068374477084
0.1,"without_ssp126",148,10,1.16815168436346,0.364142913065269,"future",1.14985611140089,0.344006334614739,0.0182955729625662,0.0531838257660455,1.05853548735689
