"tol","archive","draw","n_stitched","mean_gen","var_gen","time_period","mean_target","var_target","bias","E1","E2"
0.1,"with_ssp126",161,12,0.069124717610499,0.841760080482518,"hist+future",0.0573355284352127,0.839525692055952,0.0117891891752863,0.0140426782489708,1.00266148903805
0.1,"without_ssp126",161,9,0.0406692618258747,0.849582133414819,"hist+future",0.0573355284352127,0.839525692055952,0.016666266609338,0.0198520030620185,1.01197871780939
0.1,"with_ssp126",161,12,-0.503792884532428,0.246693270221739,"hist",-0.512099442080232,0.252552251192804,0.00830655754780352,0.0328904514157829,0.976800915678267
0.1,"without_ssp126",161,9,-0.533275785027093,0.254724358976729,"hist",-0.512099442080232,0.252552251192804,0.0211763429468612,0.0838493533391422,1.00860062729065
0.1,"with_ssp126",161,12,1.16832709381495,0.335750432480599,"future",1.14985611140089,0.344006334614739,0.0184709824140612,0.0536937275726253,0.976000726430267
0.1,"without_ssp126",161,9,1.14184289822982,0.369949927295658,"future",1.14985611140089,0.344006334614739,0.00801321317106662,0.0232937953890902,1.07541603182969
