"tol","archive","draw","n_stitched","mean_gen","var_gen","time_period","mean_target","var_target","bias","E1","E2"
0.1,"with_ssp126",198,11,0.0754819343280314,0.842850858677192,"hist+future",0.0573355284352127,0.839525692055952,0.0181464058928187,0.0216150691569417,1.00396076814885
0.1,"without_ssp126",198,10,0.0693685725026851,0.853351771923498,"hist+future",0.0573355284352127,0.839525692055952,0.0120330440674724,0.0143331457051709,1.01646891810266
0.1,"with_ssp126",198,11,-0.497722327100776,0.250040485487233,"hist",-0.512099442080232,0.252552251192804,0.0143771149794555,0.0569272889532857,0.990054471129409
0.1,"without_ssp126",198,10,-0.506923837508689,0.249074518317315,"hist",-0.512099442080232,0.252552251192804,0.00517560457154265,0.0204932030781681,0.986229650066219
0.1,"with_ssp126",198,11,1.17523429637167,0.33617648341408,"future",1.14985611140089,0.344006334614739,0.025378184970783,0.0737724350314789,0.97723922377933
0.1,"without_ssp126",198,10,1.17504587078032,0.382109556233278,"future",1.14985611140089,0.344006334614739,0.0251897593794306,0.0732246963057851,1.11076313946722
