"tol","archive","draw","n_stitched","mean_gen","var_gen","time_period","mean_target","var_target","bias","E1","E2"
0.1,"with_ssp245",144,11,0.186121819198701,1.07965781905777,"hist+future",0.175822310447923,1.08019275864387,0.0102995087507778,0.00953488038904127,0.999504773956482
0.1,"without_ssp245",144,8,0.152322179119554,1.07152779809014,"hist+future",0.175822310447923,1.08019275864387,0.0235001313283686,0.021755497933417,0.991978320087423
0.1,"with_ssp245",144,11,-0.526482001483655,0.259548726163511,"hist",-0.535322134057386,0.263759506318041,0.00884013257373051,0.0335158823169432,0.984035532165986
0.1,"without_ssp245",144,8,-0.552447287574247,0.269571270841218,"hist",-0.535322134057386,0.263759506318041,0.0171251535168611,0.0649271518434356,1.02203433197274
0.1,"with_ssp245",144,11,1.55332682399624,0.654692950453155,"future",1.54022734932439,0.662927335954257,0.0130994746718569,0.0197600460282736,0.987578751011604
0.1,"without_ssp245",144,8,1.5044961559158,0.655250031317938,"future",1.54022734932439,0.662927335954257,0.0357311934085867,0.0538991100090224,0.988419085742983
