"tol","archive","draw","n_stitched","mean_gen","var_gen","time_period","mean_target","var_target","bias","E1","E2"
0.1,"with_ssp245",190,11,0.187400883010731,1.0830967588725,"hist+future",0.175822310447923,1.08019275864387,0.0115785725628085,0.0107189873938286,1.00268840927269
0.1,"without_ssp245",190,8,0.15037468838983,1.07565660557597,"hist+future",0.175822310447923,1.08019275864387,0.0254476220580931,0.0235584083067188,0.995800607778938
0.1,"with_ssp245",190,11,-0.52677411726879,0.255246899371322,"hist",-0.535322134057386,0.263759506318041,0.00854801678859607,0.0324083742342499,0.967725876251625
0.1,"without_ssp245",190,8,-0.55699611244598,0.27284741956032,"hist",-0.535322134057386,0.263759506318041,0.0216739783885944,0.0821732596149916,1.0344553012293
0.1,"with_ssp245",190,11,1.55762036029121,0.664853506184701,"future",1.54022734932439,0.662927335954257,0.0173930109668208,0.0262366778732759,1.00290555257866
0.1,"without_ssp245",190,8,1.50753959697016,0.656688598417202,"future",1.54022734932439,0.662927335954257,0.0326877523542244,0.0493081980201822,0.990589108038402
