"tol","archive","draw","n_stitched","mean_gen","var_gen","time_period","mean_target","var_target","bias","E1","E2"
0.1,"with_ssp370",10,10,0.32224677581655,1.32191847467473,"hist+future",0.321521785460596,1.32469738968709,0.000724990355953747,0.000547287525134325,0.997902226550766
0.1,"without_ssp370",10,9,0.312108260685986,1.31840043967643,"hist+future",0.321521785460596,1.32469738968709,0.00941352477460983,0.00710616994333583,0.995246499268675
0.1,"with_ssp370",10,10,-0.510358294517904,0.249224590504719,"hist",-0.512099442080232,0.252552251192804,0.00174114756232768,0.00689420725455523,0.986823872397222
0.1,"without_ssp370",10,9,-0.519396146317525,0.252788821731535,"hist",-0.512099442080232,0.252552251192804,0.00729670423729312,0.0288918598144772,1.0009367191843
0.1,"with_ssp370",10,10,1.91968673634196,1.04807728562852,"future",1.92091134992846,1.05225971735422,0.00122461358650794,0.00116379403897269,0.996025285719179
0.1,"without_ssp370",10,9,1.90743648342528,1.03831186321836,"future",1.92091134992846,1.05225971735422,0.0134748665031827,0.012805647009907,0.986744855945891
