"tol","archive","draw","n_stitched","mean_gen","var_gen","time_period","mean_target","var_target","bias","E1","E2"
0.1,"with_ssp370",156,9,0.315638194893588,1.32546857991342,"hist+future",0.321521785460596,1.32469738968709,0.00588359056700821,0.00444146007443858,1.00058216331695
0.1,"without_ssp370",156,8,0.337842692416227,1.32976054220636,"hist+future",0.321521785460596,1.32469738968709,0.0163209069556307,0.0123204794413355,1.0038221200998
0.1,"with_ssp370",156,9,-0.520448483237638,0.251732859027809,"hist",-0.512099442080232,0.252552251192804,0.0083490411574062,0.0330586685249238,0.996755553905675
0.1,"without_ssp370",156,8,-0.49978768713708,0.247637837617172,"hist",-0.512099442080232,0.252552251192804,0.0123117549431511,0.0487493375529328,0.980541002693812
0.1,"with_ssp370",156,9,1.9197579843314,1.04444104309977,"future",1.92091134992846,1.05225971735422,0.00115336559705859,0.001096084529358,0.992569634544105
0.1,"without_ssp370",156,8,1.94492423458246,1.05522010120358,"future",1.92091134992846,1.05225971735422,0.0240128846539924,0.0228203021154985,1.00281335852787
