"tol","archive","draw","n_stitched","mean_gen","var_gen","time_period","mean_target","var_target","bias","E1","E2"
0.1,"with_ssp126",10,11,0.0677869939625415,0.842536126203518,"hist+future",0.0573355284352127,0.839525692055952,0.0104514655273288,0.0124492503638975,1.00358587494826
0.1,"without_ssp126",10,9,0.0633336670806513,0.857767733286191,"hist+future",0.0573355284352127,0.839525692055952,0.00599813864543858,0.00714467550212725,1.02172898507199
0.1,"with_ssp126",10,11,-0.505618911244922,0.247482208556568,"hist",-0.512099442080232,0.252552251192804,0.00648053083530986,0.025660158659059,0.97992477749737
0.1,"without_ssp126",10,9,-0.516439165963625,0.255013481827294,"hist",-0.512099442080232,0.252552251192804,0.00433972388339388,0.0171834694123587,1.00974543138248
0.1,"with_ssp126",10,11,1.16792623069779,0.335577980240818,"future",1.14985611140089,0.344006334614739,0.0180701192969002,0.0525284492715441,0.975499421011069
0.1,"without_ssp126",10,9,1.17568852117723,0.373772090548216,"future",1.14985611140089,0.344006334614739,0.0258324097763381,0.0750928316633133,1.08652676691786
