"tol","archive","draw","n_stitched","mean_gen","var_gen","time_period","mean_target","var_target","bias","E1","E2"
0.1,"with_ssp126",166,11,0.0673894292110664,0.843496137182251,"hist+future",0.0573355284352127,0.839525692055952,0.0100539007758537,0.0119756915970401,1.00472939084994
0.1,"without_ssp126",166,8,0.0549602694107856,0.859554443963533,"hist+future",0.0573355284352127,0.839525692055952,0.00237525902442709,0.00282928687817786,1.02385722330728
0.1,"with_ssp126",166,11,-0.506141922400872,0.249751137487057,"hist",-0.512099442080232,0.252552251192804,0.0059575196793592,0.0235892558914911,0.98890877554044
0.1,"without_ssp126",166,8,-0.527600647467814,0.250168172490013,"hist",-0.512099442080232,0.252552251192804,0.0155012053875826,0.0613782111003581,0.990560057605779
0.1,"with_ssp126",166,11,1.16776934800141,0.338183058729201,"future",1.14985611140089,0.344006334614739,0.0179132366005235,0.0520724033195055,0.983072184144341
0.1,"without_ssp126",166,8,1.17266435411973,0.367573172672907,"future",1.14985611140089,0.344006334614739,0.0228082427188363,0.0663018102395695,1.06850698864182
