"tol","archive","draw","n_stitched","mean_gen","var_gen","time_period","mean_target","var_target","bias","E1","E2"
0.1,"with_ssp245",67,11,0.194662196341777,1.07698274592188,"hist+future",0.175822310447923,1.08019275864387,0.0188398858938543,0.0174412258766731,0.997028296388491
0.1,"without_ssp245",67,7,0.165913838711293,1.07671223070919,"hist+future",0.175822310447923,1.08019275864387,0.00990847173662965,0.00917287369068211,0.996777864036925
0.1,"with_ssp245",67,11,-0.514257949069437,0.254129371145061,"hist",-0.535322134057386,0.263759506318041,0.021064184987949,0.0798613300502233,0.963488955118954
0.1,"without_ssp245",67,7,-0.543820203751625,0.260236244632174,"hist",-0.535322134057386,0.263759506318041,0.00849806969423883,0.0322190081899526,0.986642143310585
0.1,"with_ssp245",67,11,1.55479968463073,0.668184220590883,"future",1.54022734932439,0.662927335954257,0.0145723353063472,0.0219817987824727,1.00792980520114
0.1,"without_ssp245",67,7,1.52761287366922,0.657166285381177,"future",1.54022734932439,0.662927335954257,0.0126144756551703,0.0190284439500631,0.991309680170621
