"tol","archive","draw","n_stitched","mean_gen","var_gen","time_period","mean_target","var_target","bias","E1","E2"
0.1,"with_ssp245",91,11,0.181603935206826,1.07474799290113,"hist+future",0.175822310447923,1.08019275864387,0.00578162475890279,0.00535240096051131,0.99495944987673
0.1,"without_ssp245",91,7,0.157644392384572,1.07826243517063,"hist+future",0.175822310447923,1.08019275864387,0.0181779180633512,0.0168284020772114,0.998212982398012
0.1,"with_ssp245",91,11,-0.526303085720152,0.257609353147107,"hist",-0.535322134057386,0.263759506318041,0.00901904833723388,0.0341942114736851,0.976682724134622
0.1,"without_ssp245",91,7,-0.552437612171361,0.269047240814019,"hist",-0.535322134057386,0.263759506318041,0.0171154781139757,0.0648904691736036,1.02004755987677
0.1,"with_ssp245",91,11,1.53979763814812,0.661100544644,"future",1.54022734932439,0.662927335954257,0.000429711176267444,0.00064820252984272,0.997244356641851
0.1,"without_ssp245",91,7,1.52001102903258,0.65566957918086,"future",1.54022734932439,0.662927335954257,0.020216320291804,0.0304955297441512,0.989051957311506
