"tol","archive","draw","n_stitched","mean_gen","var_gen","time_period","mean_target","var_target","bias","E1","E2"
0.1,"with_ssp245",4,11,0.195325949357861,1.0819249100051,"hist+future",NA,NA,NA,NA,NA
0.1,"without_ssp245",4,8,0.123677776012358,1.06869924293601,"hist+future",NA,NA,NA,NA,NA
0.1,"with_ssp245",4,11,-0.518709289102399,0.257310481854959,"hist",-0.531728609488551,0.259011752207887,0.0130193203861525,0.0502653654715366,0.993431686638054
0.1,"without_ssp245",4,8,-0.58011371818718,0.274853035688779,"hist",-0.531728609488551,0.259011752207887,0.0483851086986289,0.186806615090555,1.06116048150656
0.1,"with_ssp245",4,11,1.56527727896185,0.65856577895198,"future",NA,NA,NA,NA,NA
0.1,"without_ssp245",4,8,1.4739754102324,0.643328293971911,"future",NA,NA,NA,NA,NA
