"tol","archive","draw","n_stitched","mean_gen","var_gen","time_period","mean_target","var_target","bias","E1","E2"
0.1,"with_ssp126",75,11,0.0736327622460339,0.844172875160259,"hist+future",0.0573355284352127,0.839525692055952,0.0162972338108212,0.0194124300959869,1.0055354864637
0.1,"without_ssp126",75,9,0.0630607404560948,0.856522252220678,"hist+future",0.0573355284352127,0.839525692055952,0.00572521202088212,0.00681957928751577,1.02024543182604
0.1,"with_ssp126",75,11,-0.499367727449809,0.253376440533891,"hist",-0.512099442080232,0.252552251192804,0.0127317146304223,0.0504122001300341,1.00326344088083
0.1,"without_ssp126",75,9,-0.51654801795597,0.253282359082667,"hist",-0.512099442080232,0.252552251192804,0.00444857587573833,0.017614477220962,1.00289091816214
0.1,"with_ssp126",75,11,1.17299416689504,0.342948992165941,"future",1.14985611140089,0.344006334614739,0.0231380554941447,0.0672605506525267,0.996926386689994
0.1,"without_ssp126",75,9,1.17510080020017,0.369086112424689,"future",1.14985611140089,0.344006334614739,0.0252446887992819,0.0733843719115056,1.0729049883283
