"tol","archive","draw","n_stitched","mean_gen","var_gen","time_period","mean_target","var_target","bias","E1","E2"
0.1,"with_ssp126",128,11,0.0620123698073271,0.845879730268495,"hist+future",0.0573355284352127,0.839525692055952,0.00467684137211439,0.00557081387308239,1.00756860483564
0.1,"without_ssp126",128,9,0.0833867465151174,0.861985332707826,"hist+future",0.0573355284352127,0.839525692055952,0.0260512180799047,0.0310308765132688,1.02675277345816
0.1,"with_ssp126",128,11,-0.511692542603031,0.254722815954962,"hist",-0.512099442080232,0.252552251192804,0.000406899477200962,0.00161114967409388,1.00859451757767
0.1,"without_ssp126",128,9,-0.500077809237552,0.25394662277804,"hist",-0.512099442080232,0.252552251192804,0.01202163284268,0.0476005768544997,1.00552112118839
0.1,"with_ssp126",128,11,1.16272528315278,0.346695741880424,"future",1.14985611140089,0.344006334614739,0.0128691717518903,0.0374096941159609,1.00781790041365
0.1,"without_ssp126",128,9,1.20282455697082,0.37129146979963,"future",1.14985611140089,0.344006334614739,0.0529684455699291,0.153975204059105,1.07931579287762
