"tol","archive","draw","n_stitched","mean_gen","var_gen","time_period","mean_target","var_target","bias","E1","E2"
0.1,"with_ssp370",72,10,0.323424313383991,1.32089337585031,"hist+future",0.321521785460596,1.32469738968709,0.00190252792339485,0.00143619813717928,0.997128390327935
0.1,"without_ssp370",72,8,0.307010099453452,1.32192507201468,"hist+future",0.321521785460596,1.32469738968709,0.0145116860071438,0.0109547177492149,0.997907206812672
0.1,"with_ssp370",72,10,-0.509073230478758,0.24993890974203,"hist",-0.512099442080232,0.252552251192804,0.00302621160147376,0.0119825168343619,0.989652274179179
0.1,"without_ssp370",72,8,-0.52716787274449,0.252539372126002,"hist",-0.512099442080232,0.252552251192804,0.0150684306642589,0.0596646064055684,0.999949004347649
0.1,"with_ssp370",72,10,1.92065797312066,1.04444831715893,"future",1.92091134992846,1.05225971735422,0.000253376807803019,0.000240793032009344,0.992576547342383
0.1,"without_ssp370",72,8,1.90746783680997,1.03944739500047,"future",1.92091134992846,1.05225971735422,0.0134435131184927,0.0127758507683775,0.987823992363811
