"tol","archive","draw","n_stitched","mean_gen","var_gen","time_period","mean_target","var_target","bias","E1","E2"
0.1,"with_ssp126",146,11,0.0704609993551509,0.843505178423033,"hist+future",0.0573355284352127,0.839525692055952,0.0131254709199382,0.0156343886126875,1.00474016031283
0.1,"without_ssp126",146,9,0.0840438615088994,0.858828553324885,"hist+future",0.0573355284352127,0.839525692055952,0.0267083330736867,0.0318135982334018,1.02299257956199
0.1,"with_ssp126",146,11,-0.503280302363369,0.248613451141924,"hist",-0.512099442080232,0.252552251192804,0.00881913971686277,0.0349200598102372,0.984404019238487
0.1,"without_ssp126",146,9,-0.499141587690748,0.244472396752018,"hist",-0.512099442080232,0.252552251192804,0.0129578543894837,0.0513076178425802,0.968007196916182
0.1,"with_ssp126",146,11,1.1712437293965,0.337861628951873,"future",1.14985611140089,0.344006334614739,0.0213876179956063,0.0621721632526296,0.98213781246282
0.1,"without_ssp126",146,9,1.2029461768338,0.364527881828781,"future",1.14985611140089,0.344006334614739,0.0530900654329132,0.154328743662148,1.05965456199237
