"tol","archive","draw","n_stitched","mean_gen","var_gen","time_period","mean_target","var_target","bias","E1","E2"
0.1,"with_ssp126",36,11,0.0698294848678349,0.840467879983361,"hist+future",0.0573355284352127,0.839525692055952,0.0124939564326222,0.0148821609044807,1.00112228599592
0.1,"without_ssp126",36,10,0.069655296144747,0.855467205573248,"hist+future",0.0573355284352127,0.839525692055952,0.0123197677095343,0.014674676220288,1.01898871430397
0.1,"with_ssp126",36,11,-0.501383348197131,0.248208795424374,"hist",-0.512099442080232,0.252552251192804,0.0107160938831008,0.0424311952575703,0.982801753902745
0.1,"without_ssp126",36,10,-0.509377068838827,0.25076770607247,"hist",-0.512099442080232,0.252552251192804,0.00272237324140434,0.0107794455545202,0.992933956787533
0.1,"with_ssp126",36,11,1.16576108319015,0.340332438438556,"future",1.14985611140089,0.344006334614739,0.0159049717892621,0.0462345317189419,0.989320265918076
0.1,"without_ssp126",36,10,1.18058948477602,0.370398467575274,"future",1.14985611140089,0.344006334614739,0.0307333733751323,0.0893395565216882,1.07671990398111
