"tol","archive","draw","n_stitched","mean_gen","var_gen","time_period","mean_target","var_target","bias","E1","E2"
0.1,"with_ssp126",76,11,0.0766322469703968,0.840863633715487,"hist+future",0.0573355284352127,0.839525692055952,0.0192967185351841,0.0229852626522096,1.0015936875693
0.1,"without_ssp126",76,10,0.0528154436505586,0.847082084997477,"hist+future",0.0573355284352127,0.839525692055952,0.00452008478465409,0.00538409345589491,1.00900078819866
0.1,"with_ssp126",76,11,-0.494180186741223,0.250851758042751,"hist",-0.512099442080232,0.252552251192804,0.0179192553390084,0.0709526652578854,0.993266767007534
0.1,"without_ssp126",76,10,-0.519386258990504,0.258642483412286,"hist",-0.512099442080232,0.252552251192804,0.00728681691027278,0.0288527101851484,1.02411474136824
0.1,"with_ssp126",76,11,1.17179563723106,0.343221299078452,"future",1.14985611140089,0.344006334614739,0.0219395258301724,0.0637765169491516,0.997717961975419
0.1,"without_ssp126",76,10,1.15064429174097,0.363154668723676,"future",1.14985611140089,0.344006334614739,0.000788180340079325,0.00229117972772806,1.05566273693879
