"tol","archive","draw","n_stitched","mean_gen","var_gen","time_period","mean_target","var_target","bias","E1","E2"
0.1,"with_ssp370",177,10,0.302746808604345,1.32812783595542,"hist+future",0.321521785460596,1.32469738968709,0.0187749768562512,0.0141730307634154,1.00258960747944
0.1,"without_ssp370",177,9,0.338792902250124,1.32647375124789,"hist+future",0.321521785460596,1.32469738968709,0.0172711167895276,0.0130377827600364,1.0013409564891
0.1,"with_ssp370",177,10,-0.531981970527994,0.25622222105732,"hist",-0.512099442080232,0.252552251192804,0.0198825284477629,0.0787263956423187,1.01453152702929
0.1,"without_ssp370",177,9,-0.496833622053629,0.252950550658871,"hist",-0.512099442080232,0.252552251192804,0.0152658200266027,0.0604461847182207,1.00157709727071
0.1,"with_ssp370",177,10,1.90426132670709,1.05824754141386,"future",1.92091134992846,1.05225971735422,0.016650023221374,0.0158231118675135,1.00569044311104
0.1,"without_ssp370",177,9,1.9420298384143,1.04965564582845,"future",1.92091134992846,1.05225971735422,0.0211184884858369,0.0200696540383934,0.997525257802013
