"tol","archive","draw","n_stitched","mean_gen","var_gen","time_period","mean_target","var_target","bias","E1","E2"
0.1,"with_ssp245",8,11,0.193388614285209,1.08172399861879,"hist+future",0.175822310447923,1.08019275864387,0.0175663038372859,0.0162621936656376,1.00141756178485
0.1,"without_ssp245",8,8,0.140159613808634,1.07146866171143,"hist+future",0.175822310447923,1.08019275864387,0.0356626966392891,0.0330151228601662,0.991923573952312
0.1,"with_ssp245",8,11,-0.518291246599896,0.257826413144068,"hist",-0.535322134057386,0.263759506318041,0.01703088745749,0.0645697578647808,0.977505670765021
0.1,"without_ssp245",8,8,-0.564877685253492,0.271155835832503,"hist",-0.535322134057386,0.263759506318041,0.0295555511961063,0.112054923095239,1.02804194479172
0.1,"with_ssp245",8,11,1.55882090551826,0.671381536562956,"future",1.54022734932439,0.662927335954257,0.0185935561938708,0.0280476534688468,1.01275283149477
0.1,"without_ssp245",8,8,1.49284745503248,0.652088858123099,"future",1.54022734932439,0.662927335954257,0.0473798942919073,0.0714707204277612,0.983650579417491
