"tol","archive","draw","n_stitched","mean_gen","var_gen","time_period","mean_target","var_target","bias","E1","E2"
0.1,"with_ssp245",34,11,0.190474700250856,1.07555947168246,"hist+future",0.175822310447923,1.08019275864387,0.0146523898029328,0.0135646065812627,0.995710685038079
0.1,"without_ssp245",34,8,0.143976115982455,1.07333016798978,"hist+future",0.175822310447923,1.08019275864387,0.0318461944654681,0.0294819551516431,0.993646883300071
0.1,"with_ssp245",34,11,-0.519245744654773,0.2506618599862,"hist",-0.535322134057386,0.263759506318041,0.016076389402613,0.0609509383264773,0.950342467216905
0.1,"without_ssp245",34,8,-0.563289753800314,0.269751172918245,"hist",-0.535322134057386,0.263759506318041,0.0279676197429278,0.106034546899722,1.02271640057204
0.1,"with_ssp245",34,11,1.55214764687212,0.659179851728596,"future",1.54022734932439,0.662927335954257,0.0119202975477324,0.0179813033815744,0.994347066379052
0.1,"without_ssp245",34,8,1.50093970335637,0.648608043185824,"future",1.54022734932439,0.662927335954257,0.0392876459680163,0.0592638798209509,0.978399906005051
