"tol","archive","draw","n_stitched","mean_gen","var_gen","time_period","mean_target","var_target","bias","E1","E2"
0.1,"with_ssp370",89,10,0.324540383202179,1.32204879221132,"hist+future",0.321521785460596,1.32469738968709,0.00301859774158303,0.00227870739769183,0.998000601876027
0.1,"without_ssp370",89,8,0.316034540726486,1.31684494164788,"hist+future",0.321521785460596,1.32469738968709,0.00548724473411033,0.00414226281174034,0.994072270315964
0.1,"with_ssp370",89,10,-0.506836239014826,0.249224682439262,"hist",-0.512099442080232,0.252552251192804,0.00526320306540595,0.0208400560301793,0.986824236419093
0.1,"without_ssp370",89,8,-0.514690003639619,0.252574925923808,"hist",-0.512099442080232,0.252552251192804,0.00259056155938731,0.0102575270945006,1.00008978233572
0.1,"with_ssp370",89,10,1.91962343745573,1.05400756664358,"future",1.92091134992846,1.05225971735422,0.00128791247272853,0.00122394923181781,1.00166104361929
0.1,"without_ssp370",89,8,1.90986651538238,1.03609696970199,"future",1.92091134992846,1.05225971735422,0.011044834546079,0.0104963008313668,0.984639963513124
