"tol","archive","draw","n_stitched","mean_gen","var_gen","time_period","mean_target","var_target","bias","E1","E2"
0.1,"with_ssp370",56,10,0.320235168996166,1.32571852531662,"hist+future",0.321521785460596,1.32469738968709,0.00128661646442996,0.000971253113689513,1.00077084444906
0.1,"without_ssp370",56,8,0.333389121941561,1.32025356260464,"hist+future",0.321521785460596,1.32469738968709,0.0118673364809644,0.00895852635730463,0.99664540209934
0.1,"with_ssp370",56,10,-0.514549002616894,0.255681286927669,"hist",-0.512099442080232,0.252552251192804,0.00244956053666245,0.00969922273546635,1.01238965687333
0.1,"without_ssp370",56,8,-0.50070859625896,0.245861688333263,"hist",-0.512099442080232,0.252552251192804,0.0113908458212713,0.0451029272852343,0.973508203439322
0.1,"with_ssp370",56,10,1.92185596337006,1.0493928309695,"future",1.92091134992846,1.05225971735422,0.000944613441597353,0.00089769989862623,0.997275495452842
0.1,"without_ssp370",56,8,1.93369288360535,1.03667229025593,"future",1.92091134992846,1.05225971735422,0.0127815336768873,0.0121467480566726,0.985186711188103
