"tol","archive","draw","n_stitched","mean_gen","var_gen","time_period","mean_target","var_target","bias","E1","E2"
0.1,"with_ssp126",60,11,0.0682263422283011,0.839587365770443,"hist+future",0.0573355284352127,0.839525692055952,0.0108908137930884,0.0129725795126262,1.00007346256949
0.1,"without_ssp126",60,9,0.0617504779827441,0.858389832401145,"hist+future",0.0573355284352127,0.839525692055952,0.00441494954753145,0.00525886174694605,1.02246999767094
0.1,"with_ssp126",60,11,-0.502341034277069,0.247141395443993,"hist",-0.512099442080232,0.252552251192804,0.00975840780316295,0.0386391638050106,0.978575301850387
0.1,"without_ssp126",60,9,-0.51957654395099,0.251644864826349,"hist",-0.512099442080232,0.252552251192804,0.00747710187075801,0.0296061580739972,0.996407134119101
0.1,"with_ssp126",60,11,1.16291956459325,0.34154315230417,"future",1.14985611140089,0.344006334614739,0.0130634531923639,0.0379744553454051,0.992839718160052
0.1,"without_ssp126",60,9,1.17708720611142,0.368758387700419,"future",1.14985611140089,0.344006334614739,0.0272310947105288,0.0791587013681754,1.07195231771938
