"tol","archive","draw","n_stitched","mean_gen","var_gen","time_period","mean_target","var_target","bias","E1","E2"
0.1,"with_ssp126",108,12,0.0550407409133833,0.839564831456075,"hist+future",0.0573355284352127,0.839525692055952,0.00229478752182942,0.00273343334640493,1.00004662084853
0.1,"without_ssp126",108,8,0.0570673417255912,0.848963245017384,"hist+future",0.0573355284352127,0.839525692055952,0.000268186709621455,0.000319450270741186,1.01124152965268
0.1,"with_ssp126",108,12,-0.515064944840334,0.251486860220477,"hist",-0.512099442080232,0.252552251192804,0.00296550276010266,0.0117421355228338,0.995781502769048
0.1,"without_ssp126",108,8,-0.516449090943468,0.253985088728514,"hist",-0.512099442080232,0.252552251192804,0.00434964886323641,0.0172227681309235,1.0056734300682
0.1,"with_ssp126",108,12,1.14884816125482,0.339676969314687,"future",1.14985611140089,0.344006334614739,0.00100795014607269,0.00293003367859931,0.987414867505561
0.1,"without_ssp126",108,8,1.15741863696274,0.370388844230213,"future",1.14985611140089,0.344006334614739,0.007562525561849,0.0219836811154029,1.07669192965595
