"tol","archive","draw","n_stitched","mean_gen","var_gen","time_period","mean_target","var_target","bias","E1","E2"
0.1,"with_ssp245",132,11,0.195098808427054,1.07912081698617,"hist+future",0.175822310447923,1.08019275864387,0.019276497979131,0.0178454241845981,0.999007638544956
0.1,"without_ssp245",132,10,0.127021702075032,1.06891836195148,"hist+future",0.175822310447923,1.08019275864387,0.0488006083728904,0.0451776851699667,0.989562606671665
0.1,"with_ssp245",132,11,-0.515295778720719,0.256320829991804,"hist",-0.535322134057386,0.263759506318041,0.0200263553366663,0.0759265727185527,0.971797504362676
0.1,"without_ssp245",132,10,-0.576329631105501,0.270482667929998,"hist",-0.535322134057386,0.263759506318041,0.0410074970481149,0.155473058092049,1.02548974141561
0.1,"with_ssp245",132,11,1.55806516748964,0.667874187822903,"future",1.54022734932439,0.662927335954257,0.0178378181652552,0.0269076521630812,1.00746213287694
0.1,"without_ssp245",132,10,1.47647484131675,0.650750977303342,"future",1.54022734932439,0.662927335954257,0.0637525080076342,0.0961681688926963,0.981632438443065
