"tol","archive","draw","n_stitched","mean_gen","var_gen","time_period","mean_target","var_target","bias","E1","E2"
0.1,"with_ssp370",164,11,0.323785547254409,1.32929799160194,"hist+future",0.321521785460596,1.32469738968709,0.00226376179381321,0.00170888975205722,1.00347294555773
0.1,"without_ssp370",164,8,0.333334111842738,1.33847009172949,"hist+future",0.321521785460596,1.32469738968709,0.0118123263821423,0.00891699981754514,1.01039686659733
0.1,"with_ssp370",164,11,-0.512743340506116,0.252530555609813,"hist",-0.512099442080232,0.252552251192804,0.000643898425884415,0.00254956518044596,0.9999140946759
0.1,"without_ssp370",164,8,-0.510448632643296,0.255273384200177,"hist",-0.512099442080232,0.252552251192804,0.00165080943693585,0.00653650652147855,1.01077453475279
0.1,"with_ssp370",164,11,1.92875376214379,1.05630121458558,"future",1.92091134992846,1.05225971735422,0.007842412215326,0.00745292448811475,1.00384077919614
0.1,"without_ssp370",164,8,1.95221960998455,1.05640743634498,"future",1.92091134992846,1.05225971735422,0.0313082600560848,0.0297533579778246,1.00394172552873
