"tol","archive","draw","n_stitched","mean_gen","var_gen","time_period","mean_target","var_target","bias","E1","E2"
0.1,"with_ssp126",122,11,0.0727276285711589,0.841190591592162,"hist+future",0.0573355284352127,0.839525692055952,0.0153921001359462,0.0183342812275963,1.0019831430437
0.1,"without_ssp126",122,9,0.0882154806459297,0.862820850405957,"hist+future",0.0573355284352127,0.839525692055952,0.030879952210717,0.0367826172598645,1.0277479993411
0.1,"with_ssp126",122,11,-0.498732714600444,0.249401994507388,"hist",-0.512099442080232,0.252552251192804,0.0133667274797876,0.052926582189058,0.987526317146106
0.1,"without_ssp126",122,9,-0.496090265317739,0.250575817637376,"hist",-0.512099442080232,0.252552251192804,0.016009176762492,0.0633895627018991,0.992174159818043
0.1,"with_ssp126",122,11,1.16913410093528,0.341541566823018,"future",1.14985611140089,0.344006334614739,0.01927798953439,0.0560396353049133,0.992835109288084
0.1,"without_ssp126",122,9,1.20926720255297,0.373930602836663,"future",1.14985611140089,0.344006334614739,0.0594110911520789,0.172703480064153,1.08698754996892
