"tol","archive","draw","n_stitched","mean_gen","var_gen","time_period","mean_target","var_target","bias","E1","E2"
0.1,"with_ssp245",59,11,0.193452905596103,1.07759388263291,"hist+future",0.175822310447923,1.08019275864387,0.0176305951481804,0.0163217120343547,0.997594062735416
0.1,"without_ssp245",59,9,0.130649245945092,1.07424285791781,"hist+future",0.175822310447923,1.08019275864387,0.045173064502831,0.041819447632239,0.994491815763028
0.1,"with_ssp245",59,11,-0.516884145232082,0.254156187514342,"hist",-0.535322134057386,0.263759506318041,0.0184379888253038,0.0699045470727841,0.963590624892514
0.1,"without_ssp245",59,9,-0.576231763012914,0.270855164559855,"hist",-0.535322134057386,0.263759506318041,0.0409096289555286,0.155102007607642,1.02690200001079
0.1,"with_ssp245",59,11,1.55630887520832,0.662583700695685,"future",1.54022734932439,0.662927335954257,0.016081525883932,0.0242583538372019,0.999481639630868
0.1,"without_ssp245",59,9,1.48687443755057,0.654545788969959,"future",1.54022734932439,0.662927335954257,0.0533529117738178,0.0804807840621302,0.987356763660631
