"tol","archive","draw","n_stitched","mean_gen","var_gen","time_period","mean_target","var_target","bias","E1","E2"
0.1,"with_ssp245",152,12,0.194674781553833,1.07819485230128,"hist+future",0.175822310447923,1.08019275864387,0.0188524711059104,0.0174528767713448,0.998150416833847
0.1,"without_ssp245",152,7,0.131226675506398,1.06978082082272,"hist+future",0.175822310447923,1.08019275864387,0.0445956349415243,0.0412848860397029,0.990361037196527
0.1,"with_ssp245",152,12,-0.516944792312058,0.251784575963306,"hist",-0.535322134057386,0.263759506318041,0.0183773417453278,0.0696746138247939,0.954599056838182
0.1,"without_ssp245",152,7,-0.571917895538979,0.274187613834695,"hist",-0.535322134057386,0.263759506318041,0.036595761481593,0.138746701464727,1.03953642339654
0.1,"with_ssp245",152,12,1.55999140583142,0.659499845883456,"future",1.54022734932439,0.662927335954257,0.0197640565070283,0.0298133074850183,0.994829765066382
0.1,"without_ssp245",152,7,1.48028311995392,0.652916636681955,"future",1.54022734932439,0.662927335954257,0.0599442293704622,0.0904235292759121,0.984899251050053
