"tol","archive","draw","n_stitched","mean_gen","var_gen","time_period","mean_target","var_target","bias","E1","E2"
0.1,"with_ssp370",62,10,0.31949276903824,1.32547758952972,"hist+future",0.321521785460596,1.32469738968709,0.00202901642235603,0.00153168296257858,1.00058896458067
0.1,"without_ssp370",62,8,0.308582000206615,1.32472107720331,"hist+future",0.321521785460596,1.32469738968709,0.0129397852539807,0.00976810655378225,1.00001788145459
0.1,"with_ssp370",62,10,-0.514069865012749,0.254289393388661,"hist",-0.512099442080232,0.252552251192804,0.00197042293251715,0.007802040659748,1.00687834769895
0.1,"without_ssp370",62,8,-0.523880930033741,0.249464631531866,"hist",-0.512099442080232,0.252552251192804,0.0117814879535092,0.0466497047556109,0.987774333246467
0.1,"with_ssp370",62,10,1.91876991576397,1.05458394026207,"future",1.92091134992846,1.05225971735422,0.00214143416448875,0.00203508138644053,1.00220879205914
0.1,"without_ssp370",62,8,1.90574925008637,1.058802120168,"future",1.92091134992846,1.05225971735422,0.0151620998420947,0.0144090851260732,1.00621747911269
