"tol","archive","draw","n_stitched","mean_gen","var_gen","time_period","mean_target","var_target","bias","E1","E2"
0.1,"with_ssp126",157,12,0.0703777150548156,0.843250464318727,"hist+future",0.0573355284352127,0.839525692055952,0.013042186619603,0.0155351846203341,1.00443675791941
0.1,"without_ssp126",157,9,0.0579293015887481,0.859737459612873,"hist+future",0.0573355284352127,0.839525692055952,0.000593773153535454,0.000707272164692585,1.02407522217387
0.1,"with_ssp126",157,12,-0.502607008468722,0.251406860816406,"hist",-0.512099442080232,0.252552251192804,0.00949243361150953,0.0375860186027912,0.995464738995639
0.1,"without_ssp126",157,9,-0.525108611603248,0.250781938497478,"hist",-0.512099442080232,0.252552251192804,0.0130091695230162,0.051510804047772,0.992990311165452
0.1,"with_ssp126",157,12,1.1697088706523,0.339300417863669,"future",1.14985611140089,0.344006334614739,0.0198527592514102,0.0577104467382664,0.986320261351175
0.1,"without_ssp126",157,9,1.17654855364316,0.363880554533522,"future",1.14985611140089,0.344006334614739,0.0266924422422683,0.077592880003683,1.05777283125045
