"tol","archive","draw","n_stitched","mean_gen","var_gen","time_period","mean_target","var_target","bias","E1","E2"
0.1,"with_ssp370",147,9,0.313666688449468,1.32456896619394,"hist+future",0.321521785460596,1.32469738968709,0.0078550970111278,0.00592972936481989,0.999903054468026
0.1,"without_ssp370",147,8,0.308958666843485,1.31934412830775,"hist+future",0.321521785460596,1.32469738968709,0.0125631186171106,0.00948376490730323,0.995958879800766
0.1,"with_ssp370",147,9,-0.520269592236649,0.254378300861973,"hist",-0.512099442080232,0.252552251192804,0.00817015015641731,0.0323503358921954,1.00723038365544
0.1,"without_ssp370",147,8,-0.522887763257896,0.248343211134267,"hist",-0.512099442080232,0.252552251192804,0.0107883211776643,0.0427171847675522,0.98333398321077
0.1,"with_ssp370",147,9,1.91366071534725,1.0495038594434,"future",1.92091134992846,1.05225971735422,0.007250634581212,0.0068905370619364,0.997381009777932
0.1,"without_ssp370",147,8,1.90494309668916,1.04228311385645,"future",1.92091134992846,1.05225971735422,0.0159682532393042,0.0151752014982141,0.990518877294989
