"tol","archive","draw","n_stitched","mean_gen","var_gen","time_period","mean_target","var_target","bias","E1","E2"
0.1,"with_ssp126",49,11,0.0589993707198705,0.845401205862289,"hist+future",0.0573355284352127,0.839525692055952,0.00166384228465784,0.00198188369981053,1.0069986110752
0.1,"without_ssp126",49,9,0.0665545624099811,0.862000847008519,"hist+future",0.0573355284352127,0.839525692055952,0.00921903397476839,0.0109812410293144,1.02677125329843
0.1,"with_ssp126",49,11,-0.514458478620713,0.256284744726125,"hist",-0.512099442080232,0.252552251192804,0.00235903654048186,0.00934078603275217,1.01477909428917
0.1,"without_ssp126",49,9,-0.517824292837736,0.252804918147898,"hist",-0.512099442080232,0.252552251192804,0.00572485075750417,0.0226679854583189,1.00100045417889
0.1,"with_ssp126",49,11,1.15923826771053,0.343352337422131,"future",1.14985611140089,0.344006334614739,0.00938215630963524,0.0272732079778197,0.99809888037864
0.1,"without_ssp126",49,9,1.18774655212944,0.364773070352393,"future",1.14985611140089,0.344006334614739,0.0378904407285472,0.110144601758516,1.06036730620357
