"tol","archive","draw","n_stitched","mean_gen","var_gen","time_period","mean_target","var_target","bias","E1","E2"
0.1,"with_ssp245",80,11,0.192332283948625,1.0790360377727,"hist+future",0.175822310447923,1.08019275864387,0.0165099735007022,0.015284284558091,0.998929153281295
0.1,"without_ssp245",80,9,0.151949730602059,1.0782617249027,"hist+future",0.175822310447923,1.08019275864387,0.0238725798458635,0.0221002961321778,0.998212324859876
0.1,"with_ssp245",80,11,-0.519069445854526,0.255117739264044,"hist",-0.535322134057386,0.263759506318041,0.0162526882028599,0.0616193457052591,0.96723618733356
0.1,"without_ssp245",80,9,-0.55876311857052,0.269381216380841,"hist",-0.535322134057386,0.263759506318041,0.0234409845131341,0.0888725674397836,1.02131377231204
0.1,"with_ssp245",80,11,1.55723095159421,0.662326029287266,"future",1.54022734932439,0.662927335954257,0.0170036022698186,0.0256492700596553,0.99909295237294
0.1,"without_ssp245",80,9,1.51552670866573,0.651744981282126,"future",1.54022734932439,0.662927335954257,0.0247006406586583,0.0372599519117773,0.983131854630742
