"tol","archive","draw","n_stitched","mean_gen","var_gen","time_period","mean_target","var_target","bias","E1","E2"
0.1,"with_ssp126",34,11,0.0748834350921722,0.844792996872815,"hist+future",0.0573355284352127,0.839525692055952,0.0175479066569595,0.0209021675250768,1.00627414368221
0.1,"without_ssp126",34,9,0.0623795192702124,0.854901375421846,"hist+future",0.0573355284352127,0.839525692055952,0.00504399083499968,0.00600814350618291,1.01831472641205
0.1,"with_ssp126",34,11,-0.499486446926558,0.25141805348694,"hist",-0.512099442080232,0.252552251192804,0.0126129951536735,0.0499421212604614,0.995509057232683
0.1,"without_ssp126",34,9,-0.515158146019331,0.253223242980655,"hist",-0.512099442080232,0.252552251192804,0.00305870393909968,0.0121111727361504,1.00265684342421
0.1,"with_ssp126",34,11,1.17687216222113,0.337287951630581,"future",1.14985611140089,0.344006334614739,0.0270160508202408,0.0785335852913777,0.980470176539968
0.1,"without_ssp126",34,9,1.17044597011643,0.376319240392174,"future",1.14985611140089,0.344006334614739,0.0205898587155393,0.0598531382818819,1.09393113592987
