"tol","archive","draw","n_stitched","mean_gen","var_gen","time_period","mean_target","var_target","bias","E1","E2"
0.1,"with_ssp370",149,9,0.311530577961623,1.32838923648982,"hist+future",0.321521785460596,1.32469738968709,0.00999120749897309,0.00754225650080969,1.00278693596852
0.1,"without_ssp370",149,9,0.337461661697789,1.33215742184487,"hist+future",0.321521785460596,1.32469738968709,0.0159398762371927,0.0120328433959984,1.00563149909999
0.1,"with_ssp370",149,9,-0.524357845286602,0.255077310613992,"hist",-0.512099442080232,0.252552251192804,0.0122584032063706,0.0485380872610487,1.00999816635671
0.1,"without_ssp370",149,9,-0.502090185026146,0.255576578345003,"hist",-0.512099442080232,0.252552251192804,0.0100092570540854,0.0396324206448831,1.01197505521299
0.1,"with_ssp370",149,9,1.9152699946588,1.05456292398867,"future",1.92091134992846,1.05225971735422,0.00564135526966392,0.00536118144277955,1.00218881954375
0.1,"without_ssp370",149,9,1.94822973971464,1.0518956282352,"future",1.92091134992846,1.05225971735422,0.0273183897861775,0.0259616417274494,0.999653993103584
