"tol","archive","draw","n_stitched","mean_gen","var_gen","time_period","mean_target","var_target","bias","E1","E2"
0.1,"with_ssp245",164,10,0.188783090701865,1.07988087150114,"hist+future",0.175822310447923,1.08019275864387,0.0129607802539418,0.0119985809479166,0.999711267141695
0.1,"without_ssp245",164,9,0.139165120768539,1.07758106485276,"hist+future",0.175822310447923,1.08019275864387,0.0366571896793833,0.0339357854290791,0.997582196538339
0.1,"with_ssp245",164,10,-0.523201161307788,0.258737602976532,"hist",-0.535322134057386,0.263759506318041,0.0121209727495981,0.0459546384462164,0.980960294430286
0.1,"without_ssp245",164,9,-0.56899361427339,0.274842601158762,"hist",-0.535322134057386,0.263759506318041,0.0336714802160045,0.127659778735723,1.04201969815396
0.1,"with_ssp245",164,10,1.55479938816224,0.660086447722692,"future",1.54022734932439,0.662927335954257,0.014572038837857,0.0219813515713319,0.995714631034975
0.1,"without_ssp245",164,9,1.49784176358154,0.659619772760542,"future",1.54022734932439,0.662927335954257,0.0423855857428426,0.0639370010015204,0.995010670077506
