"tol","archive","draw","n_stitched","mean_gen","var_gen","time_period","mean_target","var_target","bias","E1","E2"
0.1,"with_ssp370",128,9,0.314758706790215,1.32986736707409,"hist+future",0.321521785460596,1.32469738968709,0.00676307867038128,0.00510537630936134,1.00390276105868
0.1,"without_ssp370",128,8,0.333477270483841,1.32502369055349,"hist+future",0.321521785460596,1.32469738968709,0.0119554850232452,0.00902506875632121,1.0002463210609
0.1,"with_ssp370",128,9,-0.5219345350602,0.256155825161159,"hist",-0.512099442080232,0.252552251192804,0.00983509297996865,0.0389428046414852,1.01426862738833
0.1,"without_ssp370",128,8,-0.501561468607601,0.250272741366368,"hist",-0.512099442080232,0.252552251192804,0.0105379734726305,0.041725913837076,0.990974106088266
0.1,"with_ssp370",128,9,1.92004225220089,1.05592355002778,"future",1.92091134992846,1.05225971735422,0.000869097727568491,0.000825934617884764,1.00348187107529
0.1,"without_ssp370",128,8,1.93558647920579,1.04811386105943,"future",1.92091134992846,1.05225971735422,0.0146751292773315,0.013946299601994,0.99606004465778
