"tol","archive","draw","n_stitched","mean_gen","var_gen","time_period","mean_target","var_target","bias","E1","E2"
0.1,"with_ssp126",12,11,0.0587463088225579,0.843966705590086,"hist+future",0.0573355284352127,0.839525692055952,0.00141078038734518,0.00168044933072895,1.00528990783267
0.1,"without_ssp126",12,9,0.0646166873242611,0.857021908036041,"hist+future",0.0573355284352127,0.839525692055952,0.00728115888904843,0.00867294349410234,1.02084059623862
0.1,"with_ssp126",12,11,-0.514499818910037,0.252019604162597,"hist",-0.512099442080232,0.252552251192804,0.00240037682980521,0.00950447607759673,0.997890943249602
0.1,"without_ssp126",12,9,-0.516402230727077,0.252379656808024,"hist",-0.512099442080232,0.252552251192804,0.00430278864684586,0.0170372215116824,0.999316599301867
0.1,"with_ssp126",12,11,1.15857899575137,0.341079931030149,"future",1.14985611140089,0.344006334614739,0.00872288435048252,0.0253567550151409,0.991493169485185
0.1,"without_ssp126",12,9,1.17936228591113,0.361144319736575,"future",1.14985611140089,0.344006334614739,0.029506174510241,0.0857721836526226,1.04981880679909
