"tol","archive","draw","n_stitched","mean_gen","var_gen","time_period","mean_target","var_target","bias","E1","E2"
0.1,"with_ssp245",105,11,0.198454100073357,1.07925399971034,"hist+future",0.175822310447923,1.08019275864387,0.0226317896254342,0.0209516213141878,0.999130933876376
0.1,"without_ssp245",105,8,0.132665432848041,1.06909425446332,"hist+future",0.175822310447923,1.08019275864387,0.0431568775998817,0.0399529410418037,0.989725441045833
0.1,"with_ssp245",105,11,-0.511413441325474,0.253815104067851,"hist",-0.535322134057386,0.263759506318041,0.0239086927319118,0.0906458048305667,0.962297464121734
0.1,"without_ssp245",105,8,-0.573500257268181,0.269339194052438,"hist",-0.535322134057386,0.263759506318041,0.0381781232107953,0.144745960984474,1.02115445169081
0.1,"with_ssp245",105,11,1.56040926671065,0.673457663786657,"future",1.54022734932439,0.662927335954257,0.0201819173862621,0.0304436343045215,1.01588458834216
0.1,"without_ssp245",105,8,1.48751821039661,0.635080344847669,"future",1.54022734932439,0.662927335954257,0.0527091389277798,0.0795096778622157,0.957993901297639
