"tol","archive","draw","n_stitched","mean_gen","var_gen","time_period","mean_target","var_target","bias","E1","E2"
0.1,"with_ssp370",53,11,0.33342120515824,1.32169075862151,"hist+future",0.321521785460596,1.32469738968709,0.0118994196976435,0.00898274563706532,0.99773032611902
0.1,"without_ssp370",53,9,0.337391770584422,1.32507021368072,"hist+future",0.321521785460596,1.32469738968709,0.0158699851238264,0.0119800833362969,1.00028144087588
0.1,"with_ssp370",53,11,-0.498277778061476,0.251350251629361,"hist",-0.512099442080232,0.252552251192804,0.0138216640187554,0.054727938291881,0.995240590579706
0.1,"without_ssp370",53,9,-0.497645503688674,0.249421414302571,"hist",-0.512099442080232,0.252552251192804,0.0144539383915575,0.057231477143013,0.987603211313911
0.1,"with_ssp370",53,11,1.92912274273095,1.05032404617544,"future",1.92091134992846,1.05225971735422,0.00821139280248695,0.00780357992144133,0.99816046252949
0.1,"without_ssp370",53,9,1.93949816889908,1.04872748962939,"future",1.92091134992846,1.05225971735422,0.0185868189706213,0.0176637180575111,0.99664319780889
