"tol","archive","draw","n_stitched","mean_gen","var_gen","time_period","mean_target","var_target","bias","E1","E2"
0.1,"with_ssp370",3,10,0.304201382405808,1.32804436491585,"hist+future",0.321521785460596,1.32469738968709,0.0173204030547881,0.0130749884385893,1.00252659607757
0.1,"without_ssp370",3,8,0.303553977684699,1.31858714023061,"hist+future",0.321521785460596,1.32469738968709,0.0179678077758974,0.0135637073914229,0.995387437535506
0.1,"with_ssp370",3,10,-0.531591077821157,0.256767356992037,"hist",-0.512099442080232,0.252552251192804,0.0194916357409259,0.0771786260026072,1.01669003455453
0.1,"without_ssp370",3,8,-0.525280083555899,0.251368873816422,"hist",-0.512099442080232,0.252552251192804,0.0131806414756673,0.0521897603898408,0.995314326557006
0.1,"with_ssp370",3,10,1.90775668400406,1.05296810290037,"future",1.92091134992846,1.05225971735422,0.0131546659244075,0.0125013489611512,1.00067320409065
0.1,"without_ssp370",3,8,1.89375886262305,1.05150891751535,"future",1.92091134992846,1.05225971735422,0.0271524873054085,0.0258039786733261,0.999286488091779
