"tol","archive","draw","n_stitched","mean_gen","var_gen","time_period","mean_target","var_target","bias","E1","E2"
0.1,"with_ssp370",123,10,0.324228916011896,1.32553871106507,"hist+future",0.321521785460596,1.32469738968709,0.0027071305512994,0.00204358412145649,1.000635104579
0.1,"without_ssp370",123,9,0.314424253239508,1.31738381419796,"hist+future",0.321521785460596,1.32469738968709,0.007097532221088,0.00535785174511782,0.994479059484781
0.1,"with_ssp370",123,10,-0.512161401397593,0.255089868462269,"hist",-0.512099442080232,0.252552251192804,6.19593173614152e-05,0.000245332667076937,1.01004789011969
0.1,"without_ssp370",123,9,-0.514521718858807,0.253552332466518,"hist",-0.512099442080232,0.252552251192804,0.00242227677857587,0.00959119060366899,1.00395989847246
0.1,"with_ssp370",123,10,1.92893126918126,1.04180850077361,"future",1.92091134992846,1.05225971735422,0.00801991925279988,0.00762161576703227,0.990067835527434
0.1,"without_ssp370",123,9,1.90484385087,1.0456294389224,"future",1.92091134992846,1.05225971735422,0.0160674990584659,0.0152695183455903,0.99369900954824
