"tol","archive","draw","n_stitched","mean_gen","var_gen","time_period","mean_target","var_target","bias","E1","E2"
0.1,"with_ssp126",141,11,0.0725920711207635,0.843873125397406,"hist+future",0.0573355284352127,0.839525692055952,0.0152565426855509,0.018172812136563,1.00517843990076
0.1,"without_ssp126",141,9,0.0727894042772839,0.855440024648343,"hist+future",0.0573355284352127,0.839525692055952,0.0154538758420712,0.0184078652842959,1.01895633777856
0.1,"with_ssp126",141,11,-0.499705747696314,0.254459972946506,"hist",-0.512099442080232,0.252552251192804,0.012393694383918,0.049073783050369,1.00755377053537
0.1,"without_ssp126",141,9,-0.505399246480759,0.248234106598131,"hist",-0.512099442080232,0.252552251192804,0.00670019559947288,0.0265299381329126,0.982901975435664
0.1,"with_ssp126",141,11,1.17060532815353,0.345819489708656,"future",1.14985611140089,0.344006334614739,0.0207492167526373,0.0603163798593268,1.00527070263385
0.1,"without_ssp126",141,9,1.1821048388712,0.380646683795689,"future",1.14985611140089,0.344006334614739,0.0322487274703123,0.0937445745190372,1.10651068161865
