"tol","archive","draw","n_stitched","mean_gen","var_gen","time_period","mean_target","var_target","bias","E1","E2"
0.1,"with_ssp126",50,12,0.0699507918165019,0.838920961403212,"hist+future",0.0573355284352127,0.839525692055952,0.0126152633812892,0.0150266555278316,0.999279675823549
0.1,"without_ssp126",50,10,0.070009414354737,0.853549912629921,"hist+future",0.0573355284352127,0.839525692055952,0.0126738859195243,0.0150964836924605,1.01670493316247
0.1,"with_ssp126",50,12,-0.500986346975296,0.249725749129876,"hist",-0.512099442080232,0.252552251192804,0.0111130951049354,0.0440031520307116,0.988808248393835
0.1,"without_ssp126",50,10,-0.506466088076364,0.252550308989388,"hist",-0.512099442080232,0.252552251192804,0.00563335400386755,0.0223056970478831,0.999992309696679
0.1,"with_ssp126",50,12,1.16535344182402,0.329546459473733,"future",1.14985611140089,0.344006334614739,0.015497330423131,0.0450495495685763,0.957966253274959
0.1,"without_ssp126",50,10,1.17603799460045,0.377445719459458,"future",1.14985611140089,0.344006334614739,0.0261818831995635,0.0761087240701111,1.09720572408112
