"tol","archive","draw","n_stitched","mean_gen","var_gen","time_period","mean_target","var_target","bias","E1","E2"
0.1,"with_ssp370",110,11,0.327529593036872,1.32126655977374,"hist+future",0.321521785460596,1.32469738968709,0.00600780757627606,0.00453523017637649,0.997410102911004
0.1,"without_ssp370",110,9,0.333514772703738,1.32810661397774,"hist+future",0.321521785460596,1.32469738968709,0.0119929872431414,0.00905337878409672,1.00257358723373
0.1,"with_ssp370",110,11,-0.504727364708995,0.249753072236344,"hist",-0.512099442080232,0.252552251192804,0.00737207737123635,0.0291903055166526,0.988916436328562
0.1,"without_ssp370",110,9,-0.503608140863887,0.252010321319197,"hist",-0.512099442080232,0.252552251192804,0.00849130121634412,0.0336219581343651,0.997854187119505
0.1,"with_ssp370",110,11,1.92430166313069,1.0470138645255,"future",1.92091134992846,1.05225971735422,0.00339031320222438,0.00322193575056632,0.995014678655655
0.1,"without_ssp370",110,9,1.93962268826953,1.04943583355031,"future",1.92091134992846,1.05225971735422,0.0187113383410664,0.0177820532635363,0.997316362341594
