"tol","archive","draw","n_stitched","mean_gen","var_gen","time_period","mean_target","var_target","bias","E1","E2"
0.1,"with_ssp370",161,11,0.330172722488997,1.32150111140491,"hist+future",0.321521785460596,1.32469738968709,0.00865093702840086,0.00653050054733204,0.997587163447995
0.1,"without_ssp370",161,8,0.315795814013303,1.32267693556551,"hist+future",0.321521785460596,1.32469738968709,0.00572597144729298,0.00432247507383216,0.998474780627401
0.1,"with_ssp370",161,11,-0.501273015858092,0.252802467095204,"hist",-0.512099442080232,0.252552251192804,0.0108264262221391,0.0428680646123958,1.00099074904784
0.1,"without_ssp370",161,8,-0.518540560691569,0.254866922333491,"hist",-0.512099442080232,0.252552251192804,0.00644111861133789,0.0255041029367844,1.00916511783108
0.1,"with_ssp370",161,11,1.9253883832712,1.05008196807107,"future",1.92091134992846,1.05225971735422,0.00447703334274019,0.00425468472175019,0.997930407058985
0.1,"without_ssp370",161,8,1.91655746315637,1.04043747219515,"future",1.92091134992846,1.05225971735422,0.0043538867720907,0.00413765413641226,0.988764898091127
