"tol","archive","draw","n_stitched","mean_gen","var_gen","time_period","mean_target","var_target","bias","E1","E2"
0.1,"with_ssp370",119,11,0.326951359796837,1.32265497652993,"hist+future",0.321521785460596,1.32469738968709,0.00542957433624131,0.00409872804046503,0.998458203984498
0.1,"without_ssp370",119,8,0.302077887613028,1.32994123565387,"hist+future",0.321521785460596,1.32469738968709,0.0194438978475681,0.014677992120269,1.00395852366556
0.1,"with_ssp370",119,11,-0.50661142423774,0.24735033386164,"hist",-0.512099442080232,0.252552251192804,0.00548801784249142,0.0217302273750146,0.979402609532896
0.1,"without_ssp370",119,8,-0.533456933650097,0.255448204504273,"hist",-0.512099442080232,0.252552251192804,0.0213574915698653,0.0845666251993159,1.0114667491491
0.1,"with_ssp370",119,11,1.92622879428178,1.04740555930983,"future",1.92091134992846,1.05225971735422,0.00531744435331949,0.00505335732768479,0.995386920201982
0.1,"without_ssp370",119,8,1.90513888189693,1.06160802945961,"future",1.92091134992846,1.05225971735422,0.0157724680315325,0.014989139821099,1.00888403494994
