"tol","archive","draw","n_stitched","mean_gen","var_gen","time_period","mean_target","var_target","bias","E1","E2"
0.1,"with_ssp370",74,10,0.323499854910449,1.32417882072003,"hist+future",0.321521785460596,1.32469738968709,0.00197806944985268,0.00149322363375376,0.999608537790521
0.1,"without_ssp370",74,8,0.320537298532407,1.33240520078987,"hist+future",0.321521785460596,1.32469738968709,0.000984486928188921,0.000743178733387154,1.0058185447958
0.1,"with_ssp370",74,10,-0.510167927473894,0.250959164810053,"hist",-0.512099442080232,0.252552251192804,0.001931514606338,0.00764798015941438,0.993692052336785
0.1,"without_ssp370",74,8,-0.520920819882754,0.251660387319557,"hist",-0.512099442080232,0.252552251192804,0.00882137780252268,0.0349289216819859,0.996468596620957
0.1,"with_ssp370",74,10,1.92297873971762,1.05087728375368,"future",1.92091134992846,1.05225971735422,0.00206738978915411,0.00196471437142182,0.998686223963775
0.1,"without_ssp370",74,8,1.93496275828243,1.04602081736949,"future",1.92091134992846,1.05225971735422,0.0140514083539629,0.0133535553269049,0.994070950467991
