"tol","archive","draw","n_stitched","mean_gen","var_gen","time_period","mean_target","var_target","bias","E1","E2"
0.1,"with_ssp126",29,11,0.0709523333139274,0.846065570761289,"hist+future",0.0573355284352127,0.839525692055952,0.0136168048787147,0.0162196404559912,1.00778996851105
0.1,"without_ssp126",29,9,0.0412952200057078,0.85076251903527,"hist+future",0.0573355284352127,0.839525692055952,0.0160403084295049,0.0191063937426657,1.01338473269567
0.1,"with_ssp126",29,11,-0.504014569706103,0.252449680849065,"hist",-0.512099442080232,0.252552251192804,0.00808487237412825,0.032012671975575,0.999593864860621
0.1,"without_ssp126",29,9,-0.533927530870591,0.253820250566536,"hist",-0.512099442080232,0.252552251192804,0.0218280887903596,0.0864299909712368,1.00502074072887
0.1,"with_ssp126",29,11,1.17408650771282,0.339416249837112,"future",1.14985611140089,0.344006334614739,0.024230396311933,0.0704359015338168,0.986656976003748
0.1,"without_ssp126",29,9,1.14492026529163,0.367934577935763,"future",1.14985611140089,0.344006334614739,0.00493584610926034,0.0143481256378262,1.06955756599024
