"tol","archive","draw","n_stitched","mean_gen","var_gen","time_period","mean_target","var_target","bias","E1","E2"
0.1,"with_ssp370",126,10,0.325822983156339,1.33030234696681,"hist+future",0.321521785460596,1.32469738968709,0.00430119769574272,0.00324692849040694,1.0042311227631
0.1,"without_ssp370",126,8,0.3249803127138,1.33017825548243,"hist+future",0.321521785460596,1.32469738968709,0.00345852725320361,0.00261080551688908,1.00413744741856
0.1,"with_ssp370",126,10,-0.51337157189276,0.254979561574576,"hist",-0.512099442080232,0.252552251192804,0.00127212981252844,0.00503709551793808,1.00961112154141
0.1,"without_ssp370",126,8,-0.515167718259914,0.249246537290517,"hist",-0.512099442080232,0.252552251192804,0.00306827617968231,0.0121490747565735,0.986910772378094
0.1,"with_ssp370",126,10,1.93590555970403,1.04694026381163,"future",1.92091134992846,1.05225971735422,0.0149942097755653,0.0142495331981979,0.99494473326797
0.1,"without_ssp370",126,8,1.93689223260523,1.04475501101852,"future",1.92091134992846,1.05225971735422,0.0159808826767638,0.0151872037038021,0.992868009473394
