"tol","archive","draw","n_stitched","mean_gen","var_gen","time_period","mean_target","var_target","bias","E1","E2"
0.1,"with_ssp370",196,10,0.307628789823855,1.32562268562928,"hist+future",0.321521785460596,1.32469738968709,0.013892995636741,0.0104876749549742,1.00069849608627
0.1,"without_ssp370",196,9,0.31767249966534,1.32216025716902,"hist+future",0.321521785460596,1.32469738968709,0.00384928579525634,0.00290578499302817,0.99808474558958
0.1,"with_ssp370",196,10,-0.527220046418762,0.256128425289673,"hist",-0.512099442080232,0.252552251192804,0.0151206043385307,0.0598711920686356,1.01416013549663
0.1,"without_ssp370",196,9,-0.515281043873182,0.249028107082367,"hist",-0.512099442080232,0.252552251192804,0.00318160179295057,0.0125977962101857,0.986045881223421
0.1,"with_ssp370",196,10,1.90937365005678,1.04854114099167,"future",1.92091134992846,1.05225971735422,0.0115376998716792,0.010964688357252,0.996466104041399
0.1,"without_ssp370",196,9,1.91578104250088,1.04746894474166,"future",1.92091134992846,1.05225971735422,0.00513030742758724,0.00487551442194021,0.995447157642215
