"tol","archive","draw","n_stitched","mean_gen","var_gen","time_period","mean_target","var_target","bias","E1","E2"
0.1,"with_ssp126",96,11,0.0699659959243798,0.841285266141224,"hist+future",0.0573355284352127,0.839525692055952,0.0126304674891671,0.0150447658823112,1.00209591451688
0.1,"without_ssp126",96,9,0.0768358225252184,0.855670111568021,"hist+future",0.0573355284352127,0.839525692055952,0.0195002940900057,0.0232277514250345,1.01923040553117
0.1,"with_ssp126",96,11,-0.50203872639512,0.251527932863287,"hist",-0.512099442080232,0.252552251192804,0.010060715685111,0.0398361750393999,0.995944133047007
0.1,"without_ssp126",96,9,-0.501646138087068,0.250637496310885,"hist",-0.512099442080232,0.252552251192804,0.010453303993163,0.0413906585421119,0.992418381254274
0.1,"with_ssp126",96,11,1.16741691665365,0.334039320402588,"future",1.14985611140089,0.344006334614739,0.0175608052527632,0.0510479124532108,0.971026655008219
0.1,"without_ssp126",96,9,1.18671400276972,0.376613770418597,"future",1.14985611140089,0.344006334614739,0.0368578913688318,0.107143060054722,1.09478731210103
