"tol","archive","draw","n_stitched","mean_gen","var_gen","time_period","mean_target","var_target","bias","E1","E2"
0.1,"with_ssp245",76,10,0.194718565028718,1.0824757109343,"hist+future",0.175822310447923,1.08019275864387,0.0188962545807951,0.0174934097915251,1.00211346750121
0.1,"without_ssp245",76,8,0.138552548036754,1.06890803013282,"hist+future",0.175822310447923,1.08019275864387,0.0372697624111686,0.0345028811875754,0.989553041880035
0.1,"with_ssp245",76,10,-0.518261277790674,0.26101195864343,"hist",-0.535322134057386,0.263759506318041,0.0170608562667117,0.0646833795864774,0.989583133086025
0.1,"without_ssp245",76,8,-0.567365337885126,0.267207651135701,"hist",-0.535322134057386,0.263759506318041,0.03204320382774,0.121486441474842,1.01307306366241
0.1,"with_ssp245",76,10,1.56264500764732,0.664740736526613,"future",1.54022734932439,0.662927335954257,0.0224176583229319,0.0338161622052627,1.00273544395291
0.1,"without_ssp245",76,8,1.49292988730548,0.637433889169577,"future",1.54022734932439,0.662927335954257,0.0472974620189095,0.0713463745627968,0.961544131004971
