"tol","archive","draw","n_stitched","mean_gen","var_gen","time_period","mean_target","var_target","bias","E1","E2"
0.1,"with_ssp245",70,11,0.197177383675967,1.0781188835547,"hist+future",0.175822310447923,1.08019275864387,0.0213550732280439,0.0197696874536117,0.998080087954148
0.1,"without_ssp245",70,7,0.130690663448324,1.07097826036255,"hist+future",0.175822310447923,1.08019275864387,0.0451316469995988,0.0417811049356224,0.991469579658274
0.1,"with_ssp245",70,11,-0.5131621661621,0.256275654269416,"hist",-0.535322134057386,0.263759506318041,0.0221599678952861,0.0840158074475829,0.971626228176203
0.1,"without_ssp245",70,7,-0.575259309793912,0.274143658083918,"hist",-0.535322134057386,0.263759506318041,0.0399371757365264,0.151415114071264,1.03936977252815
0.1,"with_ssp245",70,11,1.56003814790016,0.663495297525183,"future",1.54022734932439,0.662927335954257,0.0198107985757769,0.0298838160705202,1.00085674785172
0.1,"without_ssp245",70,7,1.48512956559913,0.641610132495706,"future",1.54022734932439,0.662927335954257,0.0550977837252611,0.0831128552663318,0.967843830986596
