"tol","archive","draw","n_stitched","mean_gen","var_gen","time_period","mean_target","var_target","bias","E1","E2"
0.1,"with_ssp245",167,11,0.196272361797427,1.07872073532764,"hist+future",0.175822310447923,1.08019275864387,0.0204500513495039,0.0189318537694865,0.998637258670315
0.1,"without_ssp245",167,8,0.130711110941195,1.07128441531963,"hist+future",0.175822310447923,1.08019275864387,0.0451111995067282,0.0417621754503921,0.991753005884409
0.1,"with_ssp245",167,11,-0.514100862520087,0.254797732587484,"hist",-0.535322134057386,0.263759506318041,0.0212212715372989,0.0804568973969428,0.966022935606531
0.1,"without_ssp245",167,8,-0.575697975372193,0.273241810554758,"hist",-0.535322134057386,0.263759506318041,0.0403758413148073,0.153078241153978,1.03595056864143
0.1,"with_ssp245",167,11,1.55919773403452,0.667232347805299,"future",1.54022734932439,0.662927335954257,0.0189703847101299,0.028616084571053,1.00649394227324
0.1,"without_ssp245",167,8,1.48603086956572,0.641114964313708,"future",1.54022734932439,0.662927335954257,0.0541964797586694,0.0817532734272539,0.967096889119603
