"tol","archive","draw","n_stitched","mean_gen","var_gen","time_period","mean_target","var_target","bias","E1","E2"
0.1,"with_ssp126",106,11,0.0708112804320555,0.842105575056178,"hist+future",0.0573355284352127,0.839525692055952,0.0134757519968428,0.0160516254884844,1.00307302447637
0.1,"without_ssp126",106,9,0.0643947756568997,0.854607925643894,"hist+future",0.0573355284352127,0.839525692055952,0.00705924722168704,0.0084086136832803,1.01796518406841
0.1,"with_ssp126",106,11,-0.502439207141703,0.246143529632995,"hist",-0.512099442080232,0.252552251192804,0.0096602349385283,0.0382504408212678,0.974624175672398
0.1,"without_ssp126",106,9,-0.514184315380379,0.249873931821404,"hist",-0.512099442080232,0.252552251192804,0.00208487330014762,0.00825521566448433,0.98939498912106
0.1,"with_ssp126",106,11,1.17065233217241,0.335799961832016,"future",1.14985611140089,0.344006334614739,0.020796220771516,0.0604530169329765,0.976144704451696
0.1,"without_ssp126",106,9,1.17445931078656,0.369641645612074,"future",1.14985611140089,0.344006334614739,0.0246031993856721,0.0715196114432771,1.07451988064709
