"tol","archive","draw","n_stitched","mean_gen","var_gen","time_period","mean_target","var_target","bias","E1","E2"
0.1,"with_ssp370",165,10,0.31890425198932,1.33126425390533,"hist+future",0.321521785460596,1.32469738968709,0.00261753347127658,0.00197594823667228,1.00495725610193
0.1,"without_ssp370",165,8,0.325777682015079,1.32698998860445,"hist+future",0.321521785460596,1.32469738968709,0.00425589655448333,0.00321273113966702,1.00173065859057
0.1,"with_ssp370",165,10,-0.516782302945385,0.253622387610364,"hist",-0.512099442080232,0.252552251192804,0.00468286086515379,0.0185421465975324,1.00423728718515
0.1,"without_ssp370",165,8,-0.509606466240436,0.249423875258833,"hist",-0.512099442080232,0.252552251192804,0.00249297583979591,0.00987112895656873,0.987612955658896
0.1,"with_ssp370",165,10,1.92225636320125,1.06668917850869,"future",1.92091134992846,1.05225971735422,0.00134501327279013,0.00127821416196754,1.01371283240867
0.1,"without_ssp370",165,8,1.92854959436578,1.05420848810511,"future",1.92091134992846,1.05225971735422,0.00763824443731398,0.00725889655504384,1.00185198646185
