"tol","archive","draw","n_stitched","mean_gen","var_gen","time_period","mean_target","var_target","bias","E1","E2"
0.1,"with_ssp245",78,11,0.198852382320467,1.07854270641749,"hist+future",0.175822310447923,1.08019275864387,0.0230300718725444,0.0213203353644563,0.998472446502561
0.1,"without_ssp245",78,8,0.144521832323304,1.06839401539661,"hist+future",0.175822310447923,1.08019275864387,0.0313004781246191,0.0289767524121486,0.989077187240107
0.1,"with_ssp245",78,11,-0.511027729543584,0.258673392488561,"hist",-0.535322134057386,0.263759506318041,0.0242944045138018,0.0921081664617147,0.980716851117598
0.1,"without_ssp245",78,8,-0.558993373164406,0.267526077711657,"hist",-0.535322134057386,0.263759506318041,0.0236712391070198,0.0897455391749069,1.01428032470259
0.1,"with_ssp245",78,11,1.5608316667108,0.666470645179773,"future",1.54022734932439,0.662927335954257,0.0206043173864112,0.0310808082106799,1.00534494360595
0.1,"without_ssp245",78,8,1.49428937773577,0.649442788621343,"future",1.54022734932439,0.662927335954257,0.0459379715886177,0.0692956363347,0.979659086899012
