"tol","archive","draw","n_stitched","mean_gen","var_gen","time_period","mean_target","var_target","bias","E1","E2"
0.1,"with_ssp126",83,11,0.0592250093892769,0.842614012963738,"hist+future",0.0573355284352127,0.839525692055952,0.00188948095406422,0.00225065292455433,1.00367864966732
0.1,"without_ssp126",83,10,0.0577079231956199,0.852252052768735,"hist+future",0.0573355284352127,0.839525692055952,0.000372394760407256,0.000443577562820361,1.01515898897819
0.1,"with_ssp126",83,11,-0.513671830318489,0.248729098038675,"hist",-0.512099442080232,0.252552251192804,0.00157238823825778,0.00622599177331184,0.984861931992005
0.1,"without_ssp126",83,10,-0.517894779329197,0.253677467168532,"hist",-0.512099442080232,0.252552251192804,0.00579533724896553,0.0229470821249629,1.00445537891828
0.1,"with_ssp126",83,11,1.15838755068906,0.339233443884851,"future",1.14985611140089,0.344006334614739,0.00853143928817035,0.0248002389192191,0.986125573137386
0.1,"without_ssp126",83,10,1.16206194548161,0.374887553615495,"future",1.14985611140089,0.344006334614739,0.0122058340807156,0.0354814224406223,1.08976933240297
