"tol","archive","draw","n_stitched","mean_gen","var_gen","time_period","mean_target","var_target","bias","E1","E2"
0.1,"with_ssp245",45,11,0.187306046726765,1.08161816815408,"hist+future",0.175822310447923,1.08019275864387,0.011483736278842,0.0106311916895826,1.00131958810019
0.1,"without_ssp245",45,8,0.121732395161279,1.07769981864549,"hist+future",0.175822310447923,1.08019275864387,0.0540899152866443,0.0500743176195254,0.997692134132152
0.1,"with_ssp245",45,11,-0.525441547424049,0.2549284251688,"hist",-0.535322134057386,0.263759506318041,0.00988058663333691,0.0374605896532992,0.966518434643291
0.1,"without_ssp245",45,8,-0.587957915497317,0.274990203233292,"hist",-0.535322134057386,0.263759506318041,0.0526357814399316,0.199559751133532,1.04257930670263
0.1,"with_ssp245",45,11,1.5547868959696,0.666641837194682,"future",1.54022734932439,0.662927335954257,0.014559546645218,0.0219625075865367,1.00560318007565
0.1,"without_ssp245",45,8,1.48334752607603,0.650697596116902,"future",1.54022734932439,0.662927335954257,0.0568798232483603,0.0858009923010401,0.981551915007773
