"tol","archive","draw","n_stitched","mean_gen","var_gen","time_period","mean_target","var_target","bias","E1","E2"
0.1,"with_ssp245",158,11,0.202979878793446,1.0771591651387,"hist+future",0.175822310447923,1.08019275864387,0.0271575683455232,0.0251414093718035,0.997191618365435
0.1,"without_ssp245",158,9,0.144272905231365,1.07213161174665,"hist+future",0.175822310447923,1.08019275864387,0.0315494052165579,0.0292071993300221,0.992537307038294
0.1,"with_ssp245",158,11,-0.506662478264797,0.253240456779158,"hist",-0.535322134057386,0.263759506318041,0.0286596557925882,0.108658285696177,0.960118785154992
0.1,"without_ssp245",158,9,-0.559331694323294,0.274334188816096,"hist",-0.535322134057386,0.263759506318041,0.0240095602659078,0.0910282271948034,1.04009213789361
0.1,"with_ssp245",158,11,1.56450300570752,0.66535923284878,"future",1.54022734932439,0.662927335954257,0.024275656383131,0.036618879727123,1.00366842150358
0.1,"without_ssp245",158,9,1.49421196251647,0.661409994457765,"future",1.54022734932439,0.662927335954257,0.0460153868079214,0.069412414170075,0.997711149602379
