"tol","archive","draw","n_stitched","mean_gen","var_gen","time_period","mean_target","var_target","bias","E1","E2"
0.1,"with_ssp245",58,11,0.182297421385724,1.0786034003573,"hist+future",0.175822310447923,1.08019275864387,0.00647511093780126,0.00599440320811859,0.998528634566522
0.1,"without_ssp245",58,7,0.122754952606508,1.07597307051875,"hist+future",0.175822310447923,1.08019275864387,0.0530673578414145,0.0491276741273828,0.996093578584607
0.1,"with_ssp245",58,11,-0.527988042727018,0.260413728061957,"hist",-0.535322134057386,0.263759506318041,0.00733409133036722,0.0278059791389046,0.98731504201388
0.1,"without_ssp245",58,7,-0.5853092301037,0.274414668192405,"hist",-0.535322134057386,0.263759506318041,0.0499870960463147,0.189517704002828,1.04039726197211
0.1,"with_ssp245",58,11,1.54505441648575,0.663026728736899,"future",1.54022734932439,0.662927335954257,0.0048270671613666,0.00728144232341579,1.00014993013148
0.1,"without_ssp245",58,7,1.48125018687609,0.652642477207389,"future",1.54022734932439,0.662927335954257,0.058977162448292,0.0889647465862857,0.984485692188173
