"tol","archive","draw","n_stitched","mean_gen","var_gen","time_period","mean_target","var_target","bias","E1","E2"
0.1,"with_ssp245",117,10,0.191420599401568,1.07989416071274,"hist+future",0.175822310447923,1.08019275864387,0.0155982889536447,0.0144402828373222,0.999723569771471
0.1,"without_ssp245",117,7,0.160162040759824,1.06595441589555,"hist+future",0.175822310447923,1.08019275864387,0.0156602696880989,0.0144976621651859,0.986818701908173
0.1,"with_ssp245",117,10,-0.520601291243093,0.259254752852255,"hist",-0.535322134057386,0.263759506318041,0.0147208428142924,0.055811610431747,0.982920981584056
0.1,"without_ssp245",117,7,-0.541717084083878,0.264097747997368,"hist",-0.535322134057386,0.263759506318041,0.00639495002649204,0.024245382150439,1.00128238668645
0.1,"with_ssp245",117,10,1.55750911052214,0.659532586353195,"future",1.54022734932439,0.662927335954257,0.0172817611977509,0.0260688619407654,0.994879152786518
0.1,"without_ssp245",117,7,1.50679059423902,0.650249166802693,"future",1.54022734932439,0.662927335954257,0.033436755085368,0.0504380393927144,0.980875476897758
