"tol","archive","draw","n_stitched","mean_gen","var_gen","time_period","mean_target","var_target","bias","E1","E2"
0.1,"with_ssp245",66,11,0.174646716964044,1.07686416874598,"hist+future",0.175822310447923,1.08019275864387,0.00117559348387899,0.0010883182417876,0.996918522299606
0.1,"without_ssp245",66,9,0.13237870246701,1.0772028984421,"hist+future",0.175822310447923,1.08019275864387,0.0434436079809125,0.0402183847588962,0.99723210493883
0.1,"with_ssp245",66,11,-0.534649010824314,0.261360247791583,"hist",-0.535322134057386,0.263759506318041,0.000673123233072004,0.00255203401943114,0.990903613068017
0.1,"without_ssp245",66,9,-0.577224729165661,0.2705605601459,"hist",-0.535322134057386,0.263759506318041,0.0419025951082753,0.158866672497291,1.02578505670866
0.1,"with_ssp245",66,11,1.53550479934868,0.659987327753741,"future",1.54022734932439,0.662927335954257,0.00472254997570376,0.00712378223007781,0.995565112432293
0.1,"without_ssp245",66,9,1.49382714687853,0.652470126986795,"future",1.54022734932439,0.662927335954257,0.0464002024458559,0.0699928935334438,0.984225708610417
