"tol","archive","draw","n_stitched","mean_gen","var_gen","time_period","mean_target","var_target","bias","E1","E2"
0.1,"with_ssp370",96,10,0.320683375290075,1.32409622899716,"hist+future",0.321521785460596,1.32469738968709,0.00083841017052122,0.000632906939387314,0.999546190175499
0.1,"without_ssp370",96,8,0.33644526481964,1.32498994940659,"hist+future",0.321521785460596,1.32469738968709,0.0149234793590438,0.0112655761800579,1.00022085022721
0.1,"with_ssp370",96,10,-0.511930350056105,0.255948757515352,"hist",-0.512099442080232,0.252552251192804,0.00016909202412696,0.000669532832625085,1.01344872717034
0.1,"without_ssp370",96,8,-0.496415981275716,0.239381612064701,"hist",-0.512099442080232,0.252552251192804,0.0156834608045153,0.0620998653959423,0.947849844672151
0.1,"with_ssp370",96,10,1.91813994136123,1.05294599336997,"future",1.92091134992846,1.05225971735422,0.0027714085672299,0.00263376856637472,1.00065219261408
0.1,"without_ssp370",96,8,1.93437672535143,1.06249090326595,"future",1.92091134992846,1.05225971735422,0.0134653754229646,0.0127966272973193,1.00972306146761
