"tol","archive","draw","n_stitched","mean_gen","var_gen","time_period","mean_target","var_target","bias","E1","E2"
0.1,"with_ssp245",7,11,0.197655520738548,1.08233429569072,"hist+future",NA,NA,NA,NA,NA
0.1,"without_ssp245",7,9,0.151898063798347,1.07162743246087,"hist+future",NA,NA,NA,NA,NA
0.1,"with_ssp245",7,11,-0.515414553548485,0.257631539140813,"hist",-0.531728609488551,0.259011752207887,0.0163140559400662,0.062985774973532,0.99467123381349
0.1,"without_ssp245",7,9,-0.554062409088768,0.267803894620241,"hist",-0.531728609488551,0.259011752207887,0.0223337996002171,0.0862269739107886,1.03394495553737
0.1,"with_ssp245",7,11,1.56575508187065,0.666108345279856,"future",NA,NA,NA,NA,NA
0.1,"without_ssp245",7,9,1.50635711061665,0.649987318569213,"future",NA,NA,NA,NA,NA
