"tol","archive","draw","n_stitched","mean_gen","var_gen","time_period","mean_target","var_target","bias","E1","E2"
0.1,"with_ssp370",146,10,0.338072461662113,1.32523186266627,"hist+future",0.321521785460596,1.32469738968709,0.0165506762015169,0.012493929806434,1.00040346797943
0.1,"without_ssp370",146,8,0.324229736364544,1.32686184408744,"hist+future",0.321521785460596,1.32469738968709,0.00270795090394771,0.00204420339696401,1.00163392365472
0.1,"with_ssp370",146,10,-0.494809958495921,0.250443833071815,"hist",-0.512099442080232,0.252552251192804,0.0172894835843109,0.0684590357149965,0.991651556812378
0.1,"without_ssp370",146,8,-0.515600880237425,0.251879789665064,"hist",-0.512099442080232,0.252552251192804,0.00350143815719317,0.0138642128140053,0.997337337028026
0.1,"with_ssp370",146,10,1.93604454684904,1.05845437319549,"future",1.92091134992846,1.05225971735422,0.0151331969205748,0.0143816176472338,1.00588700274191
0.1,"without_ssp370",146,8,1.935532663566,1.03258266878717,"future",1.92091134992846,1.05225971735422,0.0146213136375319,0.0138951566769993,0.981300197809972
