"tol","archive","draw","n_stitched","mean_gen","var_gen","time_period","mean_target","var_target","bias","E1","E2"
0.1,"with_ssp245",115,11,0.195177068472207,1.07769279284057,"hist+future",0.175822310447923,1.08019275864387,0.0193547580242843,0.0179178742584641,0.997685629918094
0.1,"without_ssp245",115,7,0.116896590788168,1.06202351051809,"hist+future",0.175822310447923,1.08019275864387,0.0589257196597546,0.0545511152414438,0.983179624210232
0.1,"with_ssp245",115,11,-0.514831083753127,0.255564107876699,"hist",-0.535322134057386,0.263759506318041,0.020491050304259,0.0776883858720562,0.968928519181181
0.1,"without_ssp245",115,7,-0.584019239648286,0.267450135509683,"hist",-0.535322134057386,0.263759506318041,0.0486971055909001,0.184626921208221,1.01399240256081
0.1,"with_ssp245",115,11,1.55740201169523,0.663988589200897,"future",1.54022734932439,0.662927335954257,0.0171746623708444,0.0259073075424204,1.00160085908226
0.1,"without_ssp245",115,7,1.46167696313718,0.634461447928242,"future",1.54022734932439,0.662927335954257,0.0785503861872081,0.118490190292331,0.957060319461649
