"tol","archive","draw","n_stitched","mean_gen","var_gen","time_period","mean_target","var_target","bias","E1","E2"
0.1,"with_ssp245",9,11,0.176778924148889,1.08124313598645,"hist+future",NA,NA,NA,NA,NA
0.1,"without_ssp245",9,8,0.115070432500826,1.07287233378494,"hist+future",NA,NA,NA,NA,NA
0.1,"with_ssp245",9,11,-0.534510143048221,0.267131413443567,"hist",-0.531728609488551,0.259011752207887,0.00278153355966981,0.0107390245267223,1.0313486209273
0.1,"without_ssp245",9,8,-0.590700540003479,0.277099641989759,"hist",-0.531728609488551,0.259011752207887,0.0589719305149282,0.227680520332515,1.06983424353407
0.1,"with_ssp245",9,11,1.54146143679451,0.664421563016222,"future",NA,NA,NA,NA,NA
0.1,"without_ssp245",9,8,1.46916590300327,0.649578404366569,"future",NA,NA,NA,NA,NA
