"tol","archive","draw","n_stitched","mean_gen","var_gen","time_period","mean_target","var_target","bias","E1","E2"
0.1,"with_ssp245",153,11,0.196371173866015,1.08064114153129,"hist+future",0.175822310447923,1.08019275864387,0.020548863418092,0.0190233300988707,1.00041509525391
0.1,"without_ssp245",153,8,0.146159216097803,1.06738972116318,"hist+future",0.175822310447923,1.08019275864387,0.0296630943501196,0.0274609268695342,0.988147451111633
0.1,"with_ssp245",153,11,-0.516859932818613,0.258800011617462,"hist",-0.535322134057386,0.263759506318041,0.0184622012387727,0.0699963443839291,0.981196906341646
0.1,"without_ssp245",153,8,-0.55668674088389,0.270968698883788,"hist",-0.535322134057386,0.263759506318041,0.0213646068265044,0.0810003291435608,1.02733244638794
0.1,"with_ssp245",153,11,1.56477969250513,0.656169487213903,"future",1.54022734932439,0.662927335954257,0.0245523431807393,0.0370362509571236,0.989806049058716
0.1,"without_ssp245",153,8,1.49464273821384,0.64593227653967,"future",1.54022734932439,0.662927335954257,0.0455846111105442,0.0687626058517062,0.974363616503876
