"tol","archive","draw","n_stitched","mean_gen","var_gen","time_period","mean_target","var_target","bias","E1","E2"
0.1,"with_ssp370",120,10,0.319145171270978,1.3237756664476,"hist+future",0.321521785460596,1.32469738968709,0.00237661418961832,0.00179408082790871,0.999304200909078
0.1,"without_ssp370",120,9,0.324694661925748,1.32361276920344,"hist+future",0.321521785460596,1.32469738968709,0.00317287646515185,0.00239517076870011,0.99918123150835
0.1,"with_ssp370",120,10,-0.513557810069525,0.251907241947655,"hist",-0.512099442080232,0.252552251192804,0.00145836798929311,0.00577451985640689,0.997446036445519
0.1,"without_ssp370",120,9,-0.508847338698923,0.247478503283345,"hist",-0.512099442080232,0.252552251192804,0.00325210338130832,0.0128769526541484,0.979910106183986
0.1,"with_ssp370",120,10,1.91677298430799,1.05324397970265,"future",1.92091134992846,1.05225971735422,0.00413836562047498,0.00393283668682137,1.00093537967119
0.1,"without_ssp370",120,9,1.92393222126378,1.05090227029228,"future",1.92091134992846,1.05225971735422,0.00302087133531681,0.00287084194661791,0.998709969564017
