"tol","archive","draw","n_stitched","mean_gen","var_gen","time_period","mean_target","var_target","bias","E1","E2"
0.1,"with_ssp245",21,11,0.197831459791438,1.0826597536331,"hist+future",0.175822310447923,1.08019275864387,0.0220091493435151,0.0203752054134732,1.00228384699814
0.1,"without_ssp245",21,7,0.135398129384652,1.08112038802513,"hist+future",0.175822310447923,1.08019275864387,0.0404241810632708,0.0374231179942564,1.00085876282158
0.1,"with_ssp245",21,11,-0.515142442577665,0.258186577773848,"hist",-0.535322134057386,0.263759506318041,0.0201796914797212,0.0765079210278341,0.978871174646978
0.1,"without_ssp245",21,7,-0.576188504278431,0.271678456470609,"hist",-0.535322134057386,0.263759506318041,0.0408663702210458,0.1549379993598,1.03002337342496
0.1,"with_ssp245",21,11,1.56574650503448,0.667815434930346,"future",1.54022734932439,0.662927335954257,0.0255191557100964,0.0384946499051252,1.00737350643273
0.1,"without_ssp245",21,7,1.50065155443592,0.658182549239463,"future",1.54022734932439,0.662927335954257,0.0395757948884699,0.0596985412156856,0.992842674517314
