"tol","archive","draw","n_stitched","mean_gen","var_gen","time_period","mean_target","var_target","bias","E1","E2"
0.1,"with_ssp245",96,11,0.18665120452733,1.08107833724901,"hist+future",0.175822310447923,1.08019275864387,0.0108288940794069,0.0100249645192975,1.00081983386581
0.1,"without_ssp245",96,8,0.14881090255751,1.07074438381205,"hist+future",0.175822310447923,1.08019275864387,0.0270114078904129,0.0250060997671605,0.991253065940121
0.1,"with_ssp245",96,11,-0.525677918814197,0.256404137314124,"hist",-0.535322134057386,0.263759506318041,0.00964421524318881,0.0365644271094435,0.972113350124912
0.1,"without_ssp245",96,8,-0.554917995325037,0.277616232733145,"hist",-0.535322134057386,0.263759506318041,0.0195958612676514,0.0742944265448494,1.052535457806
0.1,"with_ssp245",96,11,1.5533291737291,0.665504284868771,"future",1.54022734932439,0.662927335954257,0.013101824404709,0.0197635905085275,1.00388722681168
0.1,"without_ssp245",96,8,1.49898843919263,0.651319347742611,"future",1.54022734932439,0.662927335954257,0.0412389101317574,0.0622072856181072,0.982489803056715
