"tol","archive","draw","n_stitched","mean_gen","var_gen","time_period","mean_target","var_target","bias","E1","E2"
0.1,"with_ssp126",19,11,0.0722831699356064,0.843088607902573,"hist+future",0.0573355284352127,0.839525692055952,0.0149476415003937,0.0178048648681468,1.00424396284752
0.1,"without_ssp126",19,7,0.0689003738939627,0.850594063941448,"hist+future",0.0573355284352127,0.839525692055952,0.01156484545875,0.0137754515057524,1.01318407761696
0.1,"with_ssp126",19,11,-0.501469136680461,0.248016369225769,"hist",-0.512099442080232,0.252552251192804,0.0106303053997709,0.042091509181027,0.982039827617407
0.1,"without_ssp126",19,7,-0.507505980033958,0.245164377874642,"hist",-0.512099442080232,0.252552251192804,0.00459346204627342,0.0181881651205978,0.970747149220531
0.1,"with_ssp126",19,11,1.17308701402457,0.335554626538581,"future",1.14985611140089,0.344006334614739,0.0232309026236814,0.0675304501287695,0.975431533591894
0.1,"without_ssp126",19,7,1.17479628549986,0.367413426430278,"future",1.14985611140089,0.344006334614739,0.0249401740989665,0.072499171060026,1.06804261858071
