"tol","archive","draw","n_stitched","mean_gen","var_gen","time_period","mean_target","var_target","bias","E1","E2"
0.1,"with_ssp245",156,11,0.1887919547171,1.07723939195952,"hist+future",0.175822310447923,1.08019275864387,0.0129696442691777,0.0120067869048303,0.997265889202914
0.1,"without_ssp245",156,8,0.148922981443467,1.07485530888808,"hist+future",0.175822310447923,1.08019275864387,0.0268993290044554,0.0249023415396955,0.995058798799498
0.1,"with_ssp245",156,11,-0.521745761036106,0.254449002241358,"hist",-0.535322134057386,0.263759506318041,0.0135763730212798,0.0514725448602766,0.964700782896307
0.1,"without_ssp245",156,8,-0.560967071263145,0.268065317263251,"hist",-0.535322134057386,0.263759506318041,0.0256449372057597,0.0972284850079944,1.01632476116337
0.1,"with_ssp245",156,11,1.55203292098779,0.659471032938554,"future",1.54022734932439,0.662927335954257,0.0118055716634005,0.017808243864928,0.994786301864098
0.1,"without_ssp245",156,8,1.51092133838057,0.641209628662182,"future",1.54022734932439,0.662927335954257,0.0293060109438135,0.0442069731543483,0.967239686592779
