"tol","archive","draw","n_stitched","mean_gen","var_gen","time_period","mean_target","var_target","bias","E1","E2"
0.1,"with_ssp245",49,12,0.195284816467538,1.07854645433705,"hist+future",0.175822310447923,1.08019275864387,0.0194625060196151,0.0180176231176086,0.998475916179179
0.1,"without_ssp245",49,9,0.157836587871901,1.08053616929811,"hist+future",0.175822310447923,1.08019275864387,0.0179857225760217,0.0166504750491032,1.00031791608626
0.1,"with_ssp245",49,12,-0.514492272712504,0.258759785717708,"hist",-0.535322134057386,0.263759506318041,0.0208298613448819,0.0789729311965166,0.981044396578813
0.1,"without_ssp245",49,9,-0.552551670182742,0.273120622076387,"hist",-0.535322134057386,0.263759506318041,0.0172295361253562,0.0653229010240139,1.03549110281947
0.1,"with_ssp245",49,12,1.55706644105715,0.667081862382812,"future",1.54022734932439,0.662927335954257,0.0168390917327661,0.0254011123383936,1.00626694088964
0.1,"without_ssp245",49,9,1.52079080390697,0.661669116302828,"future",1.54022734932439,0.662927335954257,0.0194365454174148,0.0293192697951378,0.998102024787351
