"tol","archive","draw","n_stitched","mean_gen","var_gen","time_period","mean_target","var_target","bias","E1","E2"
0.1,"with_ssp370",199,10,0.327577299767277,1.32394920630516,"hist+future",0.321521785460596,1.32469738968709,0.0060555143066805,0.00457124348083066,0.999435204305708
0.1,"without_ssp370",199,9,0.328551793921044,1.32430999270802,"hist+future",0.321521785460596,1.32469738968709,0.00703000846044738,0.00530687877486341,0.999707558132077
0.1,"with_ssp370",199,10,-0.504608739048093,0.253584698600712,"hist",-0.512099442080232,0.252552251192804,0.00749070303213806,0.0296600129151868,1.00408805466208
0.1,"without_ssp370",199,9,-0.503488020542469,0.249524140668868,"hist",-0.512099442080232,0.252552251192804,0.00861142153776251,0.0340975837558001,0.988009964236573
0.1,"with_ssp370",199,10,1.92421330447118,1.05539668047526,"future",1.92091134992846,1.05225971735422,0.00330195454272109,0.00313796535994311,1.00298116811781
0.1,"without_ssp370",199,9,1.92490725190336,1.05918136722755,"future",1.92091134992846,1.05225971735422,0.00399590197490074,0.00379744839510529,1.00657789114148
