"tol","archive","draw","n_stitched","mean_gen","var_gen","time_period","mean_target","var_target","bias","E1","E2"
0.1,"with_ssp126",200,11,0.0791409247461132,0.842368787169471,"hist+future",0.0573355284352127,0.839525692055952,0.0218053963109005,0.0259734711125996,1.00338654926278
0.1,"without_ssp126",200,8,0.0522965944237286,0.846608657692117,"hist+future",0.0573355284352127,0.839525692055952,0.00503893401148413,0.00600212007704501,1.00843686584364
0.1,"with_ssp126",200,11,-0.493480349254915,0.24985450377983,"hist",-0.512099442080232,0.252552251192804,0.0186190928253169,0.0737237254365341,0.989318062301037
0.1,"without_ssp126",200,8,-0.520879042040421,0.248799752950441,"hist",-0.512099442080232,0.252552251192804,0.00877959996018995,0.0347634991124566,0.985141695531756
0.1,"with_ssp126",200,11,1.17777476439925,0.338474392462858,"future",1.14985611140089,0.344006334614739,0.0279186529983575,0.0811573805163334,0.983919068937855
0.1,"without_ssp126",200,8,1.15199403647704,0.364309688182011,"future",1.14985611140089,0.344006334614739,0.00213792507614929,0.0062147840345545,1.05902028981533
