"tol","archive","draw","n_stitched","mean_gen","var_gen","time_period","mean_target","var_target","bias","E1","E2"
0.1,"with_ssp370",185,10,0.32242701800472,1.32774771539377,"hist+future",0.321521785460596,1.32469738968709,0.000905232544123558,0.000683350440010593,1.0023026585018
0.1,"without_ssp370",185,9,0.312895392275564,1.32091136122405,"hist+future",0.321521785460596,1.32469738968709,0.00862639318503211,0.00651197266046532,0.997141967295693
0.1,"with_ssp370",185,10,-0.514233831434962,0.25335327243995,"hist",-0.512099442080232,0.252552251192804,0.00213438935473054,0.00845127827865251,1.00317170503673
0.1,"without_ssp370",185,9,-0.520282783955554,0.252802690652493,"hist",-0.512099442080232,0.252552251192804,0.00818334187532277,0.0324025695145177,1.00099163424007
0.1,"with_ssp370",185,10,1.9276484151855,1.04959130404974,"future",1.92091134992846,1.05225971735422,0.0067370652570411,0.00640247378658627,0.99746411151118
0.1,"without_ssp370",185,9,1.91143491643992,1.04010285923259,"future",1.92091134992846,1.05225971735422,0.00947643348854443,0.00900579327732106,0.988446903439202
