"tol","archive","draw","n_stitched","mean_gen","var_gen","time_period","mean_target","var_target","bias","E1","E2"
0.1,"with_ssp126",94,11,0.0750624445591768,0.841484267456279,"hist+future",0.0573355284352127,0.839525692055952,0.0177269161239641,0.0211153944324823,1.00233295468961
0.1,"without_ssp126",94,9,0.0546764316622614,0.849941511450066,"hist+future",0.0573355284352127,0.839525692055952,0.00265909677295133,0.00316737986474167,1.01240679051597
0.1,"with_ssp126",94,11,-0.49681459190683,0.247066496525299,"hist",-0.512099442080232,0.252552251192804,0.015284850173401,0.060521536043376,0.978278733839845
0.1,"without_ssp126",94,9,-0.522156315935178,0.252270311268675,"hist",-0.512099442080232,0.252552251192804,0.0100568738549464,0.0398209630183368,0.998883637256062
0.1,"with_ssp126",94,11,1.17226838661605,0.343000063946526,"future",1.14985611140089,0.344006334614739,0.0224122752151608,0.0651507631109782,0.997074848434577
0.1,"without_ssp126",94,9,1.16139042414572,0.349861937853654,"future",1.14985611140089,0.344006334614739,0.0115343127448297,0.0335293614803556,1.01702178898965
