"tol","archive","draw","n_stitched","mean_gen","var_gen","time_period","mean_target","var_target","bias","E1","E2"
0.1,"with_ssp245",163,11,0.192807099257514,1.07861046732408,"hist+future",0.175822310447923,1.08019275864387,0.0169847888095915,0.0157238499088951,0.998535176886601
0.1,"without_ssp245",163,8,0.13198070336778,1.06971442065022,"hist+future",0.175822310447923,1.08019275864387,0.0438416070801428,0.0405868366819862,0.990299566526623
0.1,"with_ssp245",163,11,-0.517020792727009,0.252225002510886,"hist",-0.535322134057386,0.263759506318041,0.0183013413303764,0.069386470978258,0.956268860341108
0.1,"without_ssp245",163,8,-0.573587543536778,0.266930903231382,"hist",-0.535322134057386,0.263759506318041,0.0382654094793923,0.145076892255219,1.01202382032637
0.1,"with_ssp245",163,11,1.5546861943441,0.67182557577514,"future",1.54022734932439,0.662927335954257,0.0144588450197134,0.0218106031167058,1.0134226473073
0.1,"without_ssp245",163,8,1.48568722359164,0.64374794756488,"future",1.54022734932439,0.662927335954257,0.0545401257327454,0.0822716499603038,0.971068641540073
