"tol","archive","draw","n_stitched","mean_gen","var_gen","time_period","mean_target","var_target","bias","E1","E2"
0.1,"with_ssp126",58,12,0.0570984260301345,0.843472282586921,"hist+future",0.0573355284352127,0.839525692055952,0.000237102405078148,0.000282424239450608,1.00470097647793
0.1,"without_ssp126",58,9,0.04705405956337,0.857548074926857,"hist+future",0.0573355284352127,0.839525692055952,0.0102814688718427,0.012246759055895,1.02146733928627
0.1,"with_ssp126",58,12,-0.516531273351271,0.252155809551925,"hist",-0.512099442080232,0.252552251192804,0.00443183127103908,0.0175481756749645,0.998430258930552
0.1,"without_ssp126",58,9,-0.53200964170022,0.248582808165641,"hist",-0.512099442080232,0.252552251192804,0.019910199619989,0.0788359617701015,0.984282686024713
0.1,"with_ssp126",58,12,1.15766703530841,0.333689012812972,"future",1.14985611140089,0.344006334614739,0.00781092390752125,0.0227057560328617,0.970008337743775
0.1,"without_ssp126",58,9,1.15804837012724,0.386561381609822,"future",1.14985611140089,0.344006334614739,0.00819225872634477,0.0238142670701674,1.12370425400085
