"tol","archive","draw","n_stitched","mean_gen","var_gen","time_period","mean_target","var_target","bias","E1","E2"
0.1,"with_ssp370",47,9,0.314734951998949,1.32566438942676,"hist+future",0.321521785460596,1.32469738968709,0.00678683346164732,0.0051233085491702,1.00072997784037
0.1,"without_ssp370",47,8,0.313253371379746,1.32216277155416,"hist+future",0.321521785460596,1.32469738968709,0.00826841408084994,0.00624173803407512,0.998086643672234
0.1,"with_ssp370",47,9,-0.519407517694107,0.253334954199765,"hist",-0.512099442080232,0.252552251192804,0.00730807561387559,0.0289368856518188,1.00309917256039
0.1,"without_ssp370",47,8,-0.518249539647229,0.252270334532103,"hist",-0.512099442080232,0.252552251192804,0.00615009756699714,0.0243517828011836,0.998883729369389
0.1,"with_ssp370",47,9,1.91512457408446,1.05310358458628,"future",1.92091134992846,1.05225971735422,0.00578677584400022,0.00549937980953063,1.00080195717668
0.1,"without_ssp370",47,8,1.9085787239315,1.05239486688436,"future",1.92091134992846,1.05225971735422,0.0123326259969629,0.0117201350518024,1.00012843742653
