"tol","archive","draw","n_stitched","mean_gen","var_gen","time_period","mean_target","var_target","bias","E1","E2"
0.1,"with_ssp245",28,11,0.194453639096682,1.08607411543832,"hist+future",0.175822310447923,1.08019275864387,0.018631328648759,0.0172481517763087,1.00544472895915
0.1,"without_ssp245",28,8,0.147625937879177,1.07377057656298,"hist+future",0.175822310447923,1.08019275864387,0.0281963725687462,0.026103093492448,0.994054596247295
0.1,"with_ssp245",28,11,-0.521389063580716,0.257892007681887,"hist",-0.535322134057386,0.263759506318041,0.0139330704766699,0.0528249035311335,0.977754361470941
0.1,"without_ssp245",28,8,-0.560343485081941,0.268847085467211,"hist",-0.535322134057386,0.263759506318041,0.0250213510245555,0.0948642624254261,1.01928870439663
0.1,"with_ssp245",28,11,1.56787277795448,0.66702243064321,"future",1.54022734932439,0.662927335954257,0.0276454286300927,0.0417020495772711,1.00617729043117
0.1,"without_ssp245",28,8,1.50593936565341,0.647152315767039,"future",1.54022734932439,0.662927335954257,0.0342879836709724,0.0517220844749391,0.976203998037717
