"tol","archive","draw","n_stitched","mean_gen","var_gen","time_period","mean_target","var_target","bias","E1","E2"
0.1,"with_ssp245",170,11,0.19339001898406,1.07477088796649,"hist+future",0.175822310447923,1.08019275864387,0.0175677085361373,0.0162634940806239,0.994980645228369
0.1,"without_ssp245",170,9,0.16038512560894,1.07511332909159,"hist+future",0.175822310447923,1.08019275864387,0.0154371848389826,0.0142911389800125,0.995297663762666
0.1,"with_ssp245",170,11,-0.515491696901759,0.250021777229905,"hist",-0.535322134057386,0.263759506318041,0.0198304371556269,0.0751837817428859,0.947915700632334
0.1,"without_ssp245",170,9,-0.547915262032319,0.266455487080368,"hist",-0.535322134057386,0.263759506318041,0.0125931279749332,0.0477447359176825,1.01022135960126
0.1,"with_ssp245",170,11,1.55345377620685,0.660946544529659,"future",1.54022734932439,0.662927335954257,0.0132264268824653,0.019951548480689,0.997012053482835
0.1,"without_ssp245",170,9,1.51933354375787,0.653583460299818,"future",1.54022734932439,0.662927335954257,0.0208938055665193,0.0315174898263073,0.985905128439169
