"tol","archive","draw","n_stitched","mean_gen","var_gen","time_period","mean_target","var_target","bias","E1","E2"
0.1,"with_ssp245",200,11,0.197448333336965,1.0814644023492,"hist+future",0.175822310447923,1.08019275864387,0.0216260228890418,0.020020522000344,1.00117723776165
0.1,"without_ssp245",200,9,0.136223107664205,1.06743478453616,"hist+future",0.175822310447923,1.08019275864387,0.0395992027837174,0.0366593855280352,0.988189169011168
0.1,"with_ssp245",200,11,-0.515060837542424,0.253863878642183,"hist",-0.535322134057386,0.263759506318041,0.0202612965149621,0.0768173128536685,0.962482384752699
0.1,"without_ssp245",200,9,-0.566546023463761,0.271809290858557,"hist",-0.535322134057386,0.263759506318041,0.0312238894063757,0.118380148045644,1.03051941009781
0.1,"with_ssp245",200,11,1.5644717425823,0.668120103785866,"future",1.54022734932439,0.662927335954257,0.0242443932579155,0.0365717205235121,1.00783308750443
0.1,"without_ssp245",200,9,1.48455923133996,0.64602165284364,"future",1.54022734932439,0.662927335954257,0.0556681179844312,0.0839731822256193,0.974498437168408
