"tol","archive","draw","n_stitched","mean_gen","var_gen","time_period","mean_target","var_target","bias","E1","E2"
0.1,"with_ssp126",162,11,0.0699480275071451,0.843966046342072,"hist+future",0.0573355284352127,0.839525692055952,0.0126124990719324,0.0150233628241264,1.0052891225702
0.1,"without_ssp126",162,9,0.0818389198177884,0.847103535749874,"hist+future",0.0573355284352127,0.839525692055952,0.0245033913825757,0.029187184638231,1.0090263392361
0.1,"with_ssp126",162,11,-0.503046545679814,0.249664917326408,"hist",-0.512099442080232,0.252552251192804,0.00905289640041784,0.0358456373192518,0.988567380204458
0.1,"without_ssp126",162,9,-0.491829633769169,0.249485385151898,"hist",-0.512099442080232,0.252552251192804,0.0202698083110621,0.0802598599510707,0.987856508796019
0.1,"with_ssp126",162,11,1.16929808071468,0.346722089252001,"future",1.14985611140089,0.344006334614739,0.0194419693137919,0.0565163119323528,1.00789449019973
0.1,"without_ssp126",162,9,1.18248207495556,0.362531280517219,"future",1.14985611140089,0.344006334614739,0.032625963554666,0.0948411708499628,1.05385059528984
