"tol","archive","draw","n_stitched","mean_gen","var_gen","time_period","mean_target","var_target","bias","E1","E2"
0.1,"with_ssp126",164,11,0.0734934373064014,0.83799353313216,"hist+future",0.0573355284352127,0.839525692055952,0.0161579088711887,0.0192464733647625,0.998174970774224
0.1,"without_ssp126",164,9,0.0582430587955416,0.854265525344659,"hist+future",0.0573355284352127,0.839525692055952,0.000907530360328875,0.00108100367733402,1.01755733437128
0.1,"with_ssp126",164,11,-0.496451897579321,0.243147480932872,"hist",-0.512099442080232,0.252552251192804,0.0156475445009102,0.0619576520383678,0.962761091158312
0.1,"without_ssp126",164,9,-0.519086561076244,0.251930721384515,"hist",-0.512099442080232,0.252552251192804,0.00698711899601234,0.0276660333179062,0.997539005075767
0.1,"with_ssp126",164,11,1.16699320772668,0.341435639031791,"future",1.14985611140089,0.344006334614739,0.0171370963257929,0.0498162231372428,0.992527185332715
0.1,"without_ssp126",164,9,1.16591035273559,0.375555887933277,"future",1.14985611140089,0.344006334614739,0.0160542413347045,0.0466684468257946,1.09171212894632
