"tol","archive","draw","n_stitched","mean_gen","var_gen","time_period","mean_target","var_target","bias","E1","E2"
0.1,"with_ssp126",5,11,0.0747135729837207,0.845075657475608,"hist+future",0.0573355284352127,0.839525692055952,0.017378044548508,0.0206998364826097,1.00661083451307
0.1,"without_ssp126",5,9,0.059502217022266,0.85560970462057,"hist+future",0.0573355284352127,0.839525692055952,0.00216668858705335,0.00258084845711779,1.01915845186968
0.1,"with_ssp126",5,11,-0.499640801509204,0.253306884190543,"hist",-0.512099442080232,0.252552251192804,0.0124586405710279,0.0493309424571973,1.00298802720695
0.1,"without_ssp126",5,9,-0.519334656854092,0.250727699659154,"hist",-0.512099442080232,0.252552251192804,0.00723521477386035,0.0286483875700511,0.992775548327
0.1,"with_ssp126",5,11,1.17667254730154,0.336790852764908,"future",1.14985611140089,0.344006334614739,0.02681643590065,0.0779533200476739,0.979025148307481
0.1,"without_ssp126",5,9,1.17006133550598,0.373022960337038,"future",1.14985611140089,0.344006334614739,0.0202052241050854,0.058735035003683,1.08434910291636
