"tol","archive","draw","n_stitched","mean_gen","var_gen","time_period","mean_target","var_target","bias","E1","E2"
0.1,"with_ssp370",36,10,0.337367509448196,1.3245983128108,"hist+future",0.321521785460596,1.32469738968709,0.0158457239876001,0.0119617688620516,0.999925207917625
0.1,"without_ssp370",36,9,0.332682297313497,1.32954445148105,"hist+future",0.321521785460596,1.32469738968709,0.011160511852901,0.00842495194735551,1.00365899550471
0.1,"with_ssp370",36,10,-0.494309879345613,0.250410540563337,"hist",-0.512099442080232,0.252552251192804,0.0177895627346182,0.0704391374481841,0.991519732572758
0.1,"without_ssp370",36,9,-0.50393043146797,0.253555948284713,"hist",-0.512099442080232,0.252552251192804,0.00816901061226138,0.0323458237797492,1.0039742155818
0.1,"with_ssp370",36,10,1.93302761585492,1.06146091821376,"future",1.92091134992846,1.05225971735422,0.0121162659264606,0.0115145203476243,1.00874422987765
0.1,"without_ssp370",36,9,1.93781136997561,1.05629800656391,"future",1.92091134992846,1.05225971735422,0.0169000200471514,0.0160606927818585,1.00383773049855
