"tol","archive","draw","n_stitched","mean_gen","var_gen","time_period","mean_target","var_target","bias","E1","E2"
0.1,"with_ssp126",192,11,0.0735514492728223,0.842248899910393,"hist+future",0.0573355284352127,0.839525692055952,0.0162159208376096,0.0193155742475226,1.00324374570095
0.1,"without_ssp126",192,9,0.0888410266417849,0.856741670749813,"hist+future",0.0573355284352127,0.839525692055952,0.0315054982065722,0.0375277356067769,1.02050679193832
0.1,"with_ssp126",192,11,-0.499034987304653,0.247204333167109,"hist",-0.512099442080232,0.252552251192804,0.0130644547755784,0.0517297102436228,0.978824508590056
0.1,"without_ssp126",192,9,-0.491621122630303,0.249039831511309,"hist",-0.512099442080232,0.252552251192804,0.0204783194499282,0.0810854757904915,0.986092304998644
0.1,"with_ssp126",192,11,1.17211844968309,0.341653818555238,"future",1.14985611140089,0.344006334614739,0.0222623382822043,0.0647149079598676,0.993161416454334
0.1,"without_ssp126",192,9,1.20251840605916,0.368596215899942,"future",1.14985611140089,0.344006334614739,0.0526622946582729,0.153085246866895,1.07148089674785
