"tol","archive","draw","n_stitched","mean_gen","var_gen","time_period","mean_target","var_target","bias","E1","E2"
0.1,"with_ssp370",193,10,0.32073977174247,1.32480043522518,"hist+future",0.321521785460596,1.32469738968709,0.000782013718125973,0.000590333856029334,1.00007778798305
0.1,"without_ssp370",193,9,0.336702175389346,1.32205869340413,"hist+future",0.321521785460596,1.32469738968709,0.0151803899287494,0.0114595152424474,0.998008076181395
0.1,"with_ssp370",193,10,-0.512334781205061,0.253905173546167,"hist",-0.512099442080232,0.252552251192804,0.000235339124829759,0.000931843306556375,1.00535699977717
0.1,"without_ssp370",193,9,-0.495502070524899,0.253937301159792,"hist",-0.512099442080232,0.252552251192804,0.016597371555333,0.0657185650769043,1.00548421152631
0.1,"with_ssp370",193,10,1.91908048379297,1.05443852616429,"future",1.92091134992846,1.05225971735422,0.00183086613549666,0.00173993749385384,1.00207059984729
0.1,"without_ssp370",193,9,1.93337311231784,1.04817086354644,"future",1.92091134992846,1.05225971735422,0.0124617623893741,0.011842857978739,0.996114216157528
