"tol","archive","draw","n_stitched","mean_gen","var_gen","time_period","mean_target","var_target","bias","E1","E2"
0.1,"with_ssp245",181,11,0.178650408037884,1.07963249233399,"hist+future",0.175822310447923,1.08019275864387,0.00282809758996133,0.00261814159309111,0.999481327471051
0.1,"without_ssp245",181,7,0.128879400878104,1.0687096404419,"hist+future",0.175822310447923,1.08019275864387,0.0469429095698192,0.043457900633174,0.989369380501695
0.1,"with_ssp245",181,11,-0.533127582180355,0.260193870951744,"hist",-0.535322134057386,0.263759506318041,0.00219455187703077,0.00832027595010957,0.986481490596976
0.1,"without_ssp245",181,7,-0.577621321144936,0.270469702404087,"hist",-0.535322134057386,0.263759506318041,0.0422991870875501,0.160370284574865,1.02544058479528
0.1,"with_ssp245",181,11,1.5442709706659,0.659100378948179,"future",1.54022734932439,0.662927335954257,0.00404362134151404,0.00609964489651555,0.994227184793082
0.1,"without_ssp245",181,7,1.48437497220138,0.630047200994363,"future",1.54022734932439,0.662927335954257,0.0558523771230099,0.084251129941131,0.950401600331409
