"tol","archive","draw","n_stitched","mean_gen","var_gen","time_period","mean_target","var_target","bias","E1","E2"
0.1,"with_ssp126",8,12,0.0683233613192114,0.845146968988749,"hist+future",0.0573355284352127,0.839525692055952,0.0109878328839987,0.0130881436839534,1.00669577713462
0.1,"without_ssp126",8,10,0.0707824940218536,0.854125167123909,"hist+future",0.0573355284352127,0.839525692055952,0.0134469655866409,0.0160173365912245,1.01739014684852
0.1,"with_ssp126",8,12,-0.506197869252107,0.251352288450506,"hist",-0.512099442080232,0.252552251192804,0.00590157282812431,0.0233677300449756,0.995248655529181
0.1,"without_ssp126",8,10,-0.506932390424215,0.250198964189501,"hist",-0.512099442080232,0.252552251192804,0.00516705165601605,0.0204593371534487,0.990681979700484
0.1,"with_ssp126",8,12,1.17060246648511,0.338594630443785,"future",1.14985611140089,0.344006334614739,0.0207463550842228,0.0603080612089809,0.984268591515867
0.1,"without_ssp126",8,10,1.17918895836606,0.373609878907058,"future",1.14985611140089,0.344006334614739,0.0293328469651652,0.0852683337881431,1.08605523013253
