"tol","archive","draw","n_stitched","mean_gen","var_gen","time_period","mean_target","var_target","bias","E1","E2"
0.1,"with_ssp370",135,10,0.323404536338908,1.32226417499877,"hist+future",0.321521785460596,1.32469738968709,0.00188275087831236,0.00142126865574717,0.998163192056344
0.1,"without_ssp370",135,8,0.328179894530947,1.31734199331893,"hist+future",0.321521785460596,1.32469738968709,0.00665810907035064,0.00502613587237714,0.994447489347058
0.1,"with_ssp370",135,10,-0.507802604410813,0.254106355084615,"hist",-0.512099442080232,0.252552251192804,0.00429683766941824,0.0170136581603382,1.00615359350182
0.1,"without_ssp370",135,8,-0.504210563019615,0.248710375056645,"hist",-0.512099442080232,0.252552251192804,0.00788887906061631,0.0312366214252977,0.984787796909299
0.1,"with_ssp370",135,10,1.91816242266105,1.05330828677849,"future",1.92091134992846,1.05225971735422,0.00274892726741416,0.00261240378404487,1.00099649298265
0.1,"without_ssp370",135,8,1.92520809797098,1.03223272085449,"future",1.92091134992846,1.05225971735422,0.00429674804251534,0.00408335316049062,0.980967629788116
