"tol","archive","draw","n_stitched","mean_gen","var_gen","time_period","mean_target","var_target","bias","E1","E2"
0.1,"with_ssp126",124,11,0.0716365868779227,0.845440036233787,"hist+future",0.0573355284352127,0.839525692055952,0.01430105844271,0.0170346882507996,1.00704486382466
0.1,"without_ssp126",124,9,0.0843508301116294,0.861134137291949,"hist+future",0.0573355284352127,0.839525692055952,0.0270153016764167,0.0321792435086265,1.02573887308092
0.1,"with_ssp126",124,11,-0.503475219448883,0.249931964128469,"hist",-0.512099442080232,0.252552251192804,0.00862422263134832,0.0341482706672228,0.989624772489813
0.1,"without_ssp126",124,9,-0.499718348722032,0.249355431420445,"hist",-0.512099442080232,0.252552251192804,0.0123810933581994,0.0490238883230046,0.987341947033689
0.1,"with_ssp126",124,11,1.17504877343517,0.337056221536326,"future",1.14985611140089,0.344006334614739,0.0251926620342759,0.0732331341005386,0.979796554949499
0.1,"without_ssp126",124,9,1.20494867322272,0.366129939058481,"future",1.14985611140089,0.344006334614739,0.0550925618218334,0.160149846901898,1.06431161934421
