"tol","archive","draw","n_stitched","mean_gen","var_gen","time_period","mean_target","var_target","bias","E1","E2"
0.1,"with_ssp370",77,10,0.325790638684736,1.32612085637299,"hist+future",0.321521785460596,1.32469738968709,0.00426885322413989,0.00322251199207711,1.00107455989344
0.1,"without_ssp370",77,8,0.31991202180956,1.31368201043091,"hist+future",0.321521785460596,1.32469738968709,0.00160976365103627,0.00121519349518497,0.99168460710957
0.1,"with_ssp370",77,10,-0.509803746326724,0.252054562797936,"hist",-0.512099442080232,0.252552251192804,0.00229569575350741,0.00908998333083487,0.998029364646255
0.1,"without_ssp370",77,8,-0.509021131377284,0.242269989378925,"hist",-0.512099442080232,0.252552251192804,0.00307831070294773,0.0121888072207192,0.959286596079363
0.1,"with_ssp370",77,10,1.92896591225324,1.04894678074092,"future",1.92091134992846,1.05225971735422,0.00805456232477209,0.00765453831590577,0.996851597986059
0.1,"without_ssp370",77,8,1.91030702501688,1.03713709981773,"future",1.92091134992846,1.05225971735422,0.010604324911587,0.0100776687890802,0.985628436319395
