"tol","archive","draw","n_stitched","mean_gen","var_gen","time_period","mean_target","var_target","bias","E1","E2"
0.1,"with_ssp126",98,11,0.0763843419532772,0.844590672433331,"hist+future",0.0573355284352127,0.839525692055952,0.0190488135180645,0.0226899708946548,1.00603314517388
0.1,"without_ssp126",98,9,0.0739270680487616,0.851847139789919,"hist+future",0.0573355284352127,0.839525692055952,0.0165915396135489,0.0197629920924959,1.01467667737933
0.1,"with_ssp126",98,11,-0.49745010469381,0.249455344644442,"hist",-0.512099442080232,0.252552251192804,0.0146493373864211,0.0580051744430402,0.987737561103751
0.1,"without_ssp126",98,9,-0.505338701764851,0.244111060777232,"hist",-0.512099442080232,0.252552251192804,0.00676074031538076,0.0267696695770867,0.966576459422933
0.1,"with_ssp126",98,11,1.17734578028781,0.34365418794149,"future",1.14985611140089,0.344006334614739,0.0274896688869151,0.0799103566441629,0.998976336660649
0.1,"without_ssp126",98,9,1.18530906827255,0.351966763897337,"future",1.14985611140089,0.344006334614739,0.0354529568716624,0.103059023350157,1.02314035667835
