"tol","archive","draw","n_stitched","mean_gen","var_gen","time_period","mean_target","var_target","bias","E1","E2"
0.1,"with_ssp126",163,11,0.0666521597686265,0.839914105012756,"hist+future",0.0573355284352127,0.839525692055952,0.0093166313334138,0.0110974940035461,1.00046265761784
0.1,"without_ssp126",163,9,0.0868276327734717,0.851572344255022,"hist+future",0.0573355284352127,0.839525692055952,0.029492104338259,0.0351294839661601,1.01434935501446
0.1,"with_ssp126",163,11,-0.504114975109441,0.248916755037424,"hist",-0.512099442080232,0.252552251192804,0.00798446697079092,0.0316151090836858,0.98560497426489
0.1,"without_ssp126",163,9,-0.48920059451291,0.249695100951412,"hist",-0.512099442080232,0.252552251192804,0.0228988475673216,0.0906697424361507,0.988686894581625
0.1,"with_ssp126",163,11,1.16172863947655,0.339537763263409,"future",1.14985611140089,0.344006334614739,0.0118725280756553,0.034512527477006,0.987010206203514
0.1,"without_ssp126",163,9,1.19199806884618,0.371740634522241,"future",1.14985611140089,0.344006334614739,0.0421419574452901,0.122503434398922,1.08062148023688
