"tol","archive","draw","n_stitched","mean_gen","var_gen","time_period","mean_target","var_target","bias","E1","E2"
0.1,"with_ssp245",10,12,0.189209474267819,1.08336852871353,"hist+future",NA,NA,NA,NA,NA
0.1,"without_ssp245",10,7,0.154677811882904,1.07038075533016,"hist+future",NA,NA,NA,NA,NA
0.1,"with_ssp245",10,12,-0.525515216675332,0.258166120716615,"hist",-0.531728609488551,0.259011752207887,0.00621339281321931,0.0239888451402481,0.996735161690297
0.1,"without_ssp245",10,7,-0.55195304502955,0.265432228275664,"hist",-0.531728609488551,0.259011752207887,0.0202244355409987,0.078083080665646,1.02478835810749
0.1,"with_ssp245",10,12,1.56048359061224,0.660703422826664,"future",NA,NA,NA,NA,NA
0.1,"without_ssp245",10,7,1.51042306061029,0.64152632332768,"future",NA,NA,NA,NA,NA
