"tol","archive","draw","n_stitched","mean_gen","var_gen","time_period","mean_target","var_target","bias","E1","E2"
0.1,"with_ssp126",48,11,0.0706216014029475,0.838495232414243,"hist+future",0.0573355284352127,0.839525692055952,0.0132860729677348,0.0158256895452455,0.998772569259691
0.1,"without_ssp126",48,10,0.0723511579567747,0.854516604128476,"hist+future",0.0573355284352127,0.839525692055952,0.015015629521562,0.0178858487163026,1.01785640655715
0.1,"with_ssp126",48,11,-0.49907901122646,0.250511646890326,"hist",-0.512099442080232,0.252552251192804,0.0130204308537711,0.0515553941502228,0.991920070825581
0.1,"without_ssp126",48,10,-0.504921953532596,0.250135679848742,"hist",-0.512099442080232,0.252552251192804,0.00717748854763545,0.0284198161518505,0.990431400501683
0.1,"with_ssp126",48,11,1.16365184656402,0.337075351177383,"future",1.14985611140089,0.344006334614739,0.0137957351631304,0.0401031428057293,0.979852163347172
0.1,"without_ssp126",48,10,1.1799100346515,0.380077835328261,"future",1.14985611140089,0.344006334614739,0.0300539232506072,0.0873644471816639,1.1048570828032
