"tol","archive","draw","n_stitched","mean_gen","var_gen","time_period","mean_target","var_target","bias","E1","E2"
0.1,"with_ssp370",121,10,0.323054321730982,1.32078495415571,"hist+future",0.321521785460596,1.32469738968709,0.00153253627038569,0.00115689536517294,0.997046543941401
0.1,"without_ssp370",121,8,0.312399996826654,1.31814720656773,"hist+future",0.321521785460596,1.32469738968709,0.00912178863394225,0.00688594142704315,0.995055336282568
0.1,"with_ssp370",121,10,-0.507399706370579,0.251292729748836,"hist",-0.512099442080232,0.252552251192804,0.00469973570965243,0.0186089638380002,0.995012828283971
0.1,"without_ssp370",121,8,-0.520384258748781,0.253321243710634,"hist",-0.512099442080232,0.252552251192804,0.00828481666854974,0.0328043667376575,1.00304488482759
0.1,"with_ssp370",121,10,1.91636728262351,1.05251333699955,"future",1.92091134992846,1.05225971735422,0.00454406730495172,0.00431838949074018,1.00024102380918
0.1,"without_ssp370",121,8,1.91018374298883,1.03130132367517,"future",1.92091134992846,1.05225971735422,0.0107276069396371,0.010194828104425,0.980082489775671
