"tol","archive","draw","n_stitched","mean_gen","var_gen","time_period","mean_target","var_target","bias","E1","E2"
0.1,"with_ssp126",31,11,0.0711936862340283,0.845354185474516,"hist+future",0.0573355284352127,0.839525692055952,0.0138581577988156,0.0165071276912059,1.00694260279789
0.1,"without_ssp126",31,9,0.0545052414635682,0.850553759415808,"hist+future",0.0573355284352127,0.839525692055952,0.00283028697164452,0.00337129286027364,1.0131360689306
0.1,"with_ssp126",31,11,-0.504306809167029,0.249857897423835,"hist",-0.512099442080232,0.252552251192804,0.00779263291320298,0.0308555274261005,0.989331499694644
0.1,"without_ssp126",31,9,-0.521064230365021,0.248269259130114,"hist",-0.512099442080232,0.252552251192804,0.00896478828478919,0.0354967664807916,0.983041164580948
0.1,"with_ssp126",31,11,1.17535161345699,0.332786754685538,"future",1.14985611140089,0.344006334614739,0.0254955020560956,0.0741134667902225,0.967385542647735
0.1,"without_ssp126",31,9,1.15879550718121,0.370745001274622,"future",1.14985611140089,0.344006334614739,0.00893939578031899,0.0259861371167203,1.07772725083632
