"tol","archive","draw","n_stitched","mean_gen","var_gen","time_period","mean_target","var_target","bias","E1","E2"
0.1,"with_ssp126",126,11,0.0738524957574433,0.841989335718617,"hist+future",0.0573355284352127,0.839525692055952,0.0165169673222306,0.0196741653990142,1.00293456613178
0.1,"without_ssp126",126,10,0.0714884009532701,0.854727358891645,"hist+future",0.0573355284352127,0.839525692055952,0.0141528725180574,0.0168581767681199,1.01810744683521
0.1,"with_ssp126",126,11,-0.498819132319856,0.247797856015628,"hist",-0.512099442080232,0.252552251192804,0.0132803097603758,0.0525844046040094,0.981174607809982
0.1,"without_ssp126",126,10,-0.506071484778784,0.2512052717106,"hist",-0.512099442080232,0.252552251192804,0.00602795730144701,0.0238681590561041,0.994666531476785
0.1,"with_ssp126",126,11,1.17258294497552,0.338141459587613,"future",1.14985611140089,0.344006334614739,0.0227268335746267,0.0660651601084003,0.982951258633959
0.1,"without_ssp126",126,10,1.17959748404384,0.377657677016761,"future",1.14985611140089,0.344006334614739,0.0297413726429494,0.0864558865645816,1.09782186842492
