"tol","archive","draw","n_stitched","mean_gen","var_gen","time_period","mean_target","var_target","bias","E1","E2"
0.1,"with_ssp370",44,10,0.326850152369507,1.32234115996655,"hist+future",0.321521785460596,1.32469738968709,0.00532836690891081,0.00402232762772291,0.998221307191452
0.1,"without_ssp370",44,9,0.307767667536573,1.31602070481044,"hist+future",0.321521785460596,1.32469738968709,0.013754117924023,0.0103828376436009,0.993450062675297
0.1,"with_ssp370",44,10,-0.505631301223433,0.254551062697697,"hist",-0.512099442080232,0.252552251192804,0.00646814085679881,0.0256110995892921,1.00791444738842
0.1,"without_ssp370",44,9,-0.517210591196186,0.251574866735793,"hist",-0.512099442080232,0.252552251192804,0.00511114911595456,0.0202379867604213,0.996129971313283
0.1,"with_ssp370",44,10,1.92405294123968,1.04772771629817,"future",1.92091134992846,1.05225971735422,0.00314159131121872,0.0029855664522803,0.995693077496643
0.1,"without_ssp370",44,9,1.89057479184943,1.05904063160166,"future",1.92091134992846,1.05225971735422,0.030336558079038,0.0288299148762584,1.00644414504861
