"tol","archive","draw","n_stitched","mean_gen","var_gen","time_period","mean_target","var_target","bias","E1","E2"
0.1,"with_ssp370",33,10,0.327229467554533,1.32156021851934,"hist+future",0.321521785460596,1.32469738968709,0.00570768209393724,0.00430866863509519,0.997631782781357
0.1,"without_ssp370",33,8,0.333486052372477,1.33005779448437,"hist+future",0.321521785460596,1.32469738968709,0.0119642669118811,0.00903169811084721,1.00404651268963
0.1,"with_ssp370",33,10,-0.506164244956507,0.252880096564059,"hist",-0.512099442080232,0.252552251192804,0.00593519712372481,0.0235008680211437,1.00129812888108
0.1,"without_ssp370",33,8,-0.500529306336257,0.246959106691641,"hist",-0.512099442080232,0.252552251192804,0.0115701357439749,0.0458128394790748,0.977853515560656
0.1,"with_ssp370",33,10,1.92618252062804,1.0415423974047,"future",1.92091134992846,1.05225971735422,0.00527117069957739,0.00500938182146808,0.989814947989768
0.1,"without_ssp370",33,8,1.93363179873226,1.07253525404499,"future",1.92091134992846,1.05225971735422,0.0127204488037942,0.0120886969195953,1.01926856683419
