"tol","archive","draw","n_stitched","mean_gen","var_gen","time_period","mean_target","var_target","bias","E1","E2"
0.1,"with_ssp126",99,12,0.0734347327896109,0.842030723084807,"hist+future",0.0573355284352127,0.839525692055952,0.0160992043543982,0.0191765475514777,1.00298386464233
0.1,"without_ssp126",99,10,0.0788288793910365,0.848229040851923,"hist+future",0.0573355284352127,0.839525692055952,0.0214933509558239,0.0256017786700343,1.0103669832601
0.1,"with_ssp126",99,12,-0.499193311527484,0.250396628349042,"hist",-0.512099442080232,0.252552251192804,0.0129061305527476,0.0511028133457213,0.991464646093704
0.1,"without_ssp126",99,10,-0.496591158536212,0.250338720463033,"hist",-0.512099442080232,0.252552251192804,0.0155082835440194,0.061406237603402,0.991235355379662
0.1,"with_ssp126",99,12,1.17208156200264,0.335238477099417,"future",1.14985611140089,0.344006334614739,0.0222254506017512,0.0646076783052323,0.974512511447962
0.1,"without_ssp126",99,10,1.18283244053053,0.353508355859462,"future",1.14985611140089,0.344006334614739,0.0329763291296348,0.0958596566733742,1.02762164614022
