"tol","archive","draw","n_stitched","mean_gen","var_gen","time_period","mean_target","var_target","bias","E1","E2"
0.1,"with_ssp245",43,11,0.19998358057526,1.0827303794378,"hist+future",0.175822310447923,1.08019275864387,0.0241612701273373,0.0223675542480683,1.00234922959224
0.1,"without_ssp245",43,8,0.151174110774522,1.08008943320491,"hist+future",0.175822310447923,1.08019275864387,0.024648199673401,0.0228183344835099,0.999904345369726
0.1,"with_ssp245",43,11,-0.512697966913024,0.253969661269066,"hist",-0.535322134057386,0.263759506318041,0.0226241671443621,0.0857757411673417,0.962883441868555
0.1,"without_ssp245",43,8,-0.55898109898104,0.271100225211189,"hist",-0.535322134057386,0.263759506318041,0.0236589649236544,0.0896990036640667,1.02783110643336
0.1,"with_ssp245",43,11,1.56733771238418,0.672983099041803,"future",1.54022734932439,0.662927335954257,0.0271103630597895,0.0408949240579516,1.01516872595557
0.1,"without_ssp245",43,8,1.51368119925903,0.662455876078973,"future",1.54022734932439,0.662927335954257,0.0265461500653568,0.0400438307874945,0.999288821187913
