"tol","archive","draw","n_stitched","mean_gen","var_gen","time_period","mean_target","var_target","bias","E1","E2"
0.1,"with_ssp245",61,11,0.208259578086494,1.08142807628217,"hist+future",0.175822310447923,1.08019275864387,0.0324372676385713,0.0300291474637313,1.00114360851655
0.1,"without_ssp245",61,9,0.162414290875042,1.07244632345742,"hist+future",0.175822310447923,1.08019275864387,0.0134080195728805,0.0124126175310726,0.992828654770684
0.1,"with_ssp245",61,11,-0.504151940447771,0.25094039642956,"hist",-0.535322134057386,0.263759506318041,0.0311701936096148,0.118176569423927,0.951398491499206
0.1,"without_ssp245",61,9,-0.543406260170979,0.272697635489284,"hist",-0.535322134057386,0.263759506318041,0.00808412611359322,0.0306496104214169,1.03388742000626
0.1,"with_ssp245",61,11,1.57509563108828,0.670647361604001,"future",1.54022734932439,0.662927335954257,0.034868281763895,0.0525974414883699,1.01164535723758
0.1,"without_ssp245",61,9,1.51660488299822,0.650877741088134,"future",1.54022734932439,0.662927335954257,0.0236224663261642,0.0356335680322498,0.981823656662493
