"tol","archive","draw","n_stitched","mean_gen","var_gen","time_period","mean_target","var_target","bias","E1","E2"
0.1,"with_ssp370",162,10,0.319441115412184,1.32640582114907,"hist+future",0.321521785460596,1.32469738968709,0.0020806700484125,0.00157067573667068,1.00128967677847
0.1,"without_ssp370",162,8,0.323580132888775,1.3148255829916,"hist+future",0.321521785460596,1.32469738968709,0.00205834742817879,0.001553824627574,0.992547877898494
0.1,"with_ssp370",162,10,-0.514589761539195,0.257274529287573,"hist",-0.512099442080232,0.252552251192804,0.00249031945896361,0.00986061081301723,1.01869822214004
0.1,"without_ssp370",162,8,-0.506285197843763,0.245226118806572,"hist",-0.512099442080232,0.252552251192804,0.00581424423646837,0.0230219457914459,0.970991617173751
0.1,"with_ssp370",162,10,1.91961663514448,1.05452742379368,"future",1.92091134992846,1.05225971735422,0.00129471478398302,0.0012304137112066,1.00215508244025
0.1,"without_ssp370",162,8,1.91576361627097,1.03585550102554,"future",1.92091134992846,1.05225971735422,0.00514773365749299,0.00489207519074885,0.984410487203735
