"tol","archive","draw","n_stitched","mean_gen","var_gen","time_period","mean_target","var_target","bias","E1","E2"
0.1,"with_ssp126",61,12,0.0540319040786764,0.83863414809378,"hist+future",0.0573355284352127,0.839525692055952,0.00330362435653626,0.00393510810663325,0.998938038501254
0.1,"without_ssp126",61,8,0.0721138625641094,0.854629876724731,"hist+future",0.0573355284352127,0.839525692055952,0.0147783341288967,0.0176031945999239,1.01799133107146
0.1,"with_ssp126",61,12,-0.51554640541952,0.252873228722554,"hist",-0.512099442080232,0.252552251192804,0.00344696333928829,0.0136485155963104,1.00127093513613
0.1,"without_ssp126",61,8,-0.507947450554328,0.250762645580872,"hist",-0.512099442080232,0.252552251192804,0.00415199152590395,0.0164401287507599,0.9929139193831
0.1,"with_ssp126",61,12,1.14682749788336,0.335925249812854,"future",1.14985611140089,0.344006334614739,0.00302861351753525,0.00880394694163718,0.976508906991683
0.1,"without_ssp126",61,8,1.18502219587274,0.355209487944045,"future",1.14985611140089,0.344006334614739,0.035166084471848,0.10222510731156,1.03256670648769
