"tol","archive","draw","n_stitched","mean_gen","var_gen","time_period","mean_target","var_target","bias","E1","E2"
0.1,"with_ssp370",26,10,0.319300908147768,1.32668257709869,"hist+future",0.321521785460596,1.32469738968709,0.00222087731282816,0.00167651671250953,1.00149859690753
0.1,"without_ssp370",26,8,0.323871897087153,1.32547563443941,"hist+future",0.321521785460596,1.32469738968709,0.00235011162655702,0.00177407432433466,1.00058748870375
0.1,"with_ssp370",26,10,-0.513710489788681,0.254247956436763,"hist",-0.512099442080232,0.252552251192804,0.00161104770844944,0.00637906690928497,1.00671427491123
0.1,"without_ssp370",26,8,-0.507101344274769,0.249234773572985,"hist",-0.512099442080232,0.252552251192804,0.0049980978054629,0.0197903514296819,0.986864193036687
0.1,"with_ssp370",26,10,1.91752045070026,1.06144828523138,"future",1.92091134992846,1.05225971735422,0.00339089922820612,0.00322249267199178,1.0087322243032
0.1,"without_ssp370",26,8,1.91818102295596,1.06818544473135,"future",1.92091134992846,1.05225971735422,0.00273032697250652,0.002594727259323,1.0151347876522
