"tol","archive","draw","n_stitched","mean_gen","var_gen","time_period","mean_target","var_target","bias","E1","E2"
0.1,"with_ssp126",196,12,0.0715003354196293,0.842263185768293,"hist+future",0.0573355284352127,0.839525692055952,0.0141648069844166,0.0168723924931085,1.00326076228309
0.1,"without_ssp126",196,9,0.0778257802465946,0.858937246796773,"hist+future",0.0573355284352127,0.839525692055952,0.0204902518113819,0.0244069383525386,1.02312204965792
0.1,"with_ssp126",196,12,-0.501586313656094,0.247471086997954,"hist",-0.512099442080232,0.252552251192804,0.0105131284241374,0.0416275379628728,0.979880740833423
0.1,"without_ssp126",196,9,-0.505798924897683,0.246771420234987,"hist",-0.512099442080232,0.252552251192804,0.00630051718254865,0.0249473808005722,0.977110356646934
0.1,"with_ssp126",196,12,1.17102704585561,0.336718030615693,"future",1.14985611140089,0.344006334614739,0.0211709344547197,0.0615422808374432,0.978813459911405
0.1,"without_ssp126",196,9,1.19757085406992,0.358307275337503,"future",1.14985611140089,0.344006334614739,0.0477147426690272,0.138703093134794,1.04157173657508
