"tol","archive","draw","n_stitched","mean_gen","var_gen","time_period","mean_target","var_target","bias","E1","E2"
0.1,"with_ssp245",193,11,0.174902527780311,1.08040182236259,"hist+future",0.175822310447923,1.08019275864387,0.000919782667611391,0.000851498642488714,1.00019354297375
0.1,"without_ssp245",193,8,0.137540870350226,1.08028431399337,"hist+future",0.175822310447923,1.08019275864387,0.0382814400976972,0.0354394526267311,1.00008475834407
0.1,"with_ssp245",193,11,-0.537543821421493,0.262076898400088,"hist",-0.535322134057386,0.263759506318041,0.00222168736410744,0.00842315560535107,0.993620673842464
0.1,"without_ssp245",193,8,-0.572068402178807,0.27648479709325,"hist",-0.535322134057386,0.263759506318041,0.0367462681214217,0.139317322186344,1.04824580904343
0.1,"with_ssp245",193,11,1.54180540706284,0.657299813304211,"future",1.54022734932439,0.662927335954257,0.00157805773845676,0.00238043847774841,0.991511101828459
0.1,"without_ssp245",193,8,1.49900052113267,0.662392172090939,"future",1.54022734932439,0.662927335954257,0.0412268281917143,0.0621890604833333,0.999192726209506
