"tol","archive","draw","n_stitched","mean_gen","var_gen","time_period","mean_target","var_target","bias","E1","E2"
0.1,"with_ssp370",5,10,0.319405386775748,1.32593981288398,"hist+future",-0.0246924640321492,1.12633698279611,0.344097850807897,0.305501689160272,1.17721413141594
0.1,"without_ssp370",5,9,0.336565116035466,1.3246512751878,"hist+future",-0.0246924640321492,1.12633698279611,0.361257580067615,0.320736676132927,1.17607012414648
0.1,"with_ssp370",5,10,-0.515537598900401,0.251991351062765,"hist",-0.531728609488551,0.259011752207887,0.0161910105881506,0.062510717950572,0.972895433951249
0.1,"without_ssp370",5,9,-0.497894933963364,0.24948177841513,"hist",-0.531728609488551,0.259011752207887,0.0338336755251873,0.130626024637028,0.9632064039121
0.1,"with_ssp370",5,10,1.92133088254975,1.05121294910692,"future",1.92091134992846,1.05225971735422,0.000419532621289243,0.000398696837263813,0.999005218740168
0.1,"without_ssp370",5,9,1.93756404917276,1.04972955485423,"future",1.92091134992846,1.05225971735422,0.0166526992442932,0.015825654987691,0.997595496189515
