"tol","archive","draw","n_stitched","mean_gen","var_gen","time_period","mean_target","var_target","bias","E1","E2"
0.1,"with_ssp126",53,11,0.0741558218663492,0.839456200168116,"hist+future",0.0573355284352127,0.839525692055952,0.0168202934311365,0.0200354719221809,0.999917224822904
0.1,"without_ssp126",53,9,0.0850207232912286,0.868038052015053,"hist+future",0.0573355284352127,0.839525692055952,0.0276851948560159,0.0329771859491475,1.03396246264873
0.1,"with_ssp126",53,11,-0.496092667115607,0.247610433947699,"hist",-0.512099442080232,0.252552251192804,0.0160067749646245,0.0633800525991139,0.980432495763691
0.1,"without_ssp126",53,9,-0.505226617760941,0.248659387787393,"hist",-0.512099442080232,0.252552251192804,0.00687282431929082,0.0272134747832596,0.98458590890786
0.1,"with_ssp126",53,11,1.16823722514568,0.342931940179877,"future",1.14985611140089,0.344006334614739,0.0183811137447931,0.0534324862516807,0.996876817875851
0.1,"without_ssp126",53,9,1.21747201717039,0.35904044776327,"future",1.14985611140089,0.344006334614739,0.0676159057695001,0.196554246145568,1.04370301251972
