"tol","archive","draw","n_stitched","mean_gen","var_gen","time_period","mean_target","var_target","bias","E1","E2"
0.1,"with_ssp245",64,11,0.197827362154596,1.08043696101548,"hist+future",0.175822310447923,1.08019275864387,0.0220050517066734,0.020371411982339,1.0002260729575
0.1,"without_ssp245",64,9,0.157521423172616,1.07269960548241,"hist+future",0.175822310447923,1.08019275864387,0.0183008872753067,0.0169422421404515,0.993063133314411
0.1,"with_ssp245",64,11,-0.513865728820371,0.256521700667271,"hist",-0.535322134057386,0.263759506318041,0.0214564052370148,0.0813483674447837,0.972559071891641
0.1,"without_ssp245",64,9,-0.546806879952817,0.271473748515133,"hist",-0.535322134057386,0.263759506318041,0.0114847458954308,0.0435424908688694,1.02924725749141
0.1,"with_ssp245",64,11,1.56328503669959,0.666189386068022,"future",1.54022734932439,0.662927335954257,0.0230576873752046,0.0347816210384718,1.0049206752186
0.1,"without_ssp245",64,9,1.50884898149467,0.662046876365154,"future",1.54022734932439,0.662927335954257,0.0313783678297197,0.0473330425944071,0.998671861090423
