"tol","archive","draw","n_stitched","mean_gen","var_gen","time_period","mean_target","var_target","bias","E1","E2"
0.1,"with_ssp370",78,10,0.32074527046921,1.32513908783433,"hist+future",0.321521785460596,1.32469738968709,0.000776514991386201,0.000586182925573382,1.00033343324346
0.1,"without_ssp370",78,9,0.334182327805453,1.33046304613295,"hist+future",0.321521785460596,1.32469738968709,0.012660542344857,0.00955730904538704,1.00435243285806
0.1,"with_ssp370",78,10,-0.513117986991005,0.253761864112685,"hist",-0.512099442080232,0.252552251192804,0.00101854491077391,0.00403300665887286,1.00478955508877
0.1,"without_ssp370",78,9,-0.501926089622703,0.244972343681966,"hist",-0.512099442080232,0.252552251192804,0.0101733524575289,0.0402821689748565,0.969986775112723
0.1,"with_ssp370",78,10,1.92059919466613,1.05225040117874,"future",1.92091134992846,1.05225971735422,0.000312155262328195,0.000296652297127814,0.999991146505628
0.1,"without_ssp370",78,9,1.93834382635947,1.06576170019657,"future",1.92091134992846,1.05225971735422,0.0174324764310096,0.0165667051047449,1.01283141663571
