"tol","archive","draw","n_stitched","mean_gen","var_gen","time_period","mean_target","var_target","bias","E1","E2"
0.1,"with_ssp245",130,11,0.186797865479946,1.08167460082274,"hist+future",0.175822310447923,1.08019275864387,0.0109755550320233,0.0101607374648601,1.0013718312468
0.1,"without_ssp245",130,8,0.141566851184736,1.07154686018851,"hist+future",0.175822310447923,1.08019275864387,0.0342554592631866,0.0317123578075017,0.991995967028876
0.1,"with_ssp245",130,11,-0.527169392949912,0.260430406726675,"hist",-0.535322134057386,0.263759506318041,0.00815274110747388,0.0309097526806989,0.987378276378209
0.1,"without_ssp245",130,8,-0.564939406175002,0.273488179284957,"hist",-0.535322134057386,0.263759506318041,0.0296172721176162,0.112288927633584,1.03688463442597
0.1,"with_ssp245",130,11,1.55661876828142,0.655416362732805,"future",1.54022734932439,0.662927335954257,0.0163914189570309,0.0247258154371265,0.988669990187325
0.1,"without_ssp245",130,8,1.49707304263075,0.641593943244491,"future",1.54022734932439,0.662927335954257,0.0431543066936413,0.0650965865384362,0.967819410133303
