"tol","archive","draw","n_stitched","mean_gen","var_gen","time_period","mean_target","var_target","bias","E1","E2"
0.1,"with_ssp370",127,10,0.319946185104292,1.32334870408694,"hist+future",0.321521785460596,1.32469738968709,0.00157560035630411,0.00118940398657861,0.998981891554519
0.1,"without_ssp370",127,8,0.325503015418671,1.33477510794109,"hist+future",0.321521785460596,1.32469738968709,0.00398122995807498,0.00300538824117061,1.00760756255161
0.1,"with_ssp370",127,10,-0.512410929169488,0.251332811061419,"hist",-0.512099442080232,0.252552251192804,0.000311487089256657,0.00123335700943272,0.995171533313895
0.1,"without_ssp370",127,8,-0.515304175634909,0.252091986499611,"hist",-0.512099442080232,0.252552251192804,0.0032047335546771,0.0126893881940911,0.99817754666205
0.1,"with_ssp370",127,10,1.91691041597841,1.05347289918597,"future",1.92091134992846,1.05225971735422,0.00400093395005796,0.00380223046085791,1.00115293003404
0.1,"without_ssp370",127,8,1.93867960290519,1.05752016777289,"future",1.92091134992846,1.05225971735422,0.0177682529767271,0.0168858055513169,1.00499919395555
