"tol","archive","draw","n_stitched","mean_gen","var_gen","time_period","mean_target","var_target","bias","E1","E2"
0.1,"with_ssp370",178,10,0.31769918210093,1.3224042669804,"hist+future",0.321521785460596,1.32469738968709,0.00382260335966628,0.00288564270559122,0.998268946006426
0.1,"without_ssp370",178,8,0.322973534523574,1.32245892337549,"hist+future",0.321521785460596,1.32469738968709,0.00145174906297807,0.0010959099597237,0.998310205538993
0.1,"with_ssp370",178,10,-0.513719185955294,0.248510893410417,"hist",-0.512099442080232,0.252552251192804,0.0016197438750627,0.00641350004766399,0.983997934038206
0.1,"without_ssp370",178,8,-0.51266209235281,0.250148312060388,"hist",-0.512099442080232,0.252552251192804,0.000562650272578735,0.00222785688870853,0.990481418712118
0.1,"with_ssp370",178,10,1.91286233011578,1.05544801486403,"future",1.92091134992846,1.05225971735422,0.0080490198126848,0.00764927106867025,1.00302995302131
0.1,"without_ssp370",178,8,1.92622793492594,1.03596973158432,"future",1.92091134992846,1.05225971735422,0.00531658499747656,0.00505254065112789,0.984519044584488
