"tol","archive","draw","n_stitched","mean_gen","var_gen","time_period","mean_target","var_target","bias","E1","E2"
0.1,"with_ssp126",133,11,0.0748113042332408,0.844168313208673,"hist+future",0.0573355284352127,0.839525692055952,0.0174757757980281,0.0208162489407928,1.00553005250066
0.1,"without_ssp126",133,9,0.0670231646268034,0.863152072693151,"hist+future",0.0573355284352127,0.839525692055952,0.00968763619159067,0.0115394159860268,1.02814253436287
0.1,"with_ssp126",133,11,-0.499996940200616,0.246430667098683,"hist",-0.512099442080232,0.252552251192804,0.012102501879616,0.0479207840059072,0.975761118480598
0.1,"without_ssp126",133,9,-0.516643541985689,0.253702632313818,"hist",-0.512099442080232,0.252552251192804,0.00454409990545734,0.017992711939789,1.00455502224027
0.1,"with_ssp126",133,11,1.17764107553076,0.335595133392579,"future",1.14985611140089,0.344006334614739,0.0277849641298653,0.0807687572410035,0.975549283906122
0.1,"without_ssp126",133,9,1.1868488226624,0.377692729244674,"future",1.14985611140089,0.344006334614739,0.0369927112615083,0.107534971130509,1.09792376255996
