"tol","archive","draw","n_stitched","mean_gen","var_gen","time_period","mean_target","var_target","bias","E1","E2"
0.1,"with_ssp370",58,10,0.323529644787027,1.32556315239754,"hist+future",0.321521785460596,1.32469738968709,0.00200785932643044,0.00151571169541198,1.00065355508148
0.1,"without_ssp370",58,8,0.31603932835042,1.3246363312382,"hist+future",0.321521785460596,1.32469738968709,0.00548245711017592,0.00413864868524497,0.999953907624966
0.1,"with_ssp370",58,10,-0.51046393327388,0.253432925024753,"hist",-0.512099442080232,0.252552251192804,0.00163550880635177,0.00647592250168931,1.00348709555266
0.1,"without_ssp370",58,8,-0.519642210650366,0.253498806325557,"hist",-0.512099442080232,0.252552251192804,0.00754276857013458,0.029866170404382,1.00374795761385
0.1,"with_ssp370",58,10,1.92363360269458,1.05338305783675,"future",1.92091134992846,1.05225971735422,0.00272225276611637,0.00258705405255001,1.00106755059041
0.1,"without_ssp370",58,8,1.91938181596821,1.04230586071638,"future",1.92091134992846,1.05225971735422,0.00152953396025546,0.00145357076302539,0.990540494448579
