"tol","archive","draw","n_stitched","mean_gen","var_gen","time_period","mean_target","var_target","bias","E1","E2"
0.1,"with_ssp245",13,11,0.173428375668978,1.07742669582159,"hist+future",0.175822310447923,1.08019275864387,0.00239393477894456,0.00221621072700954,0.997439287756616
0.1,"without_ssp245",13,6,0.13488413085516,1.07423066438798,"hist+future",0.175822310447923,1.08019275864387,0.0409381795927631,0.0378989576306355,0.994480527472362
0.1,"with_ssp245",13,11,-0.535389988056483,0.261986306391455,"hist",-0.535322134057386,0.263759506318041,6.7853999097478e-05,0.0002572570749949,0.993277209411941
0.1,"without_ssp245",13,6,-0.572137142614738,0.269819168405426,"hist",-0.535322134057386,0.263759506318041,0.0368150085573519,0.139577940038151,1.02297419407541
0.1,"with_ssp245",13,11,1.53337058514225,0.66504768649303,"future",1.54022734932439,0.662927335954257,0.00685676418213954,0.0103431610227228,1.00319846599133
0.1,"without_ssp245",13,6,1.49137843460554,0.654136447763629,"future",1.54022734932439,0.662927335954257,0.0488489147188429,0.0736866803788184,0.986739288435022
