"tol","archive","draw","n_stitched","mean_gen","var_gen","time_period","mean_target","var_target","bias","E1","E2"
0.1,"with_ssp370",17,10,0.324119794555218,1.32610058102527,"hist+future",0.321521785460596,1.32469738968709,0.00259800909462155,0.00196120949195441,1.00105925424863
0.1,"without_ssp370",17,9,0.328099775189511,1.3305447780696,"hist+future",0.321521785460596,1.32469738968709,0.00657798972891482,0.00496565463186172,1.00441413142959
0.1,"with_ssp370",17,10,-0.51117134120774,0.253101317378579,"hist",-0.512099442080232,0.252552251192804,0.000928100872491955,0.00367488655558814,1.00217406965561
0.1,"without_ssp370",17,9,-0.506865600643918,0.251530496941418,"hist",-0.512099442080232,0.252552251192804,0.00523384143631389,0.02072379640884,0.995954285710938
0.1,"with_ssp370",17,10,1.92671325270508,1.049741788778,"future",1.92091134992846,1.05225971735422,0.00580190277661408,0.0055137554739834,0.997607122524322
0.1,"without_ssp370",17,9,1.93006822882341,1.0681488437663,"future",1.92091134992846,1.05225971735422,0.00915687889495143,0.00870210913136089,1.0151000044476
