"tol","archive","draw","n_stitched","mean_gen","var_gen","time_period","mean_target","var_target","bias","E1","E2"
0.1,"with_ssp370",198,10,0.31636604408359,1.32756322966685,"hist+future",0.321521785460596,1.32469738968709,0.00515574137700647,0.00389201444582323,1.00216339218456
0.1,"without_ssp370",198,9,0.340164705803471,1.32055929251181,"hist+future",0.321521785460596,1.32469738968709,0.0186429203428747,0.0140733427030293,0.996876194361446
0.1,"with_ssp370",198,10,-0.51665939828814,0.25747143543557,"hist",-0.512099442080232,0.252552251192804,0.00455995620790872,0.0180554961849362,1.01947788712844
0.1,"without_ssp370",198,9,-0.489998919555057,0.24619675057857,"hist",-0.512099442080232,0.252552251192804,0.0221005225251742,0.0875087132298109,0.974834908086475
0.1,"with_ssp370",198,10,1.91461253235493,1.06310964559612,"future",1.92091134992846,1.05225971735422,0.00629881757353123,0.00598599135712315,1.01031107440773
0.1,"without_ssp370",198,9,1.93292049864251,1.05524403707405,"future",1.92091134992846,1.05225971735422,0.0120091487140441,0.011412723034043,1.00283610564066
