"tol","archive","draw","n_stitched","mean_gen","var_gen","time_period","mean_target","var_target","bias","E1","E2"
0.1,"with_ssp370",51,10,0.325726019471792,1.32408725670998,"hist+future",0.321521785460596,1.32469738968709,0.00420423401119541,0.00317373163405153,0.999539417091136
0.1,"without_ssp370",51,8,0.328706588343949,1.32130360057269,"hist+future",0.321521785460596,1.32469738968709,0.00718480288335266,0.00542373144182748,0.997438064617004
0.1,"with_ssp370",51,10,-0.508542768705687,0.255213074663032,"hist",-0.512099442080232,0.252552251192804,0.00355667337454402,0.0140829208916011,1.01053573451696
0.1,"without_ssp370",51,8,-0.508168801113304,0.246543712291505,"hist",-0.512099442080232,0.252552251192804,0.00393064096692775,0.0155636742431055,0.976208729587954
0.1,"with_ssp370",51,10,1.92635799678905,1.0458878985839,"future",1.92091134992846,1.05225971735422,0.00544664686058471,0.00517614308592904,0.99394463299769
0.1,"without_ssp370",51,8,1.93433960300031,1.02767685771549,"future",1.92091134992846,1.05225971735422,0.0134282530718421,0.0127613486009004,0.976638030294889
