"tol","archive","draw","n_stitched","mean_gen","var_gen","time_period","mean_target","var_target","bias","E1","E2"
0.1,"with_ssp126",82,12,0.0436686887151564,0.840406307229503,"hist+future",0.0573355284352127,0.839525692055952,0.0136668397200563,0.016279239395982,1.00104894368556
0.1,"without_ssp126",82,10,0.0576634723488176,0.849738825773061,"hist+future",0.0573355284352127,0.839525692055952,0.000327943913604876,0.000390629991086705,1.01216536172002
0.1,"with_ssp126",82,12,-0.52593594539673,0.255906542307958,"hist",-0.512099442080232,0.252552251192804,0.0138365033164988,0.0547866956289203,1.01328157282033
0.1,"without_ssp126",82,10,-0.517895022899581,0.250079895165097,"hist",-0.512099442080232,0.252552251192804,0.00579558081934928,0.0229480465605702,0.990210516770174
0.1,"with_ssp126",82,12,1.1365147890461,0.344100673250822,"future",1.14985611140089,0.344006334614739,0.0133413223547887,0.0387821996642299,1.00027423517125
0.1,"without_ssp126",82,10,1.16193267834865,0.363058055072971,"future",1.14985611140089,0.344006334614739,0.0120765669477612,0.0351056528109751,1.05538188847472
