"tol","archive","draw","n_stitched","mean_gen","var_gen","time_period","mean_target","var_target","bias","E1","E2"
0.1,"with_ssp126",172,11,0.0736817900250708,0.846076994257615,"hist+future",0.0573355284352127,0.839525692055952,0.0163462615898581,0.0194708294749468,1.00780357559471
0.1,"without_ssp126",172,9,0.0619136239190412,0.850439422392511,"hist+future",0.0573355284352127,0.839525692055952,0.00457809548382847,0.00545319282917592,1.01299987652532
0.1,"with_ssp126",172,11,-0.501869632016266,0.251337854590976,"hist",-0.512099442080232,0.252552251192804,0.0102298100639654,0.0405057171957487,0.995191503555828
0.1,"without_ssp126",172,9,-0.513163276467849,0.249966219204536,"hist",-0.512099442080232,0.252552251192804,0.0010638343876177,0.00421233381446102,0.989760408089598
0.1,"with_ssp126",172,11,1.17793742533694,0.335507527192396,"future",1.14985611140089,0.344006334614739,0.0280813139360478,0.0816302233721852,0.975294619409083
0.1,"without_ssp126",172,9,1.16525883977761,0.372073159510765,"future",1.14985611140089,0.344006334614739,0.0154027283767195,0.0447745486837311,1.08158810484539
