"tol","archive","draw","n_stitched","mean_gen","var_gen","time_period","mean_target","var_target","bias","E1","E2"
0.1,"with_ssp245",47,11,0.195598968624362,1.08662222914501,"hist+future",0.175822310447923,1.08019275864387,0.0197766581764389,0.0183084528369433,1.00595215108572
0.1,"without_ssp245",47,6,0.140898566349153,1.07473665893044,"hist+future",0.175822310447923,1.08019275864387,0.0349237440987695,0.0323310296419824,0.994948957332139
0.1,"with_ssp245",47,11,-0.521401252537525,0.254337771582313,"hist",-0.535322134057386,0.263759506318041,0.0139208815198612,0.0527786911425113,0.96427907047882
0.1,"without_ssp245",47,6,-0.567773721116798,0.263867484187459,"hist",-0.535322134057386,0.263759506318041,0.0324515870594122,0.123034758111361,1.00040938001032
0.1,"with_ssp245",47,11,1.57123892783031,0.665277938206018,"future",1.54022734932439,0.662927335954257,0.0310115785059197,0.0467797552220106,1.0035457917094
0.1,"without_ssp245",47,6,1.5005605132315,0.651197581256767,"future",1.54022734932439,0.662927335954257,0.0396668360928853,0.0598358733175281,0.982306123067612
