"tol","archive","draw","n_stitched","mean_gen","var_gen","time_period","mean_target","var_target","bias","E1","E2"
0.1,"with_ssp245",114,12,0.196456315644097,1.08540658673275,"hist+future",0.175822310447923,1.08019275864387,0.0206340051961746,0.0191021510106026,1.00482675712012
0.1,"without_ssp245",114,8,0.146883526387361,1.07694065067488,"hist+future",0.175822310447923,1.08019275864387,0.0289387840605622,0.0267903888717913,0.996989326263331
0.1,"with_ssp245",114,12,-0.519386120317147,0.256846065257958,"hist",-0.535322134057386,0.263759506318041,0.0159360137402386,0.0604187275093809,0.973788845920318
0.1,"without_ssp245",114,8,-0.564377433321251,0.26466325160062,"hist",-0.535322134057386,0.263759506318041,0.0290552992638654,0.110158301664512,1.00342639890101
0.1,"with_ssp245",114,12,1.56987494277904,0.664665416953376,"future",1.54022734932439,0.662927335954257,0.0296475934546565,0.0447222370336863,1.0026218273178
0.1,"without_ssp245",114,8,1.51151211187481,0.645610521364945,"future",1.54022734932439,0.662927335954257,0.0287152374495734,0.0433158144070782,0.973878261386845
