"tol","archive","draw","n_stitched","mean_gen","var_gen","time_period","mean_target","var_target","bias","E1","E2"
0.1,"with_ssp126",86,11,0.0699897896335645,0.844242758885783,"hist+future",0.0573355284352127,0.839525692055952,0.0126542611983519,0.0150731077298686,1.00561872837778
0.1,"without_ssp126",86,10,0.0498682442371635,0.848435255083621,"hist+future",0.0573355284352127,0.839525692055952,0.00746728419804914,0.00889464642798743,1.01061261508966
0.1,"with_ssp126",86,11,-0.504748998593666,0.247649901096268,"hist",-0.512099442080232,0.252552251192804,0.00735044348656533,0.0291046444917802,0.980588768964116
0.1,"without_ssp126",86,10,-0.523133126402802,0.25429638461977,"hist",-0.512099442080232,0.252552251192804,0.0110336843225701,0.0436887189500709,1.0069060300145
0.1,"with_ssp126",86,11,1.17268630193,0.335085685517072,"future",1.14985611140089,0.344006334614739,0.0228301905291051,0.0663656108387456,0.974068358050275
0.1,"without_ssp126",86,10,1.14923133906965,0.371117405784244,"future",1.14985611140089,0.344006334614739,0.00062477233123559,0.00181616519339764,1.0788098021505
