"tol","archive","draw","n_stitched","mean_gen","var_gen","time_period","mean_target","var_target","bias","E1","E2"
0.1,"with_ssp370",92,11,0.332407784707258,1.3241966845555,"hist+future",0.321521785460596,1.32469738968709,0.0108859992466618,0.00821772529440342,0.999622023010324
0.1,"without_ssp370",92,9,0.320745806731438,1.32876443407825,"hist+future",0.321521785460596,1.32469738968709,0.000775978729158022,0.000585778106908868,1.00307016864593
0.1,"with_ssp370",92,11,-0.503698583647691,0.248747004039463,"hist",-0.512099442080232,0.252552251192804,0.00840085843254001,0.0332638429982816,0.984932832174852
0.1,"without_ssp370",92,9,-0.512513752447718,0.25410767723634,"hist",-0.512099442080232,0.252552251192804,0.000414310367486515,0.00164049366232028,1.00615882866294
0.1,"with_ssp370",92,11,1.93656535189989,1.04107634445162,"future",1.92091134992846,1.05225971735422,0.0156540019714302,0.0148765572921391,0.989372041219325
0.1,"without_ssp370",92,9,1.91944147259842,1.06797277287488,"future",1.92091134992846,1.05225971735422,0.00146987733003945,0.00139687693617624,1.01493267798958
