"tol","archive","draw","n_stitched","mean_gen","var_gen","time_period","mean_target","var_target","bias","E1","E2"
0.1,"with_ssp370",170,10,0.321835036248116,1.32370370646322,"hist+future",0.321521785460596,1.32469738968709,0.000313250787519592,0.000236469694858828,0.99924987908061
0.1,"without_ssp370",170,9,0.339071608459246,1.3251332957414,"hist+future",0.321521785460596,1.32469738968709,0.0175498229986498,0.0132481751192967,1.00032906085397
0.1,"with_ssp370",170,10,-0.510928839348518,0.25129140552269,"hist",-0.512099442080232,0.252552251192804,0.00117060273171354,0.00463509125808536,0.995007584909027
0.1,"without_ssp370",170,9,-0.495395994796778,0.25021454495136,"hist",-0.512099442080232,0.252552251192804,0.0167034472834532,0.0661385800544752,0.990743672921531
0.1,"with_ssp370",170,10,1.91957968128817,1.05299228189086,"future",1.92091134992846,1.05225971735422,0.00133166864029444,0.00126553228098739,1.00069618224907
0.1,"without_ssp370",170,9,1.94008503331092,1.05113722495745,"future",1.92091134992846,1.05225971735422,0.0191736833824572,0.0182214362730401,0.998933255375776
