"tol","archive","draw","n_stitched","mean_gen","var_gen","time_period","mean_target","var_target","bias","E1","E2"
0.1,"with_ssp126",4,11,0.0732554813443375,0.842212643148983,"hist+future",0.0573355284352127,0.839525692055952,0.0159199529091248,0.0189630324119536,1.00320055850399
0.1,"without_ssp126",4,9,0.068258285338494,0.856344814612948,"hist+future",0.0573355284352127,0.839525692055952,0.0109227569032813,0.0130106285092147,1.02003407723688
0.1,"with_ssp126",4,11,-0.498841812996221,0.249320583329964,"hist",-0.512099442080232,0.252552251192804,0.0132576290840107,0.0524945987271742,0.987203963347876
0.1,"without_ssp126",4,9,-0.511245621444856,0.252858165236734,"hist",-0.512099442080232,0.252552251192804,0.000853820635375646,0.00338076826218358,1.00121129010921
0.1,"with_ssp126",4,11,1.17088401118378,0.343031425212512,"future",1.14985611140089,0.344006334614739,0.0210278997828903,0.061126490029435,0.997166013226707
0.1,"without_ssp126",4,9,1.18009717626004,0.369364828906319,"future",1.14985611140089,0.344006334614739,0.0302410648591469,0.0879084534679124,1.073715195739
