"tol","archive","draw","n_stitched","mean_gen","var_gen","time_period","mean_target","var_target","bias","E1","E2"
0.1,"with_ssp370",31,10,0.30481717401876,1.32510470144679,"hist+future",0.321521785460596,1.32469738968709,0.0167046114418361,0.0126101338855827,1.00030747532445
0.1,"without_ssp370",31,9,0.316313434069581,1.3177514713384,"hist+future",0.321521785460596,1.32469738968709,0.00520835139101483,0.00393172918702973,0.994756599958028
0.1,"with_ssp370",31,10,-0.528006805605795,0.24991362745212,"hist",-0.512099442080232,0.252552251192804,0.0159073635255633,0.0629864253849762,0.989552167014065
0.1,"without_ssp370",31,9,-0.512618079719988,0.250827591169357,"hist",-0.512099442080232,0.252552251192804,0.000518637639756347,0.00205358549490976,0.993171076419628
0.1,"with_ssp370",31,10,1.90267713492634,1.05848773495233,"future",1.92091134992846,1.05225971735422,0.0182342150021269,0.0173286259099365,1.00591870761124
0.1,"without_ssp370",31,9,1.90670529192166,1.04830516917356,"future",1.92091134992846,1.05225971735422,0.0142060580068015,0.0135005244166534,0.996241851592872
