"tol","archive","draw","n_stitched","mean_gen","var_gen","time_period","mean_target","var_target","bias","E1","E2"
0.1,"with_ssp370",67,10,0.32535100297493,1.32270803584828,"hist+future",0.321521785460596,1.32469738968709,0.00382921751433346,0.00289063566075115,0.99849825790079
0.1,"without_ssp370",67,8,0.314031251421645,1.32354462807337,"hist+future",0.321521785460596,1.32469738968709,0.00749053403895089,0.00565452464635734,0.999129792492463
0.1,"with_ssp370",67,10,-0.506517809641246,0.252091516301885,"hist",-0.512099442080232,0.252552251192804,0.00558163243898546,0.0221009015466044,0.998175684878109
0.1,"without_ssp370",67,8,-0.521409747174141,0.247562102334833,"hist",-0.512099442080232,0.252552251192804,0.0093103050939094,0.036864866774843,0.980241123037303
0.1,"with_ssp370",67,10,1.92137837601759,1.05293694653207,"future",1.92091134992846,1.05225971735422,0.000467026089128852,0.000443831576393641,1.00064359508084
0.1,"without_ssp370",67,8,1.91691223709961,1.04207533483082,"future",1.92091134992846,1.05225971735422,0.00399911282885612,0.00380049978432263,0.990321417464303
