"tol","archive","draw","n_stitched","mean_gen","var_gen","time_period","mean_target","var_target","bias","E1","E2"
0.1,"with_ssp126",105,11,0.0782593319735676,0.844318460047259,"hist+future",0.0573355284352127,0.839525692055952,0.0209238035383549,0.0249233629611902,1.00570889972357
0.1,"without_ssp126",105,10,0.0682542539818192,0.850009560352256,"hist+future",0.0573355284352127,0.839525692055952,0.0109187255466065,0.0130058265636483,1.01248784688248
0.1,"with_ssp126",105,11,-0.495313007705057,0.248746988257613,"hist",-0.512099442080232,0.252552251192804,0.0167864343751741,0.0664671738061798,0.984932769685405
0.1,"without_ssp126",105,10,-0.505986809054236,0.249316396118881,"hist",-0.512099442080232,0.252552251192804,0.00611263302599585,0.0242034390789466,0.987187383764588
0.1,"with_ssp126",105,11,1.1787178906593,0.345135812613887,"future",1.14985611140089,0.344006334614739,0.0288617792584112,0.0838989761358149,1.0032833058159
0.1,"without_ssp126",105,10,1.16999582841146,0.37733187135718,"future",1.14985611140089,0.344006334614739,0.020139717010569,0.0585446109099241,1.09687477638969
