"tol","archive","draw","n_stitched","mean_gen","var_gen","time_period","mean_target","var_target","bias","E1","E2"
0.1,"with_ssp245",95,11,0.188373535740796,1.0770954675901,"hist+future",0.175822310447923,1.08019275864387,0.0125512252928729,0.0116194310621286,0.997132649678515
0.1,"without_ssp245",95,8,0.140816361100396,1.07055731703871,"hist+future",0.175822310447923,1.08019275864387,0.0350059493475267,0.0324071320302824,0.991079886873848
0.1,"with_ssp245",95,11,-0.521020762749627,0.260920861084349,"hist",-0.535322134057386,0.263759506318041,0.014301371307759,0.0542212544578939,0.989237751945634
0.1,"without_ssp245",95,8,-0.564020218927986,0.270619434729796,"hist",-0.535322134057386,0.263759506318041,0.0286980848706004,0.108803983110267,1.02600826983458
0.1,"with_ssp245",95,11,1.54942073633289,0.660829008078967,"future",1.54022734932439,0.662927335954257,0.00919338700849837,0.0138678653147782,0.996834754336583
0.1,"without_ssp245",95,8,1.49311910185252,0.649354944523704,"future",1.54022734932439,0.662927335954257,0.047108247471862,0.0710609518071111,0.979526577507901
