"tol","archive","draw","n_stitched","mean_gen","var_gen","time_period","mean_target","var_target","bias","E1","E2"
0.1,"with_ssp245",31,11,0.191237000887883,1.07570680040356,"hist+future",0.175822310447923,1.08019275864387,0.0154146904399601,0.0142703145495185,0.995847076177457
0.1,"without_ssp245",31,6,0.139545621863319,1.07179208042754,"hist+future",0.175822310447923,1.08019275864387,0.0362766885846041,0.0335835324707674,0.992222982288019
0.1,"with_ssp245",31,11,-0.51800344029111,0.255462068508114,"hist",-0.535322134057386,0.263759506318041,0.0173186937662753,0.0656609272895453,0.96854165400233
0.1,"without_ssp245",31,6,-0.568146210701185,0.270150213457869,"hist",-0.535322134057386,0.263759506318041,0.0328240766437994,0.124446989994818,1.02422929595615
0.1,"with_ssp245",31,11,1.55198901012665,0.659240573078302,"future",1.54022734932439,0.662927335954257,0.0117616608022624,0.0177420060455524,0.994438662164008
0.1,"without_ssp245",31,6,1.49732646341149,0.637914960805105,"future",1.54022734932439,0.662927335954257,0.0429008859128921,0.0647143111863655,0.962269808782061
