"tol","archive","draw","n_stitched","mean_gen","var_gen","time_period","mean_target","var_target","bias","E1","E2"
0.1,"with_ssp245",55,11,0.188748123051091,1.0818429622967,"hist+future",0.175822310447923,1.08019275864387,0.0129258126031679,0.0119662092712006,1.0015276936821
0.1,"without_ssp245",55,9,0.134496598149478,1.07330449778157,"hist+future",0.175822310447923,1.08019275864387,0.0413257122984452,0.0382577201779502,0.99362311883025
0.1,"with_ssp245",55,11,-0.523631024980332,0.259644904839391,"hist",-0.535322134057386,0.263759506318041,0.0116911090770537,0.044324882315167,0.984400177509853
0.1,"without_ssp245",55,9,-0.571923863231884,0.271172936054739,"hist",-0.535322134057386,0.263759506318041,0.0366017291744986,0.13876932697305,1.02810677742079
0.1,"with_ssp245",55,11,1.55552206985556,0.666420562181557,"future",1.54022734932439,0.662927335954257,0.0152947205311778,0.0230714886861041,1.0052693953588
0.1,"without_ssp245",55,9,1.48983818103232,0.652581422348055,"future",1.54022734932439,0.662927335954257,0.0503891682920639,0.0760100927495027,0.984393593316967
