"tol","archive","draw","n_stitched","mean_gen","var_gen","time_period","mean_target","var_target","bias","E1","E2"
0.1,"with_ssp126",95,11,0.0586364641464125,0.846128470419253,"hist+future",0.0573355284352127,0.839525692055952,0.00130093571119984,0.00154960797925543,1.00786489136161
0.1,"without_ssp126",95,10,0.0760879177146716,0.854591907382678,"hist+future",0.0573355284352127,0.839525692055952,0.0187523892794589,0.0223368855258442,1.01794610393618
0.1,"with_ssp126",95,11,-0.516278937458462,0.253475939984088,"hist",-0.512099442080232,0.252552251192804,0.00417949537823015,0.0165490323625721,1.0036574165818
0.1,"without_ssp126",95,10,-0.502765340588654,0.253776690589804,"hist",-0.512099442080232,0.252552251192804,0.00933410149157754,0.0369590904357122,1.00484826166156
0.1,"with_ssp126",95,11,1.16167182769065,0.338894613056859,"future",1.14985611140089,0.344006334614739,0.0118157162897574,0.0343473799777266,0.985140617937733
0.1,"without_ssp126",95,10,1.18667847143617,0.362037748107311,"future",1.14985611140089,0.344006334614739,0.0368223600352777,0.107039773196374,1.05241593447041
