"tol","archive","draw","n_stitched","mean_gen","var_gen","time_period","mean_target","var_target","bias","E1","E2"
0.1,"with_ssp126",150,11,0.071969585041798,0.846445879529845,"hist+future",0.0573355284352127,0.839525692055952,0.0146340566065853,0.0174313386059065,1.00824297283499
0.1,"without_ssp126",150,11,0.0714283508696432,0.852064408884442,"hist+future",0.0573355284352127,0.839525692055952,0.0140928224344305,0.0167866481845457,1.0149354771952
0.1,"with_ssp126",150,11,-0.503378512834934,0.251659610811794,"hist",-0.512099442080232,0.252552251192804,0.0087209292452971,0.0345311879189679,0.996465521978939
0.1,"without_ssp126",150,11,-0.504453595344071,0.250469955218773,"hist",-0.512099442080232,0.252552251192804,0.00764584673616087,0.03027431630504,0.99175498945586
0.1,"with_ssp126",150,11,1.17583512166576,0.339690825187081,"future",1.14985611140089,0.344006334614739,0.0259790102648707,0.0755189880266746,0.987455145462681
0.1,"without_ssp126",150,11,1.17631813139595,0.375450995045462,"future",1.14985611140089,0.344006334614739,0.026462019995064,0.0769230602241656,1.0914072133757
