"tol","archive","draw","n_stitched","mean_gen","var_gen","time_period","mean_target","var_target","bias","E1","E2"
0.1,"with_ssp126",121,11,0.0739886427450793,0.844682236825601,"hist+future",0.0573355284352127,0.839525692055952,0.0166531143098666,0.0198363367166097,1.00614221198761
0.1,"without_ssp126",121,10,0.0741521589940724,0.864211185411528,"hist+future",0.0573355284352127,0.839525692055952,0.0168166305588597,0.0200311088963539,1.02940409518037
0.1,"with_ssp126",121,11,-0.499553509643191,0.247793397522479,"hist",-0.512099442080232,0.252552251192804,0.0125459324370409,0.0496765812927286,0.98115695406456
0.1,"without_ssp126",121,10,-0.51014325593761,0.252316282389073,"hist",-0.512099442080232,0.252552251192804,0.0019561861426215,0.00774566899872178,0.999065663431563
0.1,"with_ssp126",121,11,1.17438928395513,0.34930824108068,"future",1.14985611140089,0.344006334614739,0.0245331725542415,0.0713160488213589,1.01541223498654
0.1,"without_ssp126",121,10,1.19518405973509,0.381175838816528,"future",1.14985611140089,0.344006334614739,0.0453279483342004,0.131764865274833,1.10804889463276
