"tol","archive","draw","n_stitched","mean_gen","var_gen","time_period","mean_target","var_target","bias","E1","E2"
0.1,"with_ssp245",125,11,0.199570230763621,1.08511887139238,"hist+future",0.175822310447923,1.08019275864387,0.0237479203156978,0.021984891238775,1.00456040156639
0.1,"without_ssp245",125,8,0.113089129312854,1.06218404951912,"hist+future",0.175822310447923,1.08019275864387,0.0627331811350688,0.0580759134266254,0.98332824490755
0.1,"with_ssp245",125,11,-0.516232037813875,0.256480948025642,"hist",-0.535322134057386,0.263759506318041,0.0190900962435112,0.0723769031493879,0.972404565075191
0.1,"without_ssp245",125,8,-0.587043732684012,0.275414956144108,"hist",-0.535322134057386,0.263759506318041,0.0517215986266262,0.196093780082604,1.04418968623642
0.1,"with_ssp245",125,11,1.57291179256928,0.663761411444669,"future",1.54022734932439,0.662927335954257,0.0326844432448927,0.049303206357971,1.00125817030793
0.1,"without_ssp245",125,8,1.45636729477196,0.633658957545832,"future",1.54022734932439,0.662927335954257,0.0838600545524295,0.126499617686931,0.955849794055792
