"tol","archive","draw","n_stitched","mean_gen","var_gen","time_period","mean_target","var_target","bias","E1","E2"
0.1,"with_ssp126",179,11,0.0611338837706431,0.845596245171308,"hist+future",0.0573355284352127,0.839525692055952,0.00379835533543041,0.00452440630628998,1.00723093190929
0.1,"without_ssp126",179,10,0.0819402393109075,0.853424361368835,"hist+future",0.0573355284352127,0.839525692055952,0.0246047108756948,0.0293078712283828,1.01655538293158
0.1,"with_ssp126",179,11,-0.513714294393976,0.24978741227304,"hist",-0.512099442080232,0.252552251192804,0.00161485231374414,0.00639413153562162,0.989052408336471
0.1,"without_ssp126",179,10,-0.49567852955565,0.250039605503325,"hist",-0.512099442080232,0.252552251192804,0.0164209125245814,0.0650198620167725,0.990050986765661
0.1,"with_ssp126",179,11,1.16404027210974,0.340905344891834,"future",1.14985611140089,0.344006334614739,0.0141841607088469,0.0412322660416473,0.990985660986801
0.1,"without_ssp126",179,10,1.19016229585721,0.369952241755689,"future",1.14985611140089,0.344006334614739,0.0403061844563195,0.117166983280873,1.07542275978728
