"tol","archive","draw","n_stitched","mean_gen","var_gen","time_period","mean_target","var_target","bias","E1","E2"
0.1,"with_ssp126",193,11,0.0709282031178582,0.842047800380033,"hist+future",0.0573355284352127,0.839525692055952,0.0135926746826455,0.0161908978024935,1.00300420624163
0.1,"without_ssp126",193,10,0.0665434090347208,0.853341865484491,"hist+future",0.0573355284352127,0.839525692055952,0.00920788059950808,0.0109679557000316,1.01645711805997
0.1,"with_ssp126",193,11,-0.501739768039692,0.247435098219959,"hist",-0.512099442080232,0.252552251192804,0.0103596740405397,0.041019923566751,0.979738240507946
0.1,"without_ssp126",193,10,-0.509602986431086,0.249381881796187,"hist",-0.512099442080232,0.252552251192804,0.00249645564914502,0.00988490752845903,0.987446679324205
0.1,"with_ssp126",193,11,1.16965163615269,0.339109911891144,"future",1.14985611140089,0.344006334614739,0.019795524751802,0.0575440704426896,0.985766475117154
0.1,"without_ssp126",193,10,1.1719405631261,0.382893702171482,"future",1.14985611140089,0.344006334614739,0.0220844517252046,0.0641978053977915,1.11304259149848
