"tol","archive","draw","n_stitched","mean_gen","var_gen","time_period","mean_target","var_target","bias","E1","E2"
0.1,"with_ssp370",59,10,0.317171170089884,1.32409826759419,"hist+future",0.321521785460596,1.32469738968709,0.00435061537071174,0.00328423336875406,0.999547729090761
0.1,"without_ssp370",59,9,0.320415099067747,1.31743312980442,"hist+future",0.321521785460596,1.32469738968709,0.00110668639284917,0.000835425812313693,0.994516287312691
0.1,"with_ssp370",59,10,-0.516873746323121,0.25025244105091,"hist",-0.512099442080232,0.252552251192804,0.00477430424288983,0.0189042236619978,0.990893725432926
0.1,"without_ssp370",59,9,-0.507905059936695,0.255367394172945,"hist",-0.512099442080232,0.252552251192804,0.00419438214353651,0.0166079776510661,1.01114677444705
0.1,"with_ssp370",59,10,1.91737362599856,1.04922540456446,"future",1.92091134992846,1.05225971735422,0.00353772392990526,0.00336202543113636,0.997116384159044
0.1,"without_ssp370",59,9,1.90963400878557,1.04774150245923,"future",1.92091134992846,1.05225971735422,0.0112773411428915,0.010717260156311,0.995706178977982
