"tol","archive","draw","n_stitched","mean_gen","var_gen","time_period","mean_target","var_target","bias","E1","E2"
0.1,"with_ssp370",180,9,0.336535886038723,1.32372384284869,"hist+future",0.321521785460596,1.32469738968709,0.0150141005781269,0.0113339851765492,0.999265079824285
0.1,"without_ssp370",180,8,0.311391707434821,1.32567705165881,"hist+future",0.321521785460596,1.32469738968709,0.0101300780257755,0.00764708838761155,1.00073953642496
0.1,"with_ssp370",180,9,-0.498276408245828,0.249756315926399,"hist",-0.512099442080232,0.252552251192804,0.0138230338344034,0.0547333621819534,0.988929279968006
0.1,"without_ssp370",180,8,-0.52363738309982,0.250461229916289,"hist",-0.512099442080232,0.252552251192804,0.0115379410195885,0.0456853619997241,0.991720440951766
0.1,"with_ssp370",180,9,1.93821063670094,1.04460397576513,"future",1.92091134992846,1.05225971735422,0.0172992867724802,0.0164401302142185,0.99272447527656
0.1,"without_ssp370",180,8,1.91348240439082,1.0504814536422,"future",1.92091134992846,1.05225971735422,0.00742894553764595,0.00705999233376063,0.998310052468325
