"tol","archive","draw","n_stitched","mean_gen","var_gen","time_period","mean_target","var_target","bias","E1","E2"
0.1,"with_ssp370",2,9,0.33268701632234,1.32259418838865,"hist+future",-0.0246924640321492,1.12633698279611,0.35737948035449,0.317293568277675,1.17424377303614
0.1,"without_ssp370",2,8,0.327626496286208,1.32754093159872,"hist+future",-0.0246924640321492,1.12633698279611,0.352318960318357,0.312800667739535,1.17863565866684
0.1,"with_ssp370",2,9,-0.500022675667088,0.245126676643809,"hist",-0.531728609488551,0.259011752207887,0.0317059338214628,0.122411178455004,0.946392102112288
0.1,"without_ssp370",2,8,-0.511834045219005,0.244382285434704,"hist",-0.531728609488551,0.259011752207887,0.0198945642695457,0.0768095042018713,0.943518135187003
0.1,"with_ssp370",2,9,1.93032770444159,1.05191355005655,"future",1.92091134992846,1.05225971735422,0.00941635451313028,0.00894869808074239,0.999671024850646
0.1,"without_ssp370",2,8,1.93821939568574,1.04025074864241,"future",1.92091134992846,1.05225971735422,0.0173080457572816,0.0164484541903785,0.988587448028506
