"tol","archive","draw","n_stitched","mean_gen","var_gen","time_period","mean_target","var_target","bias","E1","E2"
0.1,"with_ssp370",172,10,0.341815325093057,1.32265650136266,"hist+future",0.321521785460596,1.32469738968709,0.0202935396324604,0.0153193776861401,0.998459355064548
0.1,"without_ssp370",172,8,0.333144187703881,1.33238979358969,"hist+future",0.321521785460596,1.32469738968709,0.0116224022432848,0.00877362810085265,1.00580691406391
0.1,"with_ssp370",172,10,-0.491967880369188,0.25019468036616,"hist",-0.512099442080232,0.252552251192804,0.0201315617110431,0.0797124619399025,0.990665017573553
0.1,"without_ssp370",172,8,-0.504189660260752,0.24404550141884,"hist",-0.512099442080232,0.252552251192804,0.00790978181947921,0.0313193875014826,0.966316872117408
0.1,"with_ssp370",172,10,1.94151566115434,1.04509834291567,"future",1.92091134992846,1.05225971735422,0.0206043112258774,0.0195810130199456,0.993194290040336
0.1,"without_ssp370",172,8,1.93965680298486,1.06776127081289,"future",1.92091134992846,1.05225971735422,0.0187454530564002,0.0178144736962214,1.01473168002444
