"tol","archive","draw","n_stitched","mean_gen","var_gen","time_period","mean_target","var_target","bias","E1","E2"
0.1,"with_ssp126",9,11,0.0560571447622617,0.844729737851291,"hist+future",0.0573355284352127,0.839525692055952,0.00127838367295097,0.00152274514651276,1.00619879277619
0.1,"without_ssp126",9,10,0.0534637310130984,0.855314808954205,"hist+future",0.0573355284352127,0.839525692055952,0.00387179742211433,0.00461188675790554,1.01880718725783
0.1,"with_ssp126",9,11,-0.517743629870953,0.251469902238354,"hist",-0.512099442080232,0.252552251192804,0.00564418779072118,0.0223485942574801,0.995714356338785
0.1,"without_ssp126",9,10,-0.524750209540901,0.257621651681558,"hist",-0.512099442080232,0.252552251192804,0.0126507674606693,0.0500916836057478,1.02007267987045
0.1,"with_ssp126",9,11,1.15695397981436,0.342145911008026,"future",1.14985611140089,0.344006334614739,0.0070978684134686,0.0206329584640285,0.994591891428987
0.1,"without_ssp126",9,10,1.16282768672717,0.36749716276285,"future",1.14985611140089,0.344006334614739,0.012971575326276,0.0377073734435826,1.06828603366976
