"tol","archive","draw","n_stitched","mean_gen","var_gen","time_period","mean_target","var_target","bias","E1","E2"
0.1,"with_ssp245",82,11,0.194730175838275,1.0774989383055,"hist+future",0.175822310447923,1.08019275864387,0.0189078653903526,0.0175041586226616,0.997506167008797
0.1,"without_ssp245",82,7,0.12337887048386,1.07546979067503,"hist+future",0.175822310447923,1.08019275864387,0.0524434399640625,0.0485500754790311,0.995627661886226
0.1,"with_ssp245",82,11,-0.516316309305371,0.252165111058119,"hist",-0.535322134057386,0.263759506318041,0.0190058247520144,0.0720574019011743,0.956041791927144
0.1,"without_ssp245",82,7,-0.58462092192747,0.27615499820624,"hist",-0.535322134057386,0.263759506318041,0.0492987878700841,0.186908098814227,1.04699543179025
0.1,"with_ssp245",82,11,1.55894726942783,0.659319491082422,"future",1.54022734932439,0.662927335954257,0.0187199201034436,0.0282382684921222,0.994557706891598
0.1,"without_ssp245",82,7,1.48175056522653,0.649191925691173,"future",1.54022734932439,0.662927335954257,0.0584767840978582,0.0882099453836569,0.979280669964661
