"tol","archive","draw","n_stitched","mean_gen","var_gen","time_period","mean_target","var_target","bias","E1","E2"
0.1,"with_ssp126",44,11,0.0740914642990392,0.847588273481582,"hist+future",0.0573355284352127,0.839525692055952,0.0167559358638265,0.0199588124846925,1.00960373399161
0.1,"without_ssp126",44,10,0.0576795448954738,0.855243839540531,"hist+future",0.0573355284352127,0.839525692055952,0.000344016460261096,0.000409774785353642,1.01872265212764
0.1,"with_ssp126",44,11,-0.502145161001875,0.253128221006561,"hist",-0.512099442080232,0.252552251192804,0.00995428107835694,0.0394147390543655,1.00228059663312
0.1,"without_ssp126",44,10,-0.519035135285486,0.256995361201265,"hist",-0.512099442080232,0.252552251192804,0.00693569320525445,0.0274624089569472,1.01759283470045
0.1,"with_ssp126",44,11,1.17966173377172,0.337465954729952,"future",1.14985611140089,0.344006334614739,0.0298056223708318,0.0866426555900834,0.980987617881771
0.1,"without_ssp126",44,10,1.16416701268452,0.380822253452546,"future",1.14985611140089,0.344006334614739,0.0143109012836338,0.0416006911607046,1.10702104912992
