"tol","archive","draw","n_stitched","mean_gen","var_gen","time_period","mean_target","var_target","bias","E1","E2"
0.1,"with_ssp245",169,11,0.201945462617324,1.08061176043494,"hist+future",0.175822310447923,1.08019275864387,0.0261231521694016,0.0241837875326975,1.00038789538971
0.1,"without_ssp245",169,7,0.128769133875372,1.07561997691366,"hist+future",0.175822310447923,1.08019275864387,0.0470531765725504,0.0435599814903625,0.995766698403028
0.1,"with_ssp245",169,11,-0.511113931502184,0.251728939703874,"hist",-0.535322134057386,0.263759506318041,0.0242082025552017,0.091781346170748,0.954388121277188
0.1,"without_ssp245",169,7,-0.58268737966513,0.269641236356532,"hist",-0.535322134057386,0.263759506318041,0.0473652456077442,0.1795773971105,1.02229959450788
0.1,"with_ssp245",169,11,1.57002453273033,0.662325792117454,"future",1.54022734932439,0.662927335954257,0.0297971834059481,0.0449478876339534,0.999092594611539
0.1,"without_ssp245",169,7,1.49377290985424,0.633797445853903,"future",1.54022734932439,0.662927335954257,0.0464544394701436,0.07007470796671,0.956058698260764
