"tol","archive","draw","n_stitched","mean_gen","var_gen","time_period","mean_target","var_target","bias","E1","E2"
0.1,"with_ssp126",91,12,0.0720596628057075,0.842402819279796,"hist+future",0.0573355284352127,0.839525692055952,0.0147241343704948,0.0175386346240771,1.00342708656932
0.1,"without_ssp126",91,10,0.0656474057401029,0.852337911669504,"hist+future",0.0573355284352127,0.839525692055952,0.00831187730489023,0.00990068247290312,1.0152612597027
0.1,"with_ssp126",91,12,-0.501501635786849,0.246517842525178,"hist",-0.512099442080232,0.252552251192804,0.010597806293382,0.0419628264778025,0.976106296264931
0.1,"without_ssp126",91,10,-0.510659116446063,0.255634958692292,"hist",-0.512099442080232,0.252552251192804,0.00144032563416896,0.00570307976811255,1.01220621667369
0.1,"with_ssp126",91,12,1.17249703801236,0.334543432386148,"future",1.14985611140089,0.344006334614739,0.0226409266114671,0.0658154351629112,0.972492069835898
0.1,"without_ssp126",91,10,1.17135177970193,0.366754910880372,"future",1.14985611140089,0.344006334614739,0.0214956683010414,0.0624862571938245,1.06612836444163
