"tol","archive","draw","n_stitched","mean_gen","var_gen","time_period","mean_target","var_target","bias","E1","E2"
0.1,"with_ssp370",155,10,0.339301917534425,1.32602702037474,"hist+future",0.321521785460596,1.32469738968709,0.0177801320738288,0.0134220329957989,1.00100372409427
0.1,"without_ssp370",155,8,0.328429407566681,1.32923547440343,"hist+future",0.321521785460596,1.32469738968709,0.00690762210608448,0.00521449061488386,1.00342575198809
0.1,"with_ssp370",155,10,-0.497230317944246,0.251697829823509,"hist",-0.512099442080232,0.252552251192804,0.0148691241359853,0.0588754369274417,0.996616853085809
0.1,"without_ssp370",155,8,-0.507517424309887,0.247338601848689,"hist",-0.512099442080232,0.252552251192804,0.00458201777034406,0.0181428506327035,0.979356155728205
0.1,"with_ssp370",155,10,1.94427655537141,1.04456488832756,"future",1.92091134992846,1.05225971735422,0.023365205442947,0.0222047894237516,0.992687329088291
0.1,"without_ssp370",155,8,1.93228088732986,1.06089365797565,"future",1.92091134992846,1.05225971735422,0.0113695374014002,0.0108048775543623,1.00820514220875
