"tol","archive","draw","n_stitched","mean_gen","var_gen","time_period","mean_target","var_target","bias","E1","E2"
0.1,"with_ssp126",97,11,0.072829024687189,0.843117622536404,"hist+future",0.0573355284352127,0.839525692055952,0.0154934962519763,0.0184550590870347,1.00427852359307
0.1,"without_ssp126",97,8,0.0739711104384711,0.855185129693279,"hist+future",0.0573355284352127,0.839525692055952,0.0166355820032584,0.0198154531310636,1.01865271996498
0.1,"with_ssp126",97,11,-0.499210625870422,0.251408162242108,"hist",-0.512099442080232,0.252552251192804,0.0128888162098099,0.0510342558774907,0.995469892090479
0.1,"without_ssp126",97,8,-0.504849191168365,0.253609085566543,"hist",-0.512099442080232,0.252552251192804,0.00725025091186693,0.0287079243112029,1.00418461672287
0.1,"with_ssp126",97,11,1.17034695889656,0.347114139899069,"future",1.14985611140089,0.344006334614739,0.0204908474956675,0.0595653202683483,1.00903415132692
0.1,"without_ssp126",97,8,1.1844984332888,0.366409552805958,"future",1.14985611140089,0.344006334614739,0.0346423218879048,0.100702569697449,1.06512443503783
