"tol","archive","draw","n_stitched","mean_gen","var_gen","time_period","mean_target","var_target","bias","E1","E2"
0.1,"with_ssp370",124,9,0.329720235016254,1.32081828993152,"hist+future",0.321521785460596,1.32469738968709,0.00819844955565835,0.00618892255656586,0.997071708764756
0.1,"without_ssp370",124,8,0.314681743203122,1.32853178756497,"hist+future",0.321521785460596,1.32469738968709,0.0068400422574737,0.00516347530441605,1.00289454626221
0.1,"with_ssp370",124,9,-0.502479514318222,0.252542224243095,"hist",-0.512099442080232,0.252552251192804,0.00961992776200982,0.0380908414657755,0.999960297523933
0.1,"without_ssp370",124,8,-0.524683467793449,0.252340750045437,"hist",-0.512099442080232,0.252552251192804,0.0125840257132174,0.0498274145400923,0.999162544992697
0.1,"with_ssp370",124,9,1.92638254478589,1.04426270647958,"future",1.92091134992846,1.05225971735422,0.00547119485742575,0.00519947192427207,0.992400154883098
0.1,"without_ssp370",124,8,1.92509174104538,1.04072944567083,"future",1.92091134992846,1.05225971735422,0.00418039111691826,0.00397277501739716,0.989042370915436
