"tol","archive","draw","n_stitched","mean_gen","var_gen","time_period","mean_target","var_target","bias","E1","E2"
0.1,"with_ssp245",196,11,0.179414486814893,1.07670435200881,"hist+future",0.175822310447923,1.08019275864387,0.00359217636697035,0.00332549569345398,0.996770570245784
0.1,"without_ssp245",196,6,0.143999722915226,1.07389395886509,"hist+future",0.175822310447923,1.08019275864387,0.031822587532697,0.0294601007811317,0.994168818733168
0.1,"with_ssp245",196,11,-0.53067061070136,0.259765813619161,"hist",-0.535322134057386,0.263759506318041,0.00465152335602603,0.0176354718772382,0.98485858290141
0.1,"without_ssp245",196,6,-0.562146353679451,0.269708193063559,"hist",-0.535322134057386,0.263759506318041,0.0268242196220656,0.101699536811086,1.02255344965025
0.1,"with_ssp245",196,11,1.54178705763096,0.655661850228684,"future",1.54022734932439,0.662927335954257,0.00155970830657282,0.00235275907626841,0.989040298488952
0.1,"without_ssp245",196,6,1.49881486987013,0.657901882051615,"future",1.54022734932439,0.662927335954257,0.041412479454257,0.0624691081634843,0.992419299024065
