"tol","archive","draw","n_stitched","mean_gen","var_gen","time_period","mean_target","var_target","bias","E1","E2"
0.1,"with_ssp370",114,9,0.315916611221643,1.32440655436198,"hist+future",0.321521785460596,1.32469738968709,0.00560517423895307,0.00423128654331921,0.999780451499813
0.1,"without_ssp370",114,8,0.333821555720537,1.33162940350837,"hist+future",0.321521785460596,1.32469738968709,0.0122997702599407,0.00928496602748347,1.00523290366181
0.1,"with_ssp370",114,9,-0.516893358567488,0.259269932494437,"hist",-0.512099442080232,0.252552251192804,0.00479391648725613,0.0189818798470989,1.02659917411112
0.1,"without_ssp370",114,8,-0.502805558310744,0.24941940572115,"hist",-0.512099442080232,0.252552251192804,0.00929388376948737,0.0367998452818867,0.987595258181793
0.1,"with_ssp370",114,9,1.91374969279381,1.05161954769999,"future",1.92091134992846,1.05225971735422,0.00716165713465067,0.00680597861586659,0.999391623908362
0.1,"without_ssp370",114,8,1.93897822798985,1.06571064960754,"future",1.92091134992846,1.05225971735422,0.0180668780613917,0.0171695996372632,1.01278290143724
