"tol","archive","draw","n_stitched","mean_gen","var_gen","time_period","mean_target","var_target","bias","E1","E2"
0.1,"with_ssp126",127,11,0.0692764781794139,0.842661750511808,"hist+future",0.0573355284352127,0.839525692055952,0.0119409497442012,0.0142234476647862,1.00373551218924
0.1,"without_ssp126",127,9,0.0584206742759855,0.852365581242204,"hist+future",0.0573355284352127,0.839525692055952,0.00108514584077283,0.00129257013935496,1.01529421828033
0.1,"with_ssp126",127,11,-0.503861519771695,0.246132965267952,"hist",-0.512099442080232,0.252552251192804,0.00823792230853648,0.0326186849241248,0.974582345259115
0.1,"without_ssp126",127,9,-0.517907184186644,0.250264456912776,"hist",-0.512099442080232,0.252552251192804,0.00580774210641266,0.0229962001090178,0.990941303159157
0.1,"with_ssp126",127,11,1.16890170680654,0.340926950784108,"future",1.14985611140089,0.344006334614739,0.019045595405651,0.0553640834171865,0.991048467656621
0.1,"without_ssp126",127,9,1.16416598411708,0.373706945591332,"future",1.14985611140089,0.344006334614739,0.014309872716187,0.041597701194116,1.08633739553039
