"tol","archive","draw","n_stitched","mean_gen","var_gen","time_period","mean_target","var_target","bias","E1","E2"
0.1,"with_ssp245",192,11,0.183330295989763,1.08099170993364,"hist+future",0.175822310447923,1.08019275864387,0.00750798554183987,0.00695059792038026,1.00073963770205
0.1,"without_ssp245",192,7,0.1354725526326,1.07416551448681,"hist+future",0.175822310447923,1.08019275864387,0.0403497578153227,0.0373542198764414,0.994420214254514
0.1,"with_ssp245",192,11,-0.529810695125194,0.253873302724643,"hist",-0.535322134057386,0.263759506318041,0.00551143893219208,0.0208956977859459,0.962518114583224
0.1,"without_ssp245",192,7,-0.570839528517115,0.271788631454359,"hist",-0.535322134057386,0.263759506318041,0.0355173944597289,0.134658253480737,1.03044108342634
0.1,"with_ssp245",192,11,1.55156591847776,0.662072984354389,"future",1.54022734932439,0.662927335954257,0.0113385691533734,0.0171037888142778,0.998711243972707
0.1,"without_ssp245",192,7,1.49060619669891,0.656689077496072,"future",1.54022734932439,0.662927335954257,0.0496211526254737,0.0748515711062753,0.99058983071017
