"tol","archive","draw","n_stitched","mean_gen","var_gen","time_period","mean_target","var_target","bias","E1","E2"
0.1,"with_ssp245",2,11,0.200466756781728,1.07842191624047,"hist+future",0.175822310447923,1.08019275864387,0.0246444463338047,0.0228148597892331,0.998360623704215
0.1,"without_ssp245",2,8,0.115377267573897,1.06742633032464,"hist+future",0.175822310447923,1.08019275864387,0.0604450428740257,0.0559576449576571,0.988181342434428
0.1,"with_ssp245",2,11,-0.510598626768367,0.255736765841618,"hist",-0.535322134057386,0.263759506318041,0.0247235072890192,0.0937350377779658,0.969583122942498
0.1,"without_ssp245",2,8,-0.58671798181687,0.274981655622736,"hist",-0.535322134057386,0.263759506318041,0.0513958477594838,0.194858750218886,1.04254689986856
0.1,"with_ssp245",2,11,1.56472010894179,0.660969746333404,"future",1.54022734932439,0.662927335954257,0.0244927596174047,0.0369463714784794,0.99704705249779
0.1,"without_ssp245",2,8,1.46242047861432,0.647429546464369,"future",1.54022734932439,0.662927335954257,0.0778068707100652,0.11736862622819,0.97662218971921
