"tol","archive","draw","n_stitched","mean_gen","var_gen","time_period","mean_target","var_target","bias","E1","E2"
0.1,"with_ssp370",79,11,0.327100975455963,1.32501334714611,"hist+future",0.321521785460596,1.32469738968709,0.00557918999536705,0.00421167131361595,1.00023851293245
0.1,"without_ssp370",79,8,0.337402340480535,1.32672993563447,"hist+future",0.321521785460596,1.32469738968709,0.0158805550199386,0.0119880624386901,1.00153434736356
0.1,"with_ssp370",79,11,-0.506688931443724,0.25491044716854,"hist",-0.512099442080232,0.252552251192804,0.00541051063650766,0.0214233316509903,1.0093374577522
0.1,"without_ssp370",79,8,-0.496836321657102,0.250295232890464,"hist",-0.512099442080232,0.252552251192804,0.0152631204231293,0.0604354954313083,0.991063163002189
0.1,"with_ssp370",79,11,1.92681416892629,1.05161003732971,"future",1.92091134992846,1.05225971735422,0.00590281899782963,0.00560965976410418,0.999382585863742
0.1,"without_ssp370",79,8,1.93797651783763,1.05793597747922,"future",1.92091134992846,1.05225971735422,0.0170651679091656,0.0162176386948213,1.00539435277374
