"tol","archive","draw","n_stitched","mean_gen","var_gen","time_period","mean_target","var_target","bias","E1","E2"
0.1,"with_ssp370",12,9,0.31683886293875,1.32957146254022,"hist+future",0.321521785460596,1.32469738968709,0.00468292252184599,0.00353508851025377,1.0036793858666
0.1,"without_ssp370",12,9,0.312622941599044,1.32233205242001,"hist+future",0.321521785460596,1.32469738968709,0.00889884386155199,0.00671764278455625,0.998214432001231
0.1,"with_ssp370",12,9,-0.519341983408985,0.254614291540329,"hist",-0.512099442080232,0.252552251192804,0.00724254132875357,0.0286773976258262,1.00816480683813
0.1,"without_ssp370",12,9,-0.519558868389108,0.252469465312338,"hist",-0.512099442080232,0.252552251192804,0.00745942630887675,0.0295361703316676,0.999672202959686
0.1,"with_ssp370",12,9,1.92113932395475,1.05782488503211,"future",1.92091134992846,1.05225971735422,0.000227974026290712,0.000216651861257146,1.00528877765261
0.1,"without_ssp370",12,9,1.90925083285538,1.04995719752448,"future",1.92091134992846,1.05225971735422,0.0116605170730801,0.0110814059312268,0.997811833151297
