"tol","archive","draw","n_stitched","mean_gen","var_gen","time_period","mean_target","var_target","bias","E1","E2"
0.1,"with_ssp370",3,10,0.304201382405808,1.32804436491585,"hist+future",-0.0246924640321492,1.12633698279611,0.328893846437957,0.292003060772704,1.17908262376238
0.1,"without_ssp370",3,8,0.303553977684699,1.31858714023061,"hist+future",-0.0246924640321492,1.12633698279611,0.328246441716848,0.291428273004036,1.17068618039801
0.1,"with_ssp370",3,10,-0.531591077821157,0.256767356992037,"hist",-0.531728609488551,0.259011752207887,0.00013753166739372,0.000530986205148463,0.991334774593361
0.1,"without_ssp370",3,8,-0.525280083555899,0.251368873816422,"hist",-0.531728609488551,0.259011752207887,0.00644852593265233,0.024896653830119,0.970492155949237
0.1,"with_ssp370",3,10,1.90775668400406,1.05296810290037,"future",1.92091134992846,1.05225971735422,0.0131546659244075,0.0125013489611512,1.00067320409065
0.1,"without_ssp370",3,8,1.89375886262305,1.05150891751535,"future",1.92091134992846,1.05225971735422,0.0271524873054085,0.0258039786733261,0.999286488091779
