"tol","archive","draw","n_stitched","mean_gen","var_gen","time_period","mean_target","var_target","bias","E1","E2"
0.1,"with_ssp370",38,10,0.319250578841906,1.32233325404572,"hist+future",0.321521785460596,1.32469738968709,0.0022712066186904,0.00171450977134249,0.998215339095723
0.1,"without_ssp370",38,8,0.316553006574779,1.31576706964679,"hist+future",0.321521785460596,1.32469738968709,0.00496877888581748,0.00375087844552269,0.993258596182176
0.1,"with_ssp370",38,10,-0.512373556205216,0.25134318274898,"hist",-0.512099442080232,0.252552251192804,0.000274114124984348,0.0010853758922746,0.995212600805916
0.1,"without_ssp370",38,8,-0.513205211243652,0.249334882355625,"hist",-0.512099442080232,0.252552251192804,0.0011057691634202,0.00437837777409488,0.987260581436184
0.1,"with_ssp370",38,10,1.91480851236255,1.05298897372603,"future",1.92091134992846,1.05225971735422,0.00610283756591734,0.00579974455475894,1.00069303838185
0.1,"without_ssp370",38,8,1.90853098262177,1.0379438544458,"future",1.92091134992846,1.05225971735422,0.012380367306696,0.0117655053239374,0.986395124062697
