"tol","archive","draw","n_stitched","mean_gen","var_gen","time_period","mean_target","var_target","bias","E1","E2"
0.1,"with_ssp370",55,9,0.320219583477266,1.32068033793419,"hist+future",0.321521785460596,1.32469738968709,0.00130220198333059,0.000983018456493058,0.996967570266106
0.1,"without_ssp370",55,8,0.323175030576133,1.3200965086935,"hist+future",0.321521785460596,1.32469738968709,0.00165324511553711,0.00124801719125273,0.996526843768694
0.1,"with_ssp370",55,9,-0.511905894237972,0.257555590974206,"hist",-0.512099442080232,0.252552251192804,0.000193547842259556,0.000766367519376405,1.01981110743528
0.1,"without_ssp370",55,8,-0.5098716595084,0.247115418066368,"hist",-0.512099442080232,0.252552251192804,0.00222778257183187,0.00882107588156533,0.978472442432177
0.1,"with_ssp370",55,9,1.91673939537278,1.04173112420387,"future",1.92091134992846,1.05225971735422,0.00417195455568375,0.00396475745187093,0.98999430180904
0.1,"without_ssp370",55,8,1.92146228480809,1.04024873688813,"future",1.92091134992846,1.05225971735422,0.000550934879622877,0.0005235730975316,0.988585536186551
