"tol","archive","draw","n_stitched","mean_gen","var_gen","time_period","mean_target","var_target","bias","E1","E2"
0.1,"with_ssp245",168,11,0.190714387858986,1.07631639378544,"hist+future",0.175822310447923,1.08019275864387,0.0148920774110635,0.0137864999481758,0.996411413770916
0.1,"without_ssp245",168,9,0.145411746407462,1.06878022738205,"hist+future",0.175822310447923,1.08019275864387,0.0304105640404611,0.0281529049302647,0.989434727116532
0.1,"with_ssp245",168,11,-0.519115470279825,0.256005417555663,"hist",-0.535322134057386,0.263759506318041,0.0162066637775603,0.0614448518038183,0.970601670928866
0.1,"without_ssp245",168,9,-0.560292050767063,0.265568271702955,"hist",-0.535322134057386,0.263759506318041,0.0249699167096775,0.0946692578335691,1.00685763106765
0.1,"with_ssp245",168,11,1.55259725521833,0.658185001951004,"future",1.54022734932439,0.662927335954257,0.0123699058939477,0.0186595200153298,0.992846374336899
0.1,"without_ssp245",168,9,1.49937833400975,0.639533178485373,"future",1.54022734932439,0.662927335954257,0.0408490153146388,0.0616191445112733,0.964710826963849
