"tol","archive","draw","n_stitched","mean_gen","var_gen","time_period","mean_target","var_target","bias","E1","E2"
0.1,"with_ssp370",150,10,0.31927030451765,1.3282779865038,"hist+future",0.321521785460596,1.32469738968709,0.00225148094294647,0.00169961906807886,1.00270295453481
0.1,"without_ssp370",150,9,0.336396343039165,1.32696341985175,"hist+future",0.321521785460596,1.32469738968709,0.0148745575785692,0.0112286456472016,1.00171060212113
0.1,"with_ssp370",150,10,-0.514880940122374,0.250992264670869,"hist",-0.512099442080232,0.252552251192804,0.00278149804214256,0.0110135547357252,0.993823113773219
0.1,"without_ssp370",150,9,-0.497726606875005,0.249138373494124,"hist",-0.512099442080232,0.252552251192804,0.014372835205227,0.0569103428591275,0.986482489534122
0.1,"with_ssp370",150,10,1.91967676225723,1.06374274575274,"future",1.92091134992846,1.05225971735422,0.00123458767123319,0.0011732727679982,1.01091273210324
0.1,"without_ssp370",150,9,1.93674851438612,1.05986959718518,"future",1.92091134992846,1.05225971735422,0.015837164457656,0.0150506231460391,1.00723194065634
