"tol","archive","draw","n_stitched","mean_gen","var_gen","time_period","mean_target","var_target","bias","E1","E2"
0.1,"with_ssp370",25,10,0.324163335361092,1.32594871486278,"hist+future",0.321521785460596,1.32469738968709,0.00264154990049598,0.00199407798419528,1.00094461209438
0.1,"without_ssp370",25,9,0.340039259198195,1.32737124919065,"hist+future",0.321521785460596,1.32469738968709,0.018517473737599,0.0139786443921151,1.00201846816063
0.1,"with_ssp370",25,10,-0.510346926458415,0.254797816750995,"hist",-0.512099442080232,0.252552251192804,0.00175251562181677,0.00693921995761133,1.00889148897935
0.1,"without_ssp370",25,9,-0.49487085005172,0.249768776418523,"hist",-0.512099442080232,0.252552251192804,0.0172285920285112,0.0682179309316807,0.988978618241832
0.1,"with_ssp370",25,10,1.92525860513108,1.05187321210758,"future",1.92091134992846,1.05225971735422,0.00434725520261292,0.0041313519190334,0.99963269025672
0.1,"without_ssp370",25,9,1.94190167810792,1.05759896877895,"future",1.92091134992846,1.05225971735422,0.0209903281794535,0.0199478587208784,1.00507408136667
