"tol","archive","draw","n_stitched","mean_gen","var_gen","time_period","mean_target","var_target","bias","E1","E2"
0.1,"with_ssp126",182,11,0.0693401355622383,0.842324253855921,"hist+future",0.0573355284352127,0.839525692055952,0.0120046071270256,0.0142992730783819,1.00333350346088
0.1,"without_ssp126",182,10,0.0870204788665514,0.855268387133994,"hist+future",0.0573355284352127,0.839525692055952,0.0296849504313387,0.0353591923537705,1.01875189196353
0.1,"with_ssp126",182,11,-0.502752952600835,0.250804927165619,"hist",-0.512099442080232,0.252552251192804,0.00934648947939654,0.0370081416231813,0.993081336559337
0.1,"without_ssp126",182,10,-0.49208534507061,0.251908139001856,"hist",-0.512099442080232,0.252552251192804,0.0200140970096213,0.0792473514494316,0.997449588400398
0.1,"with_ssp126",182,11,1.16696059541,0.341791805550554,"future",1.14985611140089,0.344006334614739,0.0171044840091046,0.0497214216367855,0.993562534054307
0.1,"without_ssp126",182,10,1.19809560618785,0.366911619329919,"future",1.14985611140089,0.344006334614739,0.0482394947869593,0.140228507248228,1.06658390387151
