"tol","archive","draw","n_stitched","mean_gen","var_gen","time_period","mean_target","var_target","bias","E1","E2"
0.1,"with_ssp370",117,9,0.314762612194972,1.3251310758334,"hist+future",0.321521785460596,1.32469738968709,0.00675917326562381,0.00510242816075935,1.00032738506899
0.1,"without_ssp370",117,9,0.321362659071756,1.32163573743806,"hist+future",0.321521785460596,1.32469738968709,0.000159126388839748,0.000120122822071338,0.997688791211587
0.1,"with_ssp370",117,9,-0.518601514208286,0.257175416475834,"hist",-0.512099442080232,0.252552251192804,0.00650207212805498,0.0257454530591024,1.01830577736367
0.1,"without_ssp370",117,9,-0.512586622695937,0.254835005333572,"hist",-0.512099442080232,0.252552251192804,0.000487180615705962,0.00192902899659381,1.00903874002305
0.1,"with_ssp370",117,9,1.91365890122448,1.05281090906646,"future",1.92091134992846,1.05225971735422,0.00725244870398267,0.00689226108761253,1.00052381717474
0.1,"without_ssp370",117,9,1.92138162990512,1.03837230814399,"future",1.92091134992846,1.05225971735422,0.000470279976659382,0.000446923861954768,0.986802298918036
