"tol","archive","draw","n_stitched","mean_gen","var_gen","time_period","mean_target","var_target","bias","E1","E2"
0.1,"with_ssp245",83,11,0.196302288136706,1.08229488483079,"hist+future",0.175822310447923,1.08019275864387,0.0204799776887827,0.0189595583981645,1.00194606580178
0.1,"without_ssp245",83,8,0.145924330098062,1.07760655501535,"hist+future",0.175822310447923,1.08019275864387,0.0298979803498605,0.0276783750961228,0.997605794329006
0.1,"with_ssp245",83,11,-0.516366897378171,0.255576918515473,"hist",-0.535322134057386,0.263759506318041,0.0189552366792144,0.0718656056944472,0.968977088572869
0.1,"without_ssp245",83,8,-0.564270759844736,0.269933059189112,"hist",-0.535322134057386,0.263759506318041,0.0289486257873507,0.109753867041457,1.02340599191002
0.1,"with_ssp245",83,11,1.56363270220595,0.669835204845164,"future",1.54022734932439,0.662927335954257,0.0234053528815592,0.0353060608790074,1.01042025048034
0.1,"without_ssp245",83,8,1.50850793289529,0.651223268625119,"future",1.54022734932439,0.662927335954257,0.0317194164290946,0.0478475010891439,0.982344871459719
