"tol","archive","draw","n_stitched","mean_gen","var_gen","time_period","mean_target","var_target","bias","E1","E2"
0.1,"with_ssp245",180,11,0.193756351341478,1.08029089574387,"hist+future",0.175822310447923,1.08019275864387,0.0179340408935547,0.0166026301787749,1.00009085147
0.1,"without_ssp245",180,7,0.129765507430689,1.06426614935467,"hist+future",0.175822310447923,1.08019275864387,0.0460568030172339,0.0426375780143687,0.98525577110034
0.1,"with_ssp245",180,11,-0.518037278457917,0.251484358450729,"hist",-0.535322134057386,0.263759506318041,0.0172848555994687,0.0655326355465142,0.953460832412573
0.1,"without_ssp245",180,7,-0.573141756167808,0.265016970458629,"hist",-0.535322134057386,0.263759506318041,0.0378196221104221,0.143386764095696,1.00476746471868
0.1,"with_ssp245",180,11,1.55940692014264,0.668577950871034,"future",1.54022734932439,0.662927335954257,0.0191795708182549,0.0289316336467657,1.00852373195419
0.1,"without_ssp245",180,7,1.47836665270687,0.635044146596227,"future",1.54022734932439,0.662927335954257,0.0618606966175126,0.0933144452830062,0.957939297648824
