"tol","archive","draw","n_stitched","mean_gen","var_gen","time_period","mean_target","var_target","bias","E1","E2"
0.1,"with_ssp245",14,11,0.188374977290288,1.07621764180664,"hist+future",0.175822310447923,1.08019275864387,0.0125526668423652,0.0116207655919898,0.996319993070291
0.1,"without_ssp245",14,8,0.138875945838563,1.07002102363708,"hist+future",0.175822310447923,1.08019275864387,0.0369463646093598,0.0342034922135049,0.990583407521123
0.1,"with_ssp245",14,11,-0.520547529125537,0.256251957326369,"hist",-0.535322134057386,0.263759506318041,0.0147746049318489,0.0560154404976543,0.971536385184846
0.1,"without_ssp245",14,8,-0.567040233741863,0.2642413218068,"hist",-0.535322134057386,0.263759506318041,0.0317180996844768,0.120253863556414,1.00182672274256
0.1,"with_ssp245",14,11,1.54851699541367,0.662993466253922,"future",1.54022734932439,0.662927335954257,0.00828964608928606,0.0125046074278314,1.00009975497476
0.1,"without_ssp245",14,8,1.49325001131264,0.645226231578587,"future",1.54022734932439,0.662927335954257,0.0469773380117517,0.0708634799983467,0.973298575250045
