"tol","archive","draw","n_stitched","mean_gen","var_gen","time_period","mean_target","var_target","bias","E1","E2"
0.1,"with_ssp126",73,11,0.0672459091814716,0.839740946121996,"hist+future",0.0573355284352127,0.839525692055952,0.00991038074625896,0.0118047378895445,1.00025639961717
0.1,"without_ssp126",73,9,0.0757178625384815,0.859241072812122,"hist+future",0.0573355284352127,0.839525692055952,0.0183823341032688,0.021896094755899,1.02348395164404
0.1,"with_ssp126",73,11,-0.504345140991927,0.246198588889893,"hist",-0.512099442080232,0.252552251192804,0.00775430108830466,0.0307037496267846,0.97484218702109
0.1,"without_ssp126",73,9,-0.506806324295685,0.250781456076598,"hist",-0.512099442080232,0.252552251192804,0.00529311778454611,0.0209585056539655,0.992988400982994
0.1,"with_ssp126",73,11,1.16390315660718,0.334281033808726,"future",1.14985611140089,0.344006334614739,0.0140470452062875,0.0408336818042003,0.971729297319757
0.1,"without_ssp126",73,9,1.19335147681334,0.365067552229825,"future",1.14985611140089,0.344006334614739,0.0434953654124459,0.126437687437231,1.0612233424093
