"tol","archive","draw","n_stitched","mean_gen","var_gen","time_period","mean_target","var_target","bias","E1","E2"
0.1,"with_ssp245",22,11,0.191851022313069,1.08589331993613,"hist+future",0.175822310447923,1.08019275864387,0.0160287118651461,0.0148387514514256,1.00527735558922
0.1,"without_ssp245",22,7,0.150282899864388,1.07778184049515,"hist+future",0.175822310447923,1.08019275864387,0.0255394105835352,0.0236433825159121,0.997768066736768
0.1,"with_ssp245",22,11,-0.524513036179364,0.258111438694042,"hist",-0.535322134057386,0.263759506318041,0.0108090978780213,0.0409808845524138,0.978586297408412
0.1,"without_ssp245",22,7,-0.56018334409303,0.268428446655247,"hist",-0.535322134057386,0.263759506318041,0.0248612100356443,0.0942571146825954,1.0177015054448
0.1,"with_ssp245",22,11,1.5662704368625,0.662849207513745,"future",1.54022734932439,0.662927335954257,0.0260430875381179,0.0392849806089681,0.999882146298282
0.1,"without_ssp245",22,7,1.51338674001525,0.65149991966131,"future",1.54022734932439,0.662927335954257,0.0268406093091396,0.0404880110585628,0.982762188745018
