"tol","archive","draw","n_stitched","mean_gen","var_gen","time_period","mean_target","var_target","bias","E1","E2"
0.1,"with_ssp245",46,10,0.188131150506707,1.08059093510898,"hist+future",0.175822310447923,1.08019275864387,0.0123088400587844,0.0113950403391314,1.00036861612145
0.1,"without_ssp245",46,7,0.127969450911426,1.07149410358865,"hist+future",0.175822310447923,1.08019275864387,0.0478528595364964,0.0443002965476028,0.991947127042272
0.1,"with_ssp245",46,10,-0.523834293652728,0.255399283911921,"hist",-0.535322134057386,0.263759506318041,0.0114878404046574,0.043554223182407,0.968303616719545
0.1,"without_ssp245",46,7,-0.578806878999897,0.271212617125154,"hist",-0.535322134057386,0.263759506318041,0.043484744942511,0.164865128652755,1.02825722155442
0.1,"with_ssp245",46,10,1.55411136313818,0.666062966361904,"future",1.54022734932439,0.662927335954257,0.0138840138137954,0.020943492688848,1.00472997602842
0.1,"without_ssp245",46,7,1.48399380481106,0.64141557289756,"future",1.54022734932439,0.662927335954257,0.0562335445133288,0.0848261060654301,0.967550345430044
