"tol","archive","draw","n_stitched","mean_gen","var_gen","time_period","mean_target","var_target","bias","E1","E2"
0.1,"with_ssp245",16,10,0.178012670995842,1.07705142828476,"hist+future",0.175822310447923,1.08019275864387,0.00219036054791966,0.00202774970521887,0.997091879820555
0.1,"without_ssp245",16,7,0.125750979874503,1.07580263771308,"hist+future",0.175822310447923,1.08019275864387,0.0500713305734202,0.0463540698386855,0.995935798591821
0.1,"with_ssp245",16,10,-0.530371156666905,0.259961756236649,"hist",-0.535322134057386,0.263759506318041,0.00495097739048067,0.0187708017033926,0.985601466523777
0.1,"without_ssp245",16,7,-0.58342812451534,0.269661075855701,"hist",-0.535322134057386,0.263759506318041,0.0481059904579547,0.182385807167642,1.02237481264673
0.1,"with_ssp245",16,10,1.53712117755809,0.667337312111291,"future",1.54022734932439,0.662927335954257,0.00310617176629635,0.00468553881825546,1.00665227683014
0.1,"without_ssp245",16,7,1.48638530806432,0.648825044662007,"future",1.54022734932439,0.662927335954257,0.0538420412600691,0.0812186167923904,0.9787272442583
