"tol","archive","draw","n_stitched","mean_gen","var_gen","time_period","mean_target","var_target","bias","E1","E2"
0.1,"with_ssp370",39,9,0.313580193402234,1.32456485010994,"hist+future",0.321521785460596,1.32469738968709,0.00794159205836192,0.00599502355797487,0.999899947279896
0.1,"without_ssp370",39,8,0.335677651372922,1.33043189045764,"hist+future",0.321521785460596,1.32469738968709,0.014155865912326,0.0106861129360796,1.00432891376943
0.1,"with_ssp370",39,9,-0.519830312607552,0.252724900336341,"hist",-0.512099442080232,0.252552251192804,0.00773087052732047,0.0306109745243116,1.00068361751963
0.1,"without_ssp370",39,8,-0.499901220334678,0.249154033400575,"hist",-0.512099442080232,0.252552251192804,0.0121982217455538,0.0482997941532561,0.986544496134249
0.1,"with_ssp370",39,9,1.91256546656054,1.05259271073331,"future",1.92091134992846,1.05225971735422,0.00834588336791819,0.00793139111026969,1.0003164555039
0.1,"without_ssp370",39,8,1.93882316104448,1.06607223427994,"future",1.92091134992846,1.05225971735422,0.0179118111160168,0.0170222339795101,1.01312652826856
