"tol","archive","draw","n_stitched","mean_gen","var_gen","time_period","mean_target","var_target","bias","E1","E2"
0.1,"with_ssp126",2,11,0.0710376372678576,0.843795174942559,"hist+future",0.0573355284352127,0.839525692055952,0.0137021088326449,0.0163212501562509,1.00508558931193
0.1,"without_ssp126",2,10,0.0663739479026913,0.851273910902285,"hist+future",0.0573355284352127,0.839525692055952,0.00903841946747862,0.0107661022801387,1.01399387649181
0.1,"with_ssp126",2,11,-0.501171972764445,0.25374349523901,"hist",-0.512099442080232,0.252552251192804,0.0109274693157868,0.043268152487956,1.00471682212524
0.1,"without_ssp126",2,10,-0.509568453844617,0.251480256008073,"hist",-0.512099442080232,0.252552251192804,0.00253098823561493,0.0100216419519568,0.995755352883739
0.1,"with_ssp126",2,11,1.16888165651588,0.347090421035119,"future",1.14985611140089,0.344006334614739,0.019025545114989,0.0553057987618052,1.00896520241069
0.1,"without_ssp126",2,10,1.17137971869694,0.368254557282742,"future",1.14985611140089,0.344006334614739,0.0215236072960543,0.062567473707015,1.0704877213821
