"tol","archive","draw","n_stitched","mean_gen","var_gen","time_period","mean_target","var_target","bias","E1","E2"
0.1,"with_ssp370",186,10,0.307222895287609,1.32714986424126,"hist+future",0.321521785460596,1.32469738968709,0.0142988901729872,0.0107940804324864,1.00185134701197
0.1,"without_ssp370",186,8,0.328133306928538,1.31924607374509,"hist+future",0.321521785460596,1.32469738968709,0.00661152146794225,0.00499096738576949,0.995884859452102
0.1,"with_ssp370",186,10,-0.526353909099801,0.254783864859593,"hist",-0.512099442080232,0.252552251192804,0.0142544670195692,0.0564416549535607,1.00883624539575
0.1,"without_ssp370",186,8,-0.504651157459836,0.246383566332619,"hist",-0.512099442080232,0.252552251192804,0.00744828462039548,0.0294920539619712,0.975574619386483
0.1,"with_ssp370",186,10,1.90652722928671,1.06041889487133,"future",1.92091134992846,1.05225971735422,0.0143841206417543,0.0136697436997031,1.00775395787042
0.1,"without_ssp370",186,8,1.92591745372019,1.03860634468081,"future",1.92091134992846,1.05225971735422,0.00500610379172373,0.00475747926976712,0.987024712199624
