"tol","archive","draw","n_stitched","mean_gen","var_gen","time_period","mean_target","var_target","bias","E1","E2"
0.1,"with_ssp126",35,11,0.0740939232768864,0.845689049904643,"hist+future",0.0573355284352127,0.839525692055952,0.0167583948416737,0.019961741493144,1.00734147615375
0.1,"without_ssp126",35,8,0.0756571698520504,0.853627097174235,"hist+future",0.0573355284352127,0.839525692055952,0.0183216414168377,0.0218238007367815,1.01679687143791
0.1,"with_ssp126",35,11,-0.50023650219491,0.253313011901318,"hist",-0.512099442080232,0.252552251192804,0.0118629398853214,0.0469722199239672,1.00301229034752
0.1,"without_ssp126",35,8,-0.50288525944795,0.252381507467791,"hist",-0.512099442080232,0.252552251192804,0.00921418263228135,0.0364842625189947,0.999323927131093
0.1,"with_ssp126",35,11,1.17600694889138,0.341475218853072,"future",1.14985611140089,0.344006334614739,0.0261508374904891,0.0760184765776945,0.992642240834018
0.1,"without_ssp126",35,8,1.18565136560205,0.35982509230903,"future",1.14985611140089,0.344006334614739,0.0357952542011608,0.104054055403511,1.04598391396486
