"tol","archive","draw","n_stitched","mean_gen","var_gen","time_period","mean_target","var_target","bias","E1","E2"
0.1,"with_ssp370",152,10,0.342069243718964,1.32062244971932,"hist+future",0.321521785460596,1.32469738968709,0.0205474582583678,0.0155110581619107,0.996923871067086
0.1,"without_ssp370",152,8,0.330332745382326,1.33094939757927,"hist+future",0.321521785460596,1.32469738968709,0.00881095992172964,0.00665130013112723,1.00471957440307
0.1,"with_ssp370",152,10,-0.490508353057024,0.245812474398073,"hist",-0.512099442080232,0.252552251192804,0.021591089023208,0.0854915722240974,0.97331333709005
0.1,"without_ssp370",152,8,-0.502364873071172,0.248091430913495,"hist",-0.512099442080232,0.252552251192804,0.00973456900905945,0.0385447722722054,0.982337040124407
0.1,"with_ssp370",152,10,1.93945649334731,1.04496973836288,"future",1.92091134992846,1.05225971735422,0.0185451434188488,0.0176241122918573,0.993072072539592
0.1,"without_ssp370",152,8,1.92795026915939,1.08097327004289,"future",1.92091134992846,1.05225971735422,0.00703891923092237,0.00668933640130295,1.02728751487405
