"tol","archive","draw","n_stitched","mean_gen","var_gen","time_period","mean_target","var_target","bias","E1","E2"
0.1,"with_ssp126",136,11,0.0757839463906627,0.841058916870361,"hist+future",0.0573355284352127,0.839525692055952,0.01844841795545,0.0219748104554976,1.00182629886008
0.1,"without_ssp126",136,9,0.0567110817723569,0.858692224694765,"hist+future",0.0573355284352127,0.839525692055952,0.000624446662855799,0.000743808877756395,1.02283019188117
0.1,"with_ssp126",136,11,-0.496462151601378,0.249174853242868,"hist",-0.512099442080232,0.252552251192804,0.015637290478854,0.0619170504519325,0.986626933895917
0.1,"without_ssp126",136,9,-0.52544304252601,0.248822406926862,"hist",-0.512099442080232,0.252552251192804,0.013343600445779,0.0528350089249142,0.985231395688118
0.1,"with_ssp126",136,11,1.17369797160795,0.333441902966045,"future",1.14985611140089,0.344006334614739,0.0238418602070587,0.0693064569109163,0.969290008393229
0.1,"without_ssp126",136,9,1.17363469234481,0.367172516775262,"future",1.14985611140089,0.344006334614739,0.0237785809439153,0.0691225089518932,1.06734231271197
