"tol","archive","draw","n_stitched","mean_gen","var_gen","time_period","mean_target","var_target","bias","E1","E2"
0.1,"with_ssp245",7,11,0.197655520738548,1.08233429569072,"hist+future",0.175822310447923,1.08019275864387,0.021833210290625,0.0202123279534253,1.0019825508269
0.1,"without_ssp245",7,9,0.151898063798347,1.07162743246087,"hist+future",0.175822310447923,1.08019275864387,0.0239242466495762,0.0221481272283403,0.992070557671811
0.1,"with_ssp245",7,11,-0.515414553548485,0.257631539140813,"hist",-0.535322134057386,0.263759506318041,0.0199075805089007,0.075476257848679,0.97676683861457
0.1,"without_ssp245",7,9,-0.554062409088768,0.267803894620241,"hist",-0.535322134057386,0.263759506318041,0.0187402750313825,0.0710506146033862,1.01533362098928
0.1,"with_ssp245",7,11,1.56575508187065,0.666108345279856,"future",1.54022734932439,0.662927335954257,0.0255277325462588,0.038507587727564,1.00479842835417
0.1,"without_ssp245",7,9,1.50635711061665,0.649987318569213,"future",1.54022734932439,0.662927335954257,0.0338702387077385,0.0510919325101954,0.980480489062323
