"tol","archive","draw","n_stitched","mean_gen","var_gen","time_period","mean_target","var_target","bias","E1","E2"
0.1,"with_ssp370",68,10,0.303449301541038,1.32689008614127,"hist+future",0.321521785460596,1.32469738968709,0.018072483919558,0.0136427263013079,1.00165524328141
0.1,"without_ssp370",68,9,0.317796771586406,1.32617226734794,"hist+future",0.321521785460596,1.32469738968709,0.00372501387419044,0.00281197343875671,1.00111336949279
0.1,"with_ssp370",68,10,-0.528444520034627,0.256008380504485,"hist",-0.512099442080232,0.252552251192804,0.0163450779543951,0.0647195892224176,1.01368480896669
0.1,"without_ssp370",68,9,-0.517171888725603,0.254919831115215,"hist",-0.512099442080232,0.252552251192804,0.0050724466453711,0.0200847413611003,1.00937461420846
0.1,"with_ssp370",68,10,1.8995246568897,1.0662961955311,"future",1.92091134992846,1.05225971735422,0.0213866930387658,0.0203245384062976,1.01333936664626
0.1,"without_ssp370",68,9,1.91977152683619,1.05056315634086,"future",1.92091134992846,1.05225971735422,0.00113982309227412,0.0010832146032731,0.998387697461583
