"tol","archive","draw","n_stitched","mean_gen","var_gen","time_period","mean_target","var_target","bias","E1","E2"
0.1,"with_ssp370",101,10,0.320888758338626,1.32590306947589,"hist+future",0.321521785460596,1.32469738968709,0.000633027121969887,0.000477865455837741,1.00091015487626
0.1,"without_ssp370",101,8,0.324685914659926,1.31901832861578,"hist+future",0.321521785460596,1.32469738968709,0.0031641291993294,0.00238856755056852,0.99571293707112
0.1,"with_ssp370",101,10,-0.514524096166328,0.25218908248237,"hist",-0.512099442080232,0.252552251192804,0.00242465408609649,0.0096006037350483,0.99856200564945
0.1,"without_ssp370",101,8,-0.511654324128438,0.248055230999282,"hist",-0.512099442080232,0.252552251192804,0.000445117951793916,0.00176247865418591,0.982193703788888
0.1,"with_ssp370",101,10,1.92371574663302,1.04889117537545,"future",1.92091134992846,1.05225971735422,0.00280439670455213,0.00266511837172997,0.996798754220831
0.1,"without_ssp370",101,8,1.92929218675388,1.02082243762188,"future",1.92091134992846,1.05225971735422,0.00838083682541479,0.00796460862959514,0.970124030014772
