"tol","archive","draw","n_stitched","mean_gen","var_gen","time_period","mean_target","var_target","bias","E1","E2"
0.1,"with_ssp245",56,11,0.201416834458455,1.07967877639281,"hist+future",0.175822310447923,1.08019275864387,0.0255945240105317,0.0236944043604444,0.999524175433561
0.1,"without_ssp245",56,8,0.151727700368039,1.06956160877724,"hist+future",0.175822310447923,1.08019275864387,0.0240946100798839,0.022305842996146,0.990158099300742
0.1,"with_ssp245",56,11,-0.508497685342657,0.25690487182799,"hist",-0.535322134057386,0.263759506318041,0.0268244487147287,0.101700405377555,0.974011801183059
0.1,"without_ssp245",56,8,-0.553444389669321,0.267377460847337,"hist",-0.535322134057386,0.263759506318041,0.0181222556119351,0.0687074974658291,1.01371686874836
0.1,"with_ssp245",56,11,1.56346213407687,0.672919493278205,"future",1.54022734932439,0.662927335954257,0.0232347847524796,0.0350487655167125,1.01507277914489
0.1,"without_ssp245",56,8,1.5046741521839,0.645083214938261,"future",1.54022734932439,0.662927335954257,0.0355531971404832,0.0536306095890673,0.973082840232693
