"tol","archive","draw","n_stitched","mean_gen","var_gen","time_period","mean_target","var_target","bias","E1","E2"
0.1,"with_ssp126",45,11,0.0695608615900951,0.843431969919035,"hist+future",0.0573355284352127,0.839525692055952,0.0122253331548824,0.0145621906161599,1.00465295809294
0.1,"without_ssp126",45,9,0.0598781338958132,0.852237290322382,"hist+future",0.0573355284352127,0.839525692055952,0.0025426054606005,0.00302862138069152,1.01514140470829
0.1,"with_ssp126",45,11,-0.505107136753702,0.249663268783933,"hist",-0.512099442080232,0.252552251192804,0.00699230532652917,0.027686568991187,0.988560852674145
0.1,"without_ssp126",45,9,-0.516026628776812,0.253057032422248,"hist",-0.512099442080232,0.252552251192804,0.00392718669658076,0.015549996794852,1.00199871997601
0.1,"with_ssp126",45,11,1.17212155608692,0.326833373435896,"future",1.14985611140089,0.344006334614739,0.0222654446860251,0.0647239380372477,0.950079520488844
0.1,"without_ssp126",45,9,1.16481169018632,0.372898215937802,"future",1.14985611140089,0.344006334614739,0.014955578785425,0.0434747191564774,1.08398648052635
