"tol","archive","draw","n_stitched","mean_gen","var_gen","time_period","mean_target","var_target","bias","E1","E2"
0.1,"with_ssp370",73,9,0.329986157843675,1.3253360027768,"hist+future",0.321521785460596,1.32469738968709,0.00846437238307912,0.00638966487665422,1.0004820822436
0.1,"without_ssp370",73,8,0.309746996893765,1.32845427062105,"hist+future",0.321521785460596,1.32469738968709,0.0117747885668313,0.0088886629191688,1.00283602954396
0.1,"with_ssp370",73,9,-0.504932614998345,0.250193782363618,"hist",-0.512099442080232,0.252552251192804,0.0071668270818861,0.0283776012608764,0.990661461863645
0.1,"without_ssp370",73,8,-0.524846628804125,0.253284766633889,"hist",-0.512099442080232,0.252552251192804,0.0127471867238933,0.050473463070269,1.00290045104577
0.1,"with_ssp370",73,9,1.93186519876151,1.04988372769072,"future",1.92091134992846,1.05225971735422,0.0109538488330425,0.010409833857923,0.997742012143658
0.1,"without_ssp370",73,8,1.91100220898855,1.06131597810948,"future",1.92091134992846,1.05225971735422,0.00990914093991013,0.00941701062626006,1.00860648811875
