"tol","archive","draw","n_stitched","mean_gen","var_gen","mean_target","var_target","bias","E1","E2"
0.1,"withoutSSP245",45,7,0.0181035491632173,0.126228597153438,0.0177774354872768,0.117674122551793,0.000326113675940484,0.00277132872435014,1.07269631093174
0.1,"withSSP245",45,16,0.0175509058060203,0.121795627555374,0.0177774354872768,0.117674122551793,0.000226529681256513,0.00192505944675141,1.03502473538111
0.25,"withoutSSP245",45,10,0.0169612483643025,0.137312320836471,0.0177774354872768,0.117674122551793,0.000816187122974356,0.00693599497727392,1.16688629461446
0.25,"withSSP245",45,12,0.0170679138236509,0.133650864119573,0.0177774354872768,0.117674122551793,0.000709521663625888,0.00602954709361522,1.13577107031962
0.5,"withoutSSP245",45,45,0.017216341405842,0.1735514088474,0.0177774354872768,0.117674122551793,0.00056109408143477,0.00476820280676245,1.47484769874543
0.5,"withSSP245",45,32,0.0167043880836892,0.165090112692279,0.0177774354872768,0.117674122551793,0.00107304740358758,0.00911880522512747,1.40294322245416
