"tol","archive","draw","n_stitched","mean_gen","var_gen","mean_target","var_target","bias","E1","E2"
0.1,"withoutSSP245",41,8,0.0180825188842404,0.130739028587604,0.0177774354872768,0.117674122551793,0.000305083396963546,0.00259261246523649,1.11102616065873
0.1,"withSSP245",41,17,0.017512538624107,0.121259286828181,0.0177774354872768,0.117674122551793,0.000264896863169772,0.0022511054888315,1.03046688769495
0.25,"withoutSSP245",41,10,0.0172500932791529,0.137677417776487,0.0177774354872768,0.117674122551793,0.0005273422081239,0.00448137786531439,1.16998890487489
0.25,"withSSP245",41,15,0.0171174102320882,0.132000266840132,0.0177774354872768,0.117674122551793,0.000660025255188559,0.00560892438265731,1.12174422020469
0.5,"withoutSSP245",41,36,0.0169184854582551,0.17500533250477,0.0177774354872768,0.117674122551793,0.000858950029021734,0.00729939608127244,1.48720320755094
0.5,"withSSP245",41,33,0.0165623380179841,0.171184124036708,0.0177774354872768,0.117674122551793,0.00121509746929269,0.0103259530892858,1.45473040567065
