"tol","archive","draw","n_stitched","mean_gen","var_gen","mean_target","var_target","bias","E1","E2"
0.1,"withoutSSP245",38,8,0.0100689545336922,0.17505954315531,0.0177774354872768,0.117674122551793,0.00770848095358463,0.0655070187601509,1.48766389210388
0.1,"withSSP245",38,15,0.0176322286035176,0.155078401672316,0.0177774354872768,0.117674122551793,0.000145206883759207,0.00123397464633989,1.31786325072498
0.25,"withoutSSP245",38,5,0.00361606291766889,0.230627060578047,0.0177774354872768,0.117674122551793,0.0141613725696079,0.120343982708474,1.95987916099853
0.25,"withSSP245",38,9,0.016683249332813,0.206845452463494,0.0177774354872768,0.117674122551793,0.00109418615446377,0.00929844328333252,1.7577819828013
0.5,"withoutSSP245",38,44,-0.000410747243371165,0.392499090276626,0.0177774354872768,0.117674122551793,0.018188182730648,0.154563997047376,3.33547496905167
0.5,"withSSP245",38,32,0.00961931404308615,0.373231458016779,0.0177774354872768,0.117674122551793,0.00815812144419065,0.0693280839260128,3.17173776122702
