"tol","archive","draw","n_stitched","mean_gen","var_gen","mean_target","var_target","bias","E1","E2"
0.1,"withoutSSP245",35,8,0.0181995864860762,0.124554844325191,0.0177774354872768,0.117674122551793,0.000422150998799352,0.00358745822484077,1.05847268391884
0.1,"withSSP245",35,14,0.0174006885760235,0.12097536304471,0.0177774354872768,0.117674122551793,0.00037674691125331,0.00320161224136162,1.02805409057937
0.25,"withoutSSP245",35,9,0.0169247719749545,0.139500210535838,0.0177774354872768,0.117674122551793,0.000852663512322355,0.00724597297886849,1.18547907994332
0.25,"withSSP245",35,12,0.0173283023583875,0.131183629381614,0.0177774354872768,0.117674122551793,0.000449133128889289,0.00381675358311345,1.11480439825565
0.5,"withoutSSP245",35,38,0.0171924577343658,0.175985109605381,0.0177774354872768,0.117674122551793,0.000584977752910998,0.00497116732400978,1.49552939753532
0.5,"withSSP245",35,42,0.0168833465217064,0.162122058027222,0.0177774354872768,0.117674122551793,0.000894088965570451,0.00759800834866582,1.37772056006507
