"tol","archive","draw","n_stitched","mean_gen","var_gen","mean_target","var_target","bias","E1","E2"
0.1,"withoutSSP245",10,8,0.0105854728967763,0.159638274025192,0.0177774354872768,0.117674122551793,0.0071919625905005,0.0611176224180894,1.35661325160872
0.1,"withSSP245",10,15,0.0181167297029995,0.163757129520923,0.0177774354872768,0.117674122551793,0.000339294215722648,0.00288333754579993,1.39161547135265
0.25,"withoutSSP245",10,16,-0.00888909351154568,0.244426489682787,0.0177774354872768,0.117674122551793,0.0266665289988225,0.226613365968252,2.07714733182059
0.25,"withSSP245",10,19,0.017209826396649,0.221447706281388,0.0177774354872768,0.117674122551793,0.000567609090627794,0.00482356764868133,1.8818725942394
0.5,"withoutSSP245",10,55,0.00162476214342354,0.404289735559476,0.0177774354872768,0.117674122551793,0.0161526733438533,0.137266146486402,3.43567240436852
0.5,"withSSP245",10,41,0.015781800842087,0.376270930680412,0.0177774354872768,0.117674122551793,0.00199563464518977,0.0169589932086505,3.19756733698863
