"tol","archive","draw","n_stitched","mean_gen","var_gen","mean_target","var_target","bias","E1","E2"
0.1,"withoutSSP245",9,9,0.00281112372739289,0.172017800267349,0.0177774354872768,0.117674122551793,0.0149663117598839,0.127184392246448,1.46181502387355
0.1,"withSSP245",9,15,0.0266897258252044,0.154341754222538,0.0177774354872768,0.117674122551793,0.00891229033792762,0.0757370451944941,1.31160318747739
0.25,"withoutSSP245",9,17,-0.00456069562323802,0.238990799880156,0.0177774354872768,0.117674122551793,0.0223381311105148,0.189830445522828,2.03095459475354
0.25,"withSSP245",9,16,0.0191284645965519,0.232563523108745,0.0177774354872768,0.117674122551793,0.0013510291092751,0.0114811062957402,1.97633530690984
0.5,"withoutSSP245",9,50,-0.00207597125244888,0.389471938358824,0.0177774354872768,0.117674122551793,0.0198534067397257,0.168715145770366,3.30975009554374
0.5,"withSSP245",9,38,0.00720846434975856,0.374693645488547,0.0177774354872768,0.117674122551793,0.0105689711375182,0.0898155933380033,3.18416349629994
