"tol","archive","draw","n_stitched","mean_gen","var_gen","mean_target","var_target","bias","E1","E2"
0.1,"withoutSSP245",10,8,0.0181720504728809,0.121143449841903,0.0177774354872768,0.117674122551793,0.000394614985604062,0.00335345594296124,1.02948249976185
0.1,"withSSP245",10,15,0.0175131327704283,0.122705615518491,0.0177774354872768,0.117674122551793,0.000264302716848502,0.00224605640660011,1.0427578541279
0.25,"withoutSSP245",10,16,0.0174790865224004,0.13776733429953,0.0177774354872768,0.117674122551793,0.000298348964876415,0.00253538295766853,1.17075301954253
0.25,"withSSP245",10,19,0.0172842003952508,0.134336414747058,0.0177774354872768,0.117674122551793,0.000493235092026027,0.00419153405464258,1.14159691046713
0.5,"withoutSSP245",10,55,0.0172736190501056,0.173815875431041,0.0177774354872768,0.117674122551793,0.000503816437171213,0.00428145480285576,1.47709514769942
0.5,"withSSP245",10,41,0.016556378701008,0.166285450603682,0.0177774354872768,0.117674122551793,0.00122105678626881,0.0103765956336863,1.41310125792943
