"tol","archive","draw","n_stitched","mean_gen","var_gen","mean_target","var_target","bias","E1","E2"
0.1,"withoutSSP245",25,10,-0.00807583849296215,0.177883814787318,0.0177774354872768,0.117674122551793,0.025853273980239,0.219702288146315,1.51166467979418
0.1,"withSSP245",25,14,0.0171485338148012,0.154931351826624,0.0177774354872768,0.117674122551793,0.000628901672475573,0.00534443477323373,1.31661361450503
0.25,"withoutSSP245",25,19,-0.0128404230301169,0.243595942283794,0.0177774354872768,0.117674122551793,0.0306178585173937,0.260191942403628,2.07008930257013
0.25,"withSSP245",25,17,0.00828509419870234,0.217181003368277,0.0177774354872768,0.117674122551793,0.00949234128857447,0.0806663443306873,1.84561396047535
0.5,"withoutSSP245",25,58,-0.00492708439162437,0.403580004190343,0.0177774354872768,0.117674122551793,0.0227045198789012,0.192944033799002,3.42964107518805
0.5,"withSSP245",25,47,0.0107110939444671,0.368875343911665,0.0177774354872768,0.117674122551793,0.00706634154280976,0.0600500890898893,3.1347193071213
