"tol","archive","draw","n_stitched","mean_gen","var_gen","mean_target","var_target","bias","E1","E2"
0.1,"withoutSSP245",50,7,0.0181283248668001,0.124739700509129,0.0177774354872768,0.117674122551793,0.000350889379523246,0.00298187377066529,1.0600436001061
0.1,"withSSP245",50,17,0.0174418979374234,0.123199902574807,0.0177774354872768,0.117674122551793,0.000335537549853448,0.00285141322983533,1.04695832782251
0.25,"withoutSSP245",50,8,0.0166939871976356,0.137714228496332,0.0177774354872768,0.117674122551793,0.00108344828964117,0.00920719242384232,1.17030172403213
0.25,"withSSP245",50,10,0.0174409789758094,0.134106865272468,0.0177774354872768,0.117674122551793,0.000336456511467433,0.00285922260707187,1.13964618868046
0.5,"withoutSSP245",50,39,0.0169508272167718,0.176740021941055,0.0177774354872768,0.117674122551793,0.000826608270504969,0.00702455435893429,1.50194467660691
0.5,"withSSP245",50,30,0.0168215418643212,0.165823821903116,0.0177774354872768,0.117674122551793,0.000955893622955582,0.00812322711422685,1.40917831641472
