"tol","archive","draw","n_stitched","mean_gen","var_gen","mean_target","var_target","bias","E1","E2"
0.1,"withoutSSP245",42,8,0.0197467344524699,0.174976418485991,0.0177774354872768,0.117674122551793,0.00196929896519304,0.0167351914124218,1.48695749491547
0.1,"withSSP245",42,16,0.0337030233420828,0.15539460925229,0.0177774354872768,0.117674122551793,0.015925587854806,0.13533636375998,1.32055039699909
0.25,"withoutSSP245",42,7,-0.0122549496592778,0.224334861446498,0.0177774354872768,0.117674122551793,0.0300323851465546,0.255216563296115,1.90640776902975
0.25,"withSSP245",42,14,0.00442396122711715,0.221882711060713,0.0177774354872768,0.117674122551793,0.0133534742601597,0.113478426442332,1.88556928447078
0.5,"withoutSSP245",42,41,-0.00299550808140598,0.406321903703886,0.0177774354872768,0.117674122551793,0.0207729435686828,0.176529411209671,3.45294186090103
0.5,"withSSP245",42,39,0.0258799527318787,0.386055121257974,0.0177774354872768,0.117674122551793,0.00810251724460192,0.0688555569304173,3.28071382973818
