"tol","archive","draw","n_stitched","mean_gen","var_gen","mean_target","var_target","bias","E1","E2"
0.1,"withoutSSP245",36,7,0.017713805818617,0.125780443407087,0.0177774354872768,0.117674122551793,6.36296686598176e-05,0.000540727793672831,1.0688878801856
0.1,"withSSP245",36,15,0.0173390181715025,0.122699976185814,0.0177774354872768,0.117674122551793,0.000438417315774261,0.00372569012002868,1.0427099308245
0.25,"withoutSSP245",36,9,0.0171762805114772,0.139900850653977,0.0177774354872768,0.117674122551793,0.000601154975799625,0.00510864209363474,1.18888373773428
0.25,"withSSP245",36,12,0.017001030702338,0.133841926059802,0.0177774354872768,0.117674122551793,0.000776404784938817,0.00659792287464975,1.13739472330369
0.5,"withoutSSP245",36,43,0.0167972300677594,0.171961558142565,0.0177774354872768,0.117674122551793,0.000980205419517377,0.00832982985775778,1.46133707576088
0.5,"withSSP245",36,36,0.0168875676059517,0.170618120705696,0.0177774354872768,0.117674122551793,0.000889867881325127,0.00756213738439781,1.44992048383959
