"tol","archive","draw","n_stitched","mean_gen","var_gen","mean_target","var_target","bias","E1","E2"
0.1,"withoutSSP245",13,8,0.0112924601397379,0.170324765355735,0.0177774354872768,0.117674122551793,0.00648497534753886,0.0551096129455696,1.44742753684667
0.1,"withSSP245",13,15,0.0217242965696529,0.159373510096125,0.0177774354872768,0.117674122551793,0.00394686108237609,0.0335406034630843,1.35436327579989
0.25,"withoutSSP245",13,17,0.000673924217533688,0.223883455301808,0.0177774354872768,0.117674122551793,0.0171035112697431,0.145346410058976,1.90257169925586
0.25,"withSSP245",13,15,0.00396182589389249,0.219922264861894,0.0177774354872768,0.117674122551793,0.0138156095933843,0.117405673344226,1.86890932426623
0.5,"withoutSSP245",13,57,0.000738865206632509,0.409119985398212,0.0177774354872768,0.117674122551793,0.0170385702806443,0.144794538605078,3.47672008531987
0.5,"withSSP245",13,43,0.0142186869938511,0.380727158338248,0.0177774354872768,0.117674122551793,0.00355874849342572,0.0302424051801139,3.23543656058004
