"tol","archive","draw","n_stitched","mean_gen","var_gen","mean_target","var_target","bias","E1","E2"
0.1,"withoutSSP245",23,8,0.0181911280695192,0.12560422851037,0.0177774354872768,0.117674122551793,0.000413692582242393,0.00351557821950454,1.06739039804683
0.1,"withSSP245",23,17,0.0173048817141244,0.124878110496172,0.0177774354872768,0.117674122551793,0.000472553773152383,0.0040157832742232,1.06121981441763
0.25,"withoutSSP245",23,18,0.0173342583056706,0.137080240372517,0.0177774354872768,0.117674122551793,0.000443177181606247,0.00376613967451668,1.16491406436604
0.25,"withSSP245",23,14,0.0175544960191863,0.131924237557746,0.0177774354872768,0.117674122551793,0.000222939468090516,0.00189454965336487,1.1210981199344
0.5,"withoutSSP245",23,56,0.0171944789646912,0.174326903971356,0.0177774354872768,0.117674122551793,0.000582956522585564,0.00495399081755617,1.48143789128002
0.5,"withSSP245",23,40,0.0167129076262599,0.165889125428355,0.0177774354872768,0.117674122551793,0.00106452786101693,0.00904640576817036,1.40973326871709
