"tol","archive","draw","n_stitched","mean_gen","var_gen","mean_target","var_target","bias","E1","E2"
0.1,"withoutSSP245",28,9,0.0180985257932098,0.123603433859255,0.0177774354872768,0.117674122551793,0.000321090305932945,0.00272863989949549,1.05038755487513
0.1,"withSSP245",28,16,0.0176985020249191,0.122749767319692,0.0177774354872768,0.117674122551793,7.8933462357697e-05,0.000670780122647229,1.04313305812554
0.25,"withoutSSP245",28,18,0.0171014526659056,0.135650915586849,0.0177774354872768,0.117674122551793,0.000675982821371227,0.00574453249968953,1.15276759788154
0.25,"withSSP245",28,17,0.017432593676311,0.132348627822431,0.0177774354872768,0.117674122551793,0.000344841810965824,0.00293048126034715,1.12470460754172
0.5,"withoutSSP245",28,61,0.0174783085980615,0.177065756424031,0.0177774354872768,0.117674122551793,0.000299126889215264,0.00254199379378083,1.50471278293235
0.5,"withSSP245",28,46,0.0163510760564082,0.167129859419716,0.0177774354872768,0.117674122551793,0.00142635943086862,0.0121212667656886,1.420277082127
