"tol","archive","draw","n_stitched","mean_gen","var_gen","mean_target","var_target","bias","E1","E2"
0.1,"withoutSSP245",5,9,-0.00631116889157952,0.171482303029363,0.0177774354872768,0.117674122551793,0.0240886043788563,0.204706046295386,1.45726434419671
0.1,"withSSP245",5,15,0.018864186357927,0.170446561834006,0.0177774354872768,0.117674122551793,0.00108675087065023,0.00923525790618834,1.44846256881146
0.25,"withoutSSP245",5,18,-0.0131958174334492,0.250300876827065,0.0177774354872768,0.117674122551793,0.030973252920726,0.263212100069779,2.12706813868017
0.25,"withSSP245",5,20,0.00135019844263691,0.224841478980537,0.0177774354872768,0.117674122551793,0.0164272370446399,0.139599401197231,1.91071302768011
0.5,"withoutSSP245",5,54,-0.0036463753325928,0.402179955086133,0.0177774354872768,0.117674122551793,0.0214238108198696,0.182060510461338,3.41774339476478
0.5,"withSSP245",5,44,0.0143852467820069,0.36820034134435,0.0177774354872768,0.117674122551793,0.0033921887052699,0.0288269725892951,3.12898310486479
