"tol","archive","draw","n_stitched","mean_gen","var_gen","mean_target","var_target","bias","E1","E2"
0.1,"withoutSSP245",6,9,0.0228594407241194,0.159128043547343,0.0177774354872768,0.117674122551793,0.00508200523684264,0.0431871096774555,1.35227728999894
0.1,"withSSP245",6,12,0.0248554128304153,0.153461775236833,0.0177774354872768,0.117674122551793,0.00707797734313854,0.0601489706458038,1.30412508637392
0.25,"withoutSSP245",6,19,-0.00275717406241579,0.246103718421679,0.0177774354872768,0.117674122551793,0.0205346095496926,0.174504037968538,2.0914004972789
0.25,"withSSP245",6,21,0.00563303099782083,0.22201130525831,0.0177774354872768,0.117674122551793,0.012144404489456,0.103203697007477,1.88666208376096
0.5,"withoutSSP245",6,52,0.00636683646099998,0.401005510783227,0.0177774354872768,0.117674122551793,0.0114105990262768,0.0969677850901716,3.40776291411671
0.5,"withSSP245",6,47,0.00727530325569626,0.389619856537961,0.0177774354872768,0.117674122551793,0.0105021322315806,0.0892475933012214,3.31100711090047
