"tol","archive","draw","n_stitched","mean_gen","var_gen","mean_target","var_target","bias","E1","E2"
0.1,"withoutSSP245",1,9,0.0181694542815733,0.125882075897231,0.0177774354872768,0.117674122551793,0.000392018794296522,0.00333139339215363,1.06975155766999
0.1,"withSSP245",1,15,0.0176716924090634,0.123745897729362,0.0177774354872768,0.117674122551793,0.000105743078213413,0.000898609447177915,1.05159821926776
0.25,"withoutSSP245",1,16,0.0169469914801931,0.13624337048831,0.0177774354872768,0.117674122551793,0.000830444007083729,0.00705715062135445,1.15780230635111
0.25,"withSSP245",1,15,0.0172180739429888,0.131846323748915,0.0177774354872768,0.117674122551793,0.000559361544288019,0.00475347962796,1.12043600487341
0.5,"withoutSSP245",1,57,0.0171467635653219,0.175305892129848,0.0177774354872768,0.117674122551793,0.000630671921954921,0.00535947843313924,1.4897573767987
0.5,"withSSP245",1,46,0.0168432337801524,0.169259866390767,0.0177774354872768,0.117674122551793,0.000934201707124434,0.00793888823528939,1.43837797742039
