"tol","archive","draw","n_stitched","mean_gen","var_gen","mean_target","var_target","bias","E1","E2"
0.1,"withoutSSP245",45,7,0.00404604217468627,0.16965006301348,0.0177774354872768,0.117674122551793,0.0137313933125905,0.116689999592279,1.44169388591625
0.1,"withSSP245",45,16,0.0217432898613058,0.161334736013917,0.0177774354872768,0.117674122551793,0.00396585437402899,0.0337020093120597,1.37102986209145
0.25,"withoutSSP245",45,10,-0.0115940048047497,0.242208752383394,0.0177774354872768,0.117674122551793,0.0293714402920265,0.249599824116801,2.05830090024072
0.25,"withSSP245",45,12,0.0229105408726085,0.222306947052818,0.0177774354872768,0.117674122551793,0.0051331053853317,0.0436213610436942,1.88917446106277
0.5,"withoutSSP245",45,45,0.00198840302621808,0.403722015103663,0.0177774354872768,0.117674122551793,0.0157890324610587,0.134175909865904,3.43084789033347
0.5,"withSSP245",45,32,0.00345840148015362,0.370094891731916,0.0177774354872768,0.117674122551793,0.0143190340071232,0.121683796714276,3.14508307949372
