"tol","archive","draw","n_stitched","mean_gen","var_gen","mean_target","var_target","bias","E1","E2"
0.1,"with_ssp370",72,9,0.00864166933753576,0.159384908598258,0.0148081434968057,0.101137986286545,0.00616647415926991,0.0609709010994048,1.57591538501357
0.1,"without_ssp370",72,2,0.00327129475237184,0.186574264602816,0.0148081434968057,0.101137986286545,0.0115368487444338,0.114070382138591,1.84474964801268
