"tol","archive","draw","n_stitched","mean_gen","var_gen","mean_target","var_target","bias","E1","E2"
0.1,"with_ssp245",152,3,0.0432680138002333,0.111603593805999,0.0100475973196504,0.0986119980971887,0.0332204164805829,0.33688006653959,1.13174457428604
0.1,"without_ssp245",152,5,-0.00395264942607118,0.137374036698699,0.0100475973196504,0.0986119980971887,0.0140002467457216,0.141973056178452,1.39307629243358
