"tol","archive","draw","n_stitched","mean_gen","var_gen","mean_target","var_target","bias","E1","E2"
0.1,"with_ssp245",142,3,0.00925263997562153,0.120002453507341,0.0100475973196504,0.0986119980971887,0.000794957344028907,0.00806146675220416,1.21691534319253
0.1,"without_ssp245",142,4,-0.0147285123042286,0.149221865838097,0.0100475973196504,0.0986119980971887,0.024776109623879,0.251248429217107,1.51322221146994
