"tol","archive","draw","n_stitched","mean_gen","var_gen","mean_target","var_target","bias","E1","E2"
0.1,"with_ssp245",7,3,0.00927555296827367,0.103734002717191,0.00760316386450074,0.102460215764117,0.00167238910377293,0.0163223265859901,1.0124320151346
0.1,"without_ssp245",7,4,0.0103446887515574,0.111943378076841,0.00760316386450074,0.102460215764117,0.00274152488705665,0.0267569696843911,1.09255458074143
