"tol","archive","draw","n_stitched","mean_gen","var_gen","mean_target","var_target","bias","E1","E2"
0.1,"with_ssp245",88,3,0.0347379974427387,0.144287498879787,0.0100475973196504,0.0986119980971887,0.0246904001230883,0.250379270266426,1.46318401070813
0.1,"without_ssp245",88,5,0.00389285022907913,0.150880418040744,0.0100475973196504,0.0986119980971887,0.00615474709057131,0.062413775294416,1.53004118111511
