"tol","archive","draw","n_stitched","mean_gen","var_gen","mean_target","var_target","bias","E1","E2"
0.1,"with_ssp370",94,9,0.0147588572531328,0.106492492141741,0.0148081434968057,0.101137986286545,4.92862436729073e-05,0.000487316837941275,1.05294257926023
0.1,"without_ssp370",94,2,0.0158117111397484,0.107129112693125,0.0148081434968057,0.101137986286545,0.00100356764294268,0.00992275681759532,1.05923715338375
