"tol","archive","draw","n_stitched","mean_gen","var_gen","mean_target","var_target","bias","E1","E2"
0.1,"with_ssp245",168,3,0.00971603227062913,0.103771702311872,0.0100475973196504,0.0986119980971887,0.000331565049021303,0.00336231954953924,1.05232329041338
0.1,"without_ssp245",168,5,0.00999841500163639,0.107865844534524,0.0100475973196504,0.0986119980971887,4.91823180140474e-05,0.000498745781071944,1.09384097894675
