"tol","archive","draw","n_stitched","mean_gen","var_gen","mean_target","var_target","bias","E1","E2"
0.1,"with_ssp245",6,3,0.0100177820562102,0.106154743574975,0.0100475973196504,0.0986119980971887,2.98152634402703e-05,0.000302349247714111,1.07648912529237
0.1,"without_ssp245",6,5,0.00983977176575018,0.107781996205304,0.0100475973196504,0.0986119980971887,0.000207825553900256,0.00210750778719066,1.09299069367885
