"tol","archive","draw","n_stitched","mean_gen","var_gen","mean_target","var_target","bias","E1","E2"
0.1,"with_ssp245",102,3,0.0098396586306964,0.099714120917661,0.0100475973196504,0.0986119980971887,0.000207938688954031,0.00210865506192353,1.01117635624203
0.1,"without_ssp245",102,6,0.0100349414145483,0.106839306637849,0.0100475973196504,0.0986119980971887,1.26559051021359e-05,0.000128340418471824,1.08343111081221
