"tol","archive","draw","n_stitched","mean_gen","var_gen","mean_target","var_target","bias","E1","E2"
0.1,"with_ssp245",54,3,0.0275090277965639,0.136053257320406,0.0100475973196504,0.0986119980971887,0.0174614304769135,0.177072068448548,1.37968259385958
0.1,"without_ssp245",54,5,-0.000548317144960301,0.139499037711207,0.0100475973196504,0.0986119980971887,0.0105959144646107,0.107450560470013,1.41462540464621
