"tol","archive","draw","n_stitched","mean_gen","var_gen","mean_target","var_target","bias","E1","E2"
0.1,"with_ssp370",193,10,0.0224077523671995,0.148833652085898,0.0148081434968057,0.101137986286545,0.00759960887039385,0.0751409944910565,1.47159002814453
0.1,"without_ssp370",193,2,0.0153848426759052,0.202030157473257,0.0148081434968057,0.101137986286545,0.000576699179099485,0.0057021026448517,1.99756950767106
