"tol","archive","draw","n_stitched","mean_gen","var_gen","mean_target","var_target","bias","E1","E2"
0.1,"with_ssp245",197,3,0.0344581963116065,0.129454705925157,0.0100475973196504,0.0986119980971887,0.024410598991956,0.247541875866847,1.31276830835098
0.1,"without_ssp245",197,4,0.00322410007636943,0.130939652178415,0.0100475973196504,0.0986119980971887,0.006823497243281,0.0691954059845334,1.32782678279539
