"tol","archive","draw","n_stitched","mean_gen","var_gen","mean_target","var_target","bias","E1","E2"
0.1,"with_ssp245",58,3,0.0147965166586785,0.148237783931824,0.0100475973196504,0.0986119980971887,0.00474891933902807,0.0481576221013968,1.5032428790838
0.1,"without_ssp245",58,4,0.0240478164265364,0.153939541506521,0.0100475973196504,0.0986119980971887,0.014000219106886,0.141972775899823,1.56106299919816
