"tol","archive","draw","n_stitched","mean_gen","var_gen","mean_target","var_target","bias","E1","E2"
0.1,"with_ssp370",142,10,0.0312141206190161,0.148489953462476,0.0148081434968057,0.101137986286545,0.0164059771222104,0.162213800418458,1.46819171425633
0.1,"without_ssp370",142,2,0.0101968321920755,0.18267583585004,0.0148081434968057,0.101137986286545,0.00461131130473019,0.0455942566590694,1.80620400462079
