"tol","archive","draw","n_stitched","mean_gen","var_gen","mean_target","var_target","bias","E1","E2"
0.1,"with_ssp245",36,3,0.0366389603386108,0.13224501811719,0.0100475973196504,0.0986119980971887,0.0265913630189604,0.269656467083781,1.34106417747315
0.1,"without_ssp245",36,4,0.026133136930187,0.158049103006004,0.0100475973196504,0.0986119980971887,0.0160855396105365,0.16311949783923,1.60273705082252
