"tol","archive","draw","n_stitched","mean_gen","var_gen","mean_target","var_target","bias","E1","E2"
0.1,"with_ssp370",126,10,0.014866277736583,0.106238003251736,0.0148081434968057,0.101137986286545,5.81342397773573e-05,0.000574801238504499,1.05042632498873
0.1,"without_ssp370",126,2,0.0158117111397484,0.113867284574112,0.0148081434968057,0.101137986286545,0.00100356764294268,0.00992275681759532,1.1258607053091
