"tol","archive","draw","n_stitched","mean_gen","var_gen","mean_target","var_target","bias","E1","E2"
0.1,"with_ssp245",173,3,0.0209504850854041,0.129099368874885,0.0100475973196504,0.0986119980971887,0.0109028877657537,0.110563501157416,1.30916492278808
0.1,"without_ssp245",173,5,-0.00223235025895128,0.167095306935446,0.0100475973196504,0.0986119980971887,0.0122799475786017,0.124527925765169,1.69447237820658
