"tol","archive","draw","n_stitched","mean_gen","var_gen","mean_target","var_target","bias","E1","E2"
0.1,"with_ssp370",177,9,0.0331119626642434,0.148081974043761,0.0148081434968057,0.101137986286545,0.0183038191674377,0.180978679124371,1.46415782517375
0.1,"without_ssp370",177,2,0.00484539910479781,0.189678385439334,0.0148081434968057,0.101137986286545,0.00996274439200787,0.0985064539823969,1.87544158632875
