"tol","archive","draw","n_stitched","mean_gen","var_gen","mean_target","var_target","bias","E1","E2"
0.1,"with_ssp245",190,3,0.0213488324313266,0.116200413999935,0.0100475973196504,0.0986119980971887,0.0113012351116762,0.114603043541802,1.17835979639528
0.1,"without_ssp245",190,5,0.00704136074933939,0.167008153073481,0.0100475973196504,0.0986119980971887,0.00300623657031104,0.0304855050938953,1.69358857234475
