"tol","archive","draw","n_stitched","mean_gen","var_gen","mean_target","var_target","bias","E1","E2"
0.1,"with_ssp245",176,3,0.0243506672968387,0.13077541045588,0.0100475973196504,0.0986119980971887,0.0143030699771882,0.145043912030782,1.32616124791419
0.1,"without_ssp245",176,4,-0.00167756246492139,0.149609985890496,0.0100475973196504,0.0986119980971887,0.0117251597845718,0.118901959303328,1.51715804138808
