"tol","archive","draw","n_stitched","mean_gen","var_gen","mean_target","var_target","bias","E1","E2"
0.1,"with_ssp245",4,3,0.00990906814778502,0.10745363082069,0.00760316386450074,0.102460215764117,0.00230590428328428,0.0225053623602835,1.0487351604653
0.1,"without_ssp245",4,5,0.00987880513115083,0.104542197884226,0.00760316386450074,0.102460215764117,0.00227564126665009,0.0222099987754179,1.02031990763031
