"tol","archive","draw","n_stitched","mean_gen","var_gen","mean_target","var_target","bias","E1","E2"
0.1,"with_ssp370",49,10,0.0271553203834261,0.152492208031726,0.0148081434968057,0.101137986286545,0.0123471768866204,0.122082486906929,1.50776393352032
0.1,"without_ssp370",49,2,0.0313139359327746,0.165438340030211,0.0148081434968057,0.101137986286545,0.0165057924359689,0.163200722517893,1.63576857820255
