"tol","archive","draw","n_stitched","mean_gen","var_gen","mean_target","var_target","bias","E1","E2"
0.1,"with_ssp370",184,9,0.0336118944969996,0.13899510311794,0.0148081434968057,0.101137986286545,0.018803751000194,0.18592174602843,1.37431155415866
0.1,"without_ssp370",184,2,0.0103492201778125,0.172548016680068,0.0148081434968057,0.101137986286545,0.00445892331899314,0.0440875232215922,1.7060653767735
