"tol","archive","draw","n_stitched","mean_gen","var_gen","mean_target","var_target","bias","E1","E2"
0.1,"with_ssp245",70,3,0.0144448579466425,0.136959189134943,0.0100475973196504,0.0986119980971887,0.0043972606269921,0.0445915376611506,1.38886942540157
0.1,"without_ssp245",70,5,0.00641678329810844,0.15069859401084,0.0100475973196504,0.0986119980971887,0.00363081402154199,0.0368191912911407,1.52819734838266
