"tol","archive","draw","n_stitched","mean_gen","var_gen","mean_target","var_target","bias","E1","E2"
0.1,"with_ssp370",182,10,0.0150190464837656,0.106963224214006,0.0148081434968057,0.101137986286545,0.000210902986959877,0.00208529944784885,1.05759693406349
0.1,"without_ssp370",182,2,0.0157248625248934,0.108320687752945,0.0148081434968057,0.101137986286545,0.000916719028087746,0.00906404271774293,1.0710188301164
