"tol","archive","draw","n_stitched","mean_gen","var_gen","mean_target","var_target","bias","E1","E2"
0.1,"with_ssp245",175,3,0.00971232310441443,0.10283897231426,0.0100475973196504,0.0986119980971887,0.000335274215236003,0.0033999332911353,1.04286470509304
0.1,"without_ssp245",175,5,0.00995940111076566,0.10785462176041,0.0100475973196504,0.0986119980971887,8.8196208884771e-05,0.000894376045375816,1.09372717155687
