"tol","archive","draw","n_stitched","mean_gen","var_gen","mean_target","var_target","bias","E1","E2"
0.1,"with_ssp370",123,8,0.016850791748842,0.140974758921859,0.0148081434968057,0.101137986286545,0.00204264825203636,0.0201966474421302,1.39388536491569
0.1,"without_ssp370",123,2,-0.00321644887926721,0.201679387327266,0.0148081434968057,0.101137986286545,0.0180245923760729,0.178217829303081,1.99410127423207
