"tol","archive","draw","n_stitched","mean_gen","var_gen","mean_target","var_target","bias","E1","E2"
0.1,"with_ssp245",49,3,0.0351338538874951,0.136392768226279,0.0100475973196504,0.0986119980971887,0.0250862565678446,0.254393553035204,1.38312549038764
0.1,"without_ssp245",49,4,0.0118518236338014,0.13891645128961,0.0100475973196504,0.0986119980971887,0.00180422631415092,0.0182962149532021,1.40871753914466
