"tol","archive","draw","n_stitched","mean_gen","var_gen","mean_target","var_target","bias","E1","E2"
0.1,"with_ssp245",92,3,0.0152214520916802,0.135203932886268,0.0100475973196504,0.0986119980971887,0.00517385477202976,0.0524667877323669,1.37106980382869
0.1,"without_ssp245",92,5,-0.00067853384337821,0.154654093981058,0.0100475973196504,0.0986119980971887,0.0107261311630286,0.108771055956673,1.56830909995999
