"tol","archive","draw","n_stitched","mean_gen","var_gen","mean_target","var_target","bias","E1","E2"
0.1,"with_ssp370",199,9,0.0148472817994539,0.107361120465374,0.0148081434968057,0.101137986286545,3.91383026482617e-05,0.000386979255621865,1.06153112601231
0.1,"without_ssp370",199,2,0.0157511862802817,0.11157810297337,0.0148081434968057,0.101137986286545,0.000943042783476006,0.00932431837039118,1.10322646386537
