"tol","archive","draw","n_stitched","mean_gen","var_gen","mean_target","var_target","bias","E1","E2"
0.1,"with_ssp245",144,3,0.0197446141142205,0.126960783430372,0.0100475973196504,0.0986119980971887,0.00969701679457007,0.0983350604559601,1.28747805419421
0.1,"without_ssp245",144,5,0.0170676676851492,0.150253544059075,0.0100475973196504,0.0986119980971887,0.00702007036549875,0.0711888056317448,1.52368420636797
