"tol","archive","draw","n_stitched","mean_gen","var_gen","mean_target","var_target","bias","E1","E2"
0.1,"with_ssp245",166,3,0.00989821685931361,0.102381871658054,0.0100475973196504,0.0986119980971887,0.000149380460336829,0.00151483047924457,1.03822935985082
0.1,"without_ssp245",166,4,0.00959412827114534,0.106028142166852,0.0100475973196504,0.0986119980971887,0.000453469048505099,0.00459851800242578,1.07520529157471
