"tol","archive","draw","n_stitched","mean_gen","var_gen","mean_target","var_target","bias","E1","E2"
0.1,"with_ssp370",169,10,0.0146574457166227,0.107210757304337,0.0148081434968057,0.101137986286545,0.000150697780182986,0.00149002156080137,1.06004441299223
0.1,"without_ssp370",169,2,0.0153553326568415,0.11414948021059,0.0148081434968057,0.101137986286545,0.000547189160035818,0.00541032286806181,1.12865090953245
