"tol","archive","draw","n_stitched","mean_gen","var_gen","mean_target","var_target","bias","E1","E2"
0.1,"with_ssp245",145,3,0.00945990013603485,0.105082832593799,0.0100475973196504,0.0986119980971887,0.000587697183615581,0.00595969248119652,1.0656191398762
0.1,"without_ssp245",145,5,0.00926644155775898,0.109153888022581,0.0100475973196504,0.0986119980971887,0.000781155761891453,0.00792150830491815,1.10690271091559
