"tol","archive","draw","n_stitched","mean_gen","var_gen","mean_target","var_target","bias","E1","E2"
0.1,"with_ssp245",9,3,0.0295994556455851,0.126321411486986,0.0100475973196504,0.0986119980971887,0.0195518583259346,0.198270582720218,1.28099434069359
0.1,"without_ssp245",9,5,0.011840342036965,0.153982846625789,0.0100475973196504,0.0986119980971887,0.00179274471731453,0.0181797829058048,1.56150214575339
