"tol","archive","draw","n_stitched","mean_gen","var_gen","mean_target","var_target","bias","E1","E2"
0.1,"with_ssp370",173,10,0.0149503349933476,0.108866082457974,0.0148081434968057,0.101137986286545,0.000142191496541955,0.00140591583600544,1.07641141034323
0.1,"without_ssp370",173,2,0.0158830720908297,0.1066633475012,0.0148081434968057,0.101137986286545,0.00107492859402405,0.0106283369235626,1.05463190851951
