"tol","archive","draw","n_stitched","mean_gen","var_gen","mean_target","var_target","bias","E1","E2"
0.1,"with_ssp245",59,3,0.0396632131627163,0.129167409520536,0.0100475973196504,0.0986119980971887,0.0296156158430659,0.300324670572821,1.30985490622787
0.1,"without_ssp245",59,5,-0.00884976687652635,0.147061165252741,0.0100475973196504,0.0986119980971887,0.0188973641961768,0.191633518849828,1.49131107867627
