"tol","archive","draw","n_stitched","mean_gen","var_gen","mean_target","var_target","bias","E1","E2"
0.1,"with_ssp370",190,10,0.0148258036615531,0.110416609417337,0.0148081434968057,0.101137986286545,1.76601647474389e-05,0.000174614557752849,1.09174221745431
0.1,"without_ssp370",190,2,0.0154259372736161,0.112052305580858,0.0148081434968057,0.101137986286545,0.000617793776810449,0.00610842473232667,1.10791513352253
