"tol","archive","draw","n_stitched","mean_gen","var_gen","mean_target","var_target","bias","E1","E2"
0.1,"with_ssp370",88,9,0.0261556374881449,0.148872372966372,0.0148081434968057,0.101137986286545,0.0113474939913392,0.112198140461185,1.47197288014599
0.1,"without_ssp370",88,2,-0.0108991169442354,0.168489069405513,0.0148081434968057,0.101137986286545,0.0257072604410411,0.254180070069884,1.66593260941688
