"tol","archive","draw","n_stitched","mean_gen","var_gen","mean_target","var_target","bias","E1","E2"
0.1,"with_ssp370",115,9,0.0240545343020512,0.135118617005961,0.0148081434968057,0.101137986286545,0.00924639080524549,0.0914235209216892,1.33598286822857
0.1,"without_ssp370",115,2,0.0331355585732153,0.166313532592461,0.0148081434968057,0.101137986286545,0.0183274150764096,0.181211983245189,1.64442202874457
