"tol","archive","draw","n_stitched","mean_gen","var_gen","mean_target","var_target","bias","E1","E2"
0.1,"with_ssp370",179,9,0.0149300230861721,0.109503939912415,0.0148081434968057,0.101137986286545,0.000121879589366464,0.00120508222322277,1.08271821432323
0.1,"without_ssp370",179,2,0.0154259372736161,0.112807024750014,0.0148081434968057,0.101137986286545,0.000617793776810449,0.00610842473232667,1.1153774055814
