"tol","archive","draw","n_stitched","mean_gen","var_gen","mean_target","var_target","bias","E1","E2"
0.1,"with_ssp370",1,9,0.0148120049854914,0.10690821525398,0.0148081434968057,0.101137986286545,3.8614886856813e-06,3.81803991503339e-05,1.05705303397169
0.1,"without_ssp370",1,2,0.0152339525645465,0.117456386719999,0.0148081434968057,0.101137986286545,0.000425809067740819,0.00421017941304874,1.16134788750114
