"tol","archive","draw","n_stitched","mean_gen","var_gen","mean_target","var_target","bias","E1","E2"
0.1,"with_ssp370",152,9,0.0146164558652723,0.108265325440442,0.0148081434968057,0.101137986286545,0.000191687631533401,0.00189530797054145,1.07047143625842
0.1,"without_ssp370",152,2,0.0159315386251942,0.11255875352897,0.0148081434968057,0.101137986286545,0.00112339512838853,0.0111075489006249,1.11292262839867
