"tol","archive","draw","n_stitched","mean_gen","var_gen","mean_target","var_target","bias","E1","E2"
0.1,"with_ssp245",181,3,0.0184234545142203,0.13408260381102,0.0100475973196504,0.0986119980971887,0.00837585719456985,0.0849375061472224,1.35969868168449
0.1,"without_ssp245",181,5,0.0215423490122993,0.143075036292368,0.0100475973196504,0.0986119980971887,0.0114947516926489,0.116565447556595,1.45088872604892
