"tol","archive","draw","n_stitched","mean_gen","var_gen","mean_target","var_target","bias","E1","E2"
0.1,"with_ssp245",8,3,0.00977101528081008,0.104157338901657,0.0100475973196504,0.0986119980971887,0.00027658203884035,0.00280475037700545,1.05623393614845
0.1,"without_ssp245",8,5,0.00998601923801398,0.105607522660003,0.0100475973196504,0.0986119980971887,6.15780816364507e-05,0.000624448168829937,1.07093989268851
