"tol","archive","draw","n_stitched","mean_gen","var_gen","mean_target","var_target","bias","E1","E2"
0.1,"with_ssp370",163,10,0.014728148047924,0.108513274023127,0.0148081434968057,0.101137986286545,7.99954488816864e-05,0.000790953545931222,1.07292302336024
0.1,"without_ssp370",163,2,0.0157511862802817,0.114138705751171,0.0148081434968057,0.101137986286545,0.000943042783476006,0.00932431837039118,1.1285443772609
