"tol","archive","draw","n_stitched","mean_gen","var_gen","mean_target","var_target","bias","E1","E2"
0.1,"with_ssp370",63,10,0.0148293215009659,0.106869888801215,0.0148081434968057,0.101137986286545,2.11780041601949e-05,0.000209397130967124,1.05667408186703
0.1,"without_ssp370",63,2,0.0158117111397484,0.111296716241167,0.0148081434968057,0.101137986286545,0.00100356764294268,0.00992275681759532,1.10044425766833
