"tol","archive","draw","n_stitched","mean_gen","var_gen","mean_target","var_target","bias","E1","E2"
0.1,"with_ssp245",92,3,0.00964005071588493,0.106399895782775,0.0100475973196504,0.0986119980971887,0.000407546603765506,0.00413282979383342,1.07897515348903
0.1,"without_ssp245",92,5,0.00958792051592859,0.104700426941888,0.0100475973196504,0.0986119980971887,0.000459676803721842,0.00466146932008009,1.06174125828683
