"tol","archive","draw","n_stitched","mean_gen","var_gen","mean_target","var_target","bias","E1","E2"
0.1,"with_ssp370",197,10,0.010436737043607,0.158179399590067,0.0148081434968057,0.101137986286545,0.00437140645319867,0.0432222018027287,1.56399593661981
0.1,"without_ssp370",197,2,0.0266487609740273,0.177186603854473,0.0148081434968057,0.101137986286545,0.0118406174772217,0.117073889959354,1.75192932309791
