"tol","archive","draw","n_stitched","mean_gen","var_gen","mean_target","var_target","bias","E1","E2"
0.1,"with_ssp245",158,3,0.0239931254024368,0.145466421334247,0.0100475973196504,0.0986119980971887,0.0139455280827864,0.14141816768627,1.47513917313469
0.1,"without_ssp245",158,4,0.00635355270057907,0.142260558190083,0.0100475973196504,0.0986119980971887,0.00369404461907136,0.0374603972168847,1.44262930409214
