"tol","archive","draw","n_stitched","mean_gen","var_gen","mean_target","var_target","bias","E1","E2"
0.1,"with_ssp245",74,3,0.0474979923078724,0.139657052761439,0.0100475973196504,0.0986119980971887,0.037450394988222,0.379775237403791,1.41622779637624
0.1,"without_ssp245",74,4,0.00123954766835743,0.145054008523863,0.0100475973196504,0.0986119980971887,0.008808049651293,0.0893202634694825,1.47095699633733
