"tol","archive","draw","n_stitched","mean_gen","var_gen","mean_target","var_target","bias","E1","E2"
0.1,"with_ssp245",86,3,0.0228636063446165,0.121395919562745,0.0100475973196504,0.0986119980971887,0.0128160090249661,0.129963992944703,1.23104613946775
0.1,"without_ssp245",86,4,0.0226852563091428,0.157592306101144,0.0100475973196504,0.0986119980971887,0.0126376589894924,0.128155389134668,1.59810478584793
