"tol","archive","draw","n_stitched","mean_gen","var_gen","mean_target","var_target","bias","E1","E2"
0.1,"with_ssp370",58,9,0.0170838041129172,0.148500944899214,0.0148081434968057,0.101137986286545,0.00227566061611148,0.0225005529541002,1.46830039188717
0.1,"without_ssp370",58,2,0.0318522784972176,0.173011244136138,0.0148081434968057,0.101137986286545,0.0170441350004119,0.168523574832924,1.71064552982062
