"tol","archive","draw","n_stitched","mean_gen","var_gen","mean_target","var_target","bias","E1","E2"
0.1,"with_ssp370",98,9,0.0225289709815726,0.147492148531134,0.0148081434968057,0.101137986286545,0.00772082748476697,0.0763395413360538,1.45832593614488
0.1,"without_ssp370",98,2,0.0191832848645096,0.183146750130147,0.0148081434968057,0.101137986286545,0.00437514136770397,0.0432591307019725,1.81086016100076
