"tol","archive","draw","n_stitched","mean_gen","var_gen","mean_target","var_target","bias","E1","E2"
0.1,"with_ssp245",85,3,0.00970847754568316,0.101682032627896,0.0100475973196504,0.0986119980971887,0.000339119773967278,0.00343893015566983,1.03113246450682
0.1,"without_ssp245",85,4,0.00993794179258499,0.107612372390351,0.0100475973196504,0.0986119980971887,0.000109655527065449,0.00111198970897411,1.09127058032322
