"tol","archive","draw","n_stitched","mean_gen","var_gen","mean_target","var_target","bias","E1","E2"
0.1,"with_ssp370",80,9,0.0146897396605651,0.109112723032426,0.0148081434968057,0.101137986286545,0.000118403836240618,0.00117071577740489,1.07885006453744
0.1,"without_ssp370",80,2,0.0157248625248934,0.108701311278103,0.0148081434968057,0.101137986286545,0.000916719028087746,0.00906404271774293,1.07478223829896
