"tol","archive","draw","n_stitched","mean_gen","var_gen","mean_target","var_target","bias","E1","E2"
0.1,"with_ssp370",93,9,0.0197580241751213,0.142163955838897,0.0148081434968057,0.101137986286545,0.0049498806783156,0.0489418551827949,1.40564352780484
0.1,"without_ssp370",93,2,0.0242621815362732,0.149332286316319,0.0148081434968057,0.101137986286545,0.00945403803946754,0.0934766291735555,1.4765202650291
