"tol","archive","draw","n_stitched","mean_gen","var_gen","mean_target","var_target","bias","E1","E2"
0.1,"with_ssp370",151,10,0.0200153031363548,0.156969495125487,0.0148081434968057,0.101137986286545,0.00520715963954907,0.0514856962328288,1.55203302823094
0.1,"without_ssp370",151,2,0.0164191324852907,0.177876226752545,0.0148081434968057,0.101137986286545,0.00161098898848503,0.0159286243244032,1.75874795696034
