"tol","archive","draw","n_stitched","mean_gen","var_gen","mean_target","var_target","bias","E1","E2"
0.1,"with_ssp370",110,9,0.0304935658831383,0.153793027512548,0.0148081434968057,0.101137986286545,0.0156854223863326,0.155089328572279,1.52062576247879
0.1,"without_ssp370",110,2,-0.00370971815436213,0.194052942283915,0.0148081434968057,0.101137986286545,0.0185178616511678,0.183095020289437,1.91869493756898
