"tol","archive","draw","n_stitched","mean_gen","var_gen","mean_target","var_target","bias","E1","E2"
0.1,"with_ssp245",149,3,0.00972785069245137,0.104860413896467,0.0100475973196504,0.0986119980971887,0.000319746627199066,0.00324247184286779,1.06336364661347
0.1,"without_ssp245",149,5,0.00955622515398836,0.10772236040684,0.0100475973196504,0.0986119980971887,0.000491372165662073,0.00498288418390826,1.0923859417256
