"tol","archive","draw","n_stitched","mean_gen","var_gen","mean_target","var_target","bias","E1","E2"
0.1,"with_ssp245",39,3,0.00972558612164161,0.106526000262302,0.0100475973196504,0.0986119980971887,0.000322011198008823,0.00326543629804012,1.08025394797612
0.1,"without_ssp245",39,5,0.00976106475228389,0.104699435753609,0.0100475973196504,0.0986119980971887,0.000286532567366542,0.00290565623753151,1.06173120689047
