"tol","archive","draw","n_stitched","mean_gen","var_gen","mean_target","var_target","bias","E1","E2"
0.1,"with_ssp370",178,9,0.0148369918071509,0.106866083805722,0.0148081434968057,0.101137986286545,2.88483103452475e-05,0.000285237143871088,1.05663646004329
0.1,"without_ssp370",178,2,0.0154251410010737,0.115621280684743,0.0148081434968057,0.101137986286545,0.000616997504268047,0.00610055160204557,1.14320330995283
