"tol","archive","draw","n_stitched","mean_gen","var_gen","mean_target","var_target","bias","E1","E2"
0.1,"with_ssp245",28,3,0.0099047996131216,0.100969109141202,0.0100475973196504,0.0986119980971887,0.000142797706528835,0.00144807639317985,1.02390288290975
0.1,"without_ssp245",28,5,0.00932512679437974,0.106648060140043,0.0100475973196504,0.0986119980971887,0.0007224705252707,0.00732639576533737,1.08149172715205
