"tol","archive","draw","n_stitched","mean_gen","var_gen","mean_target","var_target","bias","E1","E2"
0.1,"with_ssp245",94,3,0.00979389584917833,0.106256910641756,0.0100475973196504,0.0986119980971887,0.000253701470472106,0.00257272416508655,1.07752517636883
0.1,"without_ssp245",94,5,0.0100375215892954,0.111060515367409,0.0100475973196504,0.0986119980971887,1.00757303550646e-05,0.000102175501455049,1.12623734951553
