"tol","archive","draw","n_stitched","mean_gen","var_gen","mean_target","var_target","bias","E1","E2"
0.1,"with_ssp245",153,3,0.00998101661143861,0.105534065739722,0.0100475973196504,0.0986119980971887,6.65807082118209e-05,0.000675178573566689,1.07019498414088
0.1,"without_ssp245",153,5,0.0099066175079086,0.105369874482617,0.0100475973196504,0.0986119980971887,0.000140979811741836,0.0014296415696079,1.06852996101719
