"tol","archive","draw","n_stitched","mean_gen","var_gen","mean_target","var_target","bias","E1","E2"
0.1,"with_ssp245",165,3,0.0171123526864246,0.130803962604197,0.0100475973196504,0.0986119980971887,0.00706475536677421,0.071641945230756,1.32645078822235
0.1,"without_ssp245",165,5,0.00836119312887418,0.143387194335123,0.0100475973196504,0.0986119980971887,0.00168640419077626,0.017101409801211,1.45405424392482
