"tol","archive","draw","n_stitched","mean_gen","var_gen","mean_target","var_target","bias","E1","E2"
0.1,"with_ssp245",146,3,0.0131134159321758,0.137339081091768,0.0100475973196504,0.0986119980971887,0.00306581861252541,0.0310897119182581,1.39272181622779
0.1,"without_ssp245",146,5,0.0171980583654551,0.140784644160641,0.0100475973196504,0.0986119980971887,0.00715046104580466,0.072511065425907,1.42766242320623
