"tol","archive","draw","n_stitched","mean_gen","var_gen","mean_target","var_target","bias","E1","E2"
0.1,"with_ssp245",93,3,0.0361863639518151,0.140566050589729,0.0100475973196504,0.0986119980971887,0.0261387666321646,0.265066798528949,1.425445719609
0.1,"without_ssp245",93,5,0.00252828656437313,0.146038760140026,0.0100475973196504,0.0986119980971887,0.0075193107552773,0.0762514795397059,1.48094312008661
