"tol","archive","draw","n_stitched","mean_gen","var_gen","mean_target","var_target","bias","E1","E2"
0.1,"with_ssp370",165,9,0.0149690192966381,0.107819770847613,0.0148081434968057,0.101137986286545,0.000160875799832446,0.00159065654497659,1.06606602332517
0.1,"without_ssp370",165,2,0.0152339525645465,0.113626785950557,0.0148081434968057,0.101137986286545,0.000425809067740819,0.00421017941304874,1.12348277954268
