"tol","archive","draw","n_stitched","mean_gen","var_gen","mean_target","var_target","bias","E1","E2"
0.1,"with_ssp245",178,3,0.0186534183045138,0.125133219320911,0.0100475973196504,0.0986119980971887,0.00860582098486333,0.0872695123404935,1.26894517640322
0.1,"without_ssp245",178,5,0.00529129370449709,0.144624006910136,0.0100475973196504,0.0986119980971887,0.00475630361515334,0.0482325042279915,1.46659645581463
