"tol","archive","draw","n_stitched","mean_gen","var_gen","mean_target","var_target","bias","E1","E2"
0.1,"with_ssp245",82,3,0.0100089664853827,0.105423713146701,0.0100475973196504,0.0986119980971887,3.86308342677135e-05,0.000391745781579644,1.06907592565763
0.1,"without_ssp245",82,5,0.00990744222253316,0.110571524566186,0.0100475973196504,0.0986119980971887,0.000140155097117279,0.00142127834159842,1.12127861416225
