"tol","archive","draw","n_stitched","mean_gen","var_gen","mean_target","var_target","bias","E1","E2"
0.1,"with_ssp370",120,10,0.0149288261377717,0.111578004531366,0.0148081434968057,0.101137986286545,0.000120682640966013,0.00119324741768235,1.10322549052185
0.1,"without_ssp370",120,2,0.0158830720908297,0.111675011975666,0.0148081434968057,0.101137986286545,0.00107492859402405,0.0106283369235626,1.10418464986308
