"tol","archive","draw","n_stitched","mean_gen","var_gen","mean_target","var_target","bias","E1","E2"
0.1,"with_ssp245",149,3,0.0281226736337997,0.134069429209911,0.0100475973196504,0.0986119980971887,0.0180750763141493,0.183294899839015,1.35956508129747
0.1,"without_ssp245",149,5,-0.00415816542288592,0.145734657000998,0.0100475973196504,0.0986119980971887,0.0142057627425364,0.144057143315721,1.47785928500675
