"tol","archive","draw","n_stitched","mean_gen","var_gen","mean_target","var_target","bias","E1","E2"
0.1,"with_ssp370",133,9,0.0298535122818355,0.144243924783006,0.0148081434968057,0.101137986286545,0.0150453687850298,0.148760810230126,1.42620918291108
0.1,"without_ssp370",133,2,0.0256247905877126,0.166089572292415,0.0148081434968057,0.101137986286545,0.0108166470909069,0.106949401387735,1.64220762535106
