"tol","archive","draw","n_stitched","mean_gen","var_gen","mean_target","var_target","bias","E1","E2"
0.1,"with_ssp245",19,3,0.0197146933944966,0.147917750792206,0.0100475973196504,0.0986119980971887,0.00966709607484612,0.0980316418020305,1.49999750178902
0.1,"without_ssp245",19,4,0.010280471172326,0.15380029053734,0.0100475973196504,0.0986119980971887,0.000232873852675532,0.0023615164195945,1.55965088939542
