"tol","archive","draw","n_stitched","mean_gen","var_gen","mean_target","var_target","bias","E1","E2"
0.1,"with_ssp245",100,3,0.0355247027102502,0.136667912170695,0.0100475973196504,0.0986119980971887,0.0254771053905997,0.258357054741862,1.38591565740306
0.1,"without_ssp245",100,4,0.021199473971404,0.156589577505108,0.0100475973196504,0.0986119980971887,0.0111518766517536,0.113088436163343,1.58793636197066
