"tol","archive","draw","n_stitched","mean_gen","var_gen","mean_target","var_target","bias","E1","E2"
0.1,"with_ssp245",75,3,0.0096286317005347,0.0989273548261857,0.0100475973196504,0.0986119980971887,0.000418965619115733,0.00424862721778353,1.00319795496575
0.1,"without_ssp245",75,5,0.0095686681632838,0.109114288472159,0.0100475973196504,0.0986119980971887,0.00047892915636664,0.00485670268940929,1.10650114162193
