"tol","archive","draw","n_stitched","mean_gen","var_gen","mean_target","var_target","bias","E1","E2"
0.1,"with_ssp370",95,9,0.0148249464744396,0.107844430181211,0.0148081434968057,0.101137986286545,1.68029776339059e-05,0.000166139135757553,1.06630984203763
0.1,"without_ssp370",95,2,0.014997098545087,0.114584459303281,0.0148081434968057,0.101137986286545,0.000188955048281278,0.00186828960333388,1.13295175740042
