"tol","archive","draw","n_stitched","mean_gen","var_gen","mean_target","var_target","bias","E1","E2"
0.1,"with_ssp370",44,10,0.0202275005331969,0.146901944409611,0.0148081434968057,0.101137986286545,0.00541935703639127,0.0535837941348474,1.45249030362743
0.1,"without_ssp370",44,2,-0.0192283413056247,0.187642920063115,0.0148081434968057,0.101137986286545,0.0340364848024304,0.336535124458557,1.85531595944063
