"tol","archive","draw","n_stitched","mean_gen","var_gen","mean_target","var_target","bias","E1","E2"
0.1,"with_ssp370",186,10,0.0148373199012984,0.106563783991029,0.0148081434968057,0.101137986286545,2.91764044927506e-05,0.000288481168787439,1.05364747612347
0.1,"without_ssp370",186,2,0.0156003508154072,0.107828738947505,0.0148081434968057,0.101137986286545,0.000792207318601516,0.00783293545470665,1.06615469524975
