"tol","archive","draw","n_stitched","mean_gen","var_gen","mean_target","var_target","bias","E1","E2"
0.1,"with_ssp370",106,10,0.01487293338458,0.109171810676311,0.0148081434968057,0.101137986286545,6.4789887774348e-05,0.000640608837027707,1.07943429254171
0.1,"without_ssp370",106,2,0.0155297461986326,0.112832881208703,0.0148081434968057,0.101137986286545,0.000721602701826887,0.00713483359044181,1.11563306084643
