"tol","archive","draw","n_stitched","mean_gen","var_gen","mean_target","var_target","bias","E1","E2"
0.1,"with_ssp370",35,9,0.0145516606362453,0.110365645229676,0.0148081434968057,0.101137986286545,0.000256482860560341,0.00253596961910701,1.0912383099757
0.1,"without_ssp370",35,2,0.0153537800499923,0.114954681309656,0.0148081434968057,0.101137986286545,0.000545636553186672,0.00539497149607832,1.13661232075518
