"tol","archive","draw","n_stitched","mean_gen","var_gen","mean_target","var_target","bias","E1","E2"
0.1,"with_ssp245",13,3,0.00965633910784043,0.103623038189658,0.0100475973196504,0.0986119980971887,0.000391258211810009,0.00396765322029474,1.05081572414273
0.1,"without_ssp245",13,4,0.0094763270152846,0.108575837095309,0.0100475973196504,0.0986119980971887,0.000571270304365839,0.00579311154209464,1.10104083874561
