"tol","archive","draw","n_stitched","mean_gen","var_gen","mean_target","var_target","bias","E1","E2"
0.1,"with_ssp370",122,9,0.014850890955341,0.105697704955049,0.0148081434968057,0.101137986286545,4.27474585353721e-05,0.000422664718815535,1.0450841354067
0.1,"without_ssp370",122,2,0.0154431740973781,0.117049263698541,0.0148081434968057,0.101137986286545,0.000635030600572453,0.00627885351378538,1.15732246603087
