"tol","archive","draw","n_stitched","mean_gen","var_gen","mean_target","var_target","bias","E1","E2"
0.1,"with_ssp370",27,10,0.0156147243464433,0.161058596976641,0.0148081434968057,0.101137986286545,0.000806580849637648,0.00797505348141334,1.59246394841526
0.1,"without_ssp370",27,2,0.0124731903983074,0.207466779952385,0.0148081434968057,0.101137986286545,0.00233495309849831,0.0230868062953408,2.05132401355696
