"tol","archive","draw","n_stitched","mean_gen","var_gen","mean_target","var_target","bias","E1","E2"
0.1,"with_ssp245",63,3,0.0297282553471088,0.123556069607553,0.0100475973196504,0.0986119980971887,0.0196806580274583,0.199576708790159,1.25295168936522
0.1,"without_ssp245",63,5,0.00163983692482382,0.166233743933255,0.0100475973196504,0.0986119980971887,0.00840776039482661,0.0852610286482605,1.6857354798695
