"tol","archive","draw","n_stitched","mean_gen","var_gen","mean_target","var_target","bias","E1","E2"
0.1,"with_ssp370",200,10,0.0148008562985176,0.106958530997477,0.0148081434968057,0.101137986286545,7.28719828810113e-06,7.20520405404845e-05,1.05755052997042
0.1,"without_ssp370",200,2,0.0156042387669052,0.113591414200267,0.0148081434968057,0.101137986286545,0.000796095270099488,0.00787137750443223,1.123133042005
