"tol","archive","draw","n_stitched","mean_gen","var_gen","mean_target","var_target","bias","E1","E2"
0.1,"with_ssp370",23,10,0.0246077729734295,0.140842147266577,0.0148081434968057,0.101137986286545,0.00979962947662384,0.0968936582231271,1.39257416958591
0.1,"without_ssp370",23,2,0.0123627223337768,0.161059502395867,0.0148081434968057,0.101137986286545,0.00244542116302889,0.0241790572742915,1.59247290073139
