"tol","archive","draw","n_stitched","mean_gen","var_gen","mean_target","var_target","bias","E1","E2"
0.1,"with_ssp245",2,3,0.00991299446460319,0.102734459125125,0.00760316386450074,0.102460215764117,0.00230983060010245,0.0225436827638557,1.00267658387174
0.1,"without_ssp245",2,6,0.00971454069789745,0.108087117136692,0.00760316386450074,0.102460215764117,0.00211137683339671,0.0206067966737207,1.05491791453504
