"tol","archive","draw","n_stitched","mean_gen","var_gen","mean_target","var_target","bias","E1","E2"
0.1,"with_ssp245",39,3,0.0351301844018805,0.134858187715861,0.0100475973196504,0.0986119980971887,0.0250825870822301,0.254356341684807,1.36756368715853
0.1,"without_ssp245",39,5,-0.0101266463661282,0.144725807114749,0.0100475973196504,0.0986119980971887,0.0201742436857786,0.204582039458277,1.46762878663216
