"tol","archive","draw","n_stitched","mean_gen","var_gen","mean_target","var_target","bias","E1","E2"
0.1,"with_ssp370",24,9,0.0261211454255486,0.151045501826493,0.0148081434968057,0.101137986286545,0.0113130019287429,0.111857100819575,1.49345965222749
0.1,"without_ssp370",24,2,0.0324641821406324,0.164612767810015,0.0148081434968057,0.101137986286545,0.0176560386438267,0.174573760978426,1.62760574789014
