"tol","archive","draw","n_stitched","mean_gen","var_gen","mean_target","var_target","bias","E1","E2"
0.1,"with_ssp245",113,3,0.0326739161118959,0.131697713815336,0.0100475973196504,0.0986119980971887,0.0226263187922455,0.229447929550578,1.33551409926346
0.1,"without_ssp245",113,5,0.0160865057275554,0.147150051070639,0.0100475973196504,0.0986119980971887,0.00603890840790495,0.0612390837264367,1.49221244787691
