"tol","archive","draw","n_stitched","mean_gen","var_gen","mean_target","var_target","bias","E1","E2"
0.1,"with_ssp245",3,3,0.0264946670690518,0.139507782655874,0.0100475973196504,0.0986119980971887,0.0164470697494014,0.16678568598916,1.41471408497757
0.1,"without_ssp245",3,4,-0.00823657184804251,0.153040737158936,0.0100475973196504,0.0986119980971887,0.0182841691676929,0.185415258999951,1.55194844554416
