"tol","archive","draw","n_stitched","mean_gen","var_gen","mean_target","var_target","bias","E1","E2"
0.1,"with_ssp370",157,9,0.0289639587962706,0.159094905294754,0.0148081434968057,0.101137986286545,0.0141558152994649,0.139965366320014,1.57304798262449
0.1,"without_ssp370",157,2,0.0231524885643056,0.182065098174378,0.0148081434968057,0.101137986286545,0.00834434506749992,0.0825045600953396,1.80016534696023
