"tol","archive","draw","n_stitched","mean_gen","var_gen","mean_target","var_target","bias","E1","E2"
0.1,"with_ssp370",159,9,0.0150217917495032,0.110498494490505,0.0148081434968057,0.101137986286545,0.000213648252697504,0.00211244321290117,1.092551854626
0.1,"without_ssp370",159,2,0.0152339525645465,0.111737270924893,0.0148081434968057,0.101137986286545,0.000425809067740819,0.00421017941304874,1.10480023409125
