"tol","archive","draw","n_stitched","mean_gen","var_gen","mean_target","var_target","bias","E1","E2"
0.1,"with_ssp370",51,10,0.0147553161229665,0.10822540594138,0.0148081434968057,0.101137986286545,5.28273738391594e-05,0.000522329698057149,1.07007673293746
0.1,"without_ssp370",51,2,0.015545764759062,0.107839824758672,0.0148081434968057,0.101137986286545,0.000737621262256303,0.00729321681535625,1.06626430600604
