"tol","archive","draw","n_stitched","mean_gen","var_gen","mean_target","var_target","bias","E1","E2"
0.1,"with_ssp245",56,3,0.0271155235906159,0.126596969737982,0.0100475973196504,0.0986119980971887,0.0170679262709655,0.173081639154537,1.28378870909007
0.1,"without_ssp245",56,5,0.0159161901426272,0.153003663205222,0.0100475973196504,0.0986119980971887,0.0058685928229768,0.0595119553017566,1.55157248770507
