"tol","archive","draw","n_stitched","mean_gen","var_gen","mean_target","var_target","bias","E1","E2"
0.1,"with_ssp245",98,3,0.00942385994345872,0.101070495924339,0.0100475973196504,0.0986119980971887,0.000623737376191712,0.00632516720305148,1.02493102132184
0.1,"without_ssp245",98,5,0.00970466078022941,0.104077857731965,0.0100475973196504,0.0986119980971887,0.000342936539421022,0.00347763503466419,1.05542793717038
