"tol","archive","draw","n_stitched","mean_gen","var_gen","mean_target","var_target","bias","E1","E2"
0.1,"with_ssp245",10,3,0.00957745760079418,0.105085021732255,0.0100475973196504,0.0986119980971887,0.000470139718856255,0.0047675711670795,1.06564133939043
0.1,"without_ssp245",10,5,0.00962797228726008,0.108637701942422,0.0100475973196504,0.0986119980971887,0.000419625032390352,0.00425531416549114,1.10166819493255
