"tol","archive","draw","n_stitched","mean_gen","var_gen","mean_target","var_target","bias","E1","E2"
0.1,"with_ssp370",25,10,0.0203340422999324,0.14470137343833,0.0148081434968057,0.101137986286545,0.00552589880312669,0.0546372239157565,1.43073219817093
0.1,"without_ssp370",25,2,0.0217056907169156,0.171550369566859,0.0148081434968057,0.101137986286545,0.00689754722010987,0.0681993726923498,1.69620115908597
