"tol","archive","draw","n_stitched","mean_gen","var_gen","mean_target","var_target","bias","E1","E2"
0.1,"with_ssp370",155,9,0.0149383730540615,0.108149543412529,0.0148081434968057,0.101137986286545,0.000130229557255801,0.00128764237886676,1.06932664356316
0.1,"without_ssp370",155,2,0.0156351588064478,0.118600417574523,0.0148081434968057,0.101137986286545,0.000827015309642081,0.00817709883306329,1.17265947176862
