"tol","archive","draw","n_stitched","mean_gen","var_gen","mean_target","var_target","bias","E1","E2"
0.1,"with_ssp245",140,3,0.0101102513881005,0.106523289318779,0.0100475973196504,0.0986119980971887,6.26540684500482e-05,0.000635359486259456,1.08022645696514
0.1,"without_ssp245",140,5,0.00985800507691833,0.105828837834257,0.0100475973196504,0.0986119980971887,0.000189592242732101,0.00192260826664566,1.07318419539532
