"tol","archive","draw","n_stitched","mean_gen","var_gen","mean_target","var_target","bias","E1","E2"
0.1,"with_ssp370",109,9,0.0317014559690494,0.141004743798615,0.0148081434968057,0.101137986286545,0.0168933124722438,0.167032319828689,1.39418183983928
0.1,"without_ssp370",109,2,-0.00592708541715561,0.210200846909322,0.0148081434968057,0.101137986286545,0.0207352289139613,0.205019198772793,2.07835705086888
