"tol","archive","draw","n_stitched","mean_gen","var_gen","mean_target","var_target","bias","E1","E2"
0.1,"with_ssp245",137,3,0.0334071179639765,0.135907322203376,0.0100475973196504,0.0986119980971887,0.0233595206443261,0.236883149059648,1.37820270175877
0.1,"without_ssp245",137,4,0.0188875952211559,0.148724365239504,0.0100475973196504,0.0986119980971887,0.00883999790150544,0.0896442428110323,1.50817718035615
