"tol","archive","draw","n_stitched","mean_gen","var_gen","mean_target","var_target","bias","E1","E2"
0.1,"with_ssp245",37,3,0.00971075255638342,0.10236362238998,0.0100475973196504,0.0986119980971887,0.000336844763267015,0.00341585983213759,1.03804429851521
0.1,"without_ssp245",37,4,0.00981920720036577,0.108058646104543,0.0100475973196504,0.0986119980971887,0.000228390119284664,0.00231604798291959,1.09579613221146
