"tol","archive","draw","n_stitched","mean_gen","var_gen","mean_target","var_target","bias","E1","E2"
0.1,"with_ssp245",107,3,0.00962762780368272,0.105313227734783,0.0100475973196504,0.0986119980971887,0.000419969515967712,0.00425880748865675,1.06795552029064
0.1,"without_ssp245",107,5,0.0096361007110058,0.107215169773105,0.0100475973196504,0.0986119980971887,0.000411496608644639,0.00417288582104463,1.08724264635057
