"tol","archive","draw","n_stitched","mean_gen","var_gen","mean_target","var_target","bias","E1","E2"
0.1,"with_ssp370",60,10,0.0249941045333811,0.144236067908504,0.0148081434968057,0.101137986286545,0.0101859610365754,0.100713504495892,1.42613149820734
0.1,"without_ssp370",60,2,0.00610577029441716,0.198285524558155,0.0148081434968057,0.101137986286545,0.00870237320238852,0.0860445567675517,1.96054451782706
