"tol","archive","draw","n_stitched","mean_gen","var_gen","mean_target","var_target","bias","E1","E2"
0.1,"with_ssp370",103,10,0.0361095304634256,0.150552127526356,0.0148081434968057,0.101137986286545,0.02130138696662,0.210617076221674,1.48858142280795
0.1,"without_ssp370",103,2,0.00877218646946247,0.175293697915681,0.0148081434968057,0.101137986286545,0.00603595702734321,0.0596804153312096,1.7332132500546
