"tol","archive","draw","n_stitched","mean_gen","var_gen","mean_target","var_target","bias","E1","E2"
0.1,"with_ssp370",140,10,0.025713099167868,0.148857617289792,0.0148081434968057,0.101137986286545,0.0109049556710624,0.107822550867943,1.47182698366217
0.1,"without_ssp370",140,2,0.019569922989091,0.176804596230225,0.0148081434968057,0.101137986286545,0.00476177949228535,0.0470820081269388,1.74815222966077
