"tol","archive","draw","n_stitched","mean_gen","var_gen","mean_target","var_target","bias","E1","E2"
0.1,"with_ssp370",103,10,0.0148561649227241,0.10997138050882,0.0148081434968057,0.101137986286545,4.8021425918433e-05,0.000474810975397296,1.08734002471878
0.1,"without_ssp370",103,2,0.0156527053012696,0.112633930146486,0.0148081434968057,0.101137986286545,0.00084456180446397,0.00835058948149459,1.11366593583711
