"tol","archive","draw","n_stitched","mean_gen","var_gen","mean_target","var_target","bias","E1","E2"
0.1,"with_ssp370",80,9,0.0253316405028189,0.154141141594196,0.0148081434968057,0.101137986286545,0.0105234970060132,0.104050885254903,1.5240677341299
0.1,"without_ssp370",80,2,0.0200453609195782,0.145640292445912,0.0148081434968057,0.101137986286545,0.00523721742277251,0.0517828920177861,1.44001574278216
