"tol","archive","draw","n_stitched","mean_gen","var_gen","mean_target","var_target","bias","E1","E2"
0.1,"with_ssp245",9,3,0.00944522123253577,0.104572278573386,0.0100475973196504,0.0986119980971887,0.000602376087114664,0.00610854762846386,1.06044173722475
0.1,"without_ssp245",9,5,0.00994595787630491,0.108240009744433,0.0100475973196504,0.0986119980971887,0.000101639443345522,0.00103070057707734,1.0976352962421
