"tol","archive","draw","n_stitched","mean_gen","var_gen","mean_target","var_target","bias","E1","E2"
0.1,"with_ssp245",168,3,0.0149370686721549,0.130160914466813,0.0100475973196504,0.0986119980971887,0.00488947135250444,0.0495829254740944,1.31992979534327
0.1,"without_ssp245",168,5,0.00706145169440376,0.150343533487114,0.0100475973196504,0.0986119980971887,0.00298614562524668,0.0302817677652534,1.5245967670074
