"tol","archive","draw","n_stitched","mean_gen","var_gen","mean_target","var_target","bias","E1","E2"
0.1,"with_ssp245",185,3,0.0316763536132442,0.116574443068973,0.0100475973196504,0.0986119980971887,0.0216287562935938,0.219331893795289,1.18215273311957
0.1,"without_ssp245",185,5,0.00415222260271862,0.157438960037931,0.0100475973196504,0.0986119980971887,0.00589537471693182,0.059783543896165,1.59654974116603
