"tol","archive","draw","n_stitched","mean_gen","var_gen","mean_target","var_target","bias","E1","E2"
0.1,"with_ssp245",182,3,0.00992018320939307,0.101858731946252,0.0100475973196504,0.0986119980971887,0.000127414110257363,0.00129207512996328,1.03292432880088
0.1,"without_ssp245",182,4,0.0101623099911953,0.108878345435984,0.0100475973196504,0.0986119980971887,0.000114712671544913,0.00116327296635705,1.10410850136793
