"tol","archive","draw","n_stitched","mean_gen","var_gen","mean_target","var_target","bias","E1","E2"
0.1,"with_ssp245",130,3,0.0129476510486039,0.137527130564265,0.0100475973196504,0.0986119980971887,0.00290005372895349,0.029408731035906,1.39462877964122
0.1,"without_ssp245",130,4,0.0018179424814186,0.161706615337479,0.0100475973196504,0.0986119980971887,0.00822965483823183,0.0834549040383601,1.63982698310308
