"tol","archive","draw","n_stitched","mean_gen","var_gen","mean_target","var_target","bias","E1","E2"
0.1,"with_ssp370",105,9,0.0148215357201059,0.109311841083775,0.0148081434968057,0.101137986286545,1.33922233001797e-05,0.000132415364314617,1.08081884064877
0.1,"without_ssp370",105,2,0.0152831754332177,0.110338579523661,0.0148081434968057,0.101137986286545,0.000475031936412042,0.00469686963181347,1.09097069829973
