"tol","archive","draw","n_stitched","mean_gen","var_gen","mean_target","var_target","bias","E1","E2"
0.1,"with_ssp245",115,3,0.0260791180959741,0.127337161773781,0.0100475973196504,0.0986119980971887,0.0160315207763237,0.162571706137863,1.29129481433164
0.1,"without_ssp245",115,5,-0.000443499565754897,0.152114921395534,0.0100475973196504,0.0986119980971887,0.0104910968854053,0.106387631199458,1.54255997577104
