"tol","archive","draw","n_stitched","mean_gen","var_gen","mean_target","var_target","bias","E1","E2"
0.1,"with_ssp245",66,3,0.00984171156679175,0.103962598325387,0.0100475973196504,0.0986119980971887,0.000205885752858686,0.00208783674229755,1.05425911989862
0.1,"without_ssp245",66,5,0.00948989869752351,0.10894987930722,0.0100475973196504,0.0986119980971887,0.000557698622126929,0.00565548445309139,1.10483390874853
