"tol","archive","draw","n_stitched","mean_gen","var_gen","mean_target","var_target","bias","E1","E2"
0.1,"with_ssp245",6,3,0.0244921172969358,0.141453609951609,0.00760316386450074,0.102460215764117,0.0168889534324351,0.164834255974209,1.38057107235907
0.1,"without_ssp245",6,5,0.00380998683881778,0.158242731913616,0.00760316386450074,0.102460215764117,0.00379317702568296,0.0370209744084044,1.54443098458743
