"tol","archive","draw","n_stitched","mean_gen","var_gen","mean_target","var_target","bias","E1","E2"
0.1,"with_ssp370",64,10,0.0220049245642883,0.141168045285794,0.0148081434968057,0.101137986286545,0.00719678106748258,0.071158041916047,1.39579648032377
0.1,"without_ssp370",64,2,0.0172344693048084,0.171721984465749,0.0148081434968057,0.101137986286545,0.00242632580800277,0.0239902522987602,1.69789799827756
