"tol","archive","draw","n_stitched","mean_gen","var_gen","mean_target","var_target","bias","E1","E2"
0.1,"with_ssp245",1,3,0.0385681340336628,0.132917265191335,0.00760316386450074,0.102460215764117,0.030964970169162,0.302214571170232,1.29725732275771
0.1,"without_ssp245",1,5,0.00923533563407267,0.16048508839443,0.00760316386450074,0.102460215764117,0.00163217176957193,0.0159298099989317,1.56631612765581
