"tol","archive","draw","n_stitched","mean_gen","var_gen","mean_target","var_target","bias","E1","E2"
0.1,"with_ssp245",151,3,0.0098041394549642,0.100858350121866,0.0100475973196504,0.0986119980971887,0.000243457864686238,0.00246884628020917,1.02277970295727
0.1,"without_ssp245",151,5,0.0097158138551898,0.106343203072819,0.0100475973196504,0.0986119980971887,0.000331783464460639,0.00336453444674799,1.07840024667192
