"tol","archive","draw","n_stitched","mean_gen","var_gen","mean_target","var_target","bias","E1","E2"
0.1,"with_ssp370",17,9,0.0149834889779029,0.10976258817167,0.0148081434968057,0.101137986286545,0.000175345481097221,0.0017337252553203,1.08527559428254
0.1,"without_ssp370",17,2,0.0154259372736161,0.112090293706235,0.0148081434968057,0.101137986286545,0.000617793776810449,0.00610842473232667,1.10829074042131
