"tol","archive","draw","n_stitched","mean_gen","var_gen","mean_target","var_target","bias","E1","E2"
0.1,"with_ssp245",170,3,0.0358869332245943,0.134623168797888,0.0100475973196504,0.0986119980971887,0.0258393359049438,0.262030345227134,1.36518041815975
0.1,"without_ssp245",170,4,0.0166877879477769,0.148666875898522,0.0100475973196504,0.0986119980971887,0.00664019062812645,0.0673365387199852,1.50759419509988
