"tol","archive","draw","n_stitched","mean_gen","var_gen","mean_target","var_target","bias","E1","E2"
0.1,"with_ssp245",44,3,0.00981217584269855,0.104329686701804,0.0100475973196504,0.0986119980971887,0.00023542147695188,0.00238735125029975,1.05798167276745
0.1,"without_ssp245",44,5,0.00976231568219542,0.104815844173876,0.0100475973196504,0.0986119980971887,0.000285281637455018,0.00289297086520703,1.06291167602722
