"tol","archive","draw","n_stitched","mean_gen","var_gen","mean_target","var_target","bias","E1","E2"
0.1,"with_ssp245",84,3,0.00976919963836138,0.0990343121637788,0.0100475973196504,0.0986119980971887,0.00027839768128906,0.0028231623601692,1.00428258299942
0.1,"without_ssp245",84,4,0.00975148031876228,0.107670533982581,0.0100475973196504,0.0986119980971887,0.000296117000888156,0.00300284961872807,1.09186038271393
