"tol","archive","draw","n_stitched","mean_gen","var_gen","mean_target","var_target","bias","E1","E2"
0.1,"with_ssp245",188,3,0.0094073899736571,0.106434877776002,0.0100475973196504,0.0986119980971887,0.000640207345993331,0.00649218511283348,1.07932989727176
0.1,"without_ssp245",188,5,0.00984823524824451,0.107834450659795,0.0100475973196504,0.0986119980971887,0.000199362071405926,0.00202168169444697,1.09352262139053
