"tol","archive","draw","n_stitched","mean_gen","var_gen","mean_target","var_target","bias","E1","E2"
0.1,"with_ssp370",64,10,0.0148333356626723,0.107705208906557,0.0148081434968057,0.101137986286545,2.51921658666297e-05,0.000249087081833476,1.06493329421653
0.1,"without_ssp370",64,2,0.0149264939283123,0.111732344693305,0.0148081434968057,0.101137986286545,0.000118350431506648,0.00117018773906904,1.10475152606602
