"tol","archive","draw","n_stitched","mean_gen","var_gen","mean_target","var_target","bias","E1","E2"
0.1,"with_ssp245",73,3,0.0100022557834569,0.101376911721832,0.0100475973196504,0.0986119980971887,4.53415361935557e-05,0.000459797358013865,1.02803830850196
0.1,"without_ssp245",73,4,0.00939456791416939,0.103721272109031,0.0100475973196504,0.0986119980971887,0.000653029405481041,0.00662221046203157,1.05181189013945
