"tol","archive","draw","n_stitched","mean_gen","var_gen","mean_target","var_target","bias","E1","E2"
0.1,"with_ssp245",104,3,0.00847390394043307,0.142755867674976,0.0100475973196504,0.0986119980971887,0.00157369337921736,0.0159584372042272,1.44765211566122
0.1,"without_ssp245",104,4,0.00275685295218762,0.141686041756358,0.0100475973196504,0.0986119980971887,0.00729074436746282,0.0739336440610128,1.43680327435123
