"tol","archive","draw","n_stitched","mean_gen","var_gen","mean_target","var_target","bias","E1","E2"
0.1,"with_ssp245",160,3,0.0170592017424075,0.117513147004863,0.0100475973196504,0.0986119980971887,0.00701160442275705,0.0711029545902381,1.19167189867754
0.1,"without_ssp245",160,4,0.0199207405071214,0.141333301253529,0.0100475973196504,0.0986119980971887,0.00987314318747097,0.100121114853999,1.43322621973683
