"tol","archive","draw","n_stitched","mean_gen","var_gen","mean_target","var_target","bias","E1","E2"
0.1,"with_ssp245",199,3,0.00957022408911607,0.1050302278697,0.0100475973196504,0.0986119980971887,0.000477373230534369,0.00484092442852528,1.06508568831742
0.1,"without_ssp245",199,5,0.00980339006151963,0.105355357564048,0.0100475973196504,0.0986119980971887,0.000244207258130805,0.00247644569467219,1.06838274851923
