"tol","archive","draw","n_stitched","mean_gen","var_gen","mean_target","var_target","bias","E1","E2"
0.1,"with_ssp370",162,9,0.0146261225195619,0.109709840716663,0.0148081434968057,0.101137986286545,0.000182020977243774,0.00179972910206131,1.08475405478049
0.1,"without_ssp370",162,2,0.014997098545087,0.116081136538036,0.0148081434968057,0.101137986286545,0.000188955048281278,0.00186828960333388,1.14775012633882
