"tol","archive","draw","n_stitched","mean_gen","var_gen","mean_target","var_target","bias","E1","E2"
0.1,"with_ssp245",172,3,0.00980996850407049,0.103813209102487,0.0100475973196504,0.0986119980971887,0.000237628815579944,0.00240973532800486,1.05274420056038
0.1,"without_ssp245",172,4,0.00923656330929925,0.107804644436337,0.0100475973196504,0.0986119980971887,0.000811034010351186,0.00822449626821128,1.09322036381504
