"tol","archive","draw","n_stitched","mean_gen","var_gen","mean_target","var_target","bias","E1","E2"
0.1,"with_ssp245",154,3,0.0315061582374561,0.126668168461508,0.0100475973196504,0.0986119980971887,0.0214585609178057,0.217605984381909,1.28451071782024
0.1,"without_ssp245",154,5,0.0115016029570221,0.141543523782411,0.0100475973196504,0.0986119980971887,0.00145400563737165,0.0147447132745311,1.43535803465731
