"tol","archive","draw","n_stitched","mean_gen","var_gen","mean_target","var_target","bias","E1","E2"
0.1,"with_ssp370",7,9,0.0149536402184464,0.107497862919431,0.0148081434968057,0.101137986286545,0.000145496721640721,0.00143859618905698,1.06288316453985
0.1,"without_ssp370",7,2,0.0155328778158238,0.112654666227769,0.0148081434968057,0.101137986286545,0.000724734319018115,0.007165797398465,1.11387096346366
