"tol","archive","draw","n_stitched","mean_gen","var_gen","mean_target","var_target","bias","E1","E2"
0.1,"with_ssp370",3,10,0.0261894117900862,0.146354218042753,0.0148081434968057,0.101137986286545,0.0113812682932806,0.112532083257373,1.44707466913669
0.1,"without_ssp370",3,2,0.00918465286410289,0.173599687216744,0.0148081434968057,0.101137986286545,0.00562349063270279,0.0556021613557763,1.71646375007803
