"tol","archive","draw","n_stitched","mean_gen","var_gen","mean_target","var_target","bias","E1","E2"
0.1,"with_ssp370",113,10,0.0361364373113785,0.155739694892251,0.0148081434968057,0.101137986286545,0.0213282938145728,0.21088311719145,1.53987340079134
0.1,"without_ssp370",113,2,-0.00734030627888886,0.206228887708387,0.0148081434968057,0.101137986286545,0.0221484497756945,0.21899239434077,2.03908437650811
