"tol","archive","draw","n_stitched","mean_gen","var_gen","mean_target","var_target","bias","E1","E2"
0.1,"with_ssp370",98,9,0.0148134888580417,0.109266688717149,0.0148081434968057,0.101137986286545,5.34536123598071e-06,5.28521620040582e-05,1.08037239744494
0.1,"without_ssp370",98,2,0.0158117111397484,0.116222912259339,0.0148081434968057,0.101137986286545,0.00100356764294268,0.00992275681759532,1.14915193120471
