"tol","archive","draw","n_stitched","mean_gen","var_gen","mean_target","var_target","bias","E1","E2"
0.1,"with_ssp245",34,3,0.0127233571800041,0.12803214490391,0.0100475973196504,0.0986119980971887,0.00267575986035367,0.0271342221229158,1.29834246718868
0.1,"without_ssp245",34,4,-0.00326906149906396,0.150821472327303,0.0100475973196504,0.0986119980971887,0.0133166588187144,0.135040959271406,1.52944342714421
