"tol","archive","draw","n_stitched","mean_gen","var_gen","mean_target","var_target","bias","E1","E2"
0.1,"with_ssp245",56,3,0.00987062807031862,0.103778611244176,0.0100475973196504,0.0986119980971887,0.000176969249331818,0.00179460159764133,1.05239335219529
0.1,"without_ssp245",56,5,0.00991073356624611,0.106643810460998,0.0100475973196504,0.0986119980971887,0.000136863753404323,0.00138790163514823,1.08144863220289
