"tol","archive","draw","n_stitched","mean_gen","var_gen","mean_target","var_target","bias","E1","E2"
0.1,"with_ssp370",8,9,0.020627402009237,0.152624234554505,0.0148081434968057,0.101137986286545,0.00581925851243136,0.0575378127061396,1.50906934336312
0.1,"without_ssp370",8,2,0.0137556997138043,0.178585439498432,0.0148081434968057,0.101137986286545,0.00105244378300137,0.0104060187635096,1.76576028508677
