"tol","archive","draw","n_stitched","mean_gen","var_gen","mean_target","var_target","bias","E1","E2"
0.1,"with_ssp370",58,9,0.0147096162006775,0.107861413916013,0.0148081434968057,0.101137986286545,9.85272961282046e-05,0.000974186848540329,1.0664777684066
0.1,"without_ssp370",58,2,0.0158117111397484,0.111171601059247,0.0148081434968057,0.101137986286545,0.00100356764294268,0.00992275681759532,1.09920718358257
