"tol","archive","draw","n_stitched","mean_gen","var_gen","mean_target","var_target","bias","E1","E2"
0.1,"with_ssp370",100,10,0.0146136958414551,0.10776603056476,0.0148081434968057,0.101137986286545,0.000194447655350543,0.00192259765583657,1.06553466725584
0.1,"without_ssp370",100,2,0.0153537800499923,0.106035456449419,0.0148081434968057,0.101137986286545,0.000545636553186672,0.00539497149607832,1.04842364716456
