"tol","archive","draw","n_stitched","mean_gen","var_gen","mean_target","var_target","bias","E1","E2"
0.1,"with_ssp245",10,3,0.0443836117035217,0.122692452903903,0.00760316386450074,0.102460215764117,0.036780447839021,0.358972968822325,1.19746432299503
0.1,"without_ssp245",10,5,0.0212462265069666,0.16312568897483,0.00760316386450074,0.102460215764117,0.0136430626424659,0.133154732700103,1.59208808763762
