"tol","archive","draw","n_stitched","mean_gen","var_gen","mean_target","var_target","bias","E1","E2"
0.1,"with_ssp370",135,10,0.014703384997743,0.108425717107918,0.0148081434968057,0.101137986286545,0.000104758499062656,0.00103579775422711,1.07205730595352
0.1,"without_ssp370",135,2,0.0161781093906091,0.110206255396218,0.0148081434968057,0.101137986286545,0.00136996589380338,0.0135455128592532,1.08966234589623
