"tol","archive","draw","n_stitched","mean_gen","var_gen","mean_target","var_target","bias","E1","E2"
0.1,"with_ssp245",58,3,0.00968528111487278,0.10541861430473,0.0100475973196504,0.0986119980971887,0.000362316204777653,0.00367415945086688,1.06902421955625
0.1,"without_ssp245",58,4,0.00992285070381104,0.1068623854093,0.0100475973196504,0.0986119980971887,0.00012474661583939,0.00126502472565706,1.08366514695281
