"tol","archive","draw","n_stitched","mean_gen","var_gen","mean_target","var_target","bias","E1","E2"
0.1,"with_ssp370",43,9,0.0202097989382483,0.156826109264314,0.0148081434968057,0.101137986286545,0.00540165544144263,0.0534087699367337,1.55061530313637
0.1,"without_ssp370",43,2,0.000831340872838182,0.165848614134585,0.0148081434968057,0.101137986286545,0.0139768026239675,0.138195381746758,1.63982515594784
