"tol","archive","draw","n_stitched","mean_gen","var_gen","mean_target","var_target","bias","E1","E2"
0.1,"with_ssp245",111,3,0.0334415517133547,0.124071912512857,0.0100475973196504,0.0986119980971887,0.0233939543937043,0.237232333236449,1.25818272529653
0.1,"without_ssp245",111,4,-0.00849670886975769,0.16021815264603,0.0100475973196504,0.0986119980971887,0.0185443061894081,0.188053244506125,1.62473284932452
