"tol","archive","draw","n_stitched","mean_gen","var_gen","mean_target","var_target","bias","E1","E2"
0.1,"with_ssp370",161,9,0.0237341037602775,0.14306900397837,0.0148081434968057,0.101137986286545,0.00892596026347186,0.0882552697676096,1.41459217482366
0.1,"without_ssp370",161,2,0.00370533135454101,0.206064710669315,0.0148081434968057,0.101137986286545,0.0111028121422647,0.109778853128517,2.0374610790202
