"tol","archive","draw","n_stitched","mean_gen","var_gen","mean_target","var_target","bias","E1","E2"
0.1,"with_ssp370",32,9,0.0197016320268919,0.156140315028405,0.0148081434968057,0.101137986286545,0.00489348853008625,0.0483842788427877,1.54383452510144
0.1,"without_ssp370",32,2,0.0236715461227655,0.18631623147636,0.0148081434968057,0.101137986286545,0.0088634026259598,0.0876367322644521,1.84219835016772
