"tol","archive","draw","n_stitched","mean_gen","var_gen","mean_target","var_target","bias","E1","E2"
0.1,"with_ssp245",1,3,0.00948769194958398,0.103820639701265,0.0100475973196504,0.0986119980971887,0.000559905370066451,0.0056778625407694,1.0528195524336
0.1,"without_ssp245",1,5,0.00977623097824359,0.110729744518959,0.0100475973196504,0.0986119980971887,0.000271366341406849,0.0027518592731424,1.1228830837585
