"tol","archive","draw","n_stitched","mean_gen","var_gen","mean_target","var_target","bias","E1","E2"
0.1,"with_ssp370",171,9,0.0281619919276658,0.144776262838377,0.0148081434968057,0.101137986286545,0.0133538484308601,0.132035933492148,1.43147266575187
0.1,"without_ssp370",171,2,0.0206019378696891,0.166071622807059,0.0148081434968057,0.101137986286545,0.00579379437288338,0.0572860364894782,1.64203015014104
