"tol","archive","draw","n_stitched","mean_gen","var_gen","mean_target","var_target","bias","E1","E2"
0.1,"with_ssp245",87,3,0.00983312933992556,0.107819114071552,0.0100475973196504,0.0986119980971887,0.000214467979724874,0.00217486699248809,1.09336709682415
0.1,"without_ssp245",87,4,0.00985021250922824,0.109290055986481,0.0100475973196504,0.0986119980971887,0.000197384810422193,0.0020016307775009,1.10828355672064
