"tol","archive","draw","n_stitched","mean_gen","var_gen","mean_target","var_target","bias","E1","E2"
0.1,"with_ssp245",6,3,0.0100177820562102,0.106154743574975,0.00760316386450074,0.102460215764117,0.00241461819170943,0.0235663976861843,1.03605816934218
0.1,"without_ssp245",6,5,0.00983977176575018,0.107781996205304,0.00760316386450074,0.102460215764117,0.00223660790124944,0.0218290375885851,1.05193996910409
