"tol","archive","draw","n_stitched","mean_gen","var_gen","mean_target","var_target","bias","E1","E2"
0.1,"with_ssp370",75,9,0.0147004921013874,0.108580117383042,0.0148081434968057,0.101137986286545,0.000107651395418252,0.00106440121432963,1.07358393586571
0.1,"without_ssp370",75,2,0.0154431740973781,0.115483163880484,0.0148081434968057,0.101137986286545,0.000635030600572453,0.00627885351378538,1.14183768256267
