"tol","archive","draw","n_stitched","mean_gen","var_gen","mean_target","var_target","bias","E1","E2"
0.1,"with_ssp245",109,3,0.00984510423966686,0.105652431331794,0.0100475973196504,0.0986119980971887,0.000202493079983573,0.00205343248175544,1.07139530047517
0.1,"without_ssp245",109,5,0.00956342304097571,0.109507967081828,0.0100475973196504,0.0986119980971887,0.000484174278674726,0.00490989218368276,1.11049333950115
