"tol","archive","draw","n_stitched","mean_gen","var_gen","mean_target","var_target","bias","E1","E2"
0.1,"with_ssp245",179,3,0.0319825565748071,0.139890996037202,0.0100475973196504,0.0986119980971887,0.0219349592551567,0.222437022658625,1.41860015755213
0.1,"without_ssp245",179,5,0.00460043504538026,0.155848815447415,0.0100475973196504,0.0986119980971887,0.00544716227427018,0.0552383318397183,1.58042447627737
