"tol","archive","draw","n_stitched","mean_gen","var_gen","mean_target","var_target","bias","E1","E2"
0.1,"with_ssp370",20,9,0.0146739184378656,0.107987274964165,0.0148081434968057,0.101137986286545,0.000134225058940106,0.00132714782910368,1.06772221723117
0.1,"without_ssp370",20,2,0.014997098545087,0.112566758476854,0.0148081434968057,0.101137986286545,0.000188955048281278,0.00186828960333388,1.11300177717528
