"tol","archive","draw","n_stitched","mean_gen","var_gen","mean_target","var_target","bias","E1","E2"
0.1,"with_ssp370",129,9,0.0192138438476962,0.152579369033489,0.0148081434968057,0.101137986286545,0.00440570035089049,0.0435612820924495,1.50862573634005
0.1,"without_ssp370",129,2,0.00495587565114002,0.171357576312146,0.0148081434968057,0.101137986286545,0.00985226784566566,0.097414119139688,1.69429491928635
