"tol","archive","draw","n_stitched","mean_gen","var_gen","mean_target","var_target","bias","E1","E2"
0.1,"with_ssp245",29,3,0.0244884438735091,0.124642991878717,0.0100475973196504,0.0986119980971887,0.0144408465538586,0.146441070381986,1.26397390057824
0.1,"without_ssp245",29,5,0.0118076553439169,0.173711068017376,0.0100475973196504,0.0986119980971887,0.00176005802426647,0.0178483151972219,1.76156118291176
