"tol","archive","draw","n_stitched","mean_gen","var_gen","mean_target","var_target","bias","E1","E2"
0.1,"with_ssp370",50,9,0.0249447235744332,0.140451273885253,0.0148081434968057,0.101137986286545,0.0101365800776275,0.100225251162391,1.38870941613692
0.1,"without_ssp370",50,2,-0.000482620146124983,0.195706170954654,0.0148081434968057,0.101137986286545,0.0152907636429307,0.151187147424596,1.93504120598345
