"tol","archive","draw","n_stitched","mean_gen","var_gen","mean_target","var_target","bias","E1","E2"
0.1,"with_ssp370",86,10,0.0246164464818376,0.142018307591498,0.0148081434968057,0.101137986286545,0.00980830298503193,0.096979417379766,1.4042034334076
0.1,"without_ssp370",86,2,-0.00139784867456797,0.16997965468182,0.0148081434968057,0.101137986286545,0.0162059921713736,0.160236452854209,1.68067074422692
