"tol","archive","draw","n_stitched","mean_gen","var_gen","mean_target","var_target","bias","E1","E2"
0.1,"with_ssp370",173,10,0.0283894457082355,0.144411024562427,0.0148081434968057,0.101137986286545,0.0135813022114299,0.134284878610804,1.42786137894104
0.1,"without_ssp370",173,2,-0.00239906197174619,0.144915346710124,0.0148081434968057,0.101137986286545,0.0172072054685519,0.170135931120877,1.43284785500424
