"tol","archive","draw","n_stitched","mean_gen","var_gen","mean_target","var_target","bias","E1","E2"
0.1,"with_ssp370",105,9,0.0264979462998873,0.162812858813988,0.0148081434968057,0.101137986286545,0.0116898028030816,0.115582712611678,1.60980918042707
0.1,"without_ssp370",105,2,-0.00345699702828035,0.160060553747526,0.0148081434968057,0.101137986286545,0.018265140525086,0.180596244751571,1.58259581413892
