"tol","archive","draw","n_stitched","mean_gen","var_gen","mean_target","var_target","bias","E1","E2"
0.1,"with_ssp245",50,3,0.0246649635565167,0.123885119043396,0.0100475973196504,0.0986119980971887,0.0146173662368662,0.148231113038191,1.25628849870073
0.1,"without_ssp245",50,4,0.0145700572464804,0.154192593897042,0.0100475973196504,0.0986119980971887,0.00452245992682992,0.0458611529438105,1.56362914120324
