"tol","archive","draw","n_stitched","mean_gen","var_gen","mean_target","var_target","bias","E1","E2"
0.1,"with_ssp245",157,3,0.0209735487249513,0.134322710124311,0.0100475973196504,0.0986119980971887,0.0109259514053009,0.1107973838491,1.36213354070695
0.1,"without_ssp245",157,4,-0.00268140063163741,0.14696143423857,0.0100475973196504,0.0986119980971887,0.0127289979512878,0.129081635063743,1.49029973100971
