"tol","archive","draw","n_stitched","mean_gen","var_gen","mean_target","var_target","bias","E1","E2"
0.1,"with_ssp245",179,3,0.0098477655424866,0.105241810394359,0.0100475973196504,0.0986119980971887,0.000199831777163836,0.00202644486492291,1.06723129462032
0.1,"without_ssp245",179,5,0.00982898314928375,0.107422116786088,0.0100475973196504,0.0986119980971887,0.000218614170366687,0.00221691249122878,1.08934124507057
