"tol","archive","draw","n_stitched","mean_gen","var_gen","mean_target","var_target","bias","E1","E2"
0.1,"with_ssp245",15,3,0.00967942867141475,0.105085088539613,0.0100475973196504,0.0986119980971887,0.000368168648235681,0.00373350763943375,1.06564201686741
0.1,"without_ssp245",15,5,0.00969038231093742,0.109604723031977,0.0100475973196504,0.0986119980971887,0.000357215008713019,0.00362242947720175,1.11147451777576
