"tol","archive","draw","n_stitched","mean_gen","var_gen","mean_target","var_target","bias","E1","E2"
0.1,"with_ssp370",53,10,0.0147134258478492,0.105212188765547,0.0148081434968057,0.101137986286545,9.47176489564782e-05,0.000936519031416376,1.04028360291314
0.1,"without_ssp370",53,2,0.0158117111397484,0.110452331371512,0.0148081434968057,0.101137986286545,0.00100356764294268,0.00992275681759532,1.09209541762654
