"tol","archive","draw","n_stitched","mean_gen","var_gen","mean_target","var_target","bias","E1","E2"
0.1,"with_ssp245",125,3,0.0191940330901338,0.134827935881919,0.0100475973196504,0.0986119980971887,0.00914643577048332,0.0927517538126436,1.36725691075682
0.1,"without_ssp245",125,5,0.0058255439277976,0.153357552287818,0.0100475973196504,0.0986119980971887,0.00422205339185284,0.0428148042157276,1.55516118978417
