"tol","archive","draw","n_stitched","mean_gen","var_gen","mean_target","var_target","bias","E1","E2"
0.1,"with_ssp370",178,9,0.0273470949071073,0.148388163702268,0.0148081434968057,0.101137986286545,0.0125389514103016,0.123978654022002,1.46718526985353
0.1,"without_ssp370",178,2,0.0226493945335478,0.16962447222284,0.0148081434968057,0.101137986286545,0.00784125103674212,0.077530227016051,1.6771588841235
