"tol","archive","draw","n_stitched","mean_gen","var_gen","mean_target","var_target","bias","E1","E2"
0.1,"with_ssp370",137,9,0.0173593866230753,0.143586029373462,0.0148081434968057,0.101137986286545,0.00255124312626964,0.0252253700112382,1.41970425401443
0.1,"without_ssp370",137,2,0.00396420029126785,0.170987048438705,0.0148081434968057,0.101137986286545,0.0108439432055378,0.10721929122471,1.69063133167654
