"tol","archive","draw","n_stitched","mean_gen","var_gen","mean_target","var_target","bias","E1","E2"
0.1,"with_ssp245",100,3,0.00964719294093896,0.101175673163086,0.0100475973196504,0.0986119980971887,0.000400404378711479,0.00406040224757289,1.02599759781128
0.1,"without_ssp245",100,4,0.00920422566126024,0.106256357274297,0.0100475973196504,0.0986119980971887,0.00084337165839019,0.00855242439727255,1.07751956480564
