"tol","archive","draw","n_stitched","mean_gen","var_gen","mean_target","var_target","bias","E1","E2"
0.1,"with_ssp370",71,9,0.0314640975262478,0.148233672498079,0.0148081434968057,0.101137986286545,0.0166559540294421,0.164685442542353,1.46565774088186
0.1,"without_ssp370",71,2,0.0049432546448987,0.178154707359064,0.0148081434968057,0.101137986286545,0.00986488885190698,0.0975389091093593,1.76150142889255
