"tol","archive","draw","n_stitched","mean_gen","var_gen","mean_target","var_target","bias","E1","E2"
0.1,"with_ssp245",32,3,0.0219630204303218,0.144529160776208,0.0100475973196504,0.0986119980971887,0.0119154231106714,0.120831372861221,1.46563464451623
0.1,"without_ssp245",32,4,-0.00102922868668797,0.137963896285281,0.0100475973196504,0.0986119980971887,0.0110768260063384,0.112327366041417,1.399057913311
