"tol","archive","draw","n_stitched","mean_gen","var_gen","mean_target","var_target","bias","E1","E2"
0.1,"with_ssp370",48,10,0.0194297462719896,0.15368238355051,0.0148081434968057,0.101137986286545,0.00462160277518391,0.0456960133860084,1.51953177231644
0.1,"without_ssp370",48,2,0.0158903232813992,0.149817151067985,0.0148081434968057,0.101137986286545,0.00108217978459354,0.0107000329384401,1.4813143564429
