"tol","archive","draw","n_stitched","mean_gen","var_gen","mean_target","var_target","bias","E1","E2"
0.1,"with_ssp370",184,9,0.0149083006938887,0.106731299450158,0.0148081434968057,0.101137986286545,0.000100157197083001,0.000990302464587681,1.05530378217899
0.1,"without_ssp370",184,2,0.015545764759062,0.110133155985486,0.0148081434968057,0.101137986286545,0.000737621262256303,0.00729321681535625,1.08893957680209
