"tol","archive","draw","n_stitched","mean_gen","var_gen","mean_target","var_target","bias","E1","E2"
0.1,"with_ssp245",107,3,0.0035651810671012,0.149104198807235,0.0100475973196504,0.0986119980971887,0.00648241625254923,0.0657365876123956,1.51202897907294
0.1,"without_ssp245",107,5,0.00466903201488693,0.152139685605125,0.0100475973196504,0.0986119980971887,0.00537856530476351,0.0545427068566502,1.54281110352496
