"tol","archive","draw","n_stitched","mean_gen","var_gen","mean_target","var_target","bias","E1","E2"
0.1,"with_ssp370",180,9,0.0296644130662715,0.158613640844317,0.0148081434968057,0.101137986286545,0.0148562695694659,0.146891095175406,1.56828948912361
0.1,"without_ssp370",180,2,0.00945894313749733,0.155438389097414,0.0148081434968057,0.101137986286545,0.00534920035930835,0.0528901212661376,1.53689424522478
