"tol","archive","draw","n_stitched","mean_gen","var_gen","mean_target","var_target","bias","E1","E2"
0.1,"with_ssp370",15,9,0.0303198220114902,0.144458690695809,0.0148081434968057,0.101137986286545,0.0155116785146845,0.153371439201258,1.42833267696795
0.1,"without_ssp370",15,2,0.0418961301757627,0.180044525174413,0.0148081434968057,0.101137986286545,0.027087986678957,0.26783197563585,1.78018696817147
