"tol","archive","draw","n_stitched","mean_gen","var_gen","mean_target","var_target","bias","E1","E2"
0.1,"with_ssp370",50,9,0.0146606044190394,0.105415184619694,0.0148081434968057,0.101137986286545,0.000147539077766308,0.00145878994810415,1.04229072072911
0.1,"without_ssp370",50,2,0.0153537800499923,0.117992068363816,0.0148081434968057,0.101137986286545,0.000545636553186672,0.00539497149607832,1.16664443001188
