"tol","archive","draw","n_stitched","mean_gen","var_gen","mean_target","var_target","bias","E1","E2"
0.1,"with_ssp370",143,10,0.0149910372468413,0.107827915080051,0.0148081434968057,0.101137986286545,0.000182893750035646,0.00180835862716774,1.06614654927528
0.1,"without_ssp370",143,2,0.0153537800499923,0.110609708657949,0.0148081434968057,0.101137986286545,0.000545636553186672,0.00539497149607832,1.09365148268395
