"tol","archive","draw","n_stitched","mean_gen","var_gen","mean_target","var_target","bias","E1","E2"
0.1,"with_ssp245",126,3,0.0420415950047924,0.135182479964793,0.0100475973196504,0.0986119980971887,0.031993997685142,0.324443255410054,1.37085225503251
0.1,"without_ssp245",126,5,-0.00447296981704162,0.154039124239423,0.0100475973196504,0.0986119980971887,0.0145205671366921,0.147249497189795,1.56207284318088
