"tol","archive","draw","n_stitched","mean_gen","var_gen","mean_target","var_target","bias","E1","E2"
0.1,"with_ssp245",101,3,0.00994914316381013,0.10360014209161,0.0100475973196504,0.0986119980971887,9.84541558403003e-05,0.000998399360524743,1.05058354044814
0.1,"without_ssp245",101,5,0.00976219785219519,0.104862965203623,0.0100475973196504,0.0986119980971887,0.000285399467455243,0.00289416575023623,1.06338951879135
