"tol","archive","draw","n_stitched","mean_gen","var_gen","mean_target","var_target","bias","E1","E2"
0.1,"with_ssp245",50,3,0.00964722126577394,0.105524229628834,0.0100475973196504,0.0986119980971887,0.0004003760538765,0.00406011501239334,1.07009523856146
0.1,"without_ssp245",50,4,0.00993958549453658,0.109467194366155,0.0100475973196504,0.0986119980971887,0.000108011825113857,0.0010953213320696,1.11007987342745
