"tol","archive","draw","n_stitched","mean_gen","var_gen","mean_target","var_target","bias","E1","E2"
0.1,"with_ssp245",191,3,0.0488935313490721,0.13504933617573,0.0100475973196504,0.0986119980971887,0.0388459340294217,0.393927055317715,1.36950207664011
0.1,"without_ssp245",191,4,-0.00764831270299292,0.152080123784887,0.0100475973196504,0.0986119980971887,0.0176959100226434,0.179449867806176,1.54220710176668
