"tol","archive","draw","n_stitched","mean_gen","var_gen","mean_target","var_target","bias","E1","E2"
0.1,"with_ssp370",7,9,0.0271169166062717,0.143104749196685,0.0148081434968057,0.101137986286545,0.012308773109466,0.12170277025877,1.41494560501965
0.1,"without_ssp370",7,2,0.0153882488166691,0.188873155944782,0.0148081434968057,0.101137986286545,0.000580105319863446,0.00573578079970748,1.86747989434617
