"tol","archive","draw","n_stitched","mean_gen","var_gen","mean_target","var_target","bias","E1","E2"
0.1,"with_ssp245",123,3,0.0121284340448271,0.136161922691398,0.0100475973196504,0.0986119980971887,0.00208083672517669,0.0211012530455562,1.38078454263954
0.1,"without_ssp245",123,5,0.0131053202182729,0.150162165797813,0.0100475973196504,0.0986119980971887,0.00305772289862251,0.0310076152762763,1.52275756191268
