"tol","archive","draw","n_stitched","mean_gen","var_gen","mean_target","var_target","bias","E1","E2"
0.1,"with_ssp245",159,3,0.0121061321124309,0.141287311095802,0.0100475973196504,0.0986119980971887,0.00205853479278047,0.0208750946386021,1.4327598448675
0.1,"without_ssp245",159,5,0.00433516178971911,0.156829402068353,0.0100475973196504,0.0986119980971887,0.00571243552993133,0.0579284026300871,1.59036836383527
