"tol","archive","draw","n_stitched","mean_gen","var_gen","mean_target","var_target","bias","E1","E2"
0.1,"with_ssp370",71,9,0.0148665838146296,0.106994642707505,0.0148081434968057,0.101137986286545,5.84403178239181e-05,0.000577827579623192,1.05790758384656
0.1,"without_ssp370",71,2,0.0156717117664886,0.114744397857284,0.0148081434968057,0.101137986286545,0.000863568269682891,0.0085385155606739,1.1345331469443
