"tol","archive","draw","n_stitched","mean_gen","var_gen","mean_target","var_target","bias","E1","E2"
0.1,"with_ssp245",129,3,0.00972705738471496,0.102558778496998,0.0100475973196504,0.0986119980971887,0.000320539934935473,0.00325051658135513,1.04002332856008
0.1,"without_ssp245",129,4,0.00910202634758947,0.106666149314239,0.0100475973196504,0.0986119980971887,0.00094557097206097,0.00958880248150987,1.08167516501504
