"tol","archive","draw","n_stitched","mean_gen","var_gen","mean_target","var_target","bias","E1","E2"
0.1,"with_ssp370",136,9,0.0265358534331065,0.149541343721307,0.0148081434968057,0.101137986286545,0.0117277099363009,0.115957518701962,1.47858731631877
0.1,"without_ssp370",136,2,0.0201175086730865,0.14851767867629,0.0148081434968057,0.101137986286545,0.00530936517628087,0.0524962516184405,1.46846584680367
