"tol","archive","draw","n_stitched","mean_gen","var_gen","mean_target","var_target","bias","E1","E2"
0.1,"with_ssp370",68,9,0.030519836831791,0.146512008972373,0.0148081434968057,0.101137986286545,0.0157116933349853,0.155349082099289,1.44863482408354
0.1,"without_ssp370",68,2,0.0178349387761212,0.16685694941656,0.0148081434968057,0.101137986286545,0.00302679527931553,0.0299273832755576,1.64979505270966
