"tol","archive","draw","n_stitched","mean_gen","var_gen","mean_target","var_target","bias","E1","E2"
0.1,"with_ssp245",33,3,0.0378386879636999,0.128954800847736,0.0100475973196504,0.0986119980971887,0.0277910906440494,0.281822609624637,1.30769889400925
0.1,"without_ssp245",33,5,0.00742753418559112,0.141185249461045,0.0100475973196504,0.0986119980971887,0.00262006313405932,0.0265694153309526,1.43172486295124
