"tol","archive","draw","n_stitched","mean_gen","var_gen","mean_target","var_target","bias","E1","E2"
0.1,"with_ssp245",172,3,0.0193325537393232,0.140546334664841,0.0100475973196504,0.0986119980971887,0.00928495641967281,0.0941564576201151,1.42524578526766
0.1,"without_ssp245",172,4,-0.00630713098637254,0.149608486480227,0.0100475973196504,0.0986119980971887,0.016354728306023,0.165849274141107,1.51714283623762
