"tol","archive","draw","n_stitched","mean_gen","var_gen","mean_target","var_target","bias","E1","E2"
0.1,"with_ssp370",148,9,0.0206961721559505,0.140802450900306,0.0148081434968057,0.101137986286545,0.0058880286591448,0.0582177762810381,1.39218167248637
0.1,"without_ssp370",148,2,0.0301682457361441,0.16866216445372,0.0148081434968057,0.101137986286545,0.0153601022393384,0.151872731535508,1.66764408355792
