"tol","archive","draw","n_stitched","mean_gen","var_gen","mean_target","var_target","bias","E1","E2"
0.1,"with_ssp245",117,3,0.0096856195179054,0.0994568887959898,0.0100475973196504,0.0986119980971887,0.000361977801745033,0.00367072778900879,1.00856782861218
0.1,"without_ssp245",117,4,0.00970151697776788,0.109550091477508,0.0100475973196504,0.0986119980971887,0.000346080341882557,0.00350951556160004,1.11092051262909
