"tol","archive","draw","n_stitched","mean_gen","var_gen","mean_target","var_target","bias","E1","E2"
0.1,"with_ssp370",22,9,0.0183696694193818,0.149907443975778,0.0148081434968057,0.101137986286545,0.00356152592257611,0.0352145227855887,1.48220712592653
0.1,"without_ssp370",22,2,0.0158448031701379,0.169805541031167,0.0148081434968057,0.101137986286545,0.00103665967333223,0.0102499536662235,1.67894919867272
