"tol","archive","draw","n_stitched","mean_gen","var_gen","mean_target","var_target","bias","E1","E2"
0.1,"with_ssp245",193,3,0.0278617501802312,0.122107600649295,0.0100475973196504,0.0986119980971887,0.0178141528605808,0.180648939320992,1.23826312219077
0.1,"without_ssp245",193,4,-0.00213559415131373,0.146547696194347,0.0100475973196504,0.0986119980971887,0.0121831914709642,0.123546745893505,1.48610411534217
