"tol","archive","draw","n_stitched","mean_gen","var_gen","mean_target","var_target","bias","E1","E2"
0.1,"with_ssp245",30,3,0.00971268246675118,0.10276199697626,0.0100475973196504,0.0986119980971887,0.000334914852899255,0.00339628908613305,1.04208411713737
0.1,"without_ssp245",30,5,0.00984749912635316,0.107373189264562,0.0100475973196504,0.0986119980971887,0.000200098193297272,0.00202914652535548,1.08884508311797
