"tol","archive","draw","n_stitched","mean_gen","var_gen","mean_target","var_target","bias","E1","E2"
0.1,"with_ssp370",145,10,0.014770991855613,0.10641891585118,0.0148081434968057,0.101137986286545,3.71516411926901e-05,0.000367336176611542,1.05221509502545
0.1,"without_ssp370",145,2,0.0155328778158238,0.107264206000574,0.0148081434968057,0.101137986286545,0.000724734319018115,0.007165797398465,1.06057288600419
