"tol","archive","draw","n_stitched","mean_gen","var_gen","mean_target","var_target","bias","E1","E2"
0.1,"with_ssp370",150,10,0.0148047758534774,0.109585707907412,0.0148081434968057,0.101137986286545,3.36764332823682e-06,3.3297512160224e-05,1.08352669388663
0.1,"without_ssp370",150,2,0.014997098545087,0.113993749275601,0.0148081434968057,0.101137986286545,0.000188955048281278,0.00186828960333388,1.12711112274504
