"tol","archive","draw","n_stitched","mean_gen","var_gen","mean_target","var_target","bias","E1","E2"
0.1,"with_ssp370",153,9,0.0148709868585045,0.10785925138594,0.0148081434968057,0.101137986286545,6.28433616987837e-05,0.000621362595857259,1.06645638642984
0.1,"without_ssp370",153,2,0.0154431740973781,0.110244421980137,0.0148081434968057,0.101137986286545,0.000635030600572453,0.00627885351378538,1.0900397173006
