"tol","archive","draw","n_stitched","mean_gen","var_gen","mean_target","var_target","bias","E1","E2"
0.1,"with_ssp245",133,3,0.00944687413640774,0.105870702749612,0.0100475973196504,0.0986119980971887,0.000600723183242693,0.00609178593714976,1.07360873719717
0.1,"without_ssp245",133,4,0.00992768352671043,0.110512924487645,0.0100475973196504,0.0986119980971887,0.000119913792940001,0.00121601625820236,1.12068436518979
