"tol","archive","draw","n_stitched","mean_gen","var_gen","mean_target","var_target","bias","E1","E2"
0.1,"with_ssp245",10,3,0.0443836117035217,0.122692452903903,0.0100475973196504,0.0986119980971887,0.0343360143838713,0.348193070279652,1.24419396494716
0.1,"without_ssp245",10,5,0.0212462265069666,0.16312568897483,0.0100475973196504,0.0986119980971887,0.0111986291873162,0.11356254211865,1.65421745956368
