"tol","archive","draw","n_stitched","mean_gen","var_gen","mean_target","var_target","bias","E1","E2"
0.1,"with_ssp370",65,10,0.0145896144998507,0.108203840547288,0.0148081434968057,0.101137986286545,0.000218528996954981,0.00216070148298031,1.06986350549559
0.1,"without_ssp370",65,2,0.0155940095622526,0.110134233844809,0.0148081434968057,0.101137986286545,0.000785866065446943,0.00777023642946991,1.08895023411654
