"tol","archive","draw","n_stitched","mean_gen","var_gen","mean_target","var_target","bias","E1","E2"
0.1,"with_ssp370",133,9,0.0146757347288218,0.106635998417688,0.0148081434968057,0.101137986286545,0.000132408767983924,0.00130918928530751,1.05436149495369
0.1,"without_ssp370",133,2,0.0154431740973781,0.109143100177684,0.0148081434968057,0.101137986286545,0.000635030600572453,0.00627885351378538,1.0791504180087
