"tol","archive","draw","n_stitched","mean_gen","var_gen","mean_target","var_target","bias","E1","E2"
0.1,"with_ssp245",159,3,0.0099062615933445,0.101932297619868,0.0100475973196504,0.0986119980971887,0.000141335726305935,0.00143325081159637,1.03367034018931
0.1,"without_ssp245",159,5,0.00981673094869256,0.10816928250629,0.0100475973196504,0.0986119980971887,0.00023086637095787,0.00234115904162428,1.09691806872914
