"tol","archive","draw","n_stitched","mean_gen","var_gen","mean_target","var_target","bias","E1","E2"
0.1,"with_ssp370",169,10,0.0202452601838353,0.141658848963839,0.0148081434968057,0.101137986286545,0.00543711668702967,0.0537593923575378,1.40064929276414
0.1,"without_ssp370",169,2,0.0209345678610832,0.178009565453559,0.0148081434968057,0.101137986286545,0.00612642436427751,0.0605749094798076,1.76006634094157
