"tol","archive","draw","n_stitched","mean_gen","var_gen","mean_target","var_target","bias","E1","E2"
0.1,"with_ssp370",154,10,0.0148020710403949,0.10573016350262,0.0148081434968057,0.101137986286545,6.07245641076788e-06,6.00413023210026e-05,1.04540506870548
0.1,"without_ssp370",154,2,0.0151633479477719,0.112633835359801,0.0148081434968057,0.101137986286545,0.000355204450966189,0.00351207754878389,1.11366499863548
