"tol","archive","draw","n_stitched","mean_gen","var_gen","mean_target","var_target","bias","E1","E2"
0.1,"with_ssp245",117,3,0.0170280299665647,0.124435726177001,0.0100475973196504,0.0986119980971887,0.00698043264691429,0.0707868492841471,1.26187207011424
0.1,"without_ssp245",117,4,0.0103779390173239,0.162516976255216,0.0100475973196504,0.0986119980971887,0.000330341697673505,0.00334991384464121,1.64804465370476
