"tol","archive","draw","n_stitched","mean_gen","var_gen","mean_target","var_target","bias","E1","E2"
0.1,"with_ssp245",27,3,0.00975480905478806,0.0996515459082754,0.0100475973196504,0.0986119980971887,0.000292788264862372,0.00296909372603737,1.01054179847428
0.1,"without_ssp245",27,5,0.00941884479148007,0.10620538227981,0.0100475973196504,0.0986119980971887,0.000628752528170363,0.00637602462481985,1.07700263993371
