"tol","archive","draw","n_stitched","mean_gen","var_gen","mean_target","var_target","bias","E1","E2"
0.1,"with_ssp245",127,3,0.00806339339679019,0.13931777646965,0.0100475973196504,0.0986119980971887,0.00198420392286025,0.0201213235828026,1.41278727901186
0.1,"without_ssp245",127,5,0.0018049732095802,0.155892082218917,0.0100475973196504,0.0986119980971887,0.00824262411007023,0.0835864222317712,1.58086323395734
