"tol","archive","draw","n_stitched","mean_gen","var_gen","mean_target","var_target","bias","E1","E2"
0.1,"with_ssp370",49,10,0.014905288660443,0.108062866926889,0.0148081434968057,0.101137986286545,9.71451636373067e-05,0.000960521038673579,1.0684696313878
0.1,"without_ssp370",49,2,0.015384788029421,0.109932490613208,0.0148081434968057,0.101137986286545,0.000576644532615309,0.00570156232873327,1.08695550158321
