"tol","archive","draw","n_stitched","mean_gen","var_gen","mean_target","var_target","bias","E1","E2"
0.1,"with_ssp245",196,3,0.0100744811746229,0.0977961205045497,0.0100475973196504,0.0986119980971887,2.68838549724246e-05,0.000272622555988864,0.991726386156025
0.1,"without_ssp245",196,4,0.00953416320807912,0.105982773690645,0.0100475973196504,0.0986119980971887,0.000513434111571313,0.00520660894696901,1.07474522102464
