"tol","archive","draw","n_stitched","mean_gen","var_gen","mean_target","var_target","bias","E1","E2"
0.1,"with_ssp370",19,10,0.0146420712280395,0.108939953777004,0.0148081434968057,0.101137986286545,0.000166072268766223,0.00164203653705053,1.07714181166662
0.1,"without_ssp370",19,2,0.0154431740973781,0.11741554406718,0.0148081434968057,0.101137986286545,0.000635030600572453,0.00627885351378538,1.16094405651421
