"tol","archive","draw","n_stitched","mean_gen","var_gen","mean_target","var_target","bias","E1","E2"
0.1,"with_ssp370",118,9,0.0148903634314924,0.10760126315961,0.0148081434968057,0.101137986286545,8.22199346867565e-05,0.000812948108871873,1.06390553253406
0.1,"without_ssp370",118,2,0.0154561489805024,0.116028465131011,0.0148081434968057,0.101137986286545,0.000648005483696684,0.00640714243470052,1.1472293387598
