"tol","archive","draw","n_stitched","mean_gen","var_gen","mean_target","var_target","bias","E1","E2"
0.1,"with_ssp245",155,3,0.00977859273034513,0.104765675222635,0.0100475973196504,0.0986119980971887,0.000269004589305302,0.00272790932641057,1.06240292504145
0.1,"without_ssp245",155,5,0.010135039647359,0.106048576835594,0.0100475973196504,0.0986119980971887,8.74423277085756e-05,0.000886731121930979,1.07541251452055
