"tol","archive","draw","n_stitched","mean_gen","var_gen","mean_target","var_target","bias","E1","E2"
0.1,"with_ssp245",160,3,0.00949909280466894,0.101633104035133,0.0100475973196504,0.0986119980971887,0.000548504514981491,0.00556224927559934,1.03063629169107
0.1,"without_ssp245",160,4,0.00988868999503257,0.106984376415331,0.0100475973196504,0.0986119980971887,0.000158907324617865,0.00161144006494272,1.08490222771768
