"tol","archive","draw","n_stitched","mean_gen","var_gen","mean_target","var_target","bias","E1","E2"
0.1,"with_ssp245",136,3,0.00949009113866146,0.101065457602065,0.0100475973196504,0.0986119980971887,0.000557506180988977,0.00565353295487956,1.02487992893581
0.1,"without_ssp245",136,5,0.00940863834993362,0.105140024480715,0.0100475973196504,0.0986119980971887,0.000638958969716819,0.00647952563629309,1.06619910872399
