"tol","archive","draw","n_stitched","mean_gen","var_gen","mean_target","var_target","bias","E1","E2"
0.1,"with_ssp245",195,3,0.00943669668684758,0.101958445670177,0.0100475973196504,0.0986119980971887,0.000610900632802853,0.00619499294802616,1.03393550113131
0.1,"without_ssp245",195,5,0.00954299581553687,0.106381358629683,0.0100475973196504,0.0986119980971887,0.000504601504113565,0.00511703964882901,1.07878717278234
