"tol","archive","draw","n_stitched","mean_gen","var_gen","mean_target","var_target","bias","E1","E2"
0.1,"with_ssp245",161,3,0.00834033830998005,0.136111891615865,0.0100475973196504,0.0986119980971887,0.00170725900967039,0.0173128933863379,1.38027718981739
0.1,"without_ssp245",161,5,0.010640710225743,0.156824654694915,0.0100475973196504,0.0986119980971887,0.000593112906092555,0.00601461198979056,1.59032022188978
