"tol","archive","draw","n_stitched","mean_gen","var_gen","mean_target","var_target","bias","E1","E2"
0.1,"with_ssp370",116,9,0.0319948997282612,0.146373262324795,0.0148081434968057,0.101137986286545,0.0171867562314555,0.169933739660999,1.44726296912901
0.1,"without_ssp370",116,2,-0.0110040847694352,0.192463973122417,0.0148081434968057,0.101137986286545,0.0258122282662408,0.255217937532485,1.90298403388343
