"tol","archive","draw","n_stitched","mean_gen","var_gen","mean_target","var_target","bias","E1","E2"
0.1,"with_ssp245",74,3,0.00961331252164981,0.104527294359723,0.0100475973196504,0.0986119980971887,0.000434284798000624,0.00440397524013871,1.05998556338656
0.1,"without_ssp245",74,4,0.0104641137160965,0.108779622443586,0.0100475973196504,0.0986119980971887,0.000416516396446071,0.00422379025355075,1.10310737580205
