"tol","archive","draw","n_stitched","mean_gen","var_gen","mean_target","var_target","bias","E1","E2"
0.1,"with_ssp370",145,10,0.0171809335484584,0.13856184294208,0.0148081434968057,0.101137986286545,0.00237279005165274,0.0234609184815102,1.3700277020496
0.1,"without_ssp370",145,2,0.0189871091399204,0.15801210865756,0.0148081434968057,0.101137986286545,0.00417896564311468,0.0413194467929664,1.56234185056719
