"tol","archive","draw","n_stitched","mean_gen","var_gen","mean_target","var_target","bias","E1","E2"
0.1,"with_ssp245",27,3,0.00605808304303185,0.140962338731598,0.0100475973196504,0.0986119980971887,0.00398951427661859,0.0404566822861317,1.42946438011195
0.1,"without_ssp245",27,5,0.00877357083385981,0.152667048901259,0.0100475973196504,0.0986119980971887,0.00127402648579063,0.0129195889990485,1.548158964904
