"tol","archive","draw","n_stitched","mean_gen","var_gen","mean_target","var_target","bias","E1","E2"
0.1,"with_ssp370",170,10,0.0147522335180613,0.106750729072425,0.0148081434968057,0.101137986286545,5.59099787443978e-05,0.000552808897994004,1.05549589221579
0.1,"without_ssp370",170,2,0.0153053135156279,0.117122140617459,0.0148081434968057,0.101137986286545,0.000497170018822192,0.00491575951901597,1.15804303524125
