"tol","archive","draw","n_stitched","mean_gen","var_gen","mean_target","var_target","bias","E1","E2"
0.1,"with_ssp245",136,3,0.028638619057246,0.128072955035568,0.0100475973196504,0.0986119980971887,0.0185910217375956,0.188526975381564,1.29875631268868
0.1,"without_ssp245",136,5,0.00405967632998614,0.148954221652444,0.0100475973196504,0.0986119980971887,0.00598792098966429,0.0607220328682804,1.51050809766211
