"tol","archive","draw","n_stitched","mean_gen","var_gen","mean_target","var_target","bias","E1","E2"
0.1,"with_ssp370",76,9,0.0330131731845495,0.148092533380816,0.0148081434968057,0.101137986286545,0.0182050296877438,0.180001899940593,1.46426223042684
0.1,"without_ssp370",76,2,0.0299953050747267,0.1615030356548,0.0148081434968057,0.101137986286545,0.015187161577921,0.150162783891035,1.59685832776251
