"tol","archive","draw","n_stitched","mean_gen","var_gen","mean_target","var_target","bias","E1","E2"
0.1,"with_ssp370",6,10,0.0222496504980086,0.16981622427423,0.0148081434968057,0.101137986286545,0.00744150700120294,0.0735777651348483,1.6790548290442
0.1,"without_ssp370",6,2,0.00555222239528096,0.164944036545616,0.0148081434968057,0.101137986286545,0.00925592110152472,0.0915177515528214,1.63088116148857
