"tol","archive","draw","n_stitched","mean_gen","var_gen","mean_target","var_target","bias","E1","E2"
0.1,"with_ssp245",2,3,0.0514727360823602,0.136918592202185,0.00760316386450074,0.102460215764117,0.0438695722178595,0.42816201284268,1.33630981724065
0.1,"without_ssp245",2,6,0.00641129817190685,0.149257077534522,0.00760316386450074,0.102460215764117,0.00119186569259389,0.0116324729916419,1.45673202443903
