"tol","archive","draw","n_stitched","mean_gen","var_gen","mean_target","var_target","bias","E1","E2"
0.1,"with_ssp245",71,3,0.00944402105246537,0.105496589321703,0.0100475973196504,0.0986119980971887,0.000603576267185067,0.00612071835914128,1.06981494501033
0.1,"without_ssp245",71,4,0.00994292882599803,0.107416196717849,0.0100475973196504,0.0986119980971887,0.000104668493652406,0.00106141743065837,1.08928121111574
