"tol","archive","draw","n_stitched","mean_gen","var_gen","mean_target","var_target","bias","E1","E2"
0.1,"with_ssp245",57,3,0.00989934213093913,0.103014252902856,0.0100475973196504,0.0986119980971887,0.000148255188711309,0.00150341937666848,1.04464218239781
0.1,"without_ssp245",57,5,0.00973588549883389,0.107103228729982,0.0100475973196504,0.0986119980971887,0.000311711820816544,0.0031609928490581,1.08610747978583
