"tol","archive","draw","n_stitched","mean_gen","var_gen","mean_target","var_target","bias","E1","E2"
0.1,"with_ssp245",141,3,0.0216515055462252,0.135141479325564,0.0100475973196504,0.0986119980971887,0.0116039082265748,0.117672377098965,1.37043647764213
0.1,"without_ssp245",141,5,0.00112627661379997,0.140045935123853,0.0100475973196504,0.0986119980971887,0.00892132070585046,0.0904689173528145,1.42017135669261
