"tol","archive","draw","n_stitched","mean_gen","var_gen","mean_target","var_target","bias","E1","E2"
0.1,"with_ssp245",180,3,0.0113273404385184,0.13537517157864,0.0100475973196504,0.0986119980971887,0.00127974311886797,0.0129775599679736,1.37280629325874
0.1,"without_ssp245",180,5,0.0166593320966882,0.156737040414834,0.0100475973196504,0.0986119980971887,0.00661173477703773,0.0670479749383176,1.58943174704116
