"tol","archive","draw","n_stitched","mean_gen","var_gen","mean_target","var_target","bias","E1","E2"
0.1,"with_ssp245",12,3,0.0175977671988203,0.155824402899679,0.0100475973196504,0.0986119980971887,0.00755016987916987,0.0765644143193273,1.58017691463977
0.1,"without_ssp245",12,5,0.00886062772643739,0.161031011886161,0.0100475973196504,0.0986119980971887,0.00118696959321305,0.0120367664799085,1.63297585479866
