"tol","archive","draw","n_stitched","mean_gen","var_gen","mean_target","var_target","bias","E1","E2"
0.1,"with_ssp370",8,9,0.0148206356040955,0.109949817545637,0.0148081434968057,0.101137986286545,1.24921072897806e-05,0.00012351548363231,1.08712682131248
0.1,"without_ssp370",8,2,0.0152831754332177,0.116941192387809,0.0148081434968057,0.101137986286545,0.000475031936412042,0.00469686963181347,1.15625391291152
