"tol","archive","draw","n_stitched","mean_gen","var_gen","mean_target","var_target","bias","E1","E2"
0.1,"with_ssp245",14,3,0.00958279776843613,0.103058109705982,0.0100475973196504,0.0986119980971887,0.000464799551214307,0.00471341784147012,1.04508692344324
0.1,"without_ssp245",14,4,0.00999642661750722,0.105604086528612,0.0100475973196504,0.0986119980971887,5.11707021432148e-05,0.000518909495097976,1.07090504772586
