"tol","archive","draw","n_stitched","mean_gen","var_gen","mean_target","var_target","bias","E1","E2"
0.1,"with_ssp245",164,3,0.0340752020538194,0.142892444432392,0.0100475973196504,0.0986119980971887,0.024027604734169,0.24365802537018,1.4490371069407
0.1,"without_ssp245",164,5,0.00664992747060879,0.163747219028221,0.0100475973196504,0.0986119980971887,0.00339766984904165,0.0344549336247402,1.66052024284953
