"tol","archive","draw","n_stitched","mean_gen","var_gen","mean_target","var_target","bias","E1","E2"
0.1,"with_ssp245",38,3,0.00961698484648386,0.101472937735098,0.0100475973196504,0.0986119980971887,0.000430612473166576,0.00436673509791556,1.02901208466631
0.1,"without_ssp245",38,4,0.00995619687128784,0.109668860541126,0.0100475973196504,0.0986119980971887,9.14004483625989e-05,0.000926869449217708,1.112124920469
