"tol","archive","draw","n_stitched","mean_gen","var_gen","mean_target","var_target","bias","E1","E2"
0.1,"with_ssp245",163,3,0.00992466036046298,0.104216896126555,0.0100475973196504,0.0986119980971887,0.000122936959187456,0.00124667344298503,1.05683789130652
0.1,"without_ssp245",163,4,0.00980110349461575,0.107530345494266,0.0100475973196504,0.0986119980971887,0.000246493825034689,0.00249963320682086,1.09043876576041
