"tol","archive","draw","n_stitched","mean_gen","var_gen","mean_target","var_target","bias","E1","E2"
0.1,"with_ssp370",5,9,0.0147344771277268,0.108897969724815,0.0148081434968057,0.101137986286545,7.36663690788751e-05,0.00072837488448863,1.07672669511417
0.1,"without_ssp370",5,2,0.0153537800499923,0.116361555886278,0.0148081434968057,0.101137986286545,0.000545636553186672,0.00539497149607832,1.15052276754454
