"tol","archive","draw","n_stitched","mean_gen","var_gen","mean_target","var_target","bias","E1","E2"
0.1,"with_ssp245",61,3,0.00996673184028821,0.102140859692245,0.0100475973196504,0.0986119980971887,8.08654793622264e-05,0.000820036921699204,1.03578531682908
0.1,"without_ssp245",61,5,0.00959160784672326,0.107649948961529,0.0100475973196504,0.0986119980971887,0.000455989472927174,0.00462407700610392,1.09165163508231
