"tol","archive","draw","n_stitched","mean_gen","var_gen","mean_target","var_target","bias","E1","E2"
0.1,"with_ssp370",9,10,0.0145827065594648,0.109376561932784,0.0148081434968057,0.101137986286545,0.000225436937340919,0.00222900361791077,1.08145876686626
0.1,"without_ssp370",9,2,0.0152339525645465,0.114948064608257,0.0148081434968057,0.101137986286545,0.000425809067740819,0.00421017941304874,1.13654689824044
