"tol","archive","draw","n_stitched","mean_gen","var_gen","mean_target","var_target","bias","E1","E2"
0.1,"with_ssp245",57,3,0.0189782604919508,0.140926656449438,0.0100475973196504,0.0986119980971887,0.00893066317230035,0.0905636570054953,1.42910253487153
0.1,"without_ssp245",57,5,-0.0126363475147691,0.151041796064223,0.0100475973196504,0.0986119980971887,0.0226839448344195,0.230032301059989,1.53167767592906
