"tol","archive","draw","n_stitched","mean_gen","var_gen","mean_target","var_target","bias","E1","E2"
0.1,"with_ssp370",21,9,0.0292426144890339,0.135279305030718,0.0148081434968057,0.101137986286545,0.0144344709922283,0.142720569414269,1.33757166815091
0.1,"without_ssp370",21,2,0.0103937668327152,0.172487469327455,0.0148081434968057,0.101137986286545,0.00441437666409053,0.0436470689814177,1.70546671592572
