"tol","archive","draw","n_stitched","mean_gen","var_gen","mean_target","var_target","bias","E1","E2"
0.1,"with_ssp370",72,9,0.0148421029390572,0.110075970963663,0.0148081434968057,0.101137986286545,3.39594422514838e-05,0.000335773367637254,1.08837416093884
0.1,"without_ssp370",72,2,0.0151169260305328,0.114082265444407,0.0148081434968057,0.101137986286545,0.000308782533727131,0.00305308168636346,1.12798632475426
