"tol","archive","draw","n_stitched","mean_gen","var_gen","mean_target","var_target","bias","E1","E2"
0.1,"with_ssp245",16,3,0.0448467664638946,0.127132183064213,0.0100475973196504,0.0986119980971887,0.0347991691442442,0.352889808702054,1.28921617569209
0.1,"without_ssp245",16,5,0.0072784871899233,0.166291332904061,0.0100475973196504,0.0986119980971887,0.00276911012972713,0.0280808642270689,1.68631947544729
