"tol","archive","draw","n_stitched","mean_gen","var_gen","mean_target","var_target","bias","E1","E2"
0.1,"with_ssp245",96,3,0.0273076005704378,0.131399048586838,0.0100475973196504,0.0986119980971887,0.0172600032507874,0.175029444528408,1.33248540869576
0.1,"without_ssp245",96,5,0.00685773642412849,0.144031847736002,0.0100475973196504,0.0986119980971887,0.00318986089552195,0.0323475941779227,1.46059151538588
