"tol","archive","draw","n_stitched","mean_gen","var_gen","mean_target","var_target","bias","E1","E2"
0.1,"with_ssp370",156,10,0.0146036538281897,0.10976467541429,0.0148081434968057,0.101137986286545,0.000204489668615932,0.00202188787936285,1.08529623185599
0.1,"without_ssp370",156,2,0.0158117111397484,0.1171699118864,0.0148081434968057,0.101137986286545,0.00100356764294268,0.00992275681759532,1.15851537279408
