"tol","archive","draw","n_stitched","mean_gen","var_gen","mean_target","var_target","bias","E1","E2"
0.1,"with_ssp370",34,9,0.0249656821755827,0.149132302563838,0.0148081434968057,0.101137986286545,0.010157538678777,0.10043247895008,1.47454292931357
0.1,"without_ssp370",34,2,0.0207558617559121,0.177317990153403,0.0148081434968057,0.101137986286545,0.00594771825910641,0.0588079561150769,1.75322840273904
