"tol","archive","draw","n_stitched","mean_gen","var_gen","mean_target","var_target","bias","E1","E2"
0.1,"with_ssp245",98,3,0.0334155311835831,0.128376643135699,0.0100475973196504,0.0986119980971887,0.0233679338639327,0.236968465448819,1.30183593896126
0.1,"without_ssp245",98,5,-0.00677198440563471,0.143145772621735,0.0100475973196504,0.0986119980971887,0.0168195817252851,0.170563238245191,1.45160604575374
