"tol","archive","draw","n_stitched","mean_gen","var_gen","mean_target","var_target","bias","E1","E2"
0.1,"with_ssp245",143,3,0.0235477773156707,0.129991310529274,0.0100475973196504,0.0986119980971887,0.0135001799960203,0.136902002357918,1.3182098835596
0.1,"without_ssp245",143,4,0.000172428565376447,0.158165446320749,0.0100475973196504,0.0986119980971887,0.00987516875427399,0.100141655628368,1.6039168597402
