"tol","archive","draw","n_stitched","mean_gen","var_gen","mean_target","var_target","bias","E1","E2"
0.1,"with_ssp370",149,10,0.0192219452727046,0.151486863032311,0.0148081434968057,0.101137986286545,0.00441380177589896,0.0436413847848792,1.49782360312293
0.1,"without_ssp370",149,2,0.00747251153469628,0.161740670181143,0.0148081434968057,0.101137986286545,0.0073356319621094,0.0725309276113725,1.59920793481984
