"tol","archive","draw","n_stitched","mean_gen","var_gen","mean_target","var_target","bias","E1","E2"
0.1,"with_ssp370",112,9,0.0147409020383676,0.109831041227001,0.0148081434968057,0.101137986286545,6.72414584380575e-05,0.000664848697378136,1.08595242262217
0.1,"without_ssp370",112,2,0.0155328778158238,0.11654646036657,0.0148081434968057,0.101137986286545,0.000724734319018115,0.007165797398465,1.15235100723055
