"tol","archive","draw","n_stitched","mean_gen","var_gen","mean_target","var_target","bias","E1","E2"
0.1,"with_ssp370",183,9,0.01503304166435,0.10680105671847,0.0148081434968057,0.101137986286545,0.000224898167544339,0.00222367654134575,1.05599350590074
0.1,"without_ssp370",183,2,0.0151633479477719,0.111009457840397,0.0148081434968057,0.101137986286545,0.000355204450966189,0.00351207754878389,1.09760399545512
