"tol","archive","draw","n_stitched","mean_gen","var_gen","mean_target","var_target","bias","E1","E2"
0.1,"with_ssp370",118,9,0.0277685186967378,0.146062740875086,0.0148081434968057,0.101137986286545,0.0129603751999321,0.128145474077491,1.44419269394251
0.1,"without_ssp370",118,2,0.00292241844763488,0.213415674430855,0.0148081434968057,0.101137986286545,0.0118857250491708,0.117519890256624,2.1101435995196
