"tol","archive","draw","n_stitched","mean_gen","var_gen","mean_target","var_target","bias","E1","E2"
0.1,"with_ssp370",149,10,0.0148731429003587,0.108016337591707,0.0148081434968057,0.101137986286545,6.49994035530638e-05,0.000642680420479272,1.06800957343242
0.1,"without_ssp370",149,2,0.0158117111397484,0.109104070447371,0.0148081434968057,0.101137986286545,0.00100356764294268,0.00992275681759532,1.07876451226007
