"tol","archive","draw","n_stitched","mean_gen","var_gen","mean_target","var_target","bias","E1","E2"
0.1,"with_ssp245",18,3,0.00977055503534719,0.102471298294955,0.0100475973196504,0.0986119980971887,0.000277042284303241,0.00280941761295818,1.03913621336385
0.1,"without_ssp245",18,5,0.0097643441011995,0.107717613848676,0.0100475973196504,0.0986119980971887,0.00028325321845093,0.00287240116736875,1.09233780804759
