"tol","archive","draw","n_stitched","mean_gen","var_gen","mean_target","var_target","bias","E1","E2"
0.1,"with_ssp370",14,10,0.0168074406259198,0.147978246725627,0.0148081434968057,0.101137986286545,0.00199929712911417,0.019768014002669,1.4631322232022
0.1,"without_ssp370",14,2,0.0240008760242249,0.186853300240355,0.0148081434968057,0.101137986286545,0.00919273252741923,0.0908929756755713,1.847508607804
