"tol","archive","draw","n_stitched","mean_gen","var_gen","mean_target","var_target","bias","E1","E2"
0.1,"with_ssp370",159,9,0.0294722662944968,0.15661219174848,0.0148081434968057,0.101137986286545,0.0146641227976912,0.144991247464079,1.54850019758911
0.1,"without_ssp370",159,2,-0.0115608473070865,0.174894349556361,0.0148081434968057,0.101137986286545,0.0263689908038922,0.260722916997608,1.72926470041481
