"tol","archive","draw","n_stitched","mean_gen","var_gen","mean_target","var_target","bias","E1","E2"
0.1,"with_ssp370",195,9,0.014790448692441,0.107893355209555,0.0148081434968057,0.101137986286545,1.76948043646968e-05,0.000174957056338492,1.06679358736558
0.1,"without_ssp370",195,2,0.0151169260305328,0.10960907931865,0.0148081434968057,0.101137986286545,0.000308782533727131,0.00305308168636346,1.08375777829018
