"tol","archive","draw","n_stitched","mean_gen","var_gen","mean_target","var_target","bias","E1","E2"
0.1,"with_ssp370",18,9,0.0104811747706146,0.150370477801222,0.0148081434968057,0.101137986286545,0.00432696872619104,0.0427828245851348,1.48678536445437
0.1,"without_ssp370",18,2,0.00751728345916453,0.161068618657046,0.0148081434968057,0.101137986286545,0.00729086003764115,0.0720882460224647,1.592563037598
