"tol","archive","draw","n_stitched","mean_gen","var_gen","mean_target","var_target","bias","E1","E2"
0.1,"with_ssp245",62,3,0.00967857834107622,0.105310908854813,0.0100475973196504,0.0986119980971887,0.000369018978574213,0.00374213063009352,1.06793200509964
0.1,"without_ssp245",62,4,0.00965080570332759,0.113527324200286,0.0100475973196504,0.0986119980971887,0.00039679161632284,0.00402376611344774,1.15125265070075
