"tol","archive","draw","n_stitched","mean_gen","var_gen","mean_target","var_target","bias","E1","E2"
0.1,"with_ssp370",76,9,0.014731070385207,0.10746995995971,0.0148081434968057,0.101137986286545,7.70731115987029e-05,0.000762058989194608,1.06260727453309
0.1,"without_ssp370",76,2,0.0156351588064478,0.111154107361044,0.0148081434968057,0.101137986286545,0.000827015309642081,0.00817709883306329,1.09903421495976
