"tol","archive","draw","n_stitched","mean_gen","var_gen","mean_target","var_target","bias","E1","E2"
0.1,"with_ssp245",94,3,0.0257957781828761,0.152464530585293,0.0100475973196504,0.0986119980971887,0.0157481808632257,0.159698425821418,1.54610527651036
0.1,"without_ssp245",94,5,-0.00377354512923896,0.156545865970009,0.0100475973196504,0.0986119980971887,0.0138211424488894,0.140156803589638,1.58749309405253
