"tol","archive","draw","n_stitched","mean_gen","var_gen","mean_target","var_target","bias","E1","E2"
0.1,"with_ssp370",155,9,0.0262975099428249,0.156560927613223,0.0148081434968057,0.101137986286545,0.0114893664460192,0.113600901776583,1.5479933243841
0.1,"without_ssp370",155,2,0.0224463401230536,0.205159224945383,0.0148081434968057,0.101137986286545,0.00763819662624789,0.0755225302252634,2.028508105393
