"tol","archive","draw","n_stitched","mean_gen","var_gen","mean_target","var_target","bias","E1","E2"
0.1,"with_ssp370",146,9,0.0150049438446609,0.10768776772976,0.0148081434968057,0.101137986286545,0.000196800347855252,0.00194585986018819,1.06476084489816
0.1,"without_ssp370",146,2,0.015384788029421,0.109711167098439,0.0148081434968057,0.101137986286545,0.000576644532615309,0.00570156232873327,1.08476716935617
