"tol","archive","draw","n_stitched","mean_gen","var_gen","mean_target","var_target","bias","E1","E2"
0.1,"with_ssp245",48,3,0.0299830419758032,0.126365298716719,0.0100475973196504,0.0986119980971887,0.0199354446561527,0.202160437277673,1.28143939028775
0.1,"without_ssp245",48,5,-0.00267533564063532,0.13886458762016,0.0100475973196504,0.0986119980971887,0.0127229329602858,0.129020131482849,1.40819160243868
