"tol","archive","draw","n_stitched","mean_gen","var_gen","mean_target","var_target","bias","E1","E2"
0.1,"with_ssp245",176,3,0.00975327736672314,0.101831731938822,0.0100475973196504,0.0986119980971887,0.00029431995292729,0.00298462619768863,1.0326505283714
0.1,"without_ssp245",176,4,0.00974149668307877,0.107522872504435,0.0100475973196504,0.0986119980971887,0.00030610063657166,0.00310409121078733,1.09036298400996
