"tol","archive","draw","n_stitched","mean_gen","var_gen","mean_target","var_target","bias","E1","E2"
0.1,"with_ssp245",148,3,0.0097195696774996,0.10236413457282,0.0100475973196504,0.0986119980971887,0.000328027642150839,0.00332644757717561,1.03804949243533
0.1,"without_ssp245",148,5,0.00941592862054227,0.108255711547481,0.0100475973196504,0.0986119980971887,0.000631668699108167,0.00640559679650356,1.09779452436191
