"tol","archive","draw","n_stitched","mean_gen","var_gen","mean_target","var_target","bias","E1","E2"
0.1,"with_ssp370",139,9,0.0150045142888559,0.108981502476259,0.0148081434968057,0.101137986286545,0.000196370792050213,0.00194161263497825,1.07755262367486
0.1,"without_ssp370",139,2,0.0157511862802817,0.109552505987104,0.0148081434968057,0.101137986286545,0.000943042783476006,0.00932431837039118,1.08319841050343
