"tol","archive","draw","n_stitched","mean_gen","var_gen","mean_target","var_target","bias","E1","E2"
0.1,"with_ssp245",43,3,0.00974786868016523,0.104558367825883,0.0100475973196504,0.0986119980971887,0.000299728639485202,0.0030394743567593,1.06030067175836
0.1,"without_ssp245",43,5,0.0101134891023672,0.106694185228531,0.0100475973196504,0.0986119980971887,6.58917827168135e-05,0.00066819234969636,1.08195947032102
