"tol","archive","draw","n_stitched","mean_gen","var_gen","mean_target","var_target","bias","E1","E2"
0.1,"with_ssp245",81,3,0.00991981039834157,0.103641774033483,0.0100475973196504,0.0986119980971887,0.000127786921308864,0.00129585571507152,1.05100571972325
0.1,"without_ssp245",81,4,0.00954303211154382,0.10950803575928,0.0100475973196504,0.0986119980971887,0.000504565208106612,0.00511667157995652,1.11049403594229
