"tol","archive","draw","n_stitched","mean_gen","var_gen","mean_target","var_target","bias","E1","E2"
0.1,"with_ssp245",177,3,0.0231591244805601,0.144642641853041,0.0100475973196504,0.0986119980971887,0.0131115271609096,0.132960769621435,1.46678542818376
0.1,"without_ssp245",177,5,0.00980776057835997,0.162702700807785,0.0100475973196504,0.0986119980971887,0.00023983674129046,0.00243212535916862,1.64992804067747
