"tol","archive","draw","n_stitched","mean_gen","var_gen","mean_target","var_target","bias","E1","E2"
0.1,"with_ssp370",176,10,0.0317074240587974,0.157252340689579,0.0148081434968057,0.101137986286545,0.0168992805619917,0.167091329207529,1.55482965860176
0.1,"without_ssp370",176,2,-0.00387732644517486,0.191037805845911,0.0148081434968057,0.101137986286545,0.0186854699419805,0.184752244216536,1.88888283087484
