"tol","archive","draw","n_stitched","mean_gen","var_gen","time_period","mean_target","var_target","bias","E1","E2"
0.1,"with_ssp370",166,10,0.0345374511970755,1.1067003501413,"hist+future",0.0294565686371964,1.106647280157,0.00508088255987913,0.00459123936866164,1.00004795564518
0.1,"without_ssp370",166,2,0.107847847910875,1.1114371699796,"hist+future",0.0294565686371964,1.106647280157,0.0783912792736788,0.070836734232571,1.0043282895178
0.1,"with_ssp370",166,10,-0.664725197097335,0.328372918214727,"hist",-0.668081624151398,0.329337848626692,0.0033564270540628,0.0101914403948978,0.997070089526638
0.1,"without_ssp370",166,2,-0.594898349084936,0.310574138764852,"hist",-0.668081624151398,0.329337848626692,0.0731832750664621,0.222213375631223,0.943025953621538
0.1,"with_ssp370",166,10,1.37614602059914,0.793200378155497,"future",1.36775658968508,0.800692907392898,0.00838943091406152,0.0104777135361146,0.990642443353474
0.1,"without_ssp370",166,2,1.456139970054,0.807490038514654,"future",1.36775658968508,0.800692907392898,0.0883833803689202,0.11038361842957,1.00848906123559
