"tol","archive","draw","n_stitched","mean_gen","var_gen","time_period","mean_target","var_target","bias","E1","E2"
0.1,"with_ssp370",43,9,0.0170943034902188,1.10571367147303,"hist+future",0.0294565686371964,1.106647280157,0.0123622651469776,0.0111709172097037,0.999156362916438
0.1,"without_ssp370",43,2,0.0914037240868236,1.10256978776334,"hist+future",0.0294565686371964,1.106647280157,0.0619471554496272,0.0559773258927081,0.996315454375779
0.1,"with_ssp370",43,9,-0.679216281663334,0.331103806367896,"hist",-0.668081624151398,0.329337848626692,0.0111346575119353,0.0338092252632541,1.00536214634476
0.1,"without_ssp370",43,2,-0.601397906653734,0.311638015717836,"hist",-0.668081624151398,0.329337848626692,0.0666837174976638,0.202478147518509,0.946256304938339
0.1,"with_ssp370",43,9,1.35303903081971,0.801479319142077,"future",1.36775658968508,0.800692907392898,0.0147175588653725,0.0183810281438532,1.0009821640006
0.1,"without_ssp370",43,2,1.42061615515882,0.819398554187021,"future",1.36775658968508,0.800692907392898,0.0528595654737432,0.066017277018048,1.02336182401694
