"tol","archive","draw","n_stitched","mean_gen","var_gen","time_period","mean_target","var_target","bias","E1","E2"
0.1,"with_ssp370",182,10,0.0268503346229416,1.10861672371074,"hist+future",0.0294565686371964,1.106647280157,0.0026062340142548,0.0023550719917597,1.00177964884481
0.1,"without_ssp370",182,2,0.0878835958124538,1.11555770347815,"hist+future",0.0294565686371964,1.106647280157,0.0584270271752574,0.0527964313678777,1.00805172838801
0.1,"with_ssp370",182,10,-0.671385103845191,0.328575046444185,"hist",-0.668081624151398,0.329337848626692,0.00330347969379297,0.010030671262256,0.997683830796587
0.1,"without_ssp370",182,2,-0.616762887068836,0.299749043956527,"hist",-0.668081624151398,0.329337848626692,0.051318737082562,0.155823988334643,0.910156683194634
0.1,"with_ssp370",182,10,1.36648809447459,0.805828623686682,"future",1.36775658968508,0.800692907392898,0.00126849521048955,0.00158424684267511,1.00641408990434
0.1,"without_ssp370",182,2,1.439821615294,0.822540707664441,"future",1.36775658968508,0.800692907392898,0.0720650256089173,0.0900033270477756,1.02728611689928
