"tol","archive","draw","n_stitched","mean_gen","var_gen","time_period","mean_target","var_target","bias","E1","E2"
0.1,"with_ssp245",139,3,-0.122051460222205,0.879140992206879,"hist+future",-0.0909842001830863,0.869044113816713,0.031067260039119,0.0357487721799026,1.01161837268056
0.1,"without_ssp245",139,5,-0.10617329938624,0.871818213910453,"hist+future",-0.0909842001830863,0.869044113816713,0.0151890992031533,0.017477938072033,1.00319212805154
0.1,"with_ssp245",139,3,-0.691990574229966,0.344271082669432,"hist",-0.653815287226304,0.338033221783591,0.0381752870036614,0.112933535947248,1.01845339595004
0.1,"without_ssp245",139,5,-0.668697492552653,0.333090262121425,"hist",-0.653815287226304,0.338033221783591,0.0148822053263484,0.0440258660016441,0.985377296242998
0.1,"with_ssp245",139,3,0.971436374792684,0.455730938213799,"future",0.988866141237041,0.456776085592123,0.0174297664443575,0.0381582289312784,0.997711904341556
0.1,"without_ssp245",139,5,0.973088234014436,0.482268292305405,"future",0.988866141237041,0.456776085592123,0.0157779072226045,0.0345418854451443,1.05580897844123
