"tol","archive","draw","n_stitched","mean_gen","var_gen","time_period","mean_target","var_target","bias","E1","E2"
0.1,"with_ssp245",117,3,-0.115653737806014,0.880175675727305,"hist+future",-0.0909842001830863,0.869044113816713,0.0246695376229274,0.0283869797064529,1.01280897221857
0.1,"without_ssp245",117,4,-0.090415253925026,0.865892690310645,"hist+future",-0.0909842001830863,0.869044113816713,0.000568946258060352,0.000654680526586417,0.996373689832352
0.1,"with_ssp245",117,3,-0.685222859073836,0.342487298763497,"hist",-0.653815287226304,0.338033221783591,0.0314075718475316,0.0929126778776754,1.0131764474403
0.1,"without_ssp245",117,4,-0.650874216415583,0.341362795566968,"hist",-0.653815287226304,0.338033221783591,0.00294107081072104,0.00870053776135621,1.00984984187592
0.1,"with_ssp245",117,3,0.977124227417133,0.466628219760731,"future",0.988866141237041,0.456776085592123,0.0117419138199077,0.0257060607818087,1.02156884845632
0.1,"without_ssp245",117,4,0.984883918295229,0.452255246281108,"future",0.988866141237041,0.456776085592123,0.00398222294181183,0.00871810733403357,0.990102723295694
