"tol","archive","draw","n_stitched","mean_gen","var_gen","time_period","mean_target","var_target","bias","E1","E2"
0.1,"with_ssp245",137,3,-0.113517658977503,0.875950510836322,"hist+future",-0.0909842001830863,0.869044113816713,0.0225334587944162,0.0259290160719835,1.00794711903551
0.1,"without_ssp245",137,4,-0.104073263868698,0.856541714140781,"hist+future",-0.0909842001830863,0.869044113816713,0.0130890636856115,0.0150614490996623,0.985613619058964
0.1,"with_ssp245",137,3,-0.681440999231165,0.3362930992172,"hist",-0.653815287226304,0.338033221783591,0.0276257120048604,0.08172484307636,0.994852214355707
0.1,"without_ssp245",137,4,-0.658434848097799,0.333381377517831,"hist",-0.653815287226304,0.338033221783591,0.00461956087149518,0.0136659966352438,0.986238499750955
0.1,"with_ssp245",137,3,0.976102703137082,0.463288433740261,"future",0.988866141237041,0.456776085592123,0.0127634380999594,0.0279424394195551,1.01425720030788
0.1,"without_ssp245",137,4,0.959527450059229,0.453825700108248,"future",0.988866141237041,0.456776085592123,0.0293386911778116,0.0642299194358646,0.993540849495109
