"tol","archive","draw","n_stitched","mean_gen","var_gen","time_period","mean_target","var_target","bias","E1","E2"
0.1,"with_ssp370",65,10,0.0285152770902469,1.10656022966972,"hist+future",0.0294565686371964,1.106647280157,0.00094129154694949,0.000850579551251372,0.99992133854315
0.1,"without_ssp370",65,2,0.0948717290708825,1.12604877410652,"hist+future",0.0294565686371964,1.106647280157,0.0654151604336861,0.059111120233726,1.01753177755677
0.1,"with_ssp370",65,10,-0.669289673547908,0.329651838989731,"hist",-0.668081624151398,0.329337848626692,0.00120804939650931,0.0036681158923785,1.00095339896203
0.1,"without_ssp370",65,2,-0.61394623695404,0.320472560895075,"hist",-0.668081624151398,0.329337848626692,0.0541353871973579,0.164376452397128,0.97308147919049
0.1,"with_ssp370",65,10,1.36732710098903,0.79878812484634,"future",1.36775658968508,0.800692907392898,0.000429488696049862,0.000536396278878381,0.997621082278899
0.1,"without_ssp370",65,2,1.45481317551405,0.82917687618638,"future",1.36775658968508,0.800692907392898,0.0870565858289669,0.108726560489249,1.0355741490033
