"tol","archive","draw","n_stitched","mean_gen","var_gen","time_period","mean_target","var_target","bias","E1","E2"
0.1,"with_ssp245",147,3,-0.124546252017201,0.874887642012412,"hist+future",-0.0909842001830863,0.869044113816713,0.0335620518341147,0.0386195030845042,1.00672408696267
0.1,"without_ssp245",147,5,-0.107829180753131,0.878994910345763,"hist+future",-0.0909842001830863,0.869044113816713,0.0168449805700443,0.0193833434945709,1.01145027780621
0.1,"with_ssp245",147,3,-0.691552953228238,0.336986501029963,"hist",-0.653815287226304,0.338033221783591,0.0377376660019335,0.111638926502003,0.996903497389678
0.1,"without_ssp245",147,5,-0.676972393920948,0.340367654268375,"hist",-0.653815287226304,0.338033221783591,0.0231571066946439,0.0685054166346675,1.00690592620591
0.1,"with_ssp245",147,3,0.963315442166765,0.462754514251541,"future",0.988866141237041,0.456776085592123,0.0255506990702763,0.0559370332121365,1.01308831361359
0.1,"without_ssp245",147,5,0.98413163520838,0.466750055548368,"future",0.988866141237041,0.456776085592123,0.00473450602866132,0.0103650479479983,1.02183557824249
