"tol","archive","draw","n_stitched","mean_gen","var_gen","time_period","mean_target","var_target","bias","E1","E2"
0.1,"with_ssp370",125,9,0.0211550360058224,1.11196349464411,"hist+future",0.0294565686371964,1.106647280157,0.008301532631374,0.00750151631890902,1.00480389242574
0.1,"without_ssp370",125,2,0.0982958195261674,1.10385952638174,"hist+future",0.0294565686371964,1.106647280157,0.068839250888971,0.0622052320764797,0.997480901254404
0.1,"with_ssp370",125,9,-0.679896283200489,0.332913275847769,"hist",-0.668081624151398,0.329337848626692,0.0118146590490911,0.0358739789500572,1.01085641154209
0.1,"without_ssp370",125,2,-0.594178225438935,0.301466183675445,"hist",-0.668081624151398,0.329337848626692,0.0739033987124631,0.224399955913459,0.915370598710505
0.1,"with_ssp370",125,9,1.36619535773886,0.802125911853081,"future",1.36775658968508,0.800692907392898,0.00156123194621904,0.00194985109997103,1.00178970545006
0.1,"without_ssp370",125,2,1.42687974300572,0.833250309506014,"future",1.36775658968508,0.800692907392898,0.0591231533206433,0.0738399863102968,1.04066153429425
