"tol","archive","draw","n_stitched","mean_gen","var_gen","time_period","mean_target","var_target","bias","E1","E2"
0.1,"with_ssp245",65,3,-0.11480002941634,0.878470723136159,"hist+future",-0.0909842001830863,0.869044113816713,0.0238158292332538,0.0274046263643145,1.01084710104996
0.1,"without_ssp245",65,4,-0.0879499433833589,0.873438807283302,"hist+future",-0.0909842001830863,0.869044113816713,0.00303425679972739,0.00349148766039205,1.00505692794729
0.1,"with_ssp245",65,3,-0.685713182566437,0.339903847089483,"hist",-0.653815287226304,0.338033221783591,0.0318978953401331,0.0943631965279262,1.00553385047784
0.1,"without_ssp245",65,4,-0.6540309763002,0.337075802365702,"hist",-0.653815287226304,0.338033221783591,0.000215689073895797,0.000638070639204454,0.997167676559016
0.1,"with_ssp245",65,3,0.980556601627451,0.451375906620246,"future",0.988866141237041,0.456776085592123,0.00830953960959013,0.0181917133398488,0.988177623255217
0.1,"without_ssp245",65,4,0.998135759305929,0.4614485558896,"future",0.988866141237041,0.456776085592123,0.00926961806888815,0.0202935713170532,1.01022923582223
