"tol","archive","draw","n_stitched","mean_gen","var_gen","time_period","mean_target","var_target","bias","E1","E2"
0.1,"with_ssp370",195,9,0.0238552711849628,1.10713102395705,"hist+future",0.0294565686371964,1.106647280157,0.0056012974522336,0.00506150202749241,1.00043712554915
0.1,"without_ssp370",195,2,0.0849481953031276,1.1086659360456,"hist+future",0.0294565686371964,1.106647280157,0.0554916266659312,0.0501439145615203,1.00182411860111
0.1,"with_ssp370",195,9,-0.674387115627581,0.326599490669781,"hist",-0.668081624151398,0.329337848626692,0.00630549147618253,0.0191459666797358,0.991685261902541
0.1,"without_ssp370",195,2,-0.614595841053976,0.31266667687987,"hist",-0.668081624151398,0.329337848626692,0.0534857830974222,0.16240399735546,0.94937972718186
0.1,"with_ssp370",195,9,1.36350636216252,0.801319640141196,"future",1.36775658968508,0.800692907392898,0.00425022752256421,0.00530818680085877,1.00078273797921
0.1,"without_ssp370",195,2,1.42709663715106,0.810430098904956,"future",1.36775658968508,0.800692907392898,0.0593400474659778,0.0741108693708708,1.01216095636936
