"tol","archive","draw","n_stitched","mean_gen","var_gen","time_period","mean_target","var_target","bias","E1","E2"
0.1,"with_ssp245",176,3,-0.118231914834167,0.874286218666851,"hist+future",-0.0909842001830863,0.869044113816713,0.0272477146510809,0.0313536611293677,1.00603203539014
0.1,"without_ssp245",176,4,-0.0930116384989084,0.870298754406867,"hist+future",-0.0909842001830863,0.869044113816713,0.00202743831582201,0.00233295212934336,1.0014437018446
0.1,"with_ssp245",176,3,-0.685555875126432,0.33874784592244,"hist",-0.653815287226304,0.338033221783591,0.0317405879001278,0.0938978356406877,1.00211406481019
0.1,"without_ssp245",176,4,-0.656701601406249,0.332690040454758,"hist",-0.653815287226304,0.338033221783591,0.00288631417994523,0.0085385518166408,0.984193324843516
0.1,"with_ssp245",176,3,0.970238474098666,0.454700701919204,"future",0.988866141237041,0.456776085592123,0.0186276671383746,0.0407807407741747,0.99545645286962
0.1,"without_ssp245",176,4,0.988486546148897,0.466623990954153,"future",0.988866141237041,0.456776085592123,0.00037959508814378,0.000831031002097468,1.02155959051417
