"tol","archive","draw","n_stitched","mean_gen","var_gen","time_period","mean_target","var_target","bias","E1","E2"
0.1,"with_ssp370",157,9,0.0352407694481764,1.10173923247253,"hist+future",0.0294565686371964,1.106647280157,0.00578420081098002,0.00522677904215282,0.99556493945951
0.1,"without_ssp370",157,2,0.0962045303556512,1.12310343382962,"hist+future",0.0294565686371964,1.106647280157,0.0667479617184548,0.060315479841947,1.01487027887539
0.1,"with_ssp370",157,9,-0.661000283877534,0.327807792761438,"hist",-0.668081624151398,0.329337848626692,0.00708134027386387,0.0215017505682763,0.995354145077358
0.1,"without_ssp370",157,2,-0.608942742599928,0.318569953262489,"hist",-0.668081624151398,0.329337848626692,0.0591388815514706,0.179569040722389,0.96730440971451
0.1,"with_ssp370",157,9,1.37105209268937,0.788323247924739,"future",1.36775658968508,0.800692907392898,0.00329550300428427,0.00411581390799954,0.98455130630739
0.1,"without_ssp370",157,2,1.44910336800298,0.836479715816169,"future",1.36775658968508,0.800692907392898,0.0813467783179012,0.101595477575505,1.04469479883342
