"tol","archive","draw","n_stitched","mean_gen","var_gen","time_period","mean_target","var_target","bias","E1","E2"
0.1,"with_ssp370",159,9,0.0319078169274336,1.10602538901144,"hist+future",0.0294565686371964,1.106647280157,0.00245124829023719,0.00221502219739739,0.999438040325306
0.1,"without_ssp370",159,2,0.114755298286444,1.10703775325247,"hist+future",0.0294565686371964,1.106647280157,0.0852987296492473,0.0770785156017789,1.00035284331555
0.1,"with_ssp370",159,9,-0.666845876442062,0.329021903272128,"hist",-0.668081624151398,0.329337848626692,0.0012357477093361,0.00375221892803712,0.999040664910268
0.1,"without_ssp370",159,2,-0.583101333780676,0.289202085677485,"hist",-0.668081624151398,0.329337848626692,0.0849802903707223,0.258033781191813,0.878131945306104
0.1,"with_ssp370",159,9,1.37253990304333,0.792408657130276,"future",1.36775658968508,0.800692907392898,0.00478331335824511,0.00597396744005121,0.989653648501027
0.1,"without_ssp370",159,2,1.45366627841522,0.828661590040065,"future",1.36775658968508,0.800692907392898,0.0859096887301383,0.107294179749719,1.03493059872134
