"tol","archive","draw","n_stitched","mean_gen","var_gen","time_period","mean_target","var_target","bias","E1","E2"
0.1,"with_ssp245",38,3,-0.109497917246449,0.869796875102768,"hist+future",-0.0909842001830863,0.869044113816713,0.0185137170633625,0.0213035411770445,1.00086619456261
0.1,"without_ssp245",38,4,-0.0922562785518658,0.875848828520796,"hist+future",-0.0909842001830863,0.869044113816713,0.00127207836877949,0.00146376731463344,1.0078301142553
0.1,"with_ssp245",38,3,-0.671777841439452,0.341791930570301,"hist",-0.653815287226304,0.338033221783591,0.0179625542131481,0.0531384285792113,1.0111193472845
0.1,"without_ssp245",38,4,-0.661319916474784,0.332981664017567,"hist",-0.653815287226304,0.338033221783591,0.00750462924847939,0.0222008630065475,0.98505603165461
0.1,"with_ssp245",38,3,0.969294960565709,0.460314901110219,"future",0.988866141237041,0.456776085592123,0.019571180671332,0.0428463338792392,1.00774737476352
0.1,"without_ssp245",38,4,0.999551863974662,0.45991238077184,"future",0.988866141237041,0.456776085592123,0.0106857227376215,0.0233937876230308,1.00686615450906
