"tol","archive","draw","n_stitched","mean_gen","var_gen","time_period","mean_target","var_target","bias","E1","E2"
0.1,"with_ssp370",129,9,0.0264674800203648,1.10952398230656,"hist+future",0.0294565686371964,1.106647280157,0.00298908861683157,0.00270103100638129,1.00259947519065
0.1,"without_ssp370",129,2,0.0953577952417215,1.10729372218164,"hist+future",0.0294565686371964,1.106647280157,0.0659012266045251,0.0595503443474563,1.00058414459262
0.1,"with_ssp370",129,9,-0.673760755684052,0.327429093551653,"hist",-0.668081624151398,0.329337848626692,0.00567913153265376,0.0172440900926972,0.994204264456702
0.1,"without_ssp370",129,2,-0.604851441304367,0.306655498899367,"hist",-0.668081624151398,0.329337848626692,0.0632301828470312,0.191991850043034,0.931127412710356
0.1,"with_ssp370",129,9,1.36992862991837,0.800621528614197,"future",1.36775658968508,0.800692907392898,0.00217204023329254,0.00271270072862869,0.999910853739253
0.1,"without_ssp370",129,2,1.43878249326619,0.806105634891072,"future",1.36775658968508,0.800692907392898,0.0710259035811123,0.0887055485634021,1.00676005425825
