"tol","archive","draw","n_stitched","mean_gen","var_gen","time_period","mean_target","var_target","bias","E1","E2"
0.1,"with_ssp370",162,9,0.036561527466392,1.10751615936337,"hist+future",0.0294565686371964,1.106647280157,0.0071049588291956,0.00642025598995521,1.00078514556711
0.1,"without_ssp370",162,2,0.087168333863347,1.12822989805145,"hist+future",0.0294565686371964,1.106647280157,0.0577117652261506,0.0521500990071229,1.01950270721434
0.1,"with_ssp370",162,9,-0.661602768417751,0.328525016561994,"hist",-0.668081624151398,0.329337848626692,0.00647885573364682,0.0196723691512015,0.997531920281597
0.1,"without_ssp370",162,2,-0.620560545941323,0.303491181904004,"hist",-0.668081624151398,0.329337848626692,0.0475210782100753,0.144292793580312,0.921519294455627
0.1,"with_ssp370",162,9,1.3760627928255,0.801744564733252,"future",1.36775658968508,0.800692907392898,0.00830620314042307,0.0103737688491191,1.00131343406523
0.1,"without_ssp370",162,2,1.44502025441882,0.85499424942858,"future",1.36775658968508,0.800692907392898,0.077263664733737,0.0964960024253393,1.06781793810625
