"tol","archive","draw","n_stitched","mean_gen","var_gen","time_period","mean_target","var_target","bias","E1","E2"
0.1,"with_ssp245",86,3,-0.112453212229735,0.873915603617755,"hist+future",-0.0909842001830863,0.869044113816713,0.0214690120466488,0.024704168298615,1.00560557251766
0.1,"without_ssp245",86,4,-0.0843207515903126,0.875582563227748,"hist+future",-0.0909842001830863,0.869044113816713,0.00666344859277369,0.00766756081404063,1.00752372555902
0.1,"with_ssp245",86,3,-0.678670378358716,0.342864351144214,"hist",-0.653815287226304,0.338033221783591,0.0248550911324115,0.073528545511789,1.01429187739339
0.1,"without_ssp245",86,4,-0.650964672714822,0.333888107533808,"hist",-0.653815287226304,0.338033221783591,0.00285061451148261,0.00843294187607267,0.987737553640699
0.1,"with_ssp245",86,3,0.973893676273542,0.454440501494485,"future",0.988866141237041,0.456776085592123,0.0149724649634995,0.0327785657694635,0.994886807406718
0.1,"without_ssp245",86,4,1.00284491103229,0.473737839518499,"future",0.988866141237041,0.456776085592123,0.0139787697952507,0.0306031121947418,1.03713362949899
