"tol","archive","draw","n_stitched","mean_gen","var_gen","time_period","mean_target","var_target","bias","E1","E2"
0.1,"with_ssp245",132,3,-0.117009679138109,0.872955670488193,"hist+future",-0.0909842001830863,0.869044113816713,0.026025478955023,0.0299472472585114,1.00450098747496
0.1,"without_ssp245",132,5,-0.10872556110194,0.871012315322167,"hist+future",-0.0909842001830863,0.869044113816713,0.0177413609188534,0.020414799015134,1.00226478894933
0.1,"with_ssp245",132,3,-0.683031716975084,0.341041533587467,"hist",-0.653815287226304,0.338033221783591,0.0292164297487802,0.0864306460608318,1.00889945605939
0.1,"without_ssp245",132,5,-0.67304501651538,0.335033063085388,"hist",-0.653815287226304,0.338033221783591,0.019229729289076,0.0568870988112133,0.991124663184366
0.1,"with_ssp245",132,3,0.968962835316552,0.453042728490556,"future",0.988866141237041,0.456776085592123,0.0199033059204889,0.04357344122928,0.99182672381649
0.1,"without_ssp245",132,5,0.97398037079594,0.463281280667415,"future",0.988866141237041,0.456776085592123,0.014885770441101,0.0325887692255263,1.01424154039689
