"tol","archive","draw","n_stitched","mean_gen","var_gen","time_period","mean_target","var_target","bias","E1","E2"
0.1,"with_ssp245",57,3,-0.115781714038905,0.87490765071106,"hist+future",-0.0909842001830863,0.869044113816713,0.0247975138558188,0.0285342406231967,1.00674711076357
0.1,"without_ssp245",57,5,-0.111232178465793,0.873613681132153,"hist+future",-0.0909842001830863,0.869044113816713,0.0202479782827064,0.023299137478511,1.00525815346171
0.1,"with_ssp245",57,3,-0.682580600699321,0.339974735883276,"hist",-0.653815287226304,0.338033221783591,0.028765313473017,0.0850961136933238,1.00574356002478
0.1,"without_ssp245",57,5,-0.674522725622095,0.33742821310637,"hist",-0.653815287226304,0.338033221783591,0.0207074383957904,0.0612585895745101,0.998210209416608
0.1,"with_ssp245",57,3,0.971681266181661,0.460087277633743,"future",0.988866141237041,0.456776085592123,0.0171848750553804,0.0376220988739011,1.00724904859528
0.1,"without_ssp245",57,5,0.969499685264321,0.480951061313528,"future",0.988866141237041,0.456776085592123,0.0193664559727198,0.042398139008558,1.05292522197187
