"tol","archive","draw","n_stitched","mean_gen","var_gen","time_period","mean_target","var_target","bias","E1","E2"
0.1,"with_ssp245",35,3,-0.124902478582809,0.872995810224361,"hist+future",-0.0909842001830863,0.869044113816713,0.0339182783997225,0.0390294092790739,1.00454717585082
0.1,"without_ssp245",35,5,-0.104863235239839,0.87389655016037,"hist+future",-0.0909842001830863,0.869044113816713,0.013879035056753,0.0159704609191797,1.00558364790292
0.1,"with_ssp245",35,3,-0.687337849935316,0.350471306130663,"hist",-0.653815287226304,0.338033221783591,0.0335225627090114,0.0991694323183197,1.0367954495166
0.1,"without_ssp245",35,5,-0.66920275275007,0.337368149832835,"hist",-0.653815287226304,0.338033221783591,0.015387465523766,0.0455205717431438,0.99803252488839
0.1,"with_ssp245",35,3,0.954188640872582,0.464403728679425,"future",0.988866141237041,0.456776085592123,0.0346775003644589,0.0759179419813675,1.01669886696764
0.1,"without_ssp245",35,5,0.977881187890255,0.475602471416269,"future",0.988866141237041,0.456776085592123,0.010984953346786,0.024048880169692,1.04121578694239
