"tol","archive","draw","n_stitched","mean_gen","var_gen","time_period","mean_target","var_target","bias","E1","E2"
0.1,"with_ssp245",47,3,-0.117717385129015,0.876549663855368,"hist+future",-0.0909842001830863,0.869044113816713,0.0267331849459286,0.0307615971627958,1.00863655816699
0.1,"without_ssp245",47,5,-0.107633140929135,0.879717896537137,"hist+future",-0.0909842001830863,0.869044113816713,0.0166489407460489,0.0191577625132621,1.01228221047784
0.1,"with_ssp245",47,3,-0.686236981377774,0.34664196146464,"hist",-0.653815287226304,0.338033221783591,0.0324216941514697,0.0959127448491616,1.02546714087931
0.1,"without_ssp245",47,5,-0.676070214752414,0.343682712361418,"hist",-0.653815287226304,0.338033221783591,0.02225492752611,0.0658365098219772,1.01671282647314
0.1,"with_ssp245",47,3,0.973046956511046,0.447564801558323,"future",0.988866141237041,0.456776085592123,0.015819184725995,0.0346322524864419,0.979834136846594
0.1,"without_ssp245",47,5,0.982972872801575,0.470877262442617,"future",0.988866141237041,0.456776085592123,0.00589326843546645,0.012901876042453,1.03087109263221
