"tol","archive","draw","n_stitched","mean_gen","var_gen","time_period","mean_target","var_target","bias","E1","E2"
0.1,"with_ssp370",18,9,0.0204142338531897,1.10949116924032,"hist+future",0.0294565686371964,1.106647280157,0.00904233478400664,0.00817092758112037,1.00256982431016
0.1,"without_ssp370",18,2,0.0979959416948349,1.11419658602801,"hist+future",0.0294565686371964,1.106647280157,0.0685393730576385,0.0619342533855187,1.00682178143513
0.1,"with_ssp370",18,9,-0.678794465985187,0.335164560020469,"hist",-0.668081624151398,0.329337848626692,0.0107128418337887,0.0325284259870533,1.01769220093613
0.1,"without_ssp370",18,2,-0.597388196728144,0.309016015249303,"hist",-0.668081624151398,0.329337848626692,0.0706934274232541,0.214653213161011,0.938294874208568
0.1,"with_ssp370",18,9,1.36191929749659,0.799338524650192,"future",1.36775658968508,0.800692907392898,0.0058372921884946,0.00729030085641843,0.998308486649251
0.1,"without_ssp370",18,2,1.43216318401799,0.854321858283446,"future",1.36775658968508,0.800692907392898,0.0644065943329108,0.0804385723143501,1.06697817652109
