"tol","archive","draw","n_stitched","mean_gen","var_gen","time_period","mean_target","var_target","bias","E1","E2"
0.1,"with_ssp245",4,3,-0.119959431212522,0.875836210978372,"hist+future",-0.0909842001830863,0.869044113816713,0.0289752310294354,0.0333414962126381,1.0078155953808
0.1,"without_ssp245",4,5,-0.10713151649797,0.872956868588108,"hist+future",-0.0909842001830863,0.869044113816713,0.0161473163148833,0.0185805485108998,1.00450236611604
0.1,"with_ssp245",4,3,-0.687536045696505,0.34008921926749,"hist",-0.653815287226304,0.338033221783591,0.0337207584702011,0.0997557526809867,1.00608223497398
0.1,"without_ssp245",4,5,-0.671463989514757,0.346086274278723,"hist",-0.653815287226304,0.338033221783591,0.0176487022884527,0.0522099638471375,1.0238232575267
0.1,"with_ssp245",4,3,0.968995701227679,0.459704303815762,"future",0.988866141237041,0.456776085592123,0.0198704400093617,0.0435014893207543,1.00641062068703
0.1,"without_ssp245",4,5,0.975599391034238,0.45825702014048,"future",0.988866141237041,0.456776085592123,0.0132667502028025,0.0290443186963362,1.00324214553929
