"tol","archive","draw","n_stitched","mean_gen","var_gen","time_period","mean_target","var_target","bias","E1","E2"
0.1,"with_ssp245",29,3,-0.117197107695981,0.868542136531001,"hist+future",-0.0909842001830863,0.869044113816713,0.0262129075128945,0.0301629193456835,0.999422379971591
0.1,"without_ssp245",29,5,-0.113393886426746,0.878772242869318,"hist+future",-0.0909842001830863,0.869044113816713,0.0224096862436595,0.0257865922884392,1.01119405666288
0.1,"with_ssp245",29,3,-0.678710195074877,0.343542729519275,"hist",-0.653815287226304,0.338033221783591,0.0248949078485731,0.0736463348697447,1.01629871675516
0.1,"without_ssp245",29,5,-0.681363620388786,0.342131417522446,"hist",-0.653815287226304,0.338033221783591,0.0275483331624814,0.0814959340893358,1.0121236478392
0.1,"with_ssp245",29,3,0.960124513437948,0.45612010529402,"future",0.988866141237041,0.456776085592123,0.0287416277990925,0.0629227945719498,0.998563890889226
0.1,"without_ssp245",29,5,0.976315486872516,0.47105081073926,"future",0.988866141237041,0.456776085592123,0.0125506543645245,0.0274766012503807,1.03125103436322
