"tol","archive","draw","n_stitched","mean_gen","var_gen","time_period","mean_target","var_target","bias","E1","E2"
0.1,"with_ssp370",21,9,0.0155457988054928,1.10625152483562,"hist+future",0.0294565686371964,1.106647280157,0.0139107698317035,0.0125701929432566,0.99964238350514
0.1,"without_ssp370",21,2,0.109963572172191,1.12089976290478,"hist+future",0.0294565686371964,1.106647280157,0.0805070035349947,0.0727485667552297,1.01287897508388
0.1,"with_ssp370",21,9,-0.682195675300576,0.328900054277931,"hist",-0.668081624151398,0.329337848626692,0.0141140511491773,0.0428558430439488,0.998670683158383
0.1,"without_ssp370",21,2,-0.595000387712222,0.309306198017848,"hist",-0.668081624151398,0.329337848626692,0.0730812364391762,0.221903545990593,0.939175983895035
0.1,"with_ssp370",21,9,1.35423583633458,0.798406166127631,"future",1.36775658968508,0.800692907392898,0.0135207533505037,0.0168863158717467,0.997144047057052
0.1,"without_ssp370",21,2,1.46251070450857,0.835378310991395,"future",1.36775658968508,0.800692907392898,0.0947541148234838,0.118340145077604,1.04331923422606
