"tol","archive","draw","n_stitched","mean_gen","var_gen","time_period","mean_target","var_target","bias","E1","E2"
0.1,"with_ssp370",122,9,0.028657239735003,1.10317162395489,"hist+future",0.0294565686371964,1.106647280157,0.000799328902193353,0.000722297805747062,0.996859291786621
0.1,"without_ssp370",122,2,0.0985788924105413,1.11800437857867,"hist+future",0.0294565686371964,1.106647280157,0.0691223237733449,0.062461025308388,1.01026261811267
0.1,"with_ssp370",122,9,-0.666685902011763,0.331961358137857,"hist",-0.668081624151398,0.329337848626692,0.00139572213963568,0.00423796458699087,1.0079660127802
0.1,"without_ssp370",122,2,-0.603217004709337,0.295554157669713,"hist",-0.668081624151398,0.329337848626692,0.064864619442061,0.196954646156038,0.897419348860589
0.1,"with_ssp370",122,9,1.3627458256445,0.795250985688721,"future",1.36775658968508,0.800692907392898,0.00501076404058609,0.0062580347525513,0.993203484564519
0.1,"without_ssp370",122,2,1.4450477647917,0.84851048608417,"future",1.36775658968508,0.800692907392898,0.0772911751066223,0.0965303606326261,1.05972024761274
