"tol","archive","draw","n_stitched","mean_gen","var_gen","time_period","mean_target","var_target","bias","E1","E2"
0.1,"with_ssp245",10,3,-0.120183144430742,0.878302570213702,"hist+future",-0.511662844981908,0.593844338519074,0.391479700551166,0.659229490218658,1.47901143994066
0.1,"without_ssp245",10,5,-0.111486030671482,0.869809236513019,"hist+future",-0.511662844981908,0.593844338519074,0.400176814310426,0.673874933805691,1.46470915035099
0.1,"with_ssp245",10,3,-0.689659855885674,0.342692354296592,"hist",-0.668081624151398,0.329337848626692,0.0215782317342753,0.0655200482551717,1.04054956247995
0.1,"without_ssp245",10,5,-0.67338160999071,0.338002692406838,"hist",-0.668081624151398,0.329337848626692,0.00529998583931168,0.0160928537713237,1.02630989367386
0.1,"with_ssp245",10,3,0.97241752289558,0.456536528886736,"future",0.988866141237041,0.456776085592123,0.0164486183414608,0.0360102441005386,0.99947554893318
0.1,"without_ssp245",10,5,0.966569441278199,0.469031198206286,"future",0.988866141237041,0.456776085592123,0.0222966999588423,0.0488131946092119,1.02682958456171
