"tol","archive","draw","n_stitched","mean_gen","var_gen","time_period","mean_target","var_target","bias","E1","E2"
0.1,"with_ssp245",193,3,-0.119430703257735,0.874600454936225,"hist+future",-0.0909842001830863,0.869044113816713,0.0284465030746487,0.0327330944682611,1.00639362378868
0.1,"without_ssp245",193,4,-0.0989925186994092,0.865513042626379,"hist+future",-0.0909842001830863,0.869044113816713,0.00800831851632286,0.0092150886117294,0.995936833200761
0.1,"with_ssp245",193,3,-0.685217612080136,0.342851875140592,"hist",-0.653815287226304,0.338033221783591,0.0314023248538314,0.0928971557533335,1.01425496976769
0.1,"without_ssp245",193,4,-0.658715009780841,0.339550447357996,"hist",-0.653815287226304,0.338033221783591,0.00489972255453719,0.0144947958922037,1.00448839189947
0.1,"with_ssp245",193,3,0.96609069157594,0.461274801965504,"future",0.988866141237041,0.456776085592123,0.0227754496611006,0.0498613004916327,1.00984884391999
0.1,"without_ssp245",193,4,0.97489365604985,0.457839163379776,"future",0.988866141237041,0.456776085592123,0.0139724851871909,0.0305893535758953,1.00232734992305
