"tol","archive","draw","n_stitched","mean_gen","var_gen","time_period","mean_target","var_target","bias","E1","E2"
0.1,"with_ssp370",38,10,0.0316912986857524,1.10545544222207,"hist+future",0.0294565686371964,1.106647280157,0.00223473004855603,0.00201936975640422,0.998923019144134
0.1,"without_ssp370",38,2,0.10641152814147,1.12336810851749,"hist+future",0.0294565686371964,1.106647280157,0.0769549595042733,0.0695388321863096,1.0151094469397
0.1,"with_ssp370",38,10,-0.665671527661183,0.329215436859818,"hist",-0.668081624151398,0.329337848626692,0.00241009649021484,0.00731800641883317,0.999628309447623
0.1,"without_ssp370",38,2,-0.602324382677552,0.296417920531673,"hist",-0.668081624151398,0.329337848626692,0.0657572414738463,0.199664999780766,0.900042074628556
0.1,"with_ssp370",38,10,1.36965486086301,0.79682781306558,"future",1.36775658968508,0.800692907392898,0.00189827117793162,0.00237078555386796,0.99517281308273
0.1,"without_ssp370",38,2,1.46619554308494,0.83610575248579,"future",1.36775658968508,0.800692907392898,0.09843895339986,0.122942207294408,1.04422774919813
