"tol","archive","draw","n_stitched","mean_gen","var_gen","time_period","mean_target","var_target","bias","E1","E2"
0.1,"with_ssp245",70,3,-0.121643380755728,0.874244858152647,"hist+future",-0.0909842001830863,0.869044113816713,0.0306591805726412,0.0352791993929866,1.00598444227773
0.1,"without_ssp245",70,5,-0.106421466346078,0.874132467637731,"hist+future",-0.0909842001830863,0.869044113816713,0.015437266162992,0.0177635012050123,1.00585511568414
0.1,"with_ssp245",70,3,-0.688103806368939,0.34142282568801,"hist",-0.653815287226304,0.338033221783591,0.0342885191426344,0.101435352897313,1.01002742832948
0.1,"without_ssp245",70,5,-0.672630974461613,0.34209059318933,"hist",-0.653815287226304,0.338033221783591,0.0188156872353086,0.0556622427110267,1.01200287765898
0.1,"with_ssp245",70,3,0.965170226525433,0.456670073377638,"future",0.988866141237041,0.456776085592123,0.0236959147116077,0.0518764345574057,0.999767912073709
0.1,"without_ssp245",70,5,0.979910729456982,0.457574202237741,"future",0.988866141237041,0.456776085592123,0.0089554117800591,0.0196056931668174,1.00174728202897
