"tol","archive","draw","n_stitched","mean_gen","var_gen","time_period","mean_target","var_target","bias","E1","E2"
0.1,"with_ssp370",100,10,0.0280150653768807,1.10646562489133,"hist+future",0.0294565686371964,1.106647280157,0.00144150326031573,0.0013025860056433,0.999835850800045
0.1,"without_ssp370",100,2,0.0931870855477401,1.12707640573998,"hist+future",0.0294565686371964,1.106647280157,0.0637305169105437,0.0575888253224663,1.01846037662523
0.1,"with_ssp370",100,10,-0.670072807400736,0.331892177926262,"hist",-0.668081624151398,0.329337848626692,0.00199118324933767,0.00604602009043514,1.00775595428895
0.1,"without_ssp370",100,2,-0.617031450837323,0.314223475325787,"hist",-0.668081624151398,0.329337848626692,0.0510501733140749,0.155008522485191,0.954106783159205
0.1,"with_ssp370",100,10,1.36736970500835,0.795230658125436,"future",1.36775658968508,0.800692907392898,0.000386884676726984,0.00048318734080798,0.993178097099365
0.1,"without_ssp370",100,2,1.45581567279815,0.83111660148139,"future",1.36775658968508,0.800692907392898,0.0880590831130712,0.109978597662113,1.03799670736132
