"tol","archive","draw","n_stitched","mean_gen","var_gen","time_period","mean_target","var_target","bias","E1","E2"
0.1,"with_ssp370",54,9,0.0297013515984594,1.10477406661804,"hist+future",0.0294565686371964,1.106647280157,0.000244782961262981,0.000221193297676794,0.998307307511125
0.1,"without_ssp370",54,2,0.10354231341579,1.11565560339327,"hist+future",0.0294565686371964,1.106647280157,0.0740857447785937,0.0669461228586614,1.00814019371646
0.1,"with_ssp370",54,9,-0.668050769183968,0.332599824220216,"hist",-0.668081624151398,0.329337848626692,3.08549674306047e-05,9.36878878612555e-05,1.00990464839412
0.1,"without_ssp370",54,2,-0.604525270154892,0.284582215537312,"hist",-0.668081624151398,0.329337848626692,0.0635563539965062,0.19298223469161,0.864104191862528
0.1,"with_ssp370",54,9,1.36841181589033,0.789384759340549,"future",1.36775658968508,0.800692907392898,0.00065522620524372,0.000818323978136854,0.985877047307477
0.1,"without_ssp370",54,2,1.4620440725921,0.816726864047436,"future",1.36775658968508,0.800692907392898,0.0942874829070177,0.117757359952173,1.02002510139217
