"tol","archive","draw","n_stitched","mean_gen","var_gen","time_period","mean_target","var_target","bias","E1","E2"
0.1,"with_ssp245",52,3,-0.120315103943867,0.875162573182751,"hist+future",-0.0909842001830863,0.869044113816713,0.0293309037607806,0.0337507651158969,1.00704044739359
0.1,"without_ssp245",52,5,-0.117137448767667,0.87144926142168,"hist+future",-0.0909842001830863,0.869044113816713,0.0261532485845802,0.0300942704389527,1.00276757826988
0.1,"with_ssp245",52,3,-0.687213941185534,0.345361857354585,"hist",-0.653815287226304,0.338033221783591,0.03339865395923,0.0988028744127754,1.0216802228264
0.1,"without_ssp245",52,5,-0.679480205050489,0.338709109029733,"hist",-0.653815287226304,0.338033221783591,0.0256649178241849,0.0759242469978751,1.00199946988221
0.1,"with_ssp245",52,3,0.967339641926774,0.453047528034627,"future",0.988866141237041,0.456776085592123,0.0215264993102672,0.0471270278573411,0.991837231249394
0.1,"without_ssp245",52,5,0.96177597898426,0.473917534903101,"future",0.988866141237041,0.456776085592123,0.0270901622527805,0.0593073129423211,1.03752702878207
