"tol","archive","draw","n_stitched","mean_gen","var_gen","time_period","mean_target","var_target","bias","E1","E2"
0.1,"with_ssp245",45,3,-0.118285223988697,0.873209809403472,"hist+future",-0.0909842001830863,0.869044113816713,0.0273010238056105,0.0314150034176153,1.0047934224748
0.1,"without_ssp245",45,5,-0.10083496090922,0.876867750619563,"hist+future",-0.0909842001830863,0.869044113816713,0.009850760726134,0.0113351676508928,1.00900257728976
0.1,"with_ssp245",45,3,-0.682908173295713,0.346125054557465,"hist",-0.653815287226304,0.338033221783591,0.029092886069409,0.0860651681391074,1.02393798080312
0.1,"without_ssp245",45,5,-0.66873014001309,0.337641203185804,"hist",-0.653815287226304,0.338033221783591,0.0149148527867856,0.0441224466284385,0.998840295649882
0.1,"with_ssp245",45,3,0.965002992704997,0.456863221183092,"future",0.988866141237041,0.456776085592123,0.0238631485320435,0.0522425522805326,1.00019076215616
0.1,"without_ssp245",45,5,0.98873137109239,0.467389886449083,"future",0.988866141237041,0.456776085592123,0.000134770144651242,0.000295046410927004,1.02323633218057
