"tol","archive","draw","n_stitched","mean_gen","var_gen","time_period","mean_target","var_target","bias","E1","E2"
0.1,"with_ssp245",103,3,-0.116245327215104,0.872433354233859,"hist+future",-0.0909842001830863,0.869044113816713,0.0252611270320181,0.0290677154708234,1.00389996360744
0.1,"without_ssp245",103,5,-0.102684254903116,0.882255610980931,"hist+future",-0.0909842001830863,0.869044113816713,0.0117000547200297,0.0134631309665569,1.01520233202685
0.1,"with_ssp245",103,3,-0.681789010888686,0.339693965119776,"hist",-0.653815287226304,0.338033221783591,0.0279737236623822,0.0827543621741738,1.00491295893173
0.1,"without_ssp245",103,5,-0.673294374885955,0.338600384222252,"hist",-0.653815287226304,0.338033221783591,0.0194790876596511,0.0576247729642432,1.00167783046787
0.1,"with_ssp245",103,3,0.968809414716768,0.455396845359767,"future",0.988866141237041,0.456776085592123,0.0200567265202731,0.0439093182697457,0.996980489399816
0.1,"without_ssp245",103,5,0.992090975296517,0.477036039612314,"future",0.988866141237041,0.456776085592123,0.00322483405947649,0.00705998882427505,1.0443542353885
