"tol","archive","draw","n_stitched","mean_gen","var_gen","time_period","mean_target","var_target","bias","E1","E2"
0.1,"with_ssp245",160,3,-0.117278449596722,0.866618993192956,"hist+future",-0.0909842001830863,0.869044113816713,0.0262942494136354,0.0302565186226911,0.997209438985662
0.1,"without_ssp245",160,4,-0.0959380520870829,0.876878504346704,"hist+future",-0.0909842001830863,0.869044113816713,0.00495385190399657,0.00570034573071324,1.00901495149145
0.1,"with_ssp245",160,3,-0.679234516658424,0.334959817994779,"hist",-0.653815287226304,0.338033221783591,0.0254192294321198,0.0751974297023184,0.990907983030201
0.1,"without_ssp245",160,4,-0.661980507205329,0.339737675859628,"hist",-0.653815287226304,0.338033221783591,0.00816521997902442,0.0241550813731905,1.00504226793758
0.1,"with_ssp245",160,3,0.960893074417009,0.454618059628239,"future",0.988866141237041,0.456776085592123,0.0279730668200318,0.0612402174771694,0.995275527699559
0.1,"without_ssp245",160,4,0.990073635058389,0.476785060457277,"future",0.988866141237041,0.456776085592123,0.00120749382134766,0.00264351365895694,1.0438047776499
