"tol","archive","draw","n_stitched","mean_gen","var_gen","time_period","mean_target","var_target","bias","E1","E2"
0.1,"with_ssp370",44,10,0.0261897189481002,1.10276681707151,"hist+future",0.0294565686371964,1.106647280157,0.00326684968909618,0.0029520243239858,0.996493496026185
0.1,"without_ssp370",44,2,0.111159268939757,1.12677491070735,"hist+future",0.0294565686371964,1.106647280157,0.081702700302561,0.0738290345691449,1.0181879365822
0.1,"with_ssp370",44,10,-0.667750318218523,0.327195895804322,"hist",-0.668081624151398,0.329337848626692,0.000331305932875448,0.00100597588238632,0.993496183838868
0.1,"without_ssp370",44,2,-0.600102310637826,0.30802787035203,"hist",-0.668081624151398,0.329337848626692,0.0679793135135727,0.206412089582294,0.935294475373777
0.1,"with_ssp370",44,10,1.35758630188406,0.80426081368712,"future",1.36775658968508,0.800692907392898,0.0101702878010186,0.0127018582369284,1.00445602335337
0.1,"without_ssp370",44,2,1.4757890437107,0.829355364395518,"future",1.36775658968508,0.800692907392898,0.10803245402562,0.134923705490761,1.03579706618852
