"tol","archive","draw","n_stitched","mean_gen","var_gen","time_period","mean_target","var_target","bias","E1","E2"
0.1,"with_ssp245",179,3,-0.11136878168346,0.88155039846031,"hist+future",-0.0909842001830863,0.869044113816713,0.0203845815003738,0.0234563253766805,1.01439085133282
0.1,"without_ssp245",179,5,-0.10307367967283,0.873690725749422,"hist+future",-0.0909842001830863,0.869044113816713,0.0120894794897432,0.0139112379884239,1.00534680789943
0.1,"with_ssp245",179,3,-0.683719772792594,0.3499476909604,"hist",-0.653815287226304,0.338033221783591,0.0299044855662897,0.0884661140952427,1.03524644445875
0.1,"without_ssp245",179,5,-0.67012767691856,0.336089643108819,"hist",-0.653815287226304,0.338033221783591,0.0163123896922562,0.0482567648415913,0.994250332365212
0.1,"with_ssp245",179,3,0.986746491956157,0.44389342186224,"future",0.988866141237041,0.456776085592123,0.00211964928088404,0.00464045589894734,0.971796545098934
0.1,"without_ssp245",179,5,0.984878756903282,0.457780159636273,"future",0.988866141237041,0.456776085592123,0.00398738433375911,0.00872940694474019,1.00219817559592
