"tol","archive","draw","n_stitched","mean_gen","var_gen","time_period","mean_target","var_target","bias","E1","E2"
0.1,"with_ssp245",156,3,-0.119617481345631,0.875784432215413,"hist+future",-0.0909842001830863,0.869044113816713,0.0286332811625452,0.0329480180664156,1.00775601409818
0.1,"without_ssp245",156,5,-0.106939028993143,0.870946603750475,"hist+future",-0.0909842001830863,0.869044113816713,0.0159548288100562,0.0183590551462169,1.00218917532898
0.1,"with_ssp245",156,3,-0.688294996444625,0.340377139864043,"hist",-0.653815287226304,0.338033221783591,0.0344797092183212,0.102000948416825,1.00693398734031
0.1,"without_ssp245",156,5,-0.671235298527906,0.334678727333347,"hist",-0.653815287226304,0.338033221783591,0.0174200113016019,0.0515334297903836,0.990076435586582
0.1,"with_ssp245",156,3,0.971449844134996,0.45128061825574,"future",0.988866141237041,0.456776085592123,0.0174162971020446,0.0381287410864948,0.987969012586859
0.1,"without_ssp245",156,5,0.975722418370067,0.46357051340597,"future",0.988866141237041,0.456776085592123,0.0131437228669743,0.0287749803055823,1.01487474504065
