"tol","archive","draw","n_stitched","mean_gen","var_gen","time_period","mean_target","var_target","bias","E1","E2"
0.1,"with_ssp370",36,10,0.0231066575264628,1.10558745412104,"hist+future",0.0294565686371964,1.106647280157,0.00634991111073359,0.00573797200299697,0.999042309094357
0.1,"without_ssp370",36,2,0.0968423043288388,1.12135343280976,"hist+future",0.0294565686371964,1.106647280157,0.0673857356916424,0.0608917917207392,1.01328892495057
0.1,"with_ssp370",36,10,-0.67407873623557,0.325975246180877,"hist",-0.668081624151398,0.329337848626692,0.0059971120841722,0.0182096048455396,0.989789808672654
0.1,"without_ssp370",36,2,-0.606688258494137,0.306262856555538,"hist",-0.668081624151398,0.329337848626692,0.0613933656572617,0.186414546379246,0.929935195218603
0.1,"with_ssp370",36,10,1.36072979672106,0.800780649159107,"future",1.36775658968508,0.800692907392898,0.00702679296401976,0.00877589010610747,1.00010958229478
0.1,"without_ssp370",36,2,1.44663931439618,0.846057350128351,"future",1.36775658968508,0.800692907392898,0.0788827247110937,0.0985180760098655,1.05665648130088
