"tol","archive","draw","n_stitched","mean_gen","var_gen","time_period","mean_target","var_target","bias","E1","E2"
0.1,"with_ssp245",131,3,-0.119330844680377,0.870860204097147,"hist+future",-0.0909842001830863,0.869044113816713,0.0283466444972907,0.0326181882445489,1.00208975614881
0.1,"without_ssp245",131,4,-0.096324290067782,0.872396918765324,"hist+future",-0.0909842001830863,0.869044113816713,0.00534008988469568,0.00614478574769099,1.00385803769372
0.1,"with_ssp245",131,3,-0.684021768443937,0.334268686748131,"hist",-0.653815287226304,0.338033221783591,0.0302064812176326,0.0893595045429314,0.988863416987249
0.1,"without_ssp245",131,4,-0.660358915680558,0.336176473680871,"hist",-0.653815287226304,0.338033221783591,0.0065436284542536,0.0193579448189351,0.994507202301232
0.1,"with_ssp245",131,3,0.964087788121802,0.460226051373327,"future",0.988866141237041,0.456776085592123,0.0247783531152395,0.0542461698342177,1.00755285990231
0.1,"without_ssp245",131,4,0.985835166049753,0.470921409893921,"future",0.988866141237041,0.456776085592123,0.00303097518728801,0.00663558203437671,1.03096774272554
