"tol","archive","draw","n_stitched","mean_gen","var_gen","time_period","mean_target","var_target","bias","E1","E2"
0.1,"with_ssp370",123,8,0.028921409275203,1.10641880872696,"hist+future",0.0294565686371964,1.106647280157,0.000535159361993356,0.000483586208170533,0.999793546295975
0.1,"without_ssp370",123,2,0.0924673431087098,1.13072497200964,"hist+future",0.0294565686371964,1.106647280157,0.0630107744715134,0.0569384442553134,1.02175733161268
0.1,"with_ssp370",123,8,-0.670722265057049,0.32540032142945,"hist",-0.668081624151398,0.329337848626692,0.00264064090565108,0.00801803047132999,0.98804410967746
0.1,"without_ssp370",123,2,-0.620481097968615,0.293766690467314,"hist",-0.668081624151398,0.329337848626692,0.0476005261827832,0.144534029056402,0.891991891282139
0.1,"with_ssp370",123,8,1.37126101700569,0.792430887415213,"future",1.36775658968508,0.800692907392898,0.00350442732060574,0.0043767433035174,0.989681412310013
0.1,"without_ssp370",123,2,1.46033353819893,0.84672130150365,"future",1.36775658968508,0.800692907392898,0.0925769485138446,0.115621042298577,1.0574857023033
