"tol","archive","draw","n_stitched","mean_gen","var_gen","time_period","mean_target","var_target","bias","E1","E2"
0.1,"with_ssp245",31,3,-0.114399065694939,0.871257932585816,"hist+future",-0.0909842001830863,0.869044113816713,0.0234148655118529,0.0269432415910607,1.00254741817349
0.1,"without_ssp245",31,5,-0.108911002006598,0.871632819854279,"hist+future",-0.0909842001830863,0.869044113816713,0.0179268018235117,0.0206281839304794,1.00297879704426
0.1,"with_ssp245",31,3,-0.678978600182485,0.340690164596041,"hist",-0.653815287226304,0.338033221783591,0.0251633129561811,0.0744403547775865,1.00786000499723
0.1,"without_ssp245",31,5,-0.672391546948019,0.343118474450465,"hist",-0.653815287226304,0.338033221783591,0.0185762597217144,0.0549539469040913,1.01504364760375
0.1,"with_ssp245",31,3,0.96880585512419,0.454105057955775,"future",0.988866141237041,0.456776085592123,0.020060286112851,0.0439171111308218,0.994152435469809
0.1,"without_ssp245",31,5,0.972185392357755,0.461051975075855,"future",0.988866141237041,0.456776085592123,0.0166807488792855,0.0365184373819879,1.00936101871049
