"tol","archive","draw","n_stitched","mean_gen","var_gen","time_period","mean_target","var_target","bias","E1","E2"
0.1,"with_ssp245",114,3,-0.116727666383766,0.874147236736092,"hist+future",-0.0909842001830863,0.869044113816713,0.0257434662006801,0.0296227381227158,1.00587211033162
0.1,"without_ssp245",114,4,-0.103118187402937,0.868341056841307,"hist+future",-0.0909842001830863,0.869044113816713,0.0121339872198509,0.0139624525693641,0.999190999669375
0.1,"with_ssp245",114,3,-0.683239441177178,0.3405353883261,"hist",-0.653815287226304,0.338033221783591,0.0294241539508738,0.0870451543064934,1.00740213204284
0.1,"without_ssp245",114,4,-0.665600569480565,0.335220708762189,"hist",-0.653815287226304,0.338033221783591,0.0117852822542611,0.0348642721921754,0.991679773347239
0.1,"with_ssp245",114,3,0.970184459673361,0.457038714826205,"future",0.988866141237041,0.456776085592123,0.0186816815636803,0.040898992204163,1.00057496274951
0.1,"without_ssp245",114,4,0.976063127048326,0.460624258174516,"future",0.988866141237041,0.456776085592123,0.0128030141887149,0.0280290816278576,1.00842463671758
