"tol","archive","draw","n_stitched","mean_gen","var_gen","time_period","mean_target","var_target","bias","E1","E2"
0.1,"with_ssp245",153,3,-0.108573414689006,0.870529357217386,"hist+future",-0.0909842001830863,0.869044113816713,0.0175892145059194,0.0202397257242445,1.0017090540941
0.1,"without_ssp245",153,5,-0.110167546211253,0.88607137275474,"hist+future",-0.0909842001830863,0.869044113816713,0.0191833460281667,0.022074076244434,1.01959308931194
0.1,"with_ssp245",153,3,-0.672905979058175,0.339125453678315,"hist",-0.653815287226304,0.338033221783591,0.0190906918318705,0.0564757858151953,1.00323113772356
0.1,"without_ssp245",153,5,-0.681866571217281,0.338295553036261,"hist",-0.653815287226304,0.338033221783591,0.0280512839909763,0.0829838080498927,1.0007760516889
0.1,"with_ssp245",153,3,0.974157668112307,0.453993504492661,"future",0.988866141237041,0.456776085592123,0.0147084731247341,0.0322006199288375,0.993908216329114
0.1,"without_ssp245",153,5,0.986696862230544,0.490613659231158,"future",0.988866141237041,0.456776085592123,0.00216927900649722,0.00474910809677166,1.07407912696474
