"tol","archive","draw","n_stitched","mean_gen","var_gen","time_period","mean_target","var_target","bias","E1","E2"
0.1,"with_ssp245",5,3,-0.118320808467947,0.877378666326929,"hist+future",-0.511662844981908,0.593844338519074,0.393342036513961,0.662365557773734,1.4774556384842
0.1,"without_ssp245",5,4,-0.0951941317073166,0.861691927069358,"hist+future",-0.511662844981908,0.593844338519074,0.416468713274591,0.701309562558395,1.45104006416604
0.1,"with_ssp245",5,3,-0.685742469134398,0.348866473479361,"hist",-0.668081624151398,0.329337848626692,0.0176608449829997,0.0536253122944834,1.0592966309038
0.1,"without_ssp245",5,4,-0.653909588181793,0.327144195324702,"hist",-0.668081624151398,0.329337848626692,0.0141720359696057,0.0430319078985357,0.993339200729166
0.1,"with_ssp245",5,3,0.970337028857221,0.456733904527754,"future",0.988866141237041,0.456776085592123,0.0185291123798198,0.0405649791315155,0.999907654831987
0.1,"without_ssp245",5,4,0.976759941761155,0.461014113872913,"future",0.988866141237041,0.456776085592123,0.0121061994758862,0.0265035755105104,1.00927813082705
