"tol","archive","draw","n_stitched","mean_gen","var_gen","time_period","mean_target","var_target","bias","E1","E2"
0.1,"with_ssp245",167,3,-0.121928659855437,0.879344893683053,"hist+future",-0.0909842001830863,0.869044113816713,0.0309444596723508,0.0356074670783366,1.01185299998305
0.1,"without_ssp245",167,4,-0.0933667595840504,0.86774569814187,"hist+future",-0.0909842001830863,0.869044113816713,0.00238255940096403,0.00274158625906824,0.998505926621906
0.1,"with_ssp245",167,3,-0.690843804276881,0.347139398469132,"hist",-0.653815287226304,0.338033221783591,0.0370285170505763,0.10954105887936,1.02693870335434
0.1,"without_ssp245",167,4,-0.654964969591336,0.334095736246994,"hist",-0.653815287226304,0.338033221783591,0.00114968236503132,0.00340109282444241,0.988351779402564
0.1,"with_ssp245",167,3,0.969594582348495,0.459873102373686,"future",0.988866141237041,0.456776085592123,0.019271558888546,0.0421903849531968,1.00678016402183
0.1,"without_ssp245",167,4,0.984118178220625,0.46495218512883,"future",0.988866141237041,0.456776085592123,0.00474796301641633,0.0103945087454863,1.01789957879714
