"tol","archive","draw","n_stitched","mean_gen","var_gen","time_period","mean_target","var_target","bias","E1","E2"
0.1,"with_ssp245",144,3,-0.121821851198269,0.876154178524388,"hist+future",-0.0909842001830863,0.869044113816713,0.0308376510151824,0.035484563470257,1.00818147732047
0.1,"without_ssp245",144,5,-0.104202254317057,0.878720013964361,"hist+future",-0.0909842001830863,0.869044113816713,0.0132180541339708,0.0152098770635694,1.01113395740655
0.1,"with_ssp245",144,3,-0.686972175475315,0.346493536202498,"hist",-0.653815287226304,0.338033221783591,0.0331568882490103,0.0980876615442175,1.02502805604215
0.1,"without_ssp245",144,5,-0.672728701791477,0.341189746128693,"hist",-0.653815287226304,0.338033221783591,0.0189134145651733,0.0559513484070557,1.00933791160658
0.1,"with_ssp245",144,3,0.962478189565831,0.468994265890409,"future",0.988866141237041,0.456776085592123,0.0263879516712101,0.0577699938844285,1.02674873025029
0.1,"without_ssp245",144,5,0.986575232116424,0.468300449148668,"future",0.988866141237041,0.456776085592123,0.00229090912061725,0.00501538761086304,1.02522978746054
