"tol","archive","draw","n_stitched","mean_gen","var_gen","time_period","mean_target","var_target","bias","E1","E2"
0.1,"with_ssp245",75,3,-0.114960072375951,0.86885522180211,"hist+future",-0.0909842001830863,0.869044113816713,0.023975872192865,0.0275887861291258,0.999782643928427
0.1,"without_ssp245",75,5,-0.106926160912765,0.869013982989465,"hist+future",-0.0909842001830863,0.869044113816713,0.0159419607296784,0.0183442479803052,0.999965328771269
0.1,"with_ssp245",75,3,-0.677774172090219,0.334737347736493,"hist",-0.653815287226304,0.338033221783591,0.023958884863915,0.0708773082642552,0.990249851687038
0.1,"without_ssp245",75,5,-0.668880490602945,0.341428884634266,"hist",-0.653815287226304,0.338033221783591,0.0150652033766407,0.0445672271416135,1.01004535244423
0.1,"with_ssp245",75,3,0.964857677075842,0.461405035109413,"future",0.988866141237041,0.456776085592123,0.0240084641611994,0.052560685461624,1.0101339576727
0.1,"without_ssp245",75,5,0.971242029771883,0.459463162129498,"future",0.988866141237041,0.456776085592123,0.0176241114651575,0.0385837000251693,1.00588269969058
