"tol","archive","draw","n_stitched","mean_gen","var_gen","time_period","mean_target","var_target","bias","E1","E2"
0.1,"with_ssp370",15,9,0.0274090722759948,1.11239092838092,"hist+future",0.0294565686371964,1.106647280157,0.00204749636120159,0.00185017972565849,1.00519013449625
0.1,"without_ssp370",15,2,0.101873115217278,1.11484682092938,"hist+future",0.0294565686371964,1.106647280157,0.0724165465800811,0.0654377848105384,1.00740935338604
0.1,"with_ssp370",15,9,-0.675663125871465,0.328546009337937,"hist",-0.668081624151398,0.329337848626692,0.00758150172006711,0.0230204385911952,0.997595662654453
0.1,"without_ssp370",15,2,-0.600282004475645,0.304874081247453,"hist",-0.668081624151398,0.329337848626692,0.0677996196757535,0.205866468000783,0.925718323960483
0.1,"with_ssp370",15,9,1.37632666174496,0.797382697984503,"future",1.36775658968508,0.800692907392898,0.00857007205987781,0.0107033195632798,0.995865818995234
0.1,"without_ssp370",15,2,1.44903119369788,0.828074078233363,"future",1.36775658968508,0.800692907392898,0.0812746040128027,0.101505337767306,1.03419684449263
