"tol","archive","draw","n_stitched","mean_gen","var_gen","time_period","mean_target","var_target","bias","E1","E2"
0.1,"with_ssp370",34,9,0.0216672627692163,1.10607284427902,"hist+future",0.0294565686371964,1.106647280157,0.00778930586798011,0.00703865270140551,0.999480922342398
0.1,"without_ssp370",34,2,0.103640664126916,1.1168520118715,"hist+future",0.0294565686371964,1.106647280157,0.0741840954897199,0.0670349955400384,1.00922130465369
0.1,"with_ssp370",34,9,-0.677039714228913,0.323456327289188,"hist",-0.668081624151398,0.329337848626692,0.00895809007751447,0.0272003054458176,0.982141374390979
0.1,"without_ssp370",34,2,-0.601391407702604,0.312063544178171,"hist",-0.668081624151398,0.329337848626692,0.0666902164487945,0.202497880905236,0.947548377690103
0.1,"with_ssp370",34,9,1.36220971863772,0.797217495023986,"future",1.36775658968508,0.800692907392898,0.00554687104736162,0.00692758858751797,0.995659493999731
0.1,"without_ssp370",34,2,1.45631847635797,0.816995498475791,"future",1.36775658968508,0.800692907392898,0.088561886672891,0.110606558213752,1.02036060383746
