"tol","archive","draw","n_stitched","mean_gen","var_gen","time_period","mean_target","var_target","bias","E1","E2"
0.1,"with_ssp245",77,3,-0.120520755264494,0.877086148813977,"hist+future",-0.0909842001830863,0.869044113816713,0.0295365550814076,0.0339874059461578,1.00925388581478
0.1,"without_ssp245",77,5,-0.108554607525539,0.878080472188074,"hist+future",-0.0909842001830863,0.869044113816713,0.0175704073424524,0.0202180845173506,1.01039804335326
0.1,"with_ssp245",77,3,-0.687488023916272,0.342196209488123,"hist",-0.653815287226304,0.338033221783591,0.0336727366899678,0.0996136903713124,1.01231532120591
0.1,"without_ssp245",77,5,-0.674728157757868,0.342027489109125,"hist",-0.653815287226304,0.338033221783591,0.0209128705315638,0.0618663172253293,1.01181619754549
0.1,"with_ssp245",77,3,0.967265283427871,0.467827100959033,"future",0.988866141237041,0.456776085592123,0.0216008578091699,0.0472898176820454,1.02419350687457
0.1,"without_ssp245",77,5,0.977708599315558,0.479485879543022,"future",0.988866141237041,0.456776085592123,0.0111575419214827,0.0244267208232214,1.04971756330339
