"tol","archive","draw","n_stitched","mean_gen","var_gen","time_period","mean_target","var_target","bias","E1","E2"
0.1,"with_ssp370",98,9,0.0194333088664804,1.10994642838964,"hist+future",0.0294565686371964,1.106647280157,0.010023259770716,0.00905732110893911,1.00298121026618
0.1,"without_ssp370",98,2,0.0871161482059797,1.12880040230425,"hist+future",0.0294565686371964,1.106647280157,0.0576595795687833,0.0521029424665493,1.02001823213636
0.1,"with_ssp370",98,9,-0.679031221424141,0.335440526693083,"hist",-0.668081624151398,0.329337848626692,0.0109495972727426,0.0332473091641345,1.01853014493122
0.1,"without_ssp370",98,2,-0.624037062856932,0.311447692517738,"hist",-0.668081624151398,0.329337848626692,0.0440445612944662,0.133736712856199,0.945678408407796
0.1,"with_ssp370",98,9,1.3595106053543,0.804593111553848,"future",1.36775658968508,0.800692907392898,0.00824598433078139,0.0102985604776128,1.00487103622992
0.1,"without_ssp370",98,2,1.45153800664064,0.835468687736091,"future",1.36775658968508,0.800692907392898,0.0837814169555544,0.104636142248782,1.04343210739361
