"tol","archive","draw","n_stitched","mean_gen","var_gen","time_period","mean_target","var_target","bias","E1","E2"
0.1,"with_ssp370",46,9,0.02462157998123,1.10865122204658,"hist+future",0.0294565686371964,1.106647280157,0.00483498865596641,0.0043690421895588,1.00181082258594
0.1,"without_ssp370",46,2,0.118759590090421,1.1198211294883,"hist+future",0.0294565686371964,1.106647280157,0.0893030214532242,0.0806969149560961,1.01190428925957
0.1,"with_ssp370",46,9,-0.676385136512822,0.327833204821529,"hist",-0.668081624151398,0.329337848626692,0.00830351236142401,0.0252127485378582,0.995431306145231
0.1,"without_ssp370",46,2,-0.589892085926954,0.309207914409435,"hist",-0.668081624151398,0.329337848626692,0.0781895382244445,0.237414371140419,0.938877555977253
0.1,"with_ssp370",46,9,1.36957632674307,0.792915661895596,"future",1.36775658968508,0.800692907392898,0.0018197370579931,0.00227270285672727,0.990286856014967
0.1,"without_ssp370",46,2,1.47838199175166,0.813345554118697,"future",1.36775658968508,0.800692907392898,0.110625402066581,0.138162085670002,1.01580212164861
