"tol","archive","draw","n_stitched","mean_gen","var_gen","time_period","mean_target","var_target","bias","E1","E2"
0.1,"with_ssp245",9,3,-0.117981613158181,0.879383792855024,"hist+future",-0.511662844981908,0.593844338519074,0.393681231823727,0.662936743331573,1.48083215720811
0.1,"without_ssp245",9,5,-0.0998899423482229,0.879235251389949,"hist+future",-0.511662844981908,0.593844338519074,0.411772902633685,0.693402085234258,1.48058202185202
0.1,"with_ssp245",9,3,-0.687671629366935,0.347954772968842,"hist",-0.668081624151398,0.329337848626692,0.0195900052155371,0.0594830059685687,1.05652834746987
0.1,"without_ssp245",9,5,-0.667759734778037,0.339346231833173,"hist",-0.668081624151398,0.329337848626692,0.000321889373361528,0.000977383482353383,1.03038941089891
0.1,"with_ssp245",9,3,0.975028301660942,0.453469283963726,"future",0.988866141237041,0.456776085592123,0.0138378395760989,0.0302945798008684,0.992760563145265
0.1,"without_ssp245",9,5,0.989627682662466,0.478070043479098,"future",0.988866141237041,0.456776085592123,0.000761541425425394,0.00166720949157879,1.04661793504222
