"tol","archive","draw","n_stitched","mean_gen","var_gen","time_period","mean_target","var_target","bias","E1","E2"
0.1,"with_ssp245",182,3,-0.120601821657655,0.880170495150103,"hist+future",-0.0909842001830863,0.869044113816713,0.0296176214745684,0.0340806881994657,1.01280301098241
0.1,"without_ssp245",182,4,-0.0948817437594314,0.868321132316707,"hist+future",-0.0909842001830863,0.869044113816713,0.00389754357634502,0.00448486275251044,0.999168072726676
0.1,"with_ssp245",182,3,-0.691482815674992,0.34455201232585,"hist",-0.653815287226304,0.338033221783591,0.0376675284486879,0.111431439341789,1.01928446709428
0.1,"without_ssp245",182,4,-0.655562701558762,0.33449423278127,"hist",-0.653815287226304,0.338033221783591,0.0017474143324574,0.00516935679646331,0.989530647361675
0.1,"with_ssp245",182,3,0.974693108724446,0.454508690195844,"future",0.988866141237041,0.456776085592123,0.0141730325125947,0.0310284031052591,0.995036089962242
0.1,"without_ssp245",182,4,0.980843349692772,0.473678217384932,"future",0.988866141237041,0.456776085592123,0.00802279154426888,0.0175639482830387,1.03700310135742
