"tol","archive","draw","n_stitched","mean_gen","var_gen","time_period","mean_target","var_target","bias","E1","E2"
0.1,"with_ssp370",127,10,0.0154757300475164,1.10852736215062,"hist+future",0.0294565686371964,1.106647280157,0.01398083858968,0.012633509195176,1.00169889903255
0.1,"without_ssp370",127,2,0.0994304042464731,1.09978383949741,"hist+future",0.0294565686371964,1.106647280157,0.0699738356092767,0.063230477193555,0.993797987143097
0.1,"with_ssp370",127,10,-0.683574415515838,0.330909018328315,"hist",-0.668081624151398,0.329337848626692,0.0154927913644402,0.04704224379021,1.00477069279518
0.1,"without_ssp370",127,2,-0.5947625151348,0.301781956254495,"hist",-0.668081624151398,0.329337848626692,0.0733191090165983,0.222625821242023,0.916329409185422
0.1,"with_ssp370",127,10,1.35667659072139,0.799652635170493,"future",1.36775658968508,0.800692907392898,0.0110799989636865,0.0138380131276092,0.998700785016578
0.1,"without_ssp370",127,2,1.43131216817566,0.808826880169263,"future",1.36775658968508,0.800692907392898,0.0635555784905781,0.0793757230815479,1.01015866720095
