"tol","archive","draw","n_stitched","mean_gen","var_gen","time_period","mean_target","var_target","bias","E1","E2"
0.1,"with_ssp245",196,3,-0.124089880173954,0.875289540399289,"hist+future",-0.0909842001830863,0.869044113816713,0.033105679990868,0.0380943607631984,1.00718654724574
0.1,"without_ssp245",196,4,-0.0935788909429903,0.875697244588243,"hist+future",-0.0909842001830863,0.869044113816713,0.00259469075990393,0.00298568360184667,1.00765568820472
0.1,"with_ssp245",196,3,-0.691839920201372,0.334173202770628,"hist",-0.653815287226304,0.338033221783591,0.038024632975068,0.112487857774557,0.988580947776089
0.1,"without_ssp245",196,4,-0.661256057011011,0.336478703049635,"hist",-0.653815287226304,0.338033221783591,0.00744076978470631,0.0220119482500743,0.995401284152623
0.1,"with_ssp245",196,3,0.96519798732051,0.46377536907311,"future",0.988866141237041,0.456776085592123,0.0236681539165308,0.0518156590572152,1.01532322663502
0.1,"without_ssp245",196,4,0.995569160234025,0.463784584912643,"future",0.988866141237041,0.456776085592123,0.00670301899698444,0.0146746276970592,1.01534340247133
