"tol","archive","draw","n_stitched","mean_gen","var_gen","time_period","mean_target","var_target","bias","E1","E2"
0.1,"with_ssp245",96,3,-0.118733833850791,0.874194556295829,"hist+future",-0.0909842001830863,0.869044113816713,0.0277496336677051,0.0319312141081456,1.0059265604556
0.1,"without_ssp245",96,5,-0.110126192432654,0.878944790158012,"hist+future",-0.0909842001830863,0.869044113816713,0.0191419922495676,0.0220264908826075,1.01139260502878
0.1,"with_ssp245",96,3,-0.684659502448924,0.343994202068714,"hist",-0.653815287226304,0.338033221783591,0.0308442152226198,0.0912461061071869,1.0176343030832
0.1,"without_ssp245",96,5,-0.678676702177933,0.345118660415451,"hist",-0.653815287226304,0.338033221783591,0.024861414951629,0.0735472531973358,1.02096077596892
0.1,"with_ssp245",96,3,0.967053786133998,0.456406073990016,"future",0.988866141237041,0.456776085592123,0.0218123551030431,0.0477528395007098,0.999189949706698
0.1,"without_ssp245",96,5,0.980697459985615,0.463818290775674,"future",0.988866141237041,0.456776085592123,0.00816868125142645,0.0178833382681086,1.01541719325
