"tol","archive","draw","n_stitched","mean_gen","var_gen","time_period","mean_target","var_target","bias","E1","E2"
0.1,"with_ssp245",40,3,-0.118157721027076,0.874173855178735,"hist+future",-0.0909842001830863,0.869044113816713,0.0271735208439896,0.0312682870891876,1.00590273989601
0.1,"without_ssp245",40,5,-0.108954326089771,0.885867257075265,"hist+future",-0.0909842001830863,0.869044113816713,0.0179701259066846,0.020678036501234,1.01935821552794
0.1,"with_ssp245",40,3,-0.684736096283108,0.340510347598822,"hist",-0.653815287226304,0.338033221783591,0.0309208090568043,0.0914726928130151,1.00732805433194
0.1,"without_ssp245",40,5,-0.682201143019826,0.340068793343531,"hist",-0.653815287226304,0.338033221783591,0.0283858557935214,0.083973568171042,1.0060218091855
0.1,"with_ssp245",40,3,0.968882184987405,0.456759369612099,"future",0.988866141237041,0.456776085592123,0.0199839562496357,0.0437500054840443,0.999963404432607
0.1,"without_ssp245",40,5,0.990879683136497,0.476851749526049,"future",0.988866141237041,0.456776085592123,0.00201354189945591,0.00440815962780918,1.04395077712508
