"tol","archive","draw","n_stitched","mean_gen","var_gen","time_period","mean_target","var_target","bias","E1","E2"
0.1,"with_ssp245",171,3,-0.119317861561626,0.874671927869212,"hist+future",-0.0909842001830863,0.869044113816713,0.0283336613785396,0.0326032487051807,1.0064758669474
0.1,"without_ssp245",171,4,-0.0909896361829712,0.867526090945919,"hist+future",-0.0909842001830863,0.869044113816713,5.4359998848813e-06,6.25514838482387e-06,0.998253226911431
0.1,"with_ssp245",171,3,-0.686235527394005,0.336568649881532,"hist",-0.653815287226304,0.338033221783591,0.0324202401677006,0.0959084435448065,0.995667372886217
0.1,"without_ssp245",171,4,-0.652510838385835,0.335380034743404,"hist",-0.653815287226304,0.338033221783591,0.00130444884046876,0.00385893680386205,0.992151105662963
0.1,"with_ssp245",171,3,0.968373008930729,0.462759066642263,"future",0.988866141237041,0.456776085592123,0.0204931323063121,0.0448647224596854,1.01309827996443
0.1,"without_ssp245",171,4,0.986347554089966,0.462493215309496,"future",0.988866141237041,0.456776085592123,0.00251858714707498,0.00551383320300167,1.01251626321453
