"tol","archive","draw","n_stitched","mean_gen","var_gen","time_period","mean_target","var_target","bias","E1","E2"
0.1,"with_ssp245",191,3,-0.116013311122975,0.870525302595367,"hist+future",-0.0909842001830863,0.869044113816713,0.0250291109398885,0.0288007369729073,1.00170438848282
0.1,"without_ssp245",191,4,-0.0872427698954668,0.872683470775093,"hist+future",-0.0909842001830863,0.869044113816713,0.00374143028761954,0.00430522481901147,1.0041877701034
0.1,"with_ssp245",191,3,-0.680322760614812,0.344070983005627,"hist",-0.653815287226304,0.338033221783591,0.0265074733885075,0.0784167699513201,1.017861443293
0.1,"without_ssp245",191,4,-0.649824186010434,0.33926232614463,"hist",-0.653815287226304,0.338033221783591,0.00399110121587032,0.0118068312777417,1.0036360460506
0.1,"with_ssp245",191,3,0.966673423367177,0.446924494290173,"future",0.988866141237041,0.456776085592123,0.0221927178698637,0.048585551148316,0.978432340018023
0.1,"without_ssp245",191,4,0.992128551720458,0.477932237393813,"future",0.988866141237041,0.456776085592123,0.00326241048341747,0.00714225325344775,1.04631624217863
