"tol","archive","draw","n_stitched","mean_gen","var_gen","time_period","mean_target","var_target","bias","E1","E2"
0.1,"with_ssp245",105,3,-0.118226143395093,0.871846965477299,"hist+future",-0.0909842001830863,0.869044113816713,0.0272419432120068,0.0313470199946057,1.00322521217971
0.1,"without_ssp245",105,5,-0.102180051864112,0.872023507886351,"hist+future",-0.0909842001830863,0.869044113816713,0.0111958516810253,0.0128829497870422,1.00342835768895
0.1,"with_ssp245",105,3,-0.681896713667546,0.343403769353101,"hist",-0.653815287226304,0.338033221783591,0.028081426441242,0.0830729781323675,1.01588763240835
0.1,"without_ssp245",105,5,-0.66515775982764,0.342405803194694,"hist",-0.653815287226304,0.338033221783591,0.0113424726013355,0.0335543132165776,1.01293535998631
0.1,"with_ssp245",105,3,0.963234834453218,0.459796128902791,"future",0.988866141237041,0.456776085592123,0.0256313067838232,0.0561135041704233,1.00661164935278
0.1,"without_ssp245",105,5,0.97795159713568,0.467629938422131,"future",0.988866141237041,0.456776085592123,0.0109145441013605,0.0238947362737081,1.02376186751532
