"tol","archive","draw","n_stitched","mean_gen","var_gen","time_period","mean_target","var_target","bias","E1","E2"
0.1,"with_ssp370",106,10,0.0332491591230271,1.10576061598706,"hist+future",0.0294565686371964,1.106647280157,0.00379259048583069,0.00342709963132304,0.999198783401151
0.1,"without_ssp370",106,2,0.0922365940081386,1.11585098691508,"hist+future",0.0294565686371964,1.106647280157,0.0627800253709422,0.0567299323792092,1.00831674818446
0.1,"with_ssp370",106,10,-0.663844088802913,0.332898378697402,"hist",-0.668081624151398,0.329337848626692,0.00423753534848492,0.0128668337579633,1.01081117790001
0.1,"without_ssp370",106,2,-0.613199771684202,0.320141140771895,"hist",-0.668081624151398,0.329337848626692,0.0548818524671959,0.16664301627052,0.972075156581163
0.1,"with_ssp370",106,10,1.37069550688791,0.79644951363904,"future",1.36775658968508,0.800692907392898,0.00293891720283135,0.0036704673860552,0.994700348017726
0.1,"without_ssp370",106,2,1.44569008632484,0.804920190615604,"future",1.36775658968508,0.800692907392898,0.0779334966397578,0.09733256773001,1.00527953124559
