"tol","archive","draw","n_stitched","mean_gen","var_gen","time_period","mean_target","var_target","bias","E1","E2"
0.1,"with_ssp245",188,3,-0.114910096425971,0.872815772697178,"hist+future",-0.0909842001830863,0.869044113816713,0.0239258962428842,0.0275312793245963,1.0043400085456
0.1,"without_ssp245",188,5,-0.0998811143200811,0.884342140307979,"hist+future",-0.0909842001830863,0.869044113816713,0.0088969141369948,0.0102375863267986,1.01760327956665
0.1,"with_ssp245",188,3,-0.681856149645767,0.336129859231167,"hist",-0.653815287226304,0.338033221783591,0.0280408624194631,0.0829529780283397,0.99436930328214
0.1,"without_ssp245",188,5,-0.672685311786233,0.334944380670947,"hist",-0.653815287226304,0.338033221783591,0.0188700245599285,0.0558229882269059,0.990862314963165
0.1,"with_ssp245",188,3,0.972835238239919,0.452814935600709,"future",0.988866141237041,0.456776085592123,0.0160309029971224,0.0350957580809893,0.991328026758934
0.1,"without_ssp245",188,5,0.999103683144047,0.478525872481054,"future",0.988866141237041,0.456776085592123,0.010237541907006,0.0224126048405861,1.04761586163325
