"tol","archive","draw","n_stitched","mean_gen","var_gen","time_period","mean_target","var_target","bias","E1","E2"
0.1,"with_ssp370",126,10,0.0268006014820924,1.10728005965776,"hist+future",0.0294565686371964,1.106647280157,0.00265596715510401,0.00240001236412673,1.00057179872224
0.1,"without_ssp370",126,2,0.109603833476022,1.11004842134326,"hist+future",0.0294565686371964,1.106647280157,0.0801472648388258,0.0724234959737628,1.00307337418818
0.1,"with_ssp370",126,10,-0.671678387563192,0.331626175624393,"hist",-0.668081624151398,0.329337848626692,0.00359676341179349,0.0109211966580569,1.00694826606551
0.1,"without_ssp370",126,2,-0.594932014830265,0.306656237745078,"hist",-0.668081624151398,0.329337848626692,0.0731496093211329,0.222111153109671,0.931129656138234
0.1,"with_ssp370",126,10,1.36690563860386,0.796827801831446,"future",1.36775658968508,0.800692907392898,0.000850951081222906,0.00106276835146904,0.995172799052215
0.1,"without_ssp370",126,2,1.46132958894739,0.795907419579085,"future",1.36775658968508,0.800692907392898,0.0935729992623062,0.116865028275304,0.994023316842666
