"tol","archive","draw","n_stitched","mean_gen","var_gen","time_period","mean_target","var_target","bias","E1","E2"
0.1,"with_ssp245",28,3,-0.122256211275416,0.876446726880962,"hist+future",-0.0909842001830863,0.869044113816713,0.0312720110923298,0.0359843770818351,1.00851810966389
0.1,"without_ssp245",28,5,-0.113599164470074,0.865290940784006,"hist+future",-0.0909842001830863,0.869044113816713,0.0226149642869875,0.0260228035924044,0.995681262926662
0.1,"with_ssp245",28,3,-0.6911703655083,0.345373961808939,"hist",-0.653815287226304,0.338033221783591,0.037355078281996,0.110507121415157,1.02171603130194
0.1,"without_ssp245",28,5,-0.673414528846532,0.338722925257779,"hist",-0.653815287226304,0.338033221783591,0.0195992416202282,0.0579802231177609,1.00204034227923
0.1,"with_ssp245",28,3,0.969265131148141,0.44603823264646,"future",0.988866141237041,0.456776085592123,0.0196010100889005,0.0429116381246,0.976492085981816
0.1,"without_ssp245",28,5,0.960465197414992,0.457421835942798,"future",0.988866141237041,0.456776085592123,0.0284009438220488,0.0621769499715215,1.0014137131322
