"tol","archive","draw","n_stitched","mean_gen","var_gen","time_period","mean_target","var_target","bias","E1","E2"
0.1,"with_ssp370",17,9,0.0147315798511458,1.10799922964743,"hist+future",0.0294565686371964,1.106647280157,0.0147249887860506,0.0133059458511131,1.00122166250682
0.1,"without_ssp370",17,2,0.0918175723348889,1.11294881622808,"hist+future",0.0294565686371964,1.106647280157,0.0623610036976926,0.0563512917041151,1.00569425885201
0.1,"with_ssp370",17,9,-0.685202287805297,0.328901372336954,"hist",-0.668081624151398,0.329337848626692,0.0171206636538991,0.0519851080745521,0.998674685307025
0.1,"without_ssp370",17,2,-0.606755037466892,0.296741111120876,"hist",-0.668081624151398,0.329337848626692,0.0613265866845065,0.186211778999081,0.901023409116984
0.1,"with_ssp370",17,9,1.35762795384316,0.794716291130222,"future",1.36775658968508,0.800692907392898,0.0101286358419226,0.0126498383442686,0.992535694762008
0.1,"without_ssp370",17,2,1.43210223067551,0.843205909783366,"future",1.36775658968508,0.800692907392898,0.0643456409904333,0.0803624465713658,1.05309526536071
