"tol","archive","draw","n_stitched","mean_gen","var_gen","time_period","mean_target","var_target","bias","E1","E2"
0.1,"with_ssp370",121,9,0.0329185758686248,1.10874849979881,"hist+future",0.0294565686371964,1.106647280157,0.0034620072314284,0.00312837459008371,1.00189872570917
0.1,"without_ssp370",121,2,0.0945862223790516,1.10420191405557,"hist+future",0.0294565686371964,1.106647280157,0.0651296537418552,0.0588531277396854,0.997790293126572
0.1,"with_ssp370",121,9,-0.668333753860726,0.328993509022819,"hist",-0.668081624151398,0.329337848626692,0.000252129709327309,0.00076556554425392,0.998954448736126
0.1,"without_ssp370",121,2,-0.602250900305204,0.30165559523148,"hist",-0.668081624151398,0.329337848626692,0.0658307238461945,0.199888121334072,0.915945727129011
0.1,"with_ssp370",121,9,1.3783445573261,0.791170738098638,"future",1.36775658968508,0.800692907392898,0.0105879676410179,0.0132235062197477,0.98810758880672
0.1,"without_ssp370",121,2,1.43154116706396,0.813731858801132,"future",1.36775658968508,0.800692907392898,0.0637845773788788,0.0796617239767554,1.01628458462395
