"tol","archive","draw","n_stitched","mean_gen","var_gen","time_period","mean_target","var_target","bias","E1","E2"
0.1,"with_ssp245",91,3,-0.119827400734092,0.868716416833296,"hist+future",-0.0909842001830863,0.869044113816713,0.028843200551006,0.0331895701178286,0.999622922498171
0.1,"without_ssp245",91,5,-0.108677337034376,0.869970423740427,"hist+future",-0.0909842001830863,0.869044113816713,0.0176931368512901,0.0203593080834349,1.00106589517032
0.1,"with_ssp245",91,3,-0.682307734529001,0.338040144888825,"hist",-0.653815287226304,0.338033221783591,0.0284924473026972,0.0842888966722271,1.00002048054684
0.1,"without_ssp245",91,5,-0.670717897546932,0.33772619239009,"hist",-0.653815287226304,0.338033221783591,0.0169026103206277,0.0500028081010591,0.999091718287684
0.1,"with_ssp245",91,3,0.959349983872419,0.458289253880014,"future",0.988866141237041,0.456776085592123,0.0295161573646217,0.0646184384332634,1.00331271346207
0.1,"without_ssp245",91,5,0.969656296507154,0.46931254725528,"future",0.988866141237041,0.456776085592123,0.0192098447298867,0.0420552768321591,1.02744552978711
