"tol","archive","draw","n_stitched","mean_gen","var_gen","time_period","mean_target","var_target","bias","E1","E2"
0.1,"with_ssp370",117,9,0.0268517453776135,1.10810936875987,"hist+future",0.0294565686371964,1.106647280157,0.0026048232595829,0.00235379719110985,1.00132118754466
0.1,"without_ssp370",117,2,0.113001204881134,1.11941984445007,"hist+future",0.0294565686371964,1.106647280157,0.0835446362439373,0.0754934636735249,1.01154167594508
0.1,"with_ssp370",117,9,-0.674230979524328,0.329119628919024,"hist",-0.668081624151398,0.329337848626692,0.00614935537293004,0.0186718757002035,0.999337398636149
0.1,"without_ssp370",117,2,-0.593516696998498,0.305417910643343,"hist",-0.668081624151398,0.329337848626692,0.0745649271529008,0.226408617970359,0.927369605154424
0.1,"with_ssp370",117,9,1.37195232222436,0.789294984201417,"future",1.36775658968508,0.800692907392898,0.00419573253928096,0.00524012702066078,0.985764925496102
0.1,"without_ssp370",117,2,1.46852973755717,0.824856337461494,"future",1.36775658968508,0.800692907392898,0.100773147872089,0.12585742541446,1.03017814925734
