"tol","archive","draw","n_stitched","mean_gen","var_gen","time_period","mean_target","var_target","bias","E1","E2"
0.1,"with_ssp245",44,3,-0.114964273196112,0.877317579493622,"hist+future",-0.0909842001830863,0.869044113816713,0.0239800730130259,0.0275936199690819,1.00952019068465
0.1,"without_ssp245",44,5,-0.106569807945706,0.881775757561074,"hist+future",-0.0909842001830863,0.869044113816713,0.0155856077626193,0.0179341963369035,1.01465016970018
0.1,"with_ssp245",44,3,-0.683759200299606,0.340291057600224,"hist",-0.653815287226304,0.338033221783591,0.029943913073302,0.0885827520600093,1.00667933111639
0.1,"without_ssp245",44,5,-0.677555910367338,0.339020202225938,"hist",-0.653815287226304,0.338033221783591,0.0237406231410338,0.0702316269855644,1.00291977349782
0.1,"with_ssp245",44,3,0.976328319502452,0.459217430730064,"future",0.988866141237041,0.456776085592123,0.0125378217345893,0.0274485073322882,1.00534473063487
0.1,"without_ssp245",44,5,0.988926783909752,0.471310485967735,"future",0.988866141237041,0.456776085592123,6.06426727107756e-05,0.000132762363494061,1.03181953003685
