"tol","archive","draw","n_stitched","mean_gen","var_gen","time_period","mean_target","var_target","bias","E1","E2"
0.1,"with_ssp245",13,3,-0.120899614355884,0.876479886379006,"hist+future",-0.0909842001830863,0.869044113816713,0.0299154141727977,0.0344233551521494,1.00855626595253
0.1,"without_ssp245",13,4,-0.0930292232357596,0.864172316594326,"hist+future",-0.0909842001830863,0.869044113816713,0.00204502305267326,0.00235318670267706,0.994394073735807
0.1,"with_ssp245",13,3,-0.687400617287457,0.349782605415821,"hist",-0.653815287226304,0.338033221783591,0.0335853300611526,0.0993551162928415,1.03475807368943
0.1,"without_ssp245",13,4,-0.652750426960917,0.33327941362404,"hist",-0.653815287226304,0.338033221783591,0.00106486026538721,0.00315016453048196,0.985936861073984
0.1,"with_ssp245",13,3,0.965991844757017,0.456762109533576,"future",0.988866141237041,0.456776085592123,0.0228742964800236,0.0500777015293422,0.999969402823423
0.1,"without_ssp245",13,4,0.980854481585763,0.45929295671612,"future",0.988866141237041,0.456776085592123,0.00801165965127759,0.0175395777143018,1.00551007638838
