"tol","archive","draw","n_stitched","mean_gen","var_gen","time_period","mean_target","var_target","bias","E1","E2"
0.1,"with_ssp370",95,9,0.0341623498518059,1.10622764840401,"hist+future",0.0294565686371964,1.106647280157,0.00470578121460954,0.0042522864321701,0.999620808038374
0.1,"without_ssp370",95,2,0.0915554758455844,1.11440657495703,"hist+future",0.0294565686371964,1.106647280157,0.062098907208388,0.0561144533781154,1.00701153379145
0.1,"with_ssp370",95,9,-0.663498851343316,0.329163798546484,"hist",-0.668081624151398,0.329337848626692,0.00458277280808272,0.013915111267024,0.99947151509936
0.1,"without_ssp370",95,2,-0.612289374823848,0.31540763700012,"hist",-0.668081624151398,0.329337848626692,0.0557922493275507,0.169407341306804,0.957702366476673
0.1,"with_ssp370",95,9,1.37269837540059,0.798494171016424,"future",1.36775658968508,0.800692907392898,0.00494178571550408,0.00617188646218288,0.997253957970438
0.1,"without_ssp370",95,2,1.44195548003694,0.810480868569212,"future",1.36775658968508,0.800692907392898,0.0741988903518551,0.0926683497090676,1.01222436353056
