"tol","archive","draw","n_stitched","mean_gen","var_gen","time_period","mean_target","var_target","bias","E1","E2"
0.1,"with_ssp245",66,3,-0.110340182868725,0.879215072581542,"hist+future",-0.0909842001830863,0.869044113816713,0.0193559826856382,0.0222727274460551,1.01170361619522
0.1,"without_ssp245",66,5,-0.105202528236789,0.875023492597173,"hist+future",-0.0909842001830863,0.869044113816713,0.0142183280537028,0.0163608818328658,1.006880408814
0.1,"with_ssp245",66,3,-0.681047986641094,0.346458996979867,"hist",-0.653815287226304,0.338033221783591,0.0272326994147897,0.0805621982096897,1.02492587903585
0.1,"without_ssp245",66,5,-0.668762063465843,0.343676922038164,"hist",-0.653815287226304,0.338033221783591,0.0149467762395388,0.0442168854311831,1.0166956970229
0.1,"with_ssp245",66,3,0.984622463903845,0.447479644158874,"future",0.988866141237041,0.456776085592123,0.00424367733319619,0.00929049805156739,0.979647705459015
0.1,"without_ssp245",66,5,0.976045417260814,0.478167361473831,"future",0.988866141237041,0.456776085592123,0.0128207239762267,0.0280678528947221,1.04683098909169
