"tol","archive","draw","n_stitched","mean_gen","var_gen","time_period","mean_target","var_target","bias","E1","E2"
0.1,"with_ssp370",183,9,0.0195248557368313,1.10647701774582,"hist+future",0.0294565686371964,1.106647280157,0.00993171290036507,0.00897459658415831,0.999846145728425
0.1,"without_ssp370",183,2,0.102918333287661,1.11872665675336,"hist+future",0.0294565686371964,1.106647280157,0.0734617646504645,0.0663822755160458,1.01091529054736
0.1,"with_ssp370",183,9,-0.678382449473376,0.330091096069368,"hist",-0.668081624151398,0.329337848626692,0.0103008253219774,0.0312773808565607,1.00228715723327
0.1,"without_ssp370",183,2,-0.600673814990203,0.311533427795416,"hist",-0.668081624151398,0.329337848626692,0.067407809161195,0.204676776271781,0.945938734629139
0.1,"with_ssp370",183,9,1.35853305759362,0.797562164841983,"future",1.36775658968508,0.800692907392898,0.00922353209145754,0.0115194377348613,0.996089958432243
0.1,"without_ssp370",183,2,1.45283350149519,0.831757518375012,"future",1.36775658968508,0.800692907392898,0.0850769118101096,0.106254109440191,1.03879716017875
