"tol","archive","draw","n_stitched","mean_gen","var_gen","time_period","mean_target","var_target","bias","E1","E2"
0.1,"with_ssp370",118,9,0.0267367596583055,1.1064023399634,"hist+future",0.0294565686371964,1.106647280157,0.00271980897889086,0.00245770176971385,0.999778664622428
0.1,"without_ssp370",118,2,0.0856430084512323,1.11432761965502,"hist+future",0.0294565686371964,1.106647280157,0.0561864398140359,0.0507717687663452,1.00694018738918
0.1,"with_ssp370",118,9,-0.670310259538509,0.330258569634708,"hist",-0.668081624151398,0.329337848626692,0.00222863538711104,0.00676701872075816,1.00279567323299
0.1,"without_ssp370",118,2,-0.618918192323561,0.313662182498615,"hist",-0.668081624151398,0.329337848626692,0.0491634318278368,0.149279628906436,0.952402476079069
0.1,"with_ssp370",118,9,1.36409441276847,0.8013357488205,"future",1.36775658968508,0.800692907392898,0.00366217691660786,0.00457375965591118,1.00080285640308
0.1,"without_ssp370",118,2,1.43741740528659,0.807956457344418,"future",1.36775658968508,0.800692907392898,0.0696608156015111,0.0870006652467182,1.00907158023314
