"tol","archive","draw","n_stitched","mean_gen","var_gen","time_period","mean_target","var_target","bias","E1","E2"
0.1,"with_ssp370",175,9,0.02325815714611,1.10482273487604,"hist+future",0.0294565686371964,1.106647280157,0.00619841149108638,0.00560107235812935,0.998351285623097
0.1,"without_ssp370",175,2,0.102570725669345,1.11884929772749,"hist+future",0.0294565686371964,1.106647280157,0.0731141570321485,0.0660681667439476,1.01102611264608
0.1,"with_ssp370",175,9,-0.674028204058903,0.32480190200768,"hist",-0.668081624151398,0.329337848626692,0.00594657990750447,0.0180561691658008,0.98622707156822
0.1,"without_ssp370",175,2,-0.601174078847275,0.308828314589885,"hist",-0.668081624151398,0.329337848626692,0.0669075453041236,0.20315777728895,0.937724940749052
0.1,"with_ssp370",175,9,1.36107501294643,0.798077114703403,"future",1.36775658968508,0.800692907392898,0.0066815767386561,0.00834474325545321,0.996733088721853
0.1,"without_ssp370",175,2,1.45277878084658,0.833452595871608,"future",1.36775658968508,0.800692907392898,0.0850221911614986,0.106185767822442,1.04091417343183
