"tol","archive","draw","n_stitched","mean_gen","var_gen","time_period","mean_target","var_target","bias","E1","E2"
0.1,"with_ssp370",69,9,0.0248164229077738,1.10648336412741,"hist+future",0.0294565686371964,1.106647280157,0.00464014572942257,0.0041929762198162,0.999851880511048
0.1,"without_ssp370",69,2,0.10566331975213,1.1272843541946,"hist+future",0.0294565686371964,1.106647280157,0.0762067511149338,0.068862728424293,1.01864828514708
0.1,"with_ssp370",69,9,-0.674753801194941,0.331893048197416,"hist",-0.668081624151398,0.329337848626692,0.00667217704354228,0.0202593691291925,1.00775859677647
0.1,"without_ssp370",69,2,-0.606164158851491,0.311424089802784,"hist",-0.668081624151398,0.329337848626692,0.0619174652999068,0.188005920236914,0.945606741227565
0.1,"with_ssp370",69,9,1.36701510868624,0.787925484086604,"future",1.36775658968508,0.800692907392898,0.000741480998843969,0.000926049165663617,0.984054531783146
0.1,"without_ssp370",69,2,1.47137883102652,0.826202835575926,"future",1.36775658968508,0.800692907392898,0.103622241341439,0.12941571029877,1.03185981535179
