"tol","archive","draw","n_stitched","mean_gen","var_gen","time_period","mean_target","var_target","bias","E1","E2"
0.1,"with_ssp245",120,3,-0.124604769518321,0.880189858317902,"hist+future",-0.0909842001830863,0.869044113816713,0.0336205693352351,0.0386868385628648,1.01282529197769
0.1,"without_ssp245",120,4,-0.0891062633942868,0.867020415066099,"hist+future",-0.0909842001830863,0.869044113816713,0.00187793678879956,0.00216092228109335,0.997671350949348
0.1,"with_ssp245",120,3,-0.696377791858314,0.338956974777411,"hist",-0.653815287226304,0.338033221783591,0.0425625046320097,0.125912194095698,1.00273272842517
0.1,"without_ssp245",120,4,-0.650518507882808,0.335278791932949,"hist",-0.653815287226304,0.338033221783591,0.00329677934349637,0.00975282644144061,0.991851600158974
0.1,"with_ssp245",120,3,0.972401610552594,0.456397831194876,"future",0.988866141237041,0.456776085592123,0.0164645306844465,0.0360450803003476,0.999171904114121
0.1,"without_ssp245",120,4,0.988021880101132,0.460600355357245,"future",0.988866141237041,0.456776085592123,0.000844261135909408,0.00184830415282136,1.00837230732026
