"tol","archive","draw","n_stitched","mean_gen","var_gen","time_period","mean_target","var_target","bias","E1","E2"
0.1,"with_ssp245",48,3,-0.115342755732949,0.875196541052096,"hist+future",-0.0909842001830863,0.869044113816713,0.0243585555498632,0.028029135877676,1.00707953386666
0.1,"without_ssp245",48,5,-0.108746274778068,0.881039591564025,"hist+future",-0.0909842001830863,0.869044113816713,0.0177620745949817,0.0204386340262674,1.01380307116359
0.1,"with_ssp245",48,3,-0.682055149147192,0.348654729497871,"hist",-0.653815287226304,0.338033221783591,0.0282398619208882,0.0835416760869953,1.03142149063999
0.1,"without_ssp245",48,5,-0.678939512679108,0.342231419591344,"hist",-0.653815287226304,0.338033221783591,0.025124225452804,0.0743247226418725,1.01241948287095
0.1,"with_ssp245",48,3,0.971954278143214,0.449690317853126,"future",0.988866141237041,0.456776085592123,0.0169118630938266,0.0370244056711149,0.984487437143713
0.1,"without_ssp245",48,5,0.985229123520439,0.468205816281249,"future",0.988866141237041,0.456776085592123,0.00363701771660174,0.00796236456181161,1.02502261184342
