"tol","archive","draw","n_stitched","mean_gen","var_gen","time_period","mean_target","var_target","bias","E1","E2"
0.1,"with_ssp370",148,9,0.0193429991644304,1.11139326009961,"hist+future",0.0294565686371964,1.106647280157,0.0101135694727659,0.00913892769097228,1.00428861122032
0.1,"without_ssp370",148,2,0.104988428116173,1.11878787615694,"hist+future",0.0294565686371964,1.106647280157,0.0755318594789766,0.0682528759012186,1.01097061025462
0.1,"with_ssp370",148,9,-0.680970726108088,0.332683557521672,"hist",-0.668081624151398,0.329337848626692,0.0128891019566896,0.0391364126851375,1.01015889582364
0.1,"without_ssp370",148,2,-0.601352827692092,0.301669457031441,"hist",-0.668081624151398,0.329337848626692,0.0667287964593061,0.202615025080047,0.915987817037655
0.1,"with_ssp370",148,9,1.36296816974542,0.803611571686938,"future",1.36775658968508,0.800692907392898,0.00478841993965662,0.00598034514286881,1.00364517315826
0.1,"without_ssp370",148,2,1.46017804681808,0.825849742148587,"future",1.36775658968508,0.800692907392898,0.0924214571329958,0.115426846272344,1.03141883051968
