"tol","archive","draw","n_stitched","mean_gen","var_gen","time_period","mean_target","var_target","bias","E1","E2"
0.1,"with_ssp245",64,3,-0.119209345371205,0.876364129161306,"hist+future",-0.0909842001830863,0.869044113816713,0.0282251451881186,0.0324783802563922,1.00842306532915
0.1,"without_ssp245",64,5,-0.111146064731048,0.879405405358523,"hist+future",-0.0909842001830863,0.869044113816713,0.020161864547962,0.023200047301873,1.01192263013704
0.1,"with_ssp245",64,3,-0.684030745961683,0.352032423784347,"hist",-0.653815287226304,0.338033221783591,0.0302154587353791,0.0893860626359472,1.04141368687637
0.1,"without_ssp245",64,5,-0.68060196940589,0.343924272959017,"hist",-0.653815287226304,0.338033221783591,0.0267866821795858,0.0792427502783576,1.01742743255927
0.1,"with_ssp245",64,3,0.964459620877969,0.464418530469782,"future",0.988866141237041,0.456776085592123,0.0244065203590724,0.0534321325676103,1.01673127188292
0.1,"without_ssp245",64,5,0.981414682610218,0.461836115084774,"future",0.988866141237041,0.456776085592123,0.00745145862682339,0.0163131539979025,1.01107770229716
