"tol","archive","draw","n_stitched","mean_gen","var_gen","time_period","mean_target","var_target","bias","E1","E2"
0.1,"with_ssp370",187,10,0.0270542140801013,1.10336218480921,"hist+future",0.0294565686371964,1.106647280157,0.00240235455709508,0.00217084033925811,0.997031488346203
0.1,"without_ssp370",187,2,0.106785515219948,1.12366824442783,"hist+future",0.0294565686371964,1.106647280157,0.0773289465827515,0.06987677823758,1.01538065883867
0.1,"with_ssp370",187,10,-0.668277225799698,0.326473678207367,"hist",-0.668081624151398,0.329337848626692,0.000195601648299459,0.000593923987525575,0.991303245493134
0.1,"without_ssp370",187,2,-0.603243376892785,0.309764075728008,"hist",-0.668081624151398,0.329337848626692,0.0648382472586132,0.196874569773813,0.940566281767172
0.1,"with_ssp370",187,10,1.3611203487332,0.80046311171937,"future",1.36775658968508,0.800692907392898,0.00663624095187743,0.00828812256310027,0.999713003985166
0.1,"without_ssp370",187,2,1.4690502500874,0.821675804155657,"future",1.36775658968508,0.800692907392898,0.101293660402319,0.126507503022772,1.02620592310613
