"tol","archive","draw","n_stitched","mean_gen","var_gen","time_period","mean_target","var_target","bias","E1","E2"
0.1,"with_ssp370",128,10,0.0282291286534027,1.11149770055287,"hist+future",0.0294565686371964,1.106647280157,0.00122743998379371,0.00110915194552286,1.00438298677713
0.1,"without_ssp370",128,2,0.101175722178718,1.1257353765755,"hist+future",0.0294565686371964,1.106647280157,0.0717191535415213,0.0648075993385595,1.0172485820557
0.1,"with_ssp370",128,10,-0.672674969892706,0.334182899924489,"hist",-0.668081624151398,0.329337848626692,0.00459334574130787,0.013947214875125,1.01471149252356
0.1,"without_ssp370",128,2,-0.608507286718107,0.303930671267515,"hist",-0.668081624151398,0.329337848626692,0.0595743374332913,0.180891257053238,0.922853758032601
0.1,"with_ssp370",128,10,1.37298699214303,0.799984074810588,"future",1.36775658968508,0.800692907392898,0.00523040245794859,0.00653234518459653,0.999114726038204
0.1,"without_ssp370",128,2,1.46277684389937,0.83571991833981,"future",1.36775658968508,0.800692907392898,0.0950202542142882,0.118672531424912,1.04374587388436
