"tol","archive","draw","n_stitched","mean_gen","var_gen","time_period","mean_target","var_target","bias","E1","E2"
0.1,"with_ssp370",143,10,0.0296847473653141,1.10388990985932,"hist+future",0.0294565686371964,1.106647280157,0.00022817872811769,0.000206189209704938,0.997508356684992
0.1,"without_ssp370",143,2,0.117533360616567,1.12209629146211,"hist+future",0.0294565686371964,1.106647280157,0.0880767919793703,0.0795888568640183,1.01396019452821
0.1,"with_ssp370",143,10,-0.665895142840102,0.325997621873712,"hist",-0.668081624151398,0.329337848626692,0.00218648131129606,0.0066390222697254,0.989857750128298
0.1,"without_ssp370",143,2,-0.592492701769984,0.295843446612272,"hist",-0.668081624151398,0.329337848626692,0.0755889223814143,0.229517872593791,0.898297744537749
0.1,"with_ssp370",143,10,1.36422755996873,0.801749580492883,"future",1.36775658968508,0.800692907392898,0.00352902971635238,0.00440746968502957,1.00131969833906
0.1,"without_ssp370",143,2,1.4797926663582,0.825257991368818,"future",1.36775658968508,0.800692907392898,0.112036076673123,0.139923902957901,1.03067978216006
