"tol","archive","draw","n_stitched","mean_gen","var_gen","time_period","mean_target","var_target","bias","E1","E2"
0.1,"with_ssp370",116,9,0.0251996350923158,1.10772124373271,"hist+future",0.0294565686371964,1.106647280157,0.00425693354488057,0.00384669408330055,1.00097046601475
0.1,"without_ssp370",116,2,0.0955920930379157,1.12126259568355,"hist+future",0.0294565686371964,1.106647280157,0.0661355244007193,0.0597620629324068,1.0132068417721
0.1,"with_ssp370",116,9,-0.674692072594205,0.332907442415019,"hist",-0.668081624151398,0.329337848626692,0.00661044844280656,0.0200719366764904,1.01083869893245
0.1,"without_ssp370",116,2,-0.607613055276737,0.305814960637104,"hist",-0.668081624151398,0.329337848626692,0.0604685688746617,0.183606497482175,0.928575206015111
0.1,"with_ssp370",116,9,1.36801512076994,0.790579417697445,"future",1.36775658968508,0.800692907392898,0.000258531084861291,0.00032288419501939,0.987369077954765
0.1,"without_ssp370",116,2,1.44476476131603,0.847538791766627,"future",1.36775658968508,0.800692907392898,0.0770081716309461,0.0961769124216288,1.05850668082756
