"tol","archive","draw","n_stitched","mean_gen","var_gen","time_period","mean_target","var_target","bias","E1","E2"
0.1,"with_ssp245",157,3,-0.111555469107873,0.874949422434447,"hist+future",-0.0909842001830863,0.869044113816713,0.0205712689247867,0.0236711446493098,1.0067951770501
0.1,"without_ssp245",157,4,-0.0852476420352139,0.87562154274553,"hist+future",-0.0909842001830863,0.869044113816713,0.00573655814787244,0.00660099764404171,1.00756857888368
0.1,"with_ssp245",157,3,-0.678147891479274,0.345885964372294,"hist",-0.653815287226304,0.338033221783591,0.0243326042529698,0.0719828782643959,1.02323068291119
0.1,"without_ssp245",157,4,-0.653825383113689,0.331587183237606,"hist",-0.653815287226304,0.338033221783591,1.00958873844315e-05,2.98665537403742e-05,0.980930754344281
0.1,"with_ssp245",157,3,0.975511387767489,0.453229054346926,"future",0.988866141237041,0.456776085592123,0.0133547534695515,0.029236980417308,0.992234638902782
0.1,"without_ssp245",157,4,1.00562825654558,0.463939872926164,"future",0.988866141237041,0.456776085592123,0.0167621153085398,0.0366965693635447,1.0156833677594
