"tol","archive","draw","n_stitched","mean_gen","var_gen","time_period","mean_target","var_target","bias","E1","E2"
0.1,"with_ssp370",86,10,0.0199451525104576,1.10447305408457,"hist+future",0.0294565686371964,1.106647280157,0.00951141612673874,0.0085948036897442,0.998035303468943
0.1,"without_ssp370",86,2,0.0811803309046544,1.11146519233493,"hist+future",0.0294565686371964,1.106647280157,0.051723762267458,0.0467391581716264,1.00435361136681
0.1,"with_ssp370",86,10,-0.6766255259261,0.328612355923016,"hist",-0.668081624151398,0.329337848626692,0.00854390177470143,0.0259426658986469,0.997797117134572
0.1,"without_ssp370",86,2,-0.617195065341221,0.30742019355022,"hist",-0.668081624151398,0.329337848626692,0.0508865588101768,0.154511724122718,0.933449328196358
0.1,"with_ssp370",86,10,1.35638889602246,0.797210963258132,"future",1.36775658968508,0.800692907392898,0.0113676936626241,0.0141973202930422,0.995651336358027
0.1,"without_ssp370",86,2,1.42108661439965,0.830942623528587,"future",1.36775658968508,0.800692907392898,0.0533300247145674,0.066604842158791,1.03777942311764
