"tol","archive","draw","n_stitched","mean_gen","var_gen","time_period","mean_target","var_target","bias","E1","E2"
0.1,"with_ssp245",9,3,-0.117981613158181,0.879383792855024,"hist+future",-0.0909842001830863,0.869044113816713,0.0269974129750942,0.0310656416007763,1.01189776085463
0.1,"without_ssp245",9,5,-0.0998899423482229,0.879235251389949,"hist+future",-0.0909842001830863,0.869044113816713,0.00890574216513655,0.010247744646729,1.01172683573965
0.1,"with_ssp245",9,3,-0.687671629366935,0.347954772968842,"hist",-0.653815287226304,0.338033221783591,0.0338563421406312,0.100156848377187,1.02935081686025
0.1,"without_ssp245",9,5,-0.667759734778037,0.339346231833173,"hist",-0.653815287226304,0.338033221783591,0.0139444475517325,0.0412517073859082,1.00388426333558
0.1,"with_ssp245",9,3,0.975028301660942,0.453469283963726,"future",0.988866141237041,0.456776085592123,0.0138378395760989,0.0302945798008684,0.992760563145265
0.1,"without_ssp245",9,5,0.989627682662466,0.478070043479098,"future",0.988866141237041,0.456776085592123,0.000761541425425394,0.00166720949157879,1.04661793504222
