"tol","archive","draw","n_stitched","mean_gen","var_gen","time_period","mean_target","var_target","bias","E1","E2"
0.1,"with_ssp370",152,9,0.0418028755113395,1.10379951580403,"hist+future",0.0294565686371964,1.106647280157,0.0123463068741432,0.0111564968310333,0.997426673878813
0.1,"without_ssp370",152,2,0.105856811239002,1.12273839246447,"hist+future",0.0294565686371964,1.106647280157,0.0764002426018056,0.0690375731922161,1.01454041644163
0.1,"with_ssp370",152,9,-0.655048464793965,0.325354777394976,"hist",-0.668081624151398,0.329337848626692,0.0130331593574337,0.0395738279453172,0.987905819970815
0.1,"without_ssp370",152,2,-0.605678523116206,0.303039585818931,"hist",-0.668081624151398,0.329337848626692,0.0624031010351924,0.189480502454873,0.920148070082372
0.1,"with_ssp370",152,9,1.37878509819012,0.795635649480132,"future",1.36775658968508,0.800692907392898,0.0110285085050392,0.0137737057531191,0.993683898201081
0.1,"without_ssp370",152,2,1.47101181319958,0.815412621595772,"future",1.36775658968508,0.800692907392898,0.103255223514494,0.128957335029604,1.01838371998424
