"tol","archive","draw","n_stitched","mean_gen","var_gen","time_period","mean_target","var_target","bias","E1","E2"
0.1,"with_ssp245",184,3,-0.118171434098667,0.874998422413392,"hist+future",-0.0909842001830863,0.869044113816713,0.0271872339155803,0.031284066577677,1.00685156081494
0.1,"without_ssp245",184,5,-0.108021293711743,0.872355749679679,"hist+future",-0.0909842001830863,0.869044113816713,0.017037093528657,0.0196044058728303,1.00381066485615
0.1,"with_ssp245",184,3,-0.686960342874458,0.341459773171957,"hist",-0.653815287226304,0.338033221783591,0.0331450556481541,0.0980526572899202,1.01013672966901
0.1,"without_ssp245",184,5,-0.672916944172146,0.337214863178043,"hist",-0.653815287226304,0.338033221783591,0.0191016569458415,0.0565082237924839,0.997579058646275
0.1,"with_ssp245",184,3,0.973109611808375,0.444405614902237,"future",0.988866141237041,0.456776085592123,0.0157565294286657,0.0344950839714832,0.972917867024824
0.1,"without_ssp245",184,5,0.975790128683215,0.463688055738362,"future",0.988866141237041,0.456776085592123,0.013076012553826,0.0286267450645438,1.01513207535215
