"tol","archive","draw","n_stitched","mean_gen","var_gen","time_period","mean_target","var_target","bias","E1","E2"
0.1,"with_ssp245",178,3,-0.124791081062069,0.878723326894534,"hist+future",-0.0909842001830863,0.869044113816713,0.0338068808789828,0.0389012253135322,1.01113776956075
0.1,"without_ssp245",178,5,-0.101782645607361,0.871962533239832,"hist+future",-0.0909842001830863,0.869044113816713,0.010798445424275,0.0124256585512671,1.003358194799
0.1,"with_ssp245",178,3,-0.6932458107128,0.342179445616409,"hist",-0.653815287226304,0.338033221783591,0.0394305234864956,0.116646888369271,1.01226572882671
0.1,"without_ssp245",178,5,-0.667241090870524,0.337746411965053,"hist",-0.653815287226304,0.338033221783591,0.0134258036442202,0.0397174087605371,0.999151533636177
0.1,"with_ssp245",178,3,0.965848807221309,0.466692005894,"future",0.988866141237041,0.456776085592123,0.0230173340157317,0.0503908473796174,1.02170849266118
0.1,"without_ssp245",178,5,0.983108557513824,0.456882931905123,"future",0.988866141237041,0.456776085592123,0.00575758372321733,0.0126048274084965,1.00023391398186
