"tol","archive","draw","n_stitched","mean_gen","var_gen","time_period","mean_target","var_target","bias","E1","E2"
0.1,"with_ssp245",59,3,-0.121511803913014,0.876290552130547,"hist+future",-0.0909842001830863,0.869044113816713,0.0305276037299277,0.0351277952920652,1.00833840100707
0.1,"without_ssp245",59,5,-0.107854734392942,0.871848612378918,"hist+future",-0.0909842001830863,0.869044113816713,0.0168705342098561,0.0194127478014473,1.00322710725223
0.1,"with_ssp245",59,3,-0.688108057192953,0.348249571120361,"hist",-0.653815287226304,0.338033221783591,0.0342927699666485,0.101447928063718,1.03022291502256
0.1,"without_ssp245",59,5,-0.671465289062028,0.33149978346071,"hist",-0.653815287226304,0.338033221783591,0.0176500018357234,0.0522138082836808,0.980672200535769
0.1,"with_ssp245",59,3,0.965562402961287,0.457286352748045,"future",0.988866141237041,0.456776085592123,0.023303738275754,0.051017859758453,1.00111710567172
0.1,"without_ssp245",59,5,0.973491097239605,0.477390179170412,"future",0.988866141237041,0.456776085592123,0.0153750439974363,0.033659914523558,1.04512953770679
