"tol","archive","draw","n_stitched","mean_gen","var_gen","time_period","mean_target","var_target","bias","E1","E2"
0.1,"with_ssp245",124,3,-0.123170603446007,0.874578228000401,"hist+future",-0.0909842001830863,0.869044113816713,0.0321864032629206,0.037036558617908,1.0063680474854
0.1,"without_ssp245",124,5,-0.111124657565004,0.876702860875631,"hist+future",-0.0909842001830863,0.869044113816713,0.0201404573819173,0.0231754142991239,1.00881284038077
0.1,"with_ssp245",124,3,-0.688905821542964,0.344598385687604,"hist",-0.653815287226304,0.338033221783591,0.0350905343166595,0.103807945655485,1.01942165290551
0.1,"without_ssp245",124,5,-0.677313599730227,0.345168626074208,"hist",-0.653815287226304,0.338033221783591,0.023498312503923,0.069514802065717,1.02110858883327
0.1,"with_ssp245",124,3,0.96225161732141,0.459000686965115,"future",0.988866141237041,0.456776085592123,0.0266145239156308,0.0582660186360899,1.00487022294547
0.1,"without_ssp245",124,5,0.975168080310134,0.467543080132852,"future",0.988866141237041,0.456776085592123,0.0136980609269065,0.0299885684889777,1.02357171244368
