"tol","archive","draw","n_stitched","mean_gen","var_gen","time_period","mean_target","var_target","bias","E1","E2"
0.1,"with_ssp370",177,9,0.0189747175123669,1.11262220652386,"hist+future",0.0294565686371964,1.106647280157,0.0104818511248294,0.0094717181461309,1.00539912443106
0.1,"without_ssp370",177,2,0.100724934341753,1.12345821775264,"hist+future",0.0294565686371964,1.106647280157,0.0712683657045569,0.0644002537958132,1.01519087237377
0.1,"with_ssp370",177,9,-0.683516666642015,0.327718765464762,"hist",-0.668081624151398,0.329337848626692,0.0154350424906172,0.0468668953628619,0.995083822983961
0.1,"without_ssp370",177,2,-0.606144434085792,0.303684236724679,"hist",-0.668081624151398,0.329337848626692,0.0619371900656067,0.188065812429027,0.922105485266917
0.1,"with_ssp370",177,9,1.36677795455275,0.801836574377846,"future",1.36775658968508,0.800692907392898,0.000978635132329542,0.00122223529557172,1.00142834659129
0.1,"without_ssp370",177,2,1.45692779237135,0.840332579900903,"future",1.36775658968508,0.800692907392898,0.0891712026862639,0.111367544114523,1.04950671117729
