"tol","archive","draw","n_stitched","mean_gen","var_gen","time_period","mean_target","var_target","bias","E1","E2"
0.1,"with_ssp245",82,3,-0.117223932684066,0.870208783342326,"hist+future",-0.0909842001830863,0.869044113816713,0.0262397325009796,0.0301937865797613,1.00134017307878
0.1,"without_ssp245",82,5,-0.111877209018327,0.865250293529158,"hist+future",-0.0909842001830863,0.869044113816713,0.0208930088352403,0.0240413674093957,0.995634490554348
0.1,"with_ssp245",82,3,-0.68068625454543,0.336112416772963,"hist",-0.653815287226304,0.338033221783591,0.026870967319126,0.0794920900890882,0.994317703447924
0.1,"without_ssp245",82,5,-0.6716942389096,0.341553207297256,"hist",-0.653815287226304,0.338033221783591,0.0178789516832955,0.0528911081252882,1.01041313482471
0.1,"with_ssp245",82,3,0.963837498794133,0.462498805337443,"future",0.988866141237041,0.456776085592123,0.0250286424429083,0.054794117363792,1.01252850121937
0.1,"without_ssp245",82,5,0.962190348331209,0.453123054295706,"future",0.988866141237041,0.456776085592123,0.0266757929058321,0.0584001521692014,0.992002577604997
