"tol","archive","draw","n_stitched","mean_gen","var_gen","time_period","mean_target","var_target","bias","E1","E2"
0.1,"with_ssp245",19,3,-0.12319373792536,0.86997720191992,"hist+future",-0.0909842001830863,0.869044113816713,0.0322095377422741,0.0370631792220703,1.00107369475079
0.1,"without_ssp245",19,4,-0.100038923967329,0.865125126484958,"hist+future",-0.0909842001830863,0.869044113816713,0.00905472378424253,0.0104191762423607,0.99549046214174
0.1,"with_ssp245",19,3,-0.688468647129403,0.33277630623943,"hist",-0.653815287226304,0.338033221783591,0.0346533599030987,0.102514657347152,0.984448523975177
0.1,"without_ssp245",19,4,-0.657856857953742,0.335399684070774,"hist",-0.653815287226304,0.338033221783591,0.00404157072743794,0.0119561346843753,0.992209234054209
0.1,"with_ssp245",19,3,0.96134533205914,0.453336715178811,"future",0.988866141237041,0.456776085592123,0.0275208091779015,0.0602501095087454,0.99247033607538
0.1,"without_ssp245",19,4,0.970193158681022,0.474330365251194,"future",0.988866141237041,0.456776085592123,0.0186729825560188,0.0408799478453712,1.03843082029199
