"tol","archive","draw","n_stitched","mean_gen","var_gen","time_period","mean_target","var_target","bias","E1","E2"
0.1,"with_ssp245",67,3,-0.118660625597678,0.877400516793978,"hist+future",-0.0909842001830863,0.869044113816713,0.0276764254145913,0.0318469741346507,1.00961562577136
0.1,"without_ssp245",67,5,-0.102499968641459,0.884095400762577,"hist+future",-0.0909842001830863,0.869044113816713,0.0115157684583729,0.0132510746868733,1.01731935894458
0.1,"with_ssp245",67,3,-0.687293922834557,0.342211925983838,"hist",-0.653815287226304,0.338033221783591,0.0334786356082525,0.0990394832543574,1.01236181514408
0.1,"without_ssp245",67,5,-0.67415875452776,0.344746028266959,"hist",-0.653815287226304,0.338033221783591,0.0203434673014559,0.0601818578485157,1.0198584223407
0.1,"with_ssp245",67,3,0.972321863287032,0.458061097466426,"future",0.988866141237041,0.456776085592123,0.0165442779500088,0.0362196675173183,1.00281322055781
0.1,"without_ssp245",67,5,0.994287236838071,0.471458328106154,"future",0.988866141237041,0.456776085592123,0.00542109560103032,0.0118681686104537,1.03214319439468
