"tol","archive","draw","n_stitched","mean_gen","var_gen","time_period","mean_target","var_target","bias","E1","E2"
0.1,"with_ssp245",112,3,-0.117122054337617,0.871316139623861,"hist+future",-0.0909842001830863,0.869044113816713,0.0261378541545305,0.0300765562288167,1.00261439640523
0.1,"without_ssp245",112,5,-0.106350011589683,0.879176399318104,"hist+future",-0.0909842001830863,0.869044113816713,0.0153658114065969,0.0176812789619074,1.01165911527424
0.1,"with_ssp245",112,3,-0.682173631047611,0.338173363586669,"hist",-0.653815287226304,0.338033221783591,0.0283583438213064,0.0838921798031479,1.00041457997039
0.1,"without_ssp245",112,5,-0.678013913671687,0.336598357125884,"hist",-0.653815287226304,0.338033221783591,0.0241986264453828,0.0715865331747623,0.995755255503774
0.1,"with_ssp245",112,3,0.966988528885045,0.454746987693466,"future",0.988866141237041,0.456776085592123,0.0218776123519955,0.0478957043550897,0.995557784300317
0.1,"without_ssp245",112,5,0.990447009846719,0.455575987770044,"future",0.988866141237041,0.456776085592123,0.00158086860967832,0.00346092682945305,0.997372678080282
