"tol","archive","draw","n_stitched","mean_gen","var_gen","time_period","mean_target","var_target","bias","E1","E2"
0.1,"with_ssp370",94,9,0.028624498784838,1.10568597752839,"hist+future",0.0294565686371964,1.106647280157,0.000832069852358373,0.000751883519959792,0.999131337829276
0.1,"without_ssp370",94,2,0.105774962575562,1.11693249948742,"hist+future",0.0294565686371964,1.106647280157,0.0763183939383656,0.0689636122609352,1.0092940357012
0.1,"with_ssp370",94,9,-0.670919004100937,0.32210224094666,"hist",-0.668081624151398,0.329337848626692,0.0028373799495387,0.00861540804183395,0.978029832555826
0.1,"without_ssp370",94,2,-0.598992984859887,0.307212422965245,"hist",-0.668081624151398,0.329337848626692,0.0690886392915115,0.209780441511975,0.93281845450285
0.1,"with_ssp370",94,9,1.3707719171122,0.79257569464102,"future",1.36775658968508,0.800692907392898,0.00301532742711541,0.00376589751111133,0.989862264699824
0.1,"without_ssp370",94,2,1.45794602451567,0.822122663598816,"future",1.36775658968508,0.800692907392898,0.0901894348305858,0.112639232841774,1.02676401402842
