"tol","archive","draw","n_stitched","mean_gen","var_gen","time_period","mean_target","var_target","bias","E1","E2"
0.1,"with_ssp245",136,3,-0.118961822811979,0.873784333021353,"hist+future",-0.0909842001830863,0.869044113816713,0.027977622628893,0.0321935586284791,1.00545452081117
0.1,"without_ssp245",136,5,-0.0997536391214474,0.874274497340879,"hist+future",-0.0909842001830863,0.869044113816713,0.0087694389383611,0.0100909019449508,1.00601854778257
0.1,"with_ssp245",136,3,-0.684602352523862,0.343803624919785,"hist",-0.653815287226304,0.338033221783591,0.0307870652975578,0.0910770401060392,1.01707052077825
0.1,"without_ssp245",136,5,-0.666765331123347,0.336166930789196,"hist",-0.653815287226304,0.338033221783591,0.0129500438970425,0.038309973879825,0.994478971668676
0.1,"with_ssp245",136,3,0.966278728379424,0.456370534470014,"future",0.988866141237041,0.456776085592123,0.0225874128576175,0.0494496397033071,0.99911214458265
0.1,"without_ssp245",136,5,0.98811763041708,0.461210258207563,"future",0.988866141237041,0.456776085592123,0.000748510819960857,0.00163868215427819,1.00970754108042
