"tol","archive","draw","n_stitched","mean_gen","var_gen","time_period","mean_target","var_target","bias","E1","E2"
0.1,"with_ssp245",119,3,-0.11435958857075,0.870495855037526,"hist+future",-0.0909842001830863,0.869044113816713,0.0233753883876637,0.0268978156758953,1.00167050348507
0.1,"without_ssp245",119,5,-0.108129536220748,0.875263678176139,"hist+future",-0.0909842001830863,0.869044113816713,0.0171453360376613,0.0197289593992663,1.00715678785523
0.1,"with_ssp245",119,3,-0.679774103609239,0.339369112183565,"hist",-0.653815287226304,0.338033221783591,0.0259588163829346,0.0767936839046945,1.00395195002706
0.1,"without_ssp245",119,5,-0.674510774325633,0.332743139031197,"hist",-0.653815287226304,0.338033221783591,0.0206954870993284,0.0612232341842947,0.984350405784135
0.1,"with_ssp245",119,3,0.970447329817048,0.445814309912365,"future",0.988866141237041,0.456776085592123,0.0184188114199928,0.0403235020417418,0.976001861687772
0.1,"without_ssp245",119,5,0.978532141538625,0.475587093375714,"future",0.988866141237041,0.456776085592123,0.0103339996984161,0.0226237756843597,1.04118212046764
