"tol","archive","draw","n_stitched","mean_gen","var_gen","time_period","mean_target","var_target","bias","E1","E2"
0.1,"with_ssp370",144,10,0.0269157186160723,1.1042821262398,"hist+future",0.0294565686371964,1.106647280157,0.00254085002112413,0.00229598903524497,0.997862775285669
0.1,"without_ssp370",144,2,0.0893901063014053,1.11577996798456,"hist+future",0.0294565686371964,1.106647280157,0.0599335376642089,0.0541577598742269,1.00825257332785
0.1,"with_ssp370",144,10,-0.670133100751564,0.331023147058536,"hist",-0.668081624151398,0.329337848626692,0.0020514766001658,0.00622909455660886,1.00511723277137
0.1,"without_ssp370",144,2,-0.611280508859353,0.311161845126303,"hist",-0.668081624151398,0.329337848626692,0.0568011152920448,0.172470657499283,0.944810462641383
0.1,"with_ssp370",144,10,1.36427682554235,0.792164860249346,"future",1.36775658968508,0.800692907392898,0.00347976414273021,0.00434594101009403,0.989349166122478
0.1,"without_ssp370",144,2,1.43370000748193,0.83431533904712,"future",1.36775658968508,0.800692907392898,0.0659434177968494,0.0823579392148795,1.04199166914529
