"tol","archive","draw","n_stitched","mean_gen","var_gen","time_period","mean_target","var_target","bias","E1","E2"
0.1,"with_ssp370",136,9,0.0191169482676523,1.10709736925175,"hist+future",0.0294565686371964,1.106647280157,0.0103396203695441,0.00934319412783197,1.00040671413812
0.1,"without_ssp370",136,2,0.0977117553290163,1.11591512696049,"hist+future",0.0294565686371964,1.106647280157,0.0682551866918199,0.0616774539780523,1.00837470707214
0.1,"with_ssp370",136,9,-0.679645095906613,0.330127052869067,"hist",-0.668081624151398,0.329337848626692,0.0115634717552151,0.0351112749519489,1.00239633630227
0.1,"without_ssp370",136,2,-0.610564554950765,0.30127151764055,"hist",-0.668081624151398,0.329337848626692,0.057517069200633,0.174644576809115,0.914779515615419
0.1,"with_ssp370",136,9,1.35976505627642,0.795850244767761,"future",1.36775658968508,0.800692907392898,0.00799153340866354,0.0099807720723847,0.993951910176269
0.1,"without_ssp370",136,2,1.45661397854023,0.805147690915776,"future",1.36775658968508,0.800692907392898,0.0888573888551436,0.110975616287733,1.00556366052671
