"tol","archive","draw","n_stitched","mean_gen","var_gen","time_period","mean_target","var_target","bias","E1","E2"
0.1,"with_ssp370",130,9,0.0173515730527909,1.10482369114062,"hist+future",0.0294565686371964,1.106647280157,0.0121049955844055,0.0109384406408953,0.998352149732732
0.1,"without_ssp370",130,2,0.0978198163944056,1.1200972417406,"hist+future",0.0294565686371964,1.106647280157,0.0683632477572092,0.0617751012296445,1.01215379265352
0.1,"with_ssp370",130,9,-0.677959048335282,0.328425548047065,"hist",-0.668081624151398,0.329337848626692,0.00987742418388338,0.029991767496725,0.997229894518861
0.1,"without_ssp370",130,2,-0.606121970595383,0.307687140323554,"hist",-0.668081624151398,0.329337848626692,0.0619596535560155,0.188134020472841,0.934259884208817
0.1,"with_ssp370",130,9,1.35137776525084,0.80487007308289,"future",1.36775658968508,0.800692907392898,0.0163788244342444,0.020455813062682,1.00521693854338
0.1,"without_ssp370",130,2,1.44840580306086,0.838225032955817,"future",1.36775658968508,0.800692907392898,0.0806492133757786,0.100724275975389,1.04687455729454
