"tol","archive","draw","n_stitched","mean_gen","var_gen","time_period","mean_target","var_target","bias","E1","E2"
0.1,"with_ssp245",165,3,-0.121669160698613,0.871070001775305,"hist+future",-0.0909842001830863,0.869044113816713,0.0306849605155262,0.0353088641044497,1.00233116814944
0.1,"without_ssp245",165,5,-0.109042075532798,0.870692371105901,"hist+future",-0.0909842001830863,0.869044113816713,0.018057875349712,0.0207790088703374,1.00189663247582
0.1,"with_ssp245",165,3,-0.687154089252789,0.340220958284014,"hist",-0.653815287226304,0.338033221783591,0.0333388020264848,0.0986258150917138,1.00647195707238
0.1,"without_ssp245",165,5,-0.673692940334802,0.339616841567235,"hist",-0.653815287226304,0.338033221783591,0.0198776531084978,0.0588038447925791,1.00468480516586
0.1,"with_ssp245",165,3,0.963272853387889,0.447343065987942,"future",0.988866141237041,0.456776085592123,0.0255932878491524,0.0560302709717729,0.97934870081486
0.1,"without_ssp245",165,5,0.974299699959418,0.45272603518134,"future",0.988866141237041,0.456776085592123,0.0145664412776232,0.031889675788829,0.991133400940785
