"tol","archive","draw","n_stitched","mean_gen","var_gen","time_period","mean_target","var_target","bias","E1","E2"
0.1,"with_ssp370",41,9,0.0241847717225228,1.10843146307483,"hist+future",0.0294565686371964,1.106647280157,0.00527179691467356,0.0047637553619846,1.00161224172311
0.1,"without_ssp370",41,2,0.0955637566820554,1.10469504891466,"hist+future",0.0294565686371964,1.106647280157,0.066107188044859,0.0597364573430123,0.998235904721093
0.1,"with_ssp370",41,9,-0.674860724201077,0.334675062284994,"hist",-0.668081624151398,0.329337848626692,0.00677910004967908,0.020584029676356,1.01620589215773
0.1,"without_ssp370",41,2,-0.602101774108321,0.295524251515715,"hist",-0.668081624151398,0.329337848626692,0.0659798500430772,0.200340927464629,0.897328541945676
0.1,"with_ssp370",41,9,1.36537671157594,0.796232051011609,"future",1.36775658968508,0.800692907392898,0.00237987810913975,0.00297227324878995,0.994428754969476
0.1,"without_ssp370",41,2,1.43410808901243,0.816020207009397,"future",1.36775658968508,0.800692907392898,0.0663514993273473,0.0828675996936099,1.01914254450736
