"tol","archive","draw","n_stitched","mean_gen","var_gen","time_period","mean_target","var_target","bias","E1","E2"
0.1,"with_ssp245",43,3,-0.117972493299935,0.877396816993671,"hist+future",-0.0909842001830863,0.869044113816713,0.0269882931168482,0.031055147474988,1.00961136844973
0.1,"without_ssp245",43,5,-0.110315931492411,0.871911274484624,"hist+future",-0.0909842001830863,0.869044113816713,0.0193317313093246,0.022244821640207,1.00329921188387
0.1,"with_ssp245",43,3,-0.687665123984519,0.339044231494204,"hist",-0.653815287226304,0.338033221783591,0.0338498367582148,0.100137603575206,1.00299085902054
0.1,"without_ssp245",43,5,-0.673626254473268,0.341269206788916,"hist",-0.653815287226304,0.338033221783591,0.0198109672469636,0.058606568734379,1.00957297921267
0.1,"with_ssp245",43,3,0.975042437664675,0.455159699554623,"future",0.988866141237041,0.456776085592123,0.0138237035723657,0.0302636324632581,0.996461316411947
0.1,"without_ssp245",43,5,0.970453874226675,0.466364170933079,"future",0.988866141237041,0.456776085592123,0.0184122670103659,0.0403091746506342,1.02099077785241
