"tol","archive","draw","n_stitched","mean_gen","var_gen","time_period","mean_target","var_target","bias","E1","E2"
0.1,"with_ssp245",109,3,-0.121238694641004,0.872644072442822,"hist+future",-0.0909842001830863,0.869044113816713,0.0302544944579172,0.0348135313005504,1.00414243485328
0.1,"without_ssp245",109,5,-0.106117513082242,0.874171546075864,"hist+future",-0.0909842001830863,0.869044113816713,0.015133312899156,0.0174137453537229,1.00590008283542
0.1,"with_ssp245",109,3,-0.686054797875293,0.339028040676602,"hist",-0.653815287226304,0.338033221783591,0.0322395106489887,0.0953737933771148,1.00294296190109
0.1,"without_ssp245",109,5,-0.668735721638074,0.340530073611101,"hist",-0.653815287226304,0.338033221783591,0.0149204344117694,0.0441389586888635,1.00738640957932
0.1,"with_ssp245",109,3,0.962420108075947,0.462551907517543,"future",0.988866141237041,0.456776085592123,0.0264460331610941,0.0578971491618521,1.01264475551064
0.1,"without_ssp245",109,5,0.973324398681853,0.484121448496935,"future",0.988866141237041,0.456776085592123,0.0155417425551884,0.0340248604193923,1.05986601262052
