"tol","archive","draw","n_stitched","mean_gen","var_gen","time_period","mean_target","var_target","bias","E1","E2"
0.1,"with_ssp245",15,3,-0.119272474487559,0.876573920805096,"hist+future",-0.0909842001830863,0.869044113816713,0.0282882743044725,0.0325510222723155,1.0086644703861
0.1,"without_ssp245",15,5,-0.111787279933493,0.872336690146928,"hist+future",-0.0909842001830863,0.869044113816713,0.0208030797504069,0.0239378869491939,1.00378873325055
0.1,"with_ssp245",15,3,-0.686004177860297,0.349197867129691,"hist",-0.653815287226304,0.338033221783591,0.0321888906339926,0.0952240447378271,1.03302824878333
0.1,"without_ssp245",15,5,-0.675373963637698,0.339199385936581,"hist",-0.653815287226304,0.338033221783591,0.0215586764113938,0.0637767977290575,1.00344985071833
0.1,"with_ssp245",15,3,0.968061607564787,0.456541302381583,"future",0.988866141237041,0.456776085592123,0.0208045336722538,0.0455464599143466,0.999485999337651
0.1,"without_ssp245",15,5,0.969512752754807,0.46970401193969,"future",0.988866141237041,0.456776085592123,0.0193533884822343,0.0423695309204867,1.02830254637961
