"tol","archive","draw","n_stitched","mean_gen","var_gen","time_period","mean_target","var_target","bias","E1","E2"
0.1,"with_ssp245",18,3,-0.114347013735797,0.873719571100133,"hist+future",-0.0909842001830863,0.869044113816713,0.0233628135527105,0.026883345944436,1.00537999994371
0.1,"without_ssp245",18,5,-0.113533832634689,0.860288691554926,"hist+future",-0.0909842001830863,0.869044113816713,0.0225496324516026,0.0259476269306606,0.989925226898628
0.1,"with_ssp245",18,3,-0.680510149899649,0.342008376155865,"hist",-0.653815287226304,0.338033221783591,0.0266948626733444,0.0789711216326378,1.01175965590393
0.1,"without_ssp245",18,5,-0.669602647327215,0.336426443351288,"hist",-0.653815287226304,0.338033221783591,0.0157873601009111,0.0467035755172553,0.995246684855929
0.1,"with_ssp245",18,3,0.971896212625082,0.454955489319175,"future",0.988866141237041,0.456776085592123,0.0169699286119593,0.0371515259822788,0.996014247833076
0.1,"without_ssp245",18,5,0.953342381600972,0.4587445299681,"future",0.988866141237041,0.456776085592123,0.0355237596360688,0.0777706205656959,1.00430942958282
