"tol","archive","draw","n_stitched","mean_gen","var_gen","time_period","mean_target","var_target","bias","E1","E2"
0.1,"with_ssp370",89,9,0.0249882929074068,1.110181809382,"hist+future",0.0294565686371964,1.106647280157,0.00446827572978957,0.00403766928262425,1.00319390765999
0.1,"without_ssp370",89,2,0.108157240025648,1.1214993859738,"hist+future",0.0294565686371964,1.106647280157,0.0787006713884512,0.0711163103182129,1.01342081265017
0.1,"with_ssp370",89,9,-0.674299906922497,0.326231493437435,"hist",-0.668081624151398,0.329337848626692,0.00621828277109915,0.0188811665498782,0.990567876719269
0.1,"without_ssp370",89,2,-0.600023414872124,0.301696097953572,"hist",-0.668081624151398,0.329337848626692,0.0680582092792746,0.206651648339451,0.916068709416839
0.1,"with_ssp370",89,9,1.36664588560432,0.808788857111579,"future",1.36775658968508,0.800692907392898,0.00111070408076541,0.00138717861805711,1.01011117950956
0.1,"without_ssp370",89,2,1.46687593837602,0.827731542671083,"future",1.36775658968508,0.800692907392898,0.0991193486909414,0.123791965403665,1.03376904557107
