"tol","archive","draw","n_stitched","mean_gen","var_gen","time_period","mean_target","var_target","bias","E1","E2"
0.1,"with_ssp370",140,10,0.0293862438413688,1.10884272215189,"hist+future",0.0294565686371964,1.106647280157,7.03247958275359e-05,6.35476154765041e-05,1.00198386788118
0.1,"without_ssp370",140,2,0.080907125638623,1.10808943879497,"hist+future",0.0294565686371964,1.106647280157,0.0514505570014266,0.0464922816185185,1.00130317822474
0.1,"with_ssp370",140,10,-0.669800921091483,0.333021098001214,"hist",-0.668081624151398,0.329337848626692,0.00171929694008499,0.00522046569276594,1.01118380225619
0.1,"without_ssp370",140,2,-0.616262070059514,0.300033296010443,"hist",-0.668081624151398,0.329337848626692,0.0518195540918847,0.157344666906544,0.911019784885199
0.1,"with_ssp370",140,10,1.37084999051486,0.79857424352342,"future",1.36775658968508,0.800692907392898,0.00309340082978271,0.0038634048100351,0.997353961987279
0.1,"without_ssp370",140,2,1.41849918715249,0.828630041742366,"future",1.36775658968508,0.800692907392898,0.0507425974674083,0.063373356999788,1.03489119747599
