"tol","archive","draw","n_stitched","mean_gen","var_gen","time_period","mean_target","var_target","bias","E1","E2"
0.1,"with_ssp370",119,9,0.0216887928320701,1.10630972025214,"hist+future",0.0294565686371964,1.106647280157,0.00776777580512633,0.00701919748451768,0.999694970646109
0.1,"without_ssp370",119,2,0.100820945043509,1.11758859414143,"hist+future",0.0294565686371964,1.106647280157,0.0713643764063129,0.0644870119738501,1.00988690270208
0.1,"with_ssp370",119,9,-0.676185977791771,0.32960117562721,"hist",-0.668081624151398,0.329337848626692,0.00810435364037232,0.0246080238702193,1.00079956495014
0.1,"without_ssp370",119,2,-0.605750329309498,0.304923699063275,"hist",-0.668081624151398,0.329337848626692,0.0623312948419006,0.189262470444306,0.92586898327896
0.1,"with_ssp370",119,9,1.36063457368014,0.797432834459121,"future",1.36775658968508,0.800692907392898,0.007122016004945,0.00889481590156043,0.995928435354334
0.1,"without_ssp370",119,2,1.45645187839521,0.817643830884153,"future",1.36775658968508,0.800692907392898,0.0886952887101273,0.110773166455195,1.02117031802673
