"tol","archive","draw","n_stitched","mean_gen","var_gen","time_period","mean_target","var_target","bias","E1","E2"
0.1,"with_ssp370",188,9,0.0324021859065898,1.11073936185821,"hist+future",0.0294565686371964,1.106647280157,0.00294561726939346,0.00266174898019501,1.0036977289644
0.1,"without_ssp370",188,2,0.101349393083633,1.12014930415419,"hist+future",0.0294565686371964,1.106647280157,0.0718928244464368,0.0649645336283098,1.01220083782728
0.1,"with_ssp370",188,9,-0.67001095310641,0.326036102882954,"hist",-0.668081624151398,0.329337848626692,0.00192932895501141,0.00585820598226572,0.98997459369609
0.1,"without_ssp370",188,2,-0.603324794085953,0.297684310473692,"hist",-0.668081624151398,0.329337848626692,0.0647568300654449,0.196627354965349,0.903887335497596
0.1,"with_ssp370",188,9,1.38005530145479,0.79589052248926,"future",1.36775658968508,0.800692907392898,0.0122987117697051,0.0153600858158597,0.994002213758487
0.1,"without_ssp370",188,2,1.45334056614156,0.841904177395851,"future",1.36775658968508,0.800692907392898,0.0855839764564794,0.106887391740668,1.05146950800044
