"tol","archive","draw","n_stitched","mean_gen","var_gen","time_period","mean_target","var_target","bias","E1","E2"
0.1,"with_ssp370",154,10,0.0326753945658428,1.10369068947868,"hist+future",0.0294565686371964,1.106647280157,0.00321882592864639,0.00290862859952066,0.997328335115144
0.1,"without_ssp370",154,2,0.0902851440877456,1.10145363203349,"hist+future",0.0294565686371964,1.106647280157,0.0608285754505493,0.0549665431264781,0.995306862252649
0.1,"with_ssp370",154,10,-0.663737018419938,0.32861138719671,"hist",-0.668081624151398,0.329337848626692,0.00434460573146034,0.0131919417995136,0.997794175698262
0.1,"without_ssp370",154,2,-0.601350239113855,0.298994673209782,"hist",-0.668081624151398,0.329337848626692,0.0667313850375435,0.202622885027661,0.907866115165814
0.1,"with_ssp370",154,10,1.36881548924786,0.794818517364092,"future",1.36775658968508,0.800692907392898,0.00105889956278249,0.00132247900912514,0.992663366973073
0.1,"without_ssp370",154,2,1.4172600072071,0.829550788554406,"future",1.36775658968508,0.800692907392898,0.0495034175220139,0.0618257225272544,1.03604113499078
