"tol","archive","draw","n_stitched","mean_gen","var_gen","time_period","mean_target","var_target","bias","E1","E2"
0.1,"with_ssp370",114,10,0.0306259317382863,1.10715252703078,"hist+future",0.0294565686371964,1.106647280157,0.00116936310108988,0.00105667191530439,1.00045655637785
0.1,"without_ssp370",114,2,0.083012694797609,1.11260726470511,"hist+future",0.0294565686371964,1.106647280157,0.0535561261604127,0.0483949376831386,1.00538562255109
0.1,"with_ssp370",114,10,-0.668071679809433,0.330694918875151,"hist",-0.668081624151398,0.329337848626692,9.94434196543992e-06,3.01949563553259e-05,1.00412060215404
0.1,"without_ssp370",114,2,-0.615696558891296,0.305228673337079,"hist",-0.668081624151398,0.329337848626692,0.0523850652601021,0.159061782538943,0.92679500582716
0.1,"with_ssp370",114,10,1.37115041901007,0.795978187452252,"future",1.36775658968508,0.800692907392898,0.00339382932499155,0.00423861544626648,0.99411170013233
0.1,"without_ssp370",114,2,1.42355951873562,0.83538233226269,"future",1.36775658968508,0.800692907392898,0.0558029290505435,0.0696932975617844,1.04332425646524
