"tol","archive","draw","n_stitched","mean_gen","var_gen","time_period","mean_target","var_target","bias","E1","E2"
0.1,"with_ssp245",200,3,-0.113121519836993,0.874853640565802,"hist+future",-0.0909842001830863,0.869044113816713,0.0221373196539069,0.0254731828936544,1.0066849618526
0.1,"without_ssp245",200,5,-0.119277964014208,0.866477572499725,"hist+future",-0.0909842001830863,0.869044113816713,0.0282937638311217,0.0325573390133899,0.997046707668594
0.1,"with_ssp245",200,3,-0.677801079489609,0.34942610274433,"hist",-0.653815287226304,0.338033221783591,0.023985792263305,0.0709569081309431,1.03370343571743
0.1,"without_ssp245",200,5,-0.679953537758329,0.340950975523007,"hist",-0.653815287226304,0.338033221783591,0.0261382505320252,0.0773245019945374,1.00863155912316
0.1,"with_ssp245",200,3,0.970275309729072,0.460824622232534,"future",0.988866141237041,0.456776085592123,0.0185908315079687,0.0407000981320404,1.00886328502764
0.1,"without_ssp245",200,5,0.956436799564629,0.454887962379255,"future",0.988866141237041,0.456776085592123,0.0324293416724116,0.0709961460227787,0.995866414043064
