"tol","archive","draw","n_stitched","mean_gen","var_gen","time_period","mean_target","var_target","bias","E1","E2"
0.1,"with_ssp370",137,9,0.0246651257180329,1.10942849368479,"hist+future",0.0294565686371964,1.106647280157,0.00479144291916347,0.00432969294288938,1.0025131887799
0.1,"without_ssp370",137,2,0.112722575626999,1.11627823734717,"hist+future",0.0294565686371964,1.106647280157,0.083266006989803,0.0752416858404878,1.00870282461527
0.1,"with_ssp370",137,9,-0.675760303960545,0.329013845294365,"hist",-0.668081624151398,0.329337848626692,0.00767867980914649,0.02331550971492,0.99901619770191
0.1,"without_ssp370",137,2,-0.591952926164084,0.302871924702595,"hist",-0.668081624151398,0.329337848626692,0.076128697987314,0.231156844877573,0.91963898460363
0.1,"with_ssp370",137,9,1.36850461289205,0.798016361507693,"future",1.36775658968508,0.800692907392898,0.000748023206966764,0.000934219848908579,0.996657212945823
0.1,"without_ssp370",137,2,1.46471627092385,0.82306354583018,"future",1.36775658968508,0.800692907392898,0.0969596812387643,0.121094717267411,1.02793909903626
