"tol","archive","draw","n_stitched","mean_gen","var_gen","time_period","mean_target","var_target","bias","E1","E2"
0.1,"with_ssp370",105,9,0.0215150512107153,1.1076125834145,"hist+future",0.0294565686371964,1.106647280157,0.0079415174264811,0.00717619567578431,1.00087227726016
0.1,"without_ssp370",105,2,0.103539079807893,1.116277996074,"hist+future",0.0294565686371964,1.106647280157,0.0740825111706961,0.066943200872627,1.00870260659353
0.1,"with_ssp370",105,9,-0.677553535810221,0.33172474451607,"hist",-0.668081624151398,0.329337848626692,0.00947191165882277,0.0287604710430937,1.00724756021615
0.1,"without_ssp370",105,2,-0.596740405273637,0.308906031183335,"hist",-0.668081624151398,0.329337848626692,0.0713412188777609,0.216620164294043,0.93796091907275
0.1,"with_ssp370",105,9,1.36275129375088,0.795159189132985,"future",1.36775658968508,0.800692907392898,0.00500529593419752,0.0062512055345851,0.993088838169016
0.1,"without_ssp370",105,2,1.4470985569992,0.839712110012372,"future",1.36775658968508,0.800692907392898,0.0793419673141185,0.0990916324867426,1.04873179499806
