"tol","archive","draw","n_stitched","mean_gen","var_gen","time_period","mean_target","var_target","bias","E1","E2"
0.1,"with_ssp245",49,3,-0.111597403256463,0.879832628158418,"hist+future",-0.0909842001830863,0.869044113816713,0.0206132030733771,0.0237193978368336,1.01241423095811
0.1,"without_ssp245",49,4,-0.0960625048577751,0.86035542257983,"hist+future",-0.0909842001830863,0.869044113816713,0.00507830467468877,0.0058435522362445,0.990002013593161
0.1,"with_ssp245",49,3,-0.680198280685099,0.350771886847461,"hist",-0.653815287226304,0.338033221783591,0.0263829934587944,0.078048522330402,1.03768465417883
0.1,"without_ssp245",49,4,-0.652736019691838,0.33395021117602,"hist",-0.653815287226304,0.338033221783591,0.00107926753446574,0.00319278539775209,0.987921274169361
0.1,"with_ssp245",49,3,0.97932288483336,0.459489307218367,"future",0.988866141237041,0.456776085592123,0.00954325640368126,0.0208926358115054,1.0059399379955
0.1,"without_ssp245",49,4,0.971973889881998,0.458202965328094,"future",0.988866141237041,0.456776085592123,0.0168922513550434,0.0369814705451267,1.00312380569163
