"tol","archive","draw","n_stitched","mean_gen","var_gen","time_period","mean_target","var_target","bias","E1","E2"
0.1,"with_ssp370",3,10,0.0310850311587336,1.11046386206866,"hist+future",0.0294565686371964,1.106647280157,0.00162846252153724,0.00147152805662362,1.00344877901034
0.1,"without_ssp370",3,2,0.109434207980382,1.11917298070902,"hist+future",0.0294565686371964,1.106647280157,0.0799776393431861,0.0722702172383597,1.01131860239177
0.1,"with_ssp370",3,10,-0.667490592545493,0.336332845008386,"hist",-0.668081624151398,0.329337848626692,0.00059103160590479,0.00179460577753008,1.02123957635256
0.1,"without_ssp370",3,2,-0.597606362112548,0.30965318589971,"hist",-0.668081624151398,0.329337848626692,0.0704752620388501,0.21399077674408,0.940229576378587
0.1,"with_ssp370",3,10,1.37137547198661,0.805460194869251,"future",1.36775658968508,0.800692907392898,0.00361888230152974,0.00451968822018547,1.00595395242338
0.1,"without_ssp370",3,2,1.46596553432147,0.818288206052496,"future",1.36775658968508,0.800692907392898,0.0982089446363887,0.122654945147651,1.02197508994664
