"tol","archive","draw","n_stitched","mean_gen","var_gen","time_period","mean_target","var_target","bias","E1","E2"
0.1,"with_ssp245",197,3,-0.117552872139827,0.875673707188358,"hist+future",-0.0909842001830863,0.869044113816713,0.0265686719567406,0.0305722937815607,1.00762860396411
0.1,"without_ssp245",197,4,-0.0964146246921517,0.869393442406231,"hist+future",-0.0909842001830863,0.869044113816713,0.00543042450906533,0.00624873285800846,1.00040196876541
0.1,"with_ssp245",197,3,-0.684806269077703,0.34176369480053,"hist",-0.653815287226304,0.338033221783591,0.030990981851399,0.0916802842273279,1.01103581771417
0.1,"without_ssp245",197,4,-0.659985634924779,0.337633657863252,"hist",-0.653815287226304,0.338033221783591,0.00617034769847469,0.0182536724228394,0.998817974404316
0.1,"with_ssp245",197,3,0.970782133613075,0.458652912619884,"future",0.988866141237041,0.456776085592123,0.0180840076239659,0.0395905306656399,1.00410885571062
0.1,"without_ssp245",197,4,0.98485533680068,0.455542202617931,"future",0.988866141237041,0.456776085592123,0.00401080443636137,0.00878067955585313,0.997298713717483
