"tol","archive","draw","n_stitched","mean_gen","var_gen","time_period","mean_target","var_target","bias","E1","E2"
0.1,"with_ssp245",159,3,-0.126898224888298,0.877286722759176,"hist+future",-0.0909842001830863,0.869044113816713,0.0359140247052116,0.0413258937425886,1.00948468416208
0.1,"without_ssp245",159,5,-0.109548718668527,0.874309456065346,"hist+future",-0.0909842001830863,0.869044113816713,0.0185645184854409,0.0213619978437094,1.00605877442229
0.1,"with_ssp245",159,3,-0.69518609529621,0.34121321941697,"hist",-0.653815287226304,0.338033221783591,0.0413708080699057,0.122386811129443,1.00940735237975
0.1,"without_ssp245",159,5,-0.673822214446578,0.342472905771537,"hist",-0.653815287226304,0.338033221783591,0.0200069272202733,0.0591862749901006,1.01313386880887
0.1,"with_ssp245",159,3,0.963421526475719,0.461254101689979,"future",0.988866141237041,0.456776085592123,0.0254446147613218,0.0557047874525605,1.0098035257079
0.1,"without_ssp245",159,5,0.973069034859127,0.471232572103827,"future",0.988866141237041,0.456776085592123,0.0157971063779135,0.0345839173200927,1.03164895660631
