"tol","archive","draw","n_stitched","mean_gen","var_gen","time_period","mean_target","var_target","bias","E1","E2"
0.1,"with_ssp370",33,9,0.0254799796030141,1.10653733338377,"hist+future",0.0294565686371964,1.106647280157,0.00397658903418233,0.00359336629248136,0.999900648765696
0.1,"without_ssp370",33,2,0.097089529065709,1.1198678483852,"hist+future",0.0294565686371964,1.106647280157,0.0676329604285126,0.0611151914808102,1.01194650586981
0.1,"with_ssp370",33,9,-0.674920757574413,0.324546558729176,"hist",-0.668081624151398,0.329337848626692,0.00683913342301434,0.0207663147480099,0.985451748356601
0.1,"without_ssp370",33,2,-0.608301966347119,0.302530664173978,"hist",-0.668081624151398,0.329337848626692,0.0597796578042789,0.181514690927734,0.918602782630366
0.1,"with_ssp370",33,9,1.36927209162947,0.789882649740849,"future",1.36775658968508,0.800692907392898,0.00151550194439065,0.00189273806524053,0.986498871724433
0.1,"without_ssp370",33,2,1.45045693305544,0.834063562956709,"future",1.36775658968508,0.800692907392898,0.0827003433703566,0.103285969697963,1.04167722138625
