"tol","archive","draw","n_stitched","mean_gen","var_gen","time_period","mean_target","var_target","bias","E1","E2"
0.1,"with_ssp245",4,3,-0.119959431212522,0.875836210978372,"hist+future",-0.511662844981908,0.593844338519074,0.391703413769386,0.659606210520107,1.47485823164119
0.1,"without_ssp245",4,5,-0.10713151649797,0.872956868588108,"hist+future",-0.511662844981908,0.593844338519074,0.404531328483938,0.68120768734237,1.47000958326063
0.1,"with_ssp245",4,3,-0.687536045696505,0.34008921926749,"hist",-0.668081624151398,0.329337848626692,0.019454421545107,0.0590713203059719,1.03264541468777
0.1,"without_ssp245",4,5,-0.671463989514757,0.346086274278723,"hist",-0.668081624151398,0.329337848626692,0.00338236536335867,0.0102701993635497,1.05085484623729
0.1,"with_ssp245",4,3,0.968995701227679,0.459704303815762,"future",0.988866141237041,0.456776085592123,0.0198704400093617,0.0435014893207543,1.00641062068703
0.1,"without_ssp245",4,5,0.975599391034238,0.45825702014048,"future",0.988866141237041,0.456776085592123,0.0132667502028025,0.0290443186963362,1.00324214553929
