"tol","archive","draw","n_stitched","mean_gen","var_gen","time_period","mean_target","var_target","bias","E1","E2"
0.1,"with_ssp370",72,9,0.0220051105541554,1.10934058147387,"hist+future",0.0294565686371964,1.106647280157,0.00745145808304099,0.00673336321034818,1.00243374864346
0.1,"without_ssp370",72,2,0.117208563414638,1.12570966955009,"hist+future",0.0294565686371964,1.106647280157,0.0877519947774415,0.0792953602750394,1.01722535240894
0.1,"with_ssp370",72,9,-0.678203727183449,0.330932726635776,"hist",-0.668081624151398,0.329337848626692,0.0101221030320503,0.0307347092788105,1.00484268059603
0.1,"without_ssp370",72,2,-0.597138697173641,0.309884854578811,"hist",-0.668081624151398,0.329337848626692,0.0709429269777575,0.215410792514686,0.940933014140348
0.1,"with_ssp370",72,9,1.36542904342281,0.797201435488192,"future",1.36775658968508,0.800692907392898,0.00232754626226739,0.00290691504917411,0.995639436952084
0.1,"without_ssp370",72,2,1.48775854012471,0.808588863197857,"future",1.36775658968508,0.800692907392898,0.120001950439626,0.149872628234412,1.009861403457
