"tol","archive","draw","n_stitched","mean_gen","var_gen","time_period","mean_target","var_target","bias","E1","E2"
0.1,"with_ssp370",42,9,0.0232096251092246,1.10707591606145,"hist+future",0.0294565686371964,1.106647280157,0.00624694352797179,0.00564492737657617,1.0003873283856
0.1,"without_ssp370",42,2,0.0928722807982175,1.12217125852542,"hist+future",0.0294565686371964,1.106647280157,0.0634157121610211,0.0573043582161288,1.01402793703719
0.1,"with_ssp370",42,9,-0.676669225819732,0.331163858720841,"hist",-0.668081624151398,0.329337848626692,0.00858760166833372,0.0260753560641245,1.00554448904601
0.1,"without_ssp370",42,2,-0.608804694224178,0.308909257400417,"hist",-0.668081624151398,0.329337848626692,0.05927692992722,0.179988210205414,0.937970715144158
0.1,"with_ssp370",42,9,1.36600044375199,0.789407726057283,"future",1.36775658968508,0.800692907392898,0.00175614593309148,0.00219328273908357,0.985905730859588
0.1,"without_ssp370",42,2,1.43911298869002,0.855994778238714,"future",1.36775658968508,0.800692907392898,0.071356399004942,0.0891183103360844,1.06906751681601
