"tol","archive","draw","n_stitched","mean_gen","var_gen","time_period","mean_target","var_target","bias","E1","E2"
0.1,"with_ssp370",138,9,0.023453030487489,1.1066519561196,"hist+future",0.0294565686371964,1.106647280157,0.0060035381497074,0.00542497890462054,1.00000422534144
0.1,"without_ssp370",138,2,0.0987907457315462,1.10600248912848,"hist+future",0.0294565686371964,1.106647280157,0.0693341770943498,0.062652462385769,0.99941734729748
0.1,"with_ssp370",138,9,-0.674079536552681,0.330726863664452,"hist",-0.668081624151398,0.329337848626692,0.00599791240128322,0.0182120349249075,1.00421759917225
0.1,"without_ssp370",138,2,-0.601068975469488,0.304180540987806,"hist",-0.668081624151398,0.329337848626692,0.0670126486819107,0.203476912724569,0.923612461356052
0.1,"with_ssp370",138,9,1.36174225794828,0.7996010029357,"future",1.36775658968508,0.800692907392898,0.00601433173680022,0.00751140878265455,0.99863630057527
0.1,"without_ssp370",138,2,1.44154486198934,0.804424046697386,"future",1.36775658968508,0.800692907392898,0.073788272304262,0.092155521327797,1.00465988804202
