"tol","archive","draw","n_stitched","mean_gen","var_gen","time_period","mean_target","var_target","bias","E1","E2"
0.1,"with_ssp370",49,10,0.0250163856585135,1.10818443515077,"hist+future",0.0294565686371964,1.106647280157,0.00444018297868287,0.00401228382186323,1.00138901980905
0.1,"without_ssp370",49,2,0.094534911745625,1.11291692016163,"hist+future",0.0294565686371964,1.106647280157,0.0650783431084287,0.0588067618972472,1.0056654366003
0.1,"with_ssp370",49,10,-0.673909370886656,0.331793661817235,"hist",-0.668081624151398,0.329337848626692,0.00582774673525766,0.0176953446424661,1.00745682040732
0.1,"without_ssp370",49,2,-0.604825905556539,0.294934302925933,"hist",-0.668081624151398,0.329337848626692,0.0632557185948589,0.192069386675808,0.895537224633554
0.1,"with_ssp370",49,10,1.36597859298355,0.798168813688212,"future",1.36775658968508,0.800692907392898,0.00177799670153345,0.00222057256298511,0.996847613259241
0.1,"without_ssp370",49,2,1.43633182866257,0.840618162582363,"future",1.36775658968508,0.800692907392898,0.068575238977487,0.085644868768442,1.04986338060551
