"tol","archive","draw","n_stitched","mean_gen","var_gen","time_period","mean_target","var_target","bias","E1","E2"
0.1,"with_ssp245",71,3,-0.122420410669937,0.873909547425183,"hist+future",-0.0909842001830863,0.869044113816713,0.0314362104868511,0.0361733196129571,1.00559860372001
0.1,"without_ssp245",71,4,-0.0962313892502196,0.860749029345135,"hist+future",-0.0909842001830863,0.869044113816713,0.00524718906713327,0.00603788574562503,0.990454932793749
0.1,"with_ssp245",71,3,-0.688038222620701,0.340732656265269,"hist",-0.653815287226304,0.338033221783591,0.0342229353943968,0.10124133720888,1.00798570763972
0.1,"without_ssp245",71,4,-0.651897992563465,0.334677551142697,"hist",-0.653815287226304,0.338033221783591,0.00191729466283874,0.00567191192842635,0.990072956074587
0.1,"with_ssp245",71,3,0.962776554119319,0.46162717523912,"future",0.988866141237041,0.456776085592123,0.0260895871177225,0.0571167973557598,1.01062027938855
0.1,"without_ssp245",71,4,0.969873140362403,0.46614012095563,"future",0.988866141237041,0.456776085592123,0.0189930008746377,0.0415805500194191,1.02050027499003
