"tol","archive","draw","n_stitched","mean_gen","var_gen","time_period","mean_target","var_target","bias","E1","E2"
0.1,"with_ssp370",35,9,0.0258173809976158,1.10990715739623,"hist+future",0.0294565686371964,1.106647280157,0.00363918763958058,0.00328848017325294,1.00294572380712
0.1,"without_ssp370",35,2,0.0969768170745759,1.1048197530892,"hist+future",0.0294565686371964,1.106647280157,0.0675202484373795,0.0610133415118506,0.9983485911902
0.1,"with_ssp370",35,9,-0.675418732802453,0.327079421956779,"hist",-0.668081624151398,0.329337848626692,0.00733710865105486,0.0222783645476823,0.993142523158723
0.1,"without_ssp370",35,2,-0.603615317193041,0.306503107421406,"hist",-0.668081624151398,0.329337848626692,0.0644663069583572,0.195745211876423,0.930664691894647
0.1,"with_ssp370",35,9,1.37121225049775,0.797495215452936,"future",1.36775658968508,0.800692907392898,0.00345566081266657,0.00431583792083085,0.996006344117155
0.1,"without_ssp370",35,2,1.44113614444849,0.794311656329096,"future",1.36775658968508,0.800692907392898,0.0733795547634106,0.0916450665241168,0.992030338966559
