"tol","archive","draw","n_stitched","mean_gen","var_gen","time_period","mean_target","var_target","bias","E1","E2"
0.1,"with_ssp370",10,9,0.0233758573641172,1.10856172100311,"hist+future",0.0294565686371964,1.106647280157,0.00608071127307919,0.00549471487628519,1.0017299467323
0.1,"without_ssp370",10,2,0.0966264405830412,1.11578447117046,"hist+future",0.0294565686371964,1.106647280157,0.0671698719458448,0.0606967307020496,1.00825664254302
0.1,"with_ssp370",10,9,-0.677132820564723,0.330689049727232,"hist",-0.668081624151398,0.329337848626692,0.00905119641332519,0.0274830131157649,1.00410278109903
0.1,"without_ssp370",10,2,-0.603752118106637,0.314017923917128,"hist",-0.668081624151398,0.329337848626692,0.064329506044761,0.195329830182012,0.953482647762938
0.1,"with_ssp370",10,9,1.36737506501829,0.792741321804994,"future",1.36775658968508,0.800692907392898,0.000381524666793087,0.000476493126478856,0.990069119490774
0.1,"without_ssp370",10,2,1.44037600085975,0.833655108903788,"future",1.36775658968508,0.800692907392898,0.0726194111746685,0.0906957093089803,1.04116709565746
