"tol","archive","draw","n_stitched","mean_gen","var_gen","time_period","mean_target","var_target","bias","E1","E2"
0.1,"with_ssp370",164,10,0.0272948172149527,1.10509651993331,"hist+future",0.0294565686371964,1.106647280157,0.0021617514222437,0.0019534240593236,0.998598686093131
0.1,"without_ssp370",164,2,0.0923719535086275,1.13079304255753,"hist+future",0.0294565686371964,1.106647280157,0.0629153848714311,0.0568522473235605,1.02181884222144
0.1,"with_ssp370",164,10,-0.671276612028695,0.327341160765343,"hist",-0.668081624151398,0.329337848626692,0.00319498787729666,0.00970124718619333,0.99393726572978
0.1,"without_ssp370",164,2,-0.622477078077394,0.310936587777748,"hist",-0.668081624151398,0.329337848626692,0.0456045460740047,0.138473443802986,0.94412649221559
0.1,"with_ssp370",164,10,1.36757721053125,0.790898905633352,"future",1.36775658968508,0.800692907392898,0.000179379153828041,0.00022402990231562,0.987768092274683
0.1,"without_ssp370",164,2,1.46388463038878,0.825910124335758,"future",1.36775658968508,0.800692907392898,0.0961280407037028,0.12005606620983,1.03149424293637
