"tol","archive","draw","n_stitched","mean_gen","var_gen","time_period","mean_target","var_target","bias","E1","E2"
0.1,"with_ssp370",52,9,0.0211406246420368,1.11154185815481,"hist+future",0.0294565686371964,1.106647280157,0.00831594399515959,0.00751453886371079,1.00442288892367
0.1,"without_ssp370",52,2,0.100059109022834,1.13117548956483,"hist+future",0.0294565686371964,1.106647280157,0.0706025403856378,0.063798593871411,1.02216443292062
0.1,"with_ssp370",52,9,-0.680569512388049,0.330733244296437,"hist",-0.668081624151398,0.329337848626692,0.0124878882366507,0.0379181691042315,1.00423697329524
0.1,"without_ssp370",52,2,-0.614327626993876,0.308228755787994,"hist",-0.668081624151398,0.329337848626692,0.0537539971575226,0.1632184013519,0.935904443031005
0.1,"with_ssp370",52,9,1.36744495731604,0.798913786094936,"future",1.36775658968508,0.800692907392898,0.000311632369042858,0.000389203358947628,0.99777802290799
0.1,"without_ssp370",52,2,1.4706848234735,0.831630503803979,"future",1.36775658968508,0.800692907392898,0.102928233788417,0.128548951586892,1.03863852936055
