"tol","archive","draw","n_stitched","mean_gen","var_gen","time_period","mean_target","var_target","bias","E1","E2"
0.1,"with_ssp370",37,9,0.0160986878347832,1.1046390928001,"hist+future",0.0294565686371964,1.106647280157,0.0133578808024131,0.012070585670728,0.998185341081202
0.1,"without_ssp370",37,2,0.0955502172013117,1.11940109205026,"hist+future",0.0294565686371964,1.106647280157,0.0660936485641153,0.0597242226581344,1.01152473070864
0.1,"with_ssp370",37,9,-0.680652726758159,0.330533279983057,"hist",-0.668081624151398,0.329337848626692,0.0125711026067608,0.0381708408528842,1.00362980253059
0.1,"without_ssp370",37,2,-0.610008039191057,0.303193137141592,"hist",-0.668081624151398,0.329337848626692,0.0580735849603415,0.176334378822546,0.920614312645447
0.1,"with_ssp370",37,9,1.35288919257706,0.795432220927005,"future",1.36775658968508,0.800692907392898,0.0148673971080251,0.0185681638625153,0.993429832564619
0.1,"without_ssp370",37,2,1.44923756958202,0.830964798413362,"future",1.36775658968508,0.800692907392898,0.0814809798969369,0.101763084379308,1.03780711773635
