"tol","archive","draw","n_stitched","mean_gen","var_gen","time_period","mean_target","var_target","bias","E1","E2"
0.1,"with_ssp370",91,9,0.0173051752939652,1.10944166913772,"hist+future",0.0294565686371964,1.106647280157,0.0121513933432312,0.0109803670610453,1.00252509451822
0.1,"without_ssp370",91,2,0.0905978644347765,1.12397812334034,"hist+future",0.0294565686371964,1.106647280157,0.0611412957975801,0.0552491267035927,1.01566067480949
0.1,"with_ssp370",91,9,-0.682302105362906,0.333471309234027,"hist",-0.668081624151398,0.329337848626692,0.0142204812115073,0.0431790068186981,1.01255082167012
0.1,"without_ssp370",91,2,-0.617132720459165,0.308820155858461,"hist",-0.668081624151398,0.329337848626692,0.0509489036922333,0.154701027849321,0.937700167612718
0.1,"with_ssp370",91,9,1.35957495794959,0.798541600268332,"future",1.36775658968508,0.800692907392898,0.00818163173549213,0.0102181893456906,0.997313193229636
0.1,"without_ssp370",91,2,1.44845305638245,0.834666401923134,"future",1.36775658968508,0.800692907392898,0.0806964666973735,0.100783291512005,1.04243011798475
