"tol","archive","draw","n_stitched","mean_gen","var_gen","time_period","mean_target","var_target","bias","E1","E2"
0.1,"with_ssp245",158,3,-0.110666559361764,0.873540569435332,"hist+future",-0.0909842001830863,0.869044113816713,0.0196823591786772,0.0226482854733751,1.00517402459453
0.1,"without_ssp245",158,4,-0.091006034577222,0.870381652954933,"hist+future",-0.0909842001830863,0.869044113816713,2.18343941356947e-05,2.51246096585376e-05,1.00153909233945
0.1,"with_ssp245",158,3,-0.676176341563711,0.342978732532776,"hist",-0.653815287226304,0.338033221783591,0.022361054337407,0.0661504636124863,1.01463025060995
0.1,"without_ssp245",158,4,-0.651494299141671,0.33925305896669,"hist",-0.653815287226304,0.338033221783591,0.00232098808463344,0.0068661537833087,1.00360863105899
0.1,"with_ssp245",158,3,0.97432313904895,0.457108400910665,"future",0.988866141237041,0.456776085592123,0.0145430021880909,0.0318383616104567,1.00072752346067
0.1,"without_ssp245",158,4,0.98434935673829,0.479479469444385,"future",0.988866141237041,0.456776085592123,0.00451678449875093,0.00988839968032866,1.04970352995348
