"tol","archive","draw","n_stitched","mean_gen","var_gen","time_period","mean_target","var_target","bias","E1","E2"
0.1,"with_ssp370",180,9,0.0284466296211008,1.10011920703164,"hist+future",0.0294565686371964,1.106647280157,0.00100993901609559,0.000912611483536397,0.994101035404494
0.1,"without_ssp370",180,2,0.104348621263414,1.11882492655093,"hist+future",0.0294565686371964,1.106647280157,0.0748920526262175,0.0676747270508746,1.0110040901128
0.1,"with_ssp370",180,9,-0.665315256845176,0.331286581595606,"hist",-0.668081624151398,0.329337848626692,0.00276636730622215,0.00839978556293375,1.00591712424503
0.1,"without_ssp370",180,2,-0.598665232749926,0.312420557972694,"hist",-0.668081624151398,0.329337848626692,0.0694163914014723,0.21077562658204,0.948632412810911
0.1,"with_ssp370",180,9,1.35950141179477,0.791172334010723,"future",1.36775658968508,0.800692907392898,0.00825517789030994,0.0103100424820663,0.988109581970478
0.1,"without_ssp370",180,2,1.45315427140529,0.83425498845463,"future",1.36775658968508,0.800692907392898,0.0853976817202056,0.106654724841095,1.04191629618778
