"tol","archive","draw","n_stitched","mean_gen","var_gen","time_period","mean_target","var_target","bias","E1","E2"
0.1,"with_ssp245",76,3,-0.124458203115032,0.877354658730314,"hist+future",-0.0909842001830863,0.869044113816713,0.0334740029319461,0.0385181861308896,1.00956285737568
0.1,"without_ssp245",76,4,-0.0889577151808263,0.876824129392652,"hist+future",-0.0909842001830863,0.869044113816713,0.00202648500226005,0.00233185516136808,1.00895238279881
0.1,"with_ssp245",76,3,-0.691662113481736,0.340987420921724,"hist",-0.653815287226304,0.338033221783591,0.0378468262554321,0.111961854091553,1.00873937514942
0.1,"without_ssp245",76,4,-0.655659495086212,0.340322773183658,"hist",-0.653815287226304,0.338033221783591,0.00184420785990758,0.00545570003497537,1.00677315498159
0.1,"with_ssp245",76,3,0.963781857472248,0.469381780737589,"future",0.988866141237041,0.456776085592123,0.0250842837647928,0.0549159304876388,1.02759709963608
0.1,"without_ssp245",76,4,0.998318955567879,0.471260436035572,"future",0.988866141237041,0.456776085592123,0.00945281433083756,0.0206946349185155,1.03170995789912
