"tol","archive","draw","n_stitched","mean_gen","var_gen","time_period","mean_target","var_target","bias","E1","E2"
0.1,"with_ssp370",11,9,0.0190682584808961,1.11104671788911,"hist+future",0.0294565686371964,1.106647280157,0.0103883101563003,0.00938719169383988,1.00397546518299
0.1,"without_ssp370",11,2,0.101323642633226,1.11562442338422,"hist+future",0.0294565686371964,1.106647280157,0.0718670739960291,0.064941264741403,1.00811201851592
0.1,"with_ssp370",11,9,-0.680474095445794,0.330651418144102,"hist",-0.668081624151398,0.329337848626692,0.0123924712943956,0.0376284455190043,1.00398851672496
0.1,"without_ssp370",11,2,-0.598194811114077,0.297090463391135,"hist",-0.668081624151398,0.329337848626692,0.0698868130373209,0.212204012775156,0.902084180819102
0.1,"with_ssp370",11,9,1.36121347241001,0.807579135027184,"future",1.36775658968508,0.800692907392898,0.00654311727507073,0.0081718187018485,1.0086003354978
0.1,"without_ssp370",11,2,1.443423001567,0.848892713875339,"future",1.36775658968508,0.800692907392898,0.0756664118819228,0.0945011641583001,1.0601976188841
