"tol","archive","draw","n_stitched","mean_gen","var_gen","time_period","mean_target","var_target","bias","E1","E2"
0.1,"with_ssp370",8,9,0.0253950601589024,1.10298241972743,"hist+future",0.0294565686371964,1.106647280157,0.00406150847829402,0.00367010207418377,0.996688321116151
0.1,"without_ssp370",8,2,0.0932725686662832,1.11828764610521,"hist+future",0.0294565686371964,1.106647280157,0.0638160000290868,0.0576660704574573,1.01051858722913
0.1,"with_ssp370",8,9,-0.668669273428272,0.337803290968365,"hist",-0.668081624151398,0.329337848626692,0.000587649276873492,0.00178433568848504,1.02570443202011
0.1,"without_ssp370",8,2,-0.618204715119068,0.310952152433401,"hist",-0.668081624151398,0.329337848626692,0.0498769090323306,0.151446027962813,0.94417375266779
0.1,"with_ssp370",8,9,1.35703011878546,0.796024787291444,"future",1.36775658968508,0.800692907392898,0.010726470899624,0.0133964854697539,0.994169899522836
0.1,"without_ssp370",8,2,1.45831619453353,0.791702651073939,"future",1.36775658968508,0.800692907392898,0.0905596048484449,0.11310154493976,0.988771904639156
