"tol","archive","draw","n_stitched","mean_gen","var_gen","time_period","mean_target","var_target","bias","E1","E2"
0.1,"with_ssp245",108,3,-0.116910680480325,0.872328616863531,"hist+future",-0.0909842001830863,0.869044113816713,0.0259264802972389,0.0298333305352863,1.00377944340753
0.1,"without_ssp245",108,5,-0.105781472369348,0.871764454447353,"hist+future",-0.0909842001830863,0.869044113816713,0.0147972721862615,0.0170270668093868,1.00313026759792
0.1,"with_ssp245",108,3,-0.681267147381571,0.343876591430401,"hist",-0.653815287226304,0.338033221783591,0.0274518601552665,0.0812105390423463,1.01728637681225
0.1,"without_ssp245",108,5,-0.666814938259583,0.3399814410306,"hist",-0.653815287226304,0.338033221783591,0.012999651033279,0.038456726130905,1.00576339578912
0.1,"with_ssp245",108,3,0.965866261830204,0.457052109701792,"future",0.988866141237041,0.456776085592123,0.0229998794068372,0.0503526347641915,1.00060428756753
0.1,"without_ssp245",108,5,0.970619944745639,0.482494159840725,"future",0.988866141237041,0.456776085592123,0.0182461964914024,0.0399456036927801,1.05630346040394
