"tol","archive","draw","n_stitched","mean_gen","var_gen","time_period","mean_target","var_target","bias","E1","E2"
0.1,"with_ssp370",169,10,0.0290521151677597,1.10693679986129,"hist+future",0.0294565686371964,1.106647280157,0.000404453469436728,0.0003654764048933,1.00026161877365
0.1,"without_ssp370",169,2,0.109741708987502,1.12202735390134,"hist+future",0.0294565686371964,1.106647280157,0.0802851403503061,0.0725480844618498,1.01389790046035
0.1,"with_ssp370",169,10,-0.668753415902167,0.33432383462174,"hist",-0.668081624151398,0.329337848626692,0.000671791750769035,0.00203982552740398,1.01513942602054
0.1,"without_ssp370",169,2,-0.597677270334726,0.315589598040797,"hist",-0.668081624151398,0.329337848626692,0.0704043538166726,0.213775471329069,0.958254872183006
0.1,"with_ssp370",169,10,1.36786505268564,0.796578652338891,"future",1.36775658968508,0.800692907392898,0.000108463000561443,0.000135461422925057,0.99486163169922
0.1,"without_ssp370",169,2,1.46699905303596,0.823518303561065,"future",1.36775658968508,0.800692907392898,0.0992424633508819,0.123945725551661,1.02850705427439
