"tol","archive","draw","n_stitched","mean_gen","var_gen","time_period","mean_target","var_target","bias","E1","E2"
0.1,"with_ssp370",131,9,0.0236143973427896,1.10828059892884,"hist+future",0.0294565686371964,1.106647280157,0.00584217129440678,0.00527916292676197,1.00147591631148
0.1,"without_ssp370",131,2,0.108689718111852,1.12110830253725,"hist+future",0.0294565686371964,1.106647280157,0.0792331494746561,0.0715974736443716,1.01306741781194
0.1,"with_ssp370",131,9,-0.674118655425471,0.329859655051653,"hist",-0.668081624151398,0.329337848626692,0.00603703127407262,0.0183308152987775,1.00158441074154
0.1,"without_ssp370",131,2,-0.59791586335684,0.302780538974335,"hist",-0.668081624151398,0.329337848626692,0.0701657607945581,0.213051008522533,0.919361501378906
0.1,"with_ssp370",131,9,1.36228827765399,0.805872485632656,"future",1.36775658968508,0.800692907392898,0.00546831203109432,0.00682947479689743,1.00646886988999
0.1,"without_ssp370",131,2,1.46438647325527,0.832982529819192,"future",1.36775658968508,0.800692907392898,0.0966298835701929,0.120682826934018,1.04032709935128
